TIME,VALUE,LABEL
0.000000000,0
0.023219955,0
0.046439909,0
0.069659864,0
0.092879819,0
0.116099773,0
0.139319728,0
0.162539683,30.8628
0.185759637,31.006
0.208979592,0
0.232199546,0
0.255419501,0
0.278639456,0
0.301859410,0
0.325079365,0
0.348299320,0
0.371519274,0
0.394739229,0
0.417959184,0
0.441179138,0
0.464399093,0
0.487619048,0
0.510839002,0.125269
0.534058957,0.997316
0.557278912,0
0.580498866,0
0.603718821,0
0.626938776,0
0.650158730,1.71478
0.673378685,0
0.696598639,0
0.719818594,0
0.743038549,0
0.766258503,0
0.789478458,0
0.812698413,0
0.835918367,0.868457
0.859138322,0
0.882358277,0
0.905578231,0
0.928798186,0
0.952018141,0
0.975238095,0
0.998458050,0
1.021678005,0
1.044897959,0
1.068117914,3.2156
1.091337868,0.452408
1.114557823,10.4644
1.137777778,12.4137
1.160997732,0
1.184217687,0
1.207437642,0
1.230657596,0
1.253877551,0
1.277097506,0
1.300317460,0
1.323537415,0
1.346757370,0
1.369977324,1.89552
1.393197279,0
1.416417234,0
1.439637188,0
1.462857143,0.978287
1.486077098,10.2011
1.509297052,0
1.532517007,0
1.555736961,0
1.578956916,0
1.602176871,12.4024
1.625396825,4.29345
1.648616780,0
1.671836735,0
1.695056689,0
1.718276644,0
1.741496599,0
1.764716553,0
1.787936508,0
1.811156463,0
1.834376417,0
1.857596372,0
1.880816327,0
1.904036281,0
1.927256236,0
1.950476190,0
1.973696145,0.455537
1.996916100,0.257414
2.020136054,0.652223
2.043356009,3.70589
2.066575964,0.586248
2.089795918,0
2.113015873,0
2.136235828,0
2.159455782,0
2.182675737,0
2.205895692,0
2.229115646,0
2.252335601,0
2.275555556,0
2.298775510,0
2.321995465,0
2.345215420,0
2.368435374,2.27949
2.391655329,1.26002
2.414875283,0
2.438095238,0
2.461315193,3.72207
2.484535147,2.36751
2.507755102,0
2.530975057,0
2.554195011,0
2.577414966,0
2.600634921,0
2.623854875,0
2.647074830,0
2.670294785,2.45713
2.693514739,10.4721
2.716734694,0
2.739954649,0
2.763174603,0
2.786394558,0
2.809614512,0
2.832834467,0
2.856054422,0
2.879274376,0
2.902494331,0
2.925714286,0
2.948934240,0
2.972154195,0
2.995374150,0
3.018594104,0
3.041814059,3.86427
3.065034014,11.4445
3.088253968,3.29817
3.111473923,0.626116
3.134693878,0
3.157913832,0
3.181133787,0
3.204353741,0
3.227573696,0
3.250793651,0
3.274013605,0
3.297233560,0
3.320453515,0
3.343673469,0
3.366893424,0
3.390113379,0
3.413333333,0
3.436553288,0
3.459773243,2.04367
3.482993197,1.30338
3.506213152,0.782944
3.529433107,0.501489
3.552653061,0
3.575873016,0
3.599092971,0.916827
3.622312925,0
3.645532880,0
3.668752834,0
3.691972789,0
3.715192744,0
3.738412698,0
3.761632653,2.8546
3.784852608,1.01072
3.808072562,0
3.831292517,0
3.854512472,0
3.877732426,0
3.900952381,0
3.924172336,0
3.947392290,0
3.970612245,0
3.993832200,0
4.017052154,0
4.040272109,0
4.063492063,0
4.086712018,8.0427
4.109931973,19.0272
4.133151927,0
4.156371882,0
4.179591837,0
4.202811791,0
4.226031746,0
4.249251701,0
4.272471655,0
4.295691610,0
4.318911565,0
4.342131519,0
4.365351474,0
4.388571429,0
4.411791383,0
4.435011338,0
4.458231293,0
4.481451247,0
4.504671202,0
4.527891156,0
4.551111111,0
4.574331066,0
4.597551020,2.84975
4.620770975,0
4.643990930,0
4.667210884,0.0225136
4.690430839,0.473902
4.713650794,0
4.736870748,0
4.760090703,0
4.783310658,1.17866
4.806530612,1.40335
4.829750567,0
4.852970522,0
4.876190476,0
4.899410431,0
4.922630385,0
4.945850340,0
4.969070295,0
4.992290249,0
5.015510204,0
5.038730159,0
5.061950113,8.61482
5.085170068,35.0385
5.108390023,0.559473
5.131609977,0
5.154829932,0
5.178049887,0
5.201269841,0
5.224489796,0
5.247709751,0
5.270929705,0
5.294149660,0
5.317369615,0.46232
5.340589569,0
5.363809524,0
5.387029478,0
5.410249433,0
5.433469388,2.66351
5.456689342,0
5.479909297,0
5.503129252,0
5.526349206,0
5.549569161,1.78176
5.572789116,12.7027
5.596009070,0
5.619229025,0
5.642448980,0
5.665668934,0
5.688888889,0
5.712108844,0
5.735328798,0
5.758548753,0
5.781768707,0
5.804988662,0
5.828208617,0
5.851428571,0
5.874648526,0
5.897868481,0
5.921088435,0
5.944308390,0
5.967528345,0
5.990748299,0
6.013968254,2.92089
6.037188209,10.856
6.060408163,1.36173
6.083628118,0.00337112
6.106848073,0
6.130068027,0
6.153287982,0
6.176507937,0
6.199727891,0
6.222947846,0
6.246167800,0
6.269387755,0
6.292607710,0
6.315827664,0
6.339047619,3.54047
6.362267574,5.11212
6.385487528,0
6.408707483,0
6.431927438,0
6.455147392,0
6.478367347,0
6.501587302,0
6.524807256,0
6.548027211,0
6.571247166,0
6.594467120,5.00332
6.617687075,1.09491
6.640907029,0
6.664126984,0
6.687346939,0
6.710566893,0
6.733786848,0
6.757006803,0
6.780226757,0
6.803446712,0
6.826666667,0
6.849886621,0
6.873106576,0
6.896326531,0
6.919546485,0
6.942766440,0
6.965986395,0
6.989206349,0.353456
7.012426304,20.5226
7.035646259,8.85982
7.058866213,1.72333
7.082086168,0
7.105306122,0
7.128526077,0
7.151746032,0
7.174965986,0
7.198185941,0
7.221405896,0
7.244625850,0
7.267845805,0
7.291065760,0
7.314285714,0
7.337505669,4.45875
7.360725624,2.97789
7.383945578,0
7.407165533,0
7.430385488,0
7.453605442,0
7.476825397,0
7.500045351,0
7.523265306,0
7.546485261,0
7.569705215,0
7.592925170,0
7.616145125,0
7.639365079,0
7.662585034,0
7.685804989,0
7.709024943,0
7.732244898,0
7.755464853,0.279594
7.778684807,0
7.801904762,0.0750517
7.825124717,4.60223
7.848344671,1.18328
7.871564626,0
7.894784580,0
7.918004535,0
7.941224490,0
7.964444444,0
7.987664399,0
8.010884354,0
8.034104308,0
8.057324263,0
8.080544218,0
8.103764172,0
8.126984127,0
8.150204082,0
8.173424036,0
8.196643991,0
8.219863946,0
8.243083900,0
8.266303855,0
8.289523810,0.436536
8.312743764,6.43707
8.335963719,2.30704
8.359183673,0
8.382403628,0
8.405623583,0
8.428843537,0
8.452063492,0
8.475283447,0
8.498503401,0
8.521723356,0
8.544943311,0
8.568163265,3.87124
8.591383220,3.01103
8.614603175,0
8.637823129,0
8.661043084,0
8.684263039,0
8.707482993,0
8.730702948,0
8.753922902,0
8.777142857,0
8.800362812,1.88101
8.823582766,0
8.846802721,0
8.870022676,0
8.893242630,0
8.916462585,0
8.939682540,0
8.962902494,0
8.986122449,0
9.009342404,1.50157
9.032562358,18.0152
9.055782313,9.36043
9.079002268,0
9.102222222,0
9.125442177,0
9.148662132,0
9.171882086,0
9.195102041,0
9.218321995,0
9.241541950,0
9.264761905,0
9.287981859,0
9.311201814,0
9.334421769,0
9.357641723,0
9.380861678,0
9.404081633,4.65558
9.427301587,0
9.450521542,0
9.473741497,0
9.496961451,0
9.520181406,5.49963
9.543401361,11.8793
9.566621315,0
9.589841270,0
9.613061224,0
9.636281179,0
9.659501134,0
9.682721088,0
9.705941043,0
9.729160998,0
9.752380952,0
9.775600907,0
9.798820862,0
9.822040816,0
9.845260771,0
9.868480726,0
9.891700680,0
9.914920635,0
9.938140590,0
9.961360544,5.12055
9.984580499,16.3657
10.007800454,0.522645
10.031020408,0.321271
10.054240363,0
10.077460317,0
10.100680272,0
10.123900227,0
10.147120181,0
10.170340136,0
10.193560091,0
10.216780045,0
10.240000000,0
10.263219955,7.13103
10.286439909,2.13104
10.309659864,0
10.332879819,0
10.356099773,0
10.379319728,0
10.402539683,0
10.425759637,0
10.448979592,0
10.472199546,0
10.495419501,0
10.518639456,0
10.541859410,0
10.565079365,2.39661
10.588299320,2.52843
10.611519274,0
10.634739229,0
10.657959184,0
10.681179138,0
10.704399093,0
10.727619048,0.378083
10.750839002,1.02176
10.774058957,0
10.797278912,0
10.820498866,0
10.843718821,0.97242
10.866938776,0
10.890158730,0
10.913378685,0
10.936598639,0
10.959818594,0.739071
10.983038549,6.89551
11.006258503,0.856483
11.029478458,0.25222
11.052698413,0
11.075918367,0
11.099138322,0
11.122358277,0
11.145578231,0
11.168798186,0
11.192018141,0
11.215238095,0
11.238458050,0.127886
11.261678005,0
11.284897959,0
11.308117914,0
11.331337868,0
11.354557823,0
11.377777778,0.335581
11.400997732,0
11.424217687,0
11.447437642,0
11.470657596,0
11.493877551,0.162221
11.517097506,0
11.540317460,0
11.563537415,0
11.586757370,0
11.609977324,0
11.633197279,0
11.656417234,0
11.679637188,0
11.702857143,0
11.726077098,0
11.749297052,0
11.772517007,0
11.795736961,0
11.818956916,0
11.842176871,0
11.865396825,0
11.888616780,0
11.911836735,0
11.935056689,0
11.958276644,0
11.981496599,0
12.004716553,8.78936
12.027936508,8.86247
12.051156463,0
12.074376417,0
12.097596372,0
12.120816327,0
12.144036281,0
12.167256236,0
12.190476190,0
12.213696145,0
12.236916100,0
12.260136054,0
12.283356009,0
12.306575964,0
12.329795918,0
12.353015873,0
12.376235828,0
12.399455782,0
12.422675737,0
12.445895692,0
12.469115646,0
12.492335601,4.00803
12.515555556,6.40825
12.538775510,0
12.561995465,0
12.585215420,0
12.608435374,0
12.631655329,0
12.654875283,0.809089
12.678095238,0
12.701315193,0
12.724535147,0
12.747755102,0
12.770975057,0
12.794195011,0
12.817414966,0
12.840634921,0
12.863854875,0
12.887074830,0.00170183
12.910294785,0
12.933514739,0
12.956734694,0
12.979954649,6.46814
13.003174603,11.6217
13.026394558,0
13.049614512,0
13.072834467,0
13.096054422,0
13.119274376,0
13.142494331,0
13.165714286,0
13.188934240,0
13.212154195,0
13.235374150,0
13.258594104,0
13.281814059,0
13.305034014,0
13.328253968,0
13.351473923,8.63708
13.374693878,0
13.397913832,0
13.421133787,0
13.444353741,0
13.467573696,0.693749
13.490793651,10.0886
13.514013605,0
13.537233560,0
13.560453515,0
13.583673469,0
13.606893424,0
13.630113379,0
13.653333333,0
13.676553288,0
13.699773243,0
13.722993197,0
13.746213152,0
13.769433107,0
13.792653061,0
13.815873016,0
13.839092971,0
13.862312925,0
13.885532880,0
13.908752834,0
13.931972789,9.21127
13.955192744,14.5659
13.978412698,0.650295
14.001632653,0
14.024852608,0
14.048072562,0
14.071292517,0
14.094512472,0
14.117732426,0
14.140952381,0
14.164172336,0
14.187392290,0
14.210612245,0.160304
14.233832200,15.4006
14.257052154,2.16257
14.280272109,0
14.303492063,0
14.326712018,0
14.349931973,0
14.373151927,0
14.396371882,0
14.419591837,0
14.442811791,0
14.466031746,0
14.489251701,0
14.512471655,0
14.535691610,0
14.558911565,0
14.582131519,0
14.605351474,1.09935
14.628571429,0
14.651791383,0
14.675011338,0
14.698231293,0
14.721451247,0
14.744671202,0
14.767891156,0
14.791111111,0
14.814331066,0
14.837551020,0
14.860770975,0
14.883990930,0
14.907210884,0
14.930430839,16.606
14.953650794,12.0606
14.976870748,2.16145
15.000090703,0
15.023310658,0
15.046530612,0
15.069750567,0
15.092970522,0
15.116190476,0
15.139410431,0
15.162630385,0
15.185850340,0
15.209070295,1.09643
15.232290249,4.72808
15.255510204,0.899181
15.278730159,0
15.301950113,0
15.325170068,0
15.348390023,0
15.371609977,0
15.394829932,0
15.418049887,0
15.441269841,0
15.464489796,0
15.487709751,0
15.510929705,0
15.534149660,0
15.557369615,0
15.580589569,0
15.603809524,0
15.627029478,0
15.650249433,0
15.673469388,0.237055
15.696689342,4.41554
15.719909297,6.80489
15.743129252,0.455785
15.766349206,0
15.789569161,0
15.812789116,0
15.836009070,0
15.859229025,0
15.882448980,0
15.905668934,0
15.928888889,0
15.952108844,0
15.975328798,0
15.998548753,0
16.021768707,0
16.044988662,0
16.068208617,0
16.091428571,0
16.114648526,0
16.137868481,0
16.161088435,2.09406
16.184308390,7.04822
16.207528345,3.94967
16.230748299,0
16.253968254,0
16.277188209,0
16.300408163,0
16.323628118,0
16.346848073,0
16.370068027,0
16.393287982,0
16.416507937,0
16.439727891,0
16.462947846,3.06538
16.486167800,1.11858
16.509387755,0
16.532607710,0
16.555827664,0
16.579047619,0
16.602267574,0
16.625487528,0
16.648707483,0
16.671927438,0
16.695147392,0
16.718367347,0
16.741587302,0
16.764807256,0
16.788027211,0
16.811247166,0
16.834467120,0
16.857687075,0
16.880907029,0
16.904126984,0
16.927346939,10.6853
16.950566893,13.5252
16.973786848,0
16.997006803,0
17.020226757,0
17.043446712,0
17.066666667,0
17.089886621,0
17.113106576,0
17.136326531,0
17.159546485,4.56153
17.182766440,0.195126
17.205986395,0
17.229206349,0
17.252426304,0
17.275646259,0
17.298866213,2.98991
17.322086168,0
17.345306122,0
17.368526077,0
17.391746032,0
17.414965986,6.64492
17.438185941,4.98766
17.461405896,0
17.484625850,0
17.507845805,0
17.531065760,0
17.554285714,0
17.577505669,0
17.600725624,0
17.623945578,0
17.647165533,0
17.670385488,0
17.693605442,0
17.716825397,0
17.740045351,0
17.763265306,0
17.786485261,0.250909
17.809705215,0
17.832925170,0
17.856145125,0
17.879365079,5.1968
17.902585034,15.7602
17.925804989,1.36754
17.949024943,0
17.972244898,0
17.995464853,0
18.018684807,0
18.041904762,0
18.065124717,0
18.088344671,0
18.111564626,0
18.134784580,0
18.158004535,0
18.181224490,3.26265
18.204444444,0.856733
18.227664399,0
18.250884354,0
18.274104308,0
18.297324263,0
18.320544218,0
18.343764172,0
18.366984127,0
18.390204082,0
18.413424036,0
18.436643991,0
18.459863946,0
18.483083900,0
18.506303855,0
18.529523810,0
18.552743764,0
18.575963719,0
18.599183673,0
18.622403628,0
18.645623583,0
18.668843537,0
18.692063492,0
18.715283447,0
18.738503401,0
18.761723356,0
18.784943311,0
18.808163265,0
18.831383220,0
18.854603175,7.40123
18.877823129,25.2869
18.901043084,4.30792
18.924263039,1.58266
18.947482993,0
18.970702948,0
18.993922902,0
19.017142857,0
19.040362812,0
19.063582766,0
19.086802721,0
19.110022676,0
19.133242630,0
19.156462585,0
19.179682540,1.28219
19.202902494,0
19.226122449,0
19.249342404,0
19.272562358,0
19.295782313,0
19.319002268,2.58287
19.342222222,0.594989
19.365442177,0
19.388662132,0
19.411882086,0
19.435102041,0
19.458321995,0
19.481541950,0
19.504761905,0
19.527981859,0
19.551201814,0
19.574421769,0
19.597641723,0
19.620861678,0
19.644081633,0
19.667301587,0
19.690521542,0
19.713741497,0
19.736961451,0
19.760181406,0
19.783401361,0
19.806621315,0.155469
19.829841270,3.13603
19.853061224,1.75583
19.876281179,1.44946
19.899501134,3.31126
19.922721088,0
19.945941043,0
19.969160998,0
19.992380952,0
20.015600907,0
20.038820862,0
20.062040816,0
20.085260771,0
20.108480726,0
20.131700680,0
20.154920635,0.0854674
20.178140590,0.13576
20.201360544,0.455361
20.224580499,1.16157
20.247800454,0
20.271020408,0
20.294240363,0
20.317460317,0
20.340680272,0
20.363900227,0
20.387120181,0
20.410340136,0.847062
20.433560091,0
20.456780045,0
20.480000000,0
20.503219955,0
20.526439909,0
20.549659864,0
20.572879819,0
20.596099773,0
20.619319728,0
20.642539683,0
20.665759637,0
20.688979592,0
20.712199546,0
20.735419501,0
20.758639456,0
20.781859410,0
20.805079365,0
20.828299320,0
20.851519274,0
20.874739229,5.69235
20.897959184,31.3829
20.921179138,2.09005
20.944399093,0
20.967619048,0
20.990839002,0
21.014058957,0
21.037278912,0
21.060498866,0
21.083718821,0
21.106938776,0
21.130158730,4.27884
21.153378685,0
21.176598639,0
21.199818594,0
21.223038549,0
21.246258503,1.55503
21.269478458,0
21.292698413,0
21.315918367,0
21.339138322,0
21.362358277,0
21.385578231,11.1294
21.408798186,0
21.432018141,0
21.455238095,0
21.478458050,0
21.501678005,0
21.524897959,0
21.548117914,0
21.571337868,0
21.594557823,0
21.617777778,0
21.640997732,2.32566
21.664217687,0.774813
21.687437642,0
21.710657596,0
21.733877551,0
21.757097506,0
21.780317460,0
21.803537415,1.07336
21.826757370,8.76203
21.849977324,0.202817
21.873197279,0
21.896417234,0
21.919637188,0
21.942857143,0
21.966077098,0
21.989297052,0
22.012517007,4.49848
22.035736961,4.50415
22.058956916,0
22.082176871,0
22.105396825,0
22.128616780,0
22.151836735,0
22.175056689,0
22.198276644,0
22.221496599,0
22.244716553,0
22.267936508,0
22.291156463,0
22.314376417,0
22.337596372,0
22.360816327,0
22.384036281,0
22.407256236,0
22.430476190,0
22.453696145,0
22.476916100,0
22.500136054,0
22.523356009,0
22.546575964,1.38019
22.569795918,0.0143861
22.593015873,0
22.616235828,0.529909
22.639455782,3.32172
22.662675737,0
22.685895692,0
22.709115646,0
22.732335601,0
22.755555556,0
22.778775510,0
22.801995465,3.75742
22.825215420,16.9876
22.848435374,1.28108
22.871655329,0.984009
22.894875283,0
22.918095238,0
22.941315193,0
22.964535147,0
22.987755102,0
23.010975057,0
23.034195011,0
23.057414966,0
23.080634921,0
23.103854875,0.986914
23.127074830,0.663132
23.150294785,0.223496
23.173514739,0
23.196734694,0
23.219954649,0
23.243174603,0
23.266394558,0
23.289614512,0
23.312834467,0
23.336054422,0
23.359274376,0
23.382494331,0
23.405714286,0
23.428934240,0
23.452154195,0
23.475374150,0
23.498594104,0
23.521814059,0
23.545034014,0.913467
23.568253968,0.457323
23.591473923,0.778101
23.614693878,0
23.637913832,0.0541549
23.661133787,0
23.684353741,0
23.707573696,0
23.730793651,0
23.754013605,0
23.777233560,0
23.800453515,0
23.823673469,0
23.846893424,0
23.870113379,0
23.893333333,0
23.916553288,0
23.939773243,0
23.962993197,0
23.986213152,0.491876
24.009433107,14.6066
24.032653061,6.61554
24.055873016,0
24.079092971,0
24.102312925,0
24.125532880,0
24.148752834,0
24.171972789,0
24.195192744,0
24.218412698,0
24.241632653,0
24.264852608,0
24.288072562,0
24.311292517,0
24.334512472,1.56099
24.357732426,9.92953
24.380952381,0.124449
24.404172336,0
24.427392290,0
24.450612245,0
24.473832200,0
24.497052154,0
24.520272109,0
24.543492063,0
24.566712018,0
24.589931973,0
24.613151927,0
24.636371882,0
24.659591837,0
24.682811791,0
24.706031746,4.13703
24.729251701,1.87113
24.752471655,0
24.775691610,0
24.798911565,0.202274
24.822131519,3.14617
24.845351474,0
24.868571429,0
24.891791383,0
24.915011338,0
24.938231293,0
24.961451247,0
24.984671202,0
25.007891156,0
25.031111111,0
25.054331066,1.9963
25.077551020,0
25.100770975,0
25.123990930,0.292196
25.147210884,7.07163
25.170430839,1.47074
25.193650794,0
25.216870748,0
25.240090703,0
25.263310658,0
25.286530612,4.28795
25.309750567,2.94694
25.332970522,0
25.356190476,0
25.379410431,0
25.402630385,0
25.425850340,0
25.449070295,0
25.472290249,0
25.495510204,0
25.518730159,0
25.541950113,0
25.565170068,0.232764
25.588390023,0
25.611609977,0
25.634829932,0
25.658049887,0
25.681269841,0
25.704489796,0
25.727709751,0
25.750929705,4.95655
25.774149660,21.6037
25.797369615,3.97389
25.820589569,0
25.843809524,0
25.867029478,0
25.890249433,0
25.913469388,0
25.936689342,0
25.959909297,0
25.983129252,0
26.006349206,0.769362
26.029569161,0
26.052789116,0
26.076009070,0
26.099229025,0
26.122448980,0
26.145668934,0
26.168888889,0
26.192108844,0
26.215328798,0
26.238548753,0
26.261768707,0
26.284988662,0
26.308208617,0
26.331428571,0
26.354648526,0
26.377868481,0
26.401088435,0
26.424308390,0
26.447528345,0
26.470748299,0
26.493968254,0
26.517188209,0
26.540408163,0
26.563628118,0
26.586848073,0
26.610068027,0.00923908
26.633287982,0
26.656507937,0
26.679727891,0
26.702947846,0
26.726167800,0
26.749387755,0
26.772607710,10.6442
26.795827664,25.0578
26.819047619,4.00151
26.842267574,0
26.865487528,0
26.888707483,0
26.911927438,0
26.935147392,0
26.958367347,0
26.981587302,0
27.004807256,0
27.028027211,0
27.051247166,0.0807161
27.074467120,15.4461
27.097687075,5.65159
27.120907029,0
27.144126984,0
27.167346939,0
27.190566893,0
27.213786848,0
27.237006803,0
27.260226757,0
27.283446712,0
27.306666667,0.637408
27.329886621,0
27.353106576,0
27.376326531,0
27.399546485,0
27.422766440,0
27.445986395,0
27.469206349,0
27.492426304,0
27.515646259,0
27.538866213,0
27.562086168,0
27.585306122,0
27.608526077,0
27.631746032,0
27.654965986,0
27.678185941,0
27.701405896,0
27.724625850,0
27.747845805,0
27.771065760,12.6439
27.794285714,8.93891
27.817505669,0.298501
27.840725624,0
27.863945578,0
27.887165533,0
27.910385488,0
27.933605442,0
27.956825397,0
27.980045351,0
28.003265306,5.53791
28.026485261,4.34026
28.049705215,0
28.072925170,0
28.096145125,0
28.119365079,0
28.142585034,0
28.165804989,0
28.189024943,0
28.212244898,0
28.235464853,0
28.258684807,0
28.281904762,7.51835
28.305124717,0.0124645
28.328344671,0
28.351564626,0
28.374784580,0
28.398004535,0
28.421224490,0
28.444444444,0
28.467664399,0
28.490884354,0
28.514104308,0
28.537324263,0
28.560544218,0
28.583764172,0
28.606984127,0
28.630204082,0
28.653424036,0
28.676643991,0
28.699863946,0
28.723083900,0
28.746303855,0
28.769523810,25.3441
28.792743764,21.5417
28.815963719,0
28.839183673,0
28.862403628,0
28.885623583,0
28.908843537,0
28.932063492,0
28.955283447,0
28.978503401,0
29.001723356,1.14579
29.024943311,0
29.048163265,0
29.071383220,0
29.094603175,0
29.117823129,3.05912
29.141043084,0
29.164263039,0
29.187482993,0
29.210702948,0
29.233922902,0
29.257142857,14.4909
29.280362812,0
29.303582766,0
29.326802721,0
29.350022676,0
29.373242630,0
29.396462585,0
29.419682540,0
29.442902494,0
29.466122449,0
29.489342404,0
29.512562358,0
29.535782313,0.982495
29.559002268,0
29.582222222,0
29.605442177,0
29.628662132,0
29.651882086,0
29.675102041,0
29.698321995,0
29.721541950,0
29.744761905,10.5919
29.767981859,17.8617
29.791201814,0.616649
29.814421769,0
29.837641723,0
29.860861678,0
29.884081633,0
29.907301587,0
29.930521542,0
29.953741497,0
29.976961451,0
30.000181406,6.36518
30.023401361,0.389012
30.046621315,0
30.069841270,0
30.093061224,0
30.116281179,0
30.139501134,0
30.162721088,0
30.185941043,0
30.209160998,0
30.232380952,0
30.255600907,0
30.278820862,0
30.302040816,0
30.325260771,2.27925
30.348480726,0
30.371700680,0
30.394920635,0
30.418140590,0
30.441360544,0
30.464580499,0
30.487800454,0
30.511020408,0
30.534240363,0
30.557460317,0
30.580680272,0
30.603900227,0
30.627120181,0
30.650340136,0
30.673560091,0
30.696780045,0
30.720000000,0
30.743219955,0
30.766439909,21.0559
30.789659864,6.12544
30.812879819,0
30.836099773,0
30.859319728,0
30.882539683,0
30.905759637,0
30.928979592,0
30.952199546,0
30.975419501,0
30.998639456,0
31.021859410,0
31.045079365,0
31.068299320,0
31.091519274,0
31.114739229,0
31.137959184,0
31.161179138,0
31.184399093,0
31.207619048,1.8378
31.230839002,4.50397
31.254058957,1.68757
31.277278912,0
31.300498866,0
31.323718821,0
31.346938776,0
31.370158730,0
31.393378685,0
31.416598639,0.06582
31.439818594,1.29229
31.463038549,0
31.486258503,0
31.509478458,0
31.532698413,0
31.555918367,0
31.579138322,0.0402676
31.602358277,0.137167
31.625578231,0
31.648798186,0
31.672018141,0
31.695238095,0
31.718458050,0.454512
31.741678005,2.90667
31.764897959,0
31.788117914,0
31.811337868,0
31.834557823,0
31.857777778,0
31.880997732,0
31.904217687,0
31.927437642,0
31.950657596,0
31.973877551,0
31.997097506,0
32.020317460,0
32.043537415,0
32.066757370,0
32.089977324,0
32.113197279,0
32.136417234,0
32.159637188,0
32.182857143,0
32.206077098,0
32.229297052,0.692398
32.252517007,5.23415
32.275736961,4.91862
32.298956916,0
32.322176871,0
32.345396825,0
32.368616780,0
32.391836735,0
32.415056689,0
32.438276644,0
32.461496599,0
32.484716553,0
32.507936508,0
32.531156463,0
32.554376417,0
32.577596372,0
32.600816327,0
32.624036281,0
32.647256236,0
32.670476190,0
32.693696145,0
32.716916100,0
32.740136054,2.38272
32.763356009,6.5765
32.786575964,0
32.809795918,0
32.833015873,0
32.856235828,0
32.879455782,0
32.902675737,0
32.925895692,0
32.949115646,0
32.972335601,0
32.995555556,0
33.018775510,0
33.041995465,0
33.065215420,0
33.088435374,0
33.111655329,0
33.134875283,0
33.158095238,0
33.181315193,0
33.204535147,0
33.227755102,3.69472
33.250975057,9.95909
33.274195011,0
33.297414966,0
33.320634921,0
33.343854875,0
33.367074830,0
33.390294785,0
33.413514739,0
33.436734694,0
33.459954649,0
33.483174603,0
33.506394558,0
33.529614512,0
33.552834467,0
33.576054422,0
33.599274376,0
33.622494331,0
33.645714286,0
33.668934240,0
33.692154195,0
33.715374150,0.595933
33.738594104,8.48725
33.761814059,3.66619
33.785034014,0
33.808253968,0
33.831473923,0
33.854693878,0
33.877913832,0
33.901133787,0
33.924353741,0
33.947573696,0
33.970793651,0
33.994013605,0
34.017233560,0
34.040453515,0
34.063673469,0
34.086893424,0
34.110113379,0
34.133333333,0
34.156553288,0
34.179773243,0
34.202993197,0
34.226213152,13.4227
34.249433107,6.82622
34.272653061,0
34.295873016,0
34.319092971,0
34.342312925,0
34.365532880,0
34.388752834,0
34.411972789,0
34.435192744,0
34.458412698,0
34.481632653,0
34.504852608,0
34.528072562,1.0692
34.551292517,0.949534
34.574512472,0
34.597732426,3.30792
34.620952381,2.67346
34.644172336,0
34.667392290,0
34.690612245,0
34.713832200,0.0228981
34.737052154,0
34.760272109,0
34.783492063,0
34.806712018,0
34.829931973,0
34.853151927,0
34.876371882,0
34.899591837,0
34.922811791,0
34.946031746,0
34.969251701,0.43183
34.992471655,0.245863
35.015691610,0
35.038911565,0
35.062131519,0
35.085351474,0
35.108571429,0
35.131791383,0
35.155011338,0
35.178231293,0
35.201451247,0.0354093
35.224671202,2.68667
35.247891156,0
35.271111111,0
35.294331066,0
35.317551020,0
35.340770975,0
35.363990930,0
35.387210884,0
35.410430839,0.166488
35.433650794,0.208903
35.456870748,0
35.480090703,0
35.503310658,0
35.526530612,2.44623
35.549750567,0.402868
35.572970522,0
35.596190476,0
35.619410431,0
35.642630385,0
35.665850340,0
35.689070295,0.885118
35.712290249,3.95219
35.735510204,0.0213504
35.758730159,0
35.781950113,0
35.805170068,0
35.828390023,0
35.851609977,0
35.874829932,0
35.898049887,0
35.921269841,0
35.944489796,0
35.967709751,0
35.990929705,0
36.014149660,0
36.037369615,0
36.060589569,0
36.083809524,0
36.107029478,0
36.130249433,0
36.153469388,0.16909
36.176689342,3.37075
36.199909297,9.49291
36.223129252,0.588617
36.246349206,0
36.269569161,0
36.292789116,0
36.316009070,0
36.339229025,0
36.362448980,0
36.385668934,0
36.408888889,0
36.432108844,0
36.455328798,0.476319
36.478548753,0.644214
36.501768707,0
36.524988662,0.0716285
36.548208617,0.382916
36.571428571,0
36.594648526,0
36.617868481,0
36.641088435,0
36.664308390,0
36.687528345,0.323822
36.710748299,3.43467
36.733968254,0
36.757188209,0
36.780408163,0
36.803628118,0
36.826848073,0
36.850068027,0
36.873287982,0
36.896507937,0
36.919727891,0
36.942947846,7.108
36.966167800,0.480825
36.989387755,0
37.012607710,0
37.035827664,0
37.059047619,0
37.082267574,0
37.105487528,0
37.128707483,0.0937793
37.151927438,0.404269
37.175147392,0.579641
37.198367347,2.6125
37.221587302,0
37.244807256,0
37.268027211,0
37.291247166,0.0318576
37.314467120,0
37.337687075,0
37.360907029,0
37.384126984,0
37.407346939,0.390414
37.430566893,0
37.453786848,0
37.477006803,0
37.500226757,0.0572234
37.523446712,0.58456
37.546666667,0
37.569886621,0
37.593106576,0
37.616326531,0
37.639546485,0
37.662766440,0
37.685986395,2.74659
37.709206349,1.92682
37.732426304,0
37.755646259,0
37.778866213,0
37.802086168,0
37.825306122,0
37.848526077,0
37.871746032,0
37.894965986,0
37.918185941,0
37.941405896,0
37.964625850,0
37.987845805,0
38.011065760,0
38.034285714,0
38.057505669,0
38.080725624,0
38.103945578,0
38.127165533,0
38.150385488,6.5607
38.173605442,5.38166
38.196825397,0
38.220045351,0
38.243265306,0
38.266485261,0
38.289705215,0
38.312925170,0
38.336145125,0
38.359365079,0
38.382585034,0
38.405804989,0
38.429024943,0
38.452244898,0
38.475464853,0
38.498684807,0
38.521904762,0
38.545124717,0
38.568344671,0
38.591564626,0
38.614784580,0
38.638004535,0
38.661224490,4.59825
38.684444444,12.8439
38.707664399,0.0100557
38.730884354,0
38.754104308,0
38.777324263,0
38.800544218,0
38.823764172,0
38.846984127,0
38.870204082,0
38.893424036,0
38.916643991,0
38.939863946,0
38.963083900,0
38.986303855,0
39.009523810,0
39.032743764,0
39.055963719,0
39.079183673,0
39.102403628,0
39.125623583,0
39.148843537,0.901267
39.172063492,14.8099
39.195283447,7.43686
39.218503401,0
39.241723356,0
39.264943311,0
39.288163265,0
39.311383220,0
39.334603175,0
39.357823129,0
39.381043084,0
39.404263039,3.48417
39.427482993,6.03794
39.450702948,0
39.473922902,0
39.497142857,0
39.520362812,0
39.543582766,0
39.566802721,0
39.590022676,0
39.613242630,0
39.636462585,0
39.659682540,7.28985
39.682902494,2.05809
39.706122449,0
39.729342404,0
39.752562358,0
39.775782313,0
39.799002268,0
39.822222222,0
39.845442177,0
39.868662132,0
39.891882086,0
39.915102041,0
39.938321995,0.309826
39.961541950,0
39.984761905,0
40.007981859,0
40.031201814,0
40.054421769,0
40.077641723,0
40.100861678,0
40.124081633,0
40.147301587,0
40.170521542,1.04159
40.193741497,0.0166103
40.216961451,0
40.240181406,0
40.263401361,0
40.286621315,0
40.309841270,0
40.333061224,0
40.356281179,0
40.379501134,0
40.402721088,0
40.425941043,0
40.449160998,0
40.472380952,0
40.495600907,0
40.518820862,0
40.542040816,0
40.565260771,0
40.588480726,0
40.611700680,0
40.634920635,6.40778
40.658140590,19.7143
40.681360544,0.644271
40.704580499,0
40.727800454,0
40.751020408,0
40.774240363,0
40.797460317,0
40.820680272,0
40.843900227,0
40.867120181,0
40.890340136,0
40.913560091,0
40.936780045,0
40.960000000,0
40.983219955,0
41.006439909,0
41.029659864,0
41.052879819,0
41.076099773,0
41.099319728,0
41.122539683,0.932781
41.145759637,6.75316
41.168979592,1.51373
41.192199546,0
41.215419501,0
41.238639456,0
41.261859410,0
41.285079365,0
41.308299320,0
41.331519274,0
41.354739229,0
41.377959184,1.36112
41.401179138,2.3908
41.424399093,0.248109
41.447619048,0
41.470839002,0
41.494058957,0
41.517278912,0
41.540498866,0
41.563718821,0
41.586938776,0
41.610158730,0
41.633378685,16.403
41.656598639,14.6191
41.679818594,0
41.703038549,0
41.726258503,0
41.749478458,0
41.772698413,0
41.795918367,0
41.819138322,0
41.842358277,0
41.865578231,0
41.888798186,0
41.912018141,0
41.935238095,0
41.958458050,0
41.981678005,0
42.004897959,0
42.028117914,0
42.051337868,0
42.074557823,0
42.097777778,0
42.120997732,0
42.144217687,0.0944803
42.167437642,0
42.190657596,0
42.213877551,0
42.237097506,0
42.260317460,0
42.283537415,0
42.306757370,0
42.329977324,0
42.353197279,0
42.376417234,0
42.399637188,0
42.422857143,0
42.446077098,0
42.469297052,0
42.492517007,0
42.515736961,9.78113
42.538956916,17.0872
42.562176871,1.39001
42.585396825,0
42.608616780,0
42.631836735,0
42.655056689,0
42.678276644,0
42.701496599,0
42.724716553,0
42.747936508,0
42.771156463,0
42.794376417,0
42.817596372,0
42.840816327,0
42.864036281,0
42.887256236,0
42.910476190,0
42.933696145,0
42.956916100,0
42.980136054,0
43.003356009,0
43.026575964,0
43.049795918,0
43.073015873,0
43.096235828,0
43.119455782,1.16021
43.142675737,0.936739
43.165895692,0
43.189115646,0
43.212335601,0
43.235555556,0
43.258775510,0
43.281995465,0
43.305215420,0
43.328435374,0
43.351655329,5.05236
43.374875283,13.4046
43.398095238,0
43.421315193,0
43.444535147,0
43.467755102,0
43.490975057,0
43.514195011,0
43.537414966,0
43.560634921,0
43.583854875,0
43.607074830,3.51891
43.630294785,6.7082
43.653514739,0
43.676734694,0
43.699954649,0
43.723174603,0
43.746394558,0
43.769614512,0
43.792834467,0
43.816054422,0
43.839274376,0
43.862494331,0
43.885714286,0
43.908934240,0
43.932154195,0
43.955374150,0
43.978594104,0
44.001814059,0
44.025034014,0
44.048253968,0.0663425
44.071473923,1.07824
44.094693878,2.69337
44.117913832,2.3611
44.141133787,0.0804933
44.164353741,0
44.187573696,0
44.210793651,0
44.234013605,0
44.257233560,0
44.280453515,0
44.303673469,0
44.326893424,0
44.350113379,0
44.373333333,0
44.396553288,0
44.419773243,0
44.442993197,0
44.466213152,0
44.489433107,0.522992
44.512653061,0
44.535873016,0
44.559092971,0
44.582312925,1.65911
44.605532880,3.0402
44.628752834,0.345969
44.651972789,0
44.675192744,0
44.698412698,0
44.721632653,0
44.744852608,0
44.768072562,0
44.791292517,0
44.814512472,0
44.837732426,0
44.860952381,0
44.884172336,0
44.907392290,0
44.930612245,0
44.953832200,0
44.977052154,0
45.000272109,0
45.023492063,0
45.046712018,0
45.069931973,0
45.093151927,1.06337
45.116371882,3.01507
45.139591837,0
45.162811791,0
45.186031746,0
45.209251701,0
45.232471655,0
45.255691610,0
45.278911565,0
45.302131519,0
45.325351474,0.08898
45.348571429,0.153038
45.371791383,0
45.395011338,0
45.418231293,0.742487
45.441451247,0
45.464671202,0
45.487891156,0
45.511111111,0
45.534331066,0
45.557551020,0
45.580770975,1.43523
45.603990930,4.26892
45.627210884,0
45.650430839,0
45.673650794,0
45.696870748,0
45.720090703,0
45.743310658,0
45.766530612,0
45.789750567,0
45.812970522,0.357666
45.836190476,2.16465
45.859410431,0
45.882630385,0
45.905850340,0
45.929070295,0
45.952290249,0
45.975510204,0
45.998730159,0
46.021950113,0
46.045170068,0
46.068390023,0
46.091609977,0
46.114829932,0
46.138049887,0
46.161269841,0
46.184489796,0
46.207709751,0
46.230929705,0
46.254149660,0
46.277369615,0
46.300589569,0
46.323809524,8.14751
46.347029478,0.721523
46.370249433,0
46.393469388,0
46.416689342,0
46.439909297,0
46.463129252,0
46.486349206,0
46.509569161,0
46.532789116,0
46.556009070,0.185364
46.579229025,9.0202
46.602448980,0
46.625668934,0
46.648888889,0
46.672108844,0
46.695328798,0
46.718548753,0
46.741768707,0
46.764988662,0
46.788208617,0
46.811428571,5.52436
46.834648526,4.26295
46.857868481,0
46.881088435,0
46.904308390,0
46.927528345,0
46.950748299,0
46.973968254,0
46.997188209,0
47.020408163,0
47.043628118,0
47.066848073,18.9006
47.090068027,4.33571
47.113287982,0
47.136507937,0
47.159727891,0
47.182947846,0
47.206167800,0
47.229387755,0
47.252607710,0
47.275827664,0
47.299047619,8.32741
47.322267574,10.7437
47.345487528,0
47.368707483,0
47.391927438,0
47.415147392,0
47.438367347,0
47.461587302,0
47.484807256,0
47.508027211,0
47.531247166,0
47.554467120,15.7734
47.577687075,5.04228
47.600907029,0
47.624126984,0
47.647346939,0
47.670566893,0
47.693786848,0
47.717006803,0
47.740226757,0
47.763446712,0
47.786666667,3.18591
47.809886621,24.6292
47.833106576,0.233834
47.856326531,0
47.879546485,0
47.902766440,0
47.925986395,0
47.949206349,0
47.972426304,0
47.995646259,0
48.018866213,0
48.042086168,0.547782
48.065306122,0
48.088526077,0
48.111746032,0
48.134965986,0
48.158185941,0
48.181405896,0
48.204625850,0
48.227845805,0
48.251065760,0
48.274285714,0
48.297505669,0
48.320725624,0
48.343945578,0
48.367165533,0
48.390385488,0
48.413605442,0
48.436825397,0
48.460045351,0
48.483265306,0
48.506485261,0
48.529705215,5.59137
48.552925170,22.0842
48.576145125,0
48.599365079,0
48.622585034,0
48.645804989,0
48.669024943,0
48.692244898,0
48.715464853,0
48.738684807,0
48.761904762,0
48.785124717,1.2151
48.808344671,0
48.831564626,0
48.854784580,0
48.878004535,0
48.901224490,0
48.924444444,0
48.947664399,0
48.970884354,0
48.994104308,0
49.017324263,5.49996
49.040544218,4.60689
49.063764172,0
49.086984127,0
49.110204082,0
49.133424036,0
49.156643991,0
49.179863946,0
49.203083900,0
49.226303855,0
49.249523810,0
49.272743764,0
49.295963719,0
49.319183673,0
49.342403628,0
49.365623583,0
49.388843537,0
49.412063492,0
49.435283447,0
49.458503401,0
49.481723356,11.4898
49.504943311,20.3713
49.528163265,0.644448
49.551383220,0
49.574603175,0
49.597823129,0
49.621043084,0
49.644263039,0
49.667482993,0
49.690702948,0
49.713922902,0
49.737142857,0
49.760362812,5.31999
49.783582766,2.28882
49.806802721,0
49.830022676,0
49.853242630,0
49.876462585,0
49.899682540,0
49.922902494,0
49.946122449,0
49.969342404,0
49.992562358,0
50.015782313,0
50.039002268,0
50.062222222,0
50.085442177,0
50.108662132,1.14078
50.131882086,2.14397
50.155102041,0
50.178321995,0
50.201541950,0
50.224761905,0
50.247981859,0
50.271201814,1.07623
50.294421769,0.294248
50.317641723,0
50.340861678,0
50.364081633,2.3302
50.387301587,2.04146
50.410521542,0
50.433741497,0
50.456961451,0
50.480181406,1.10179
50.503401361,2.36265
50.526621315,0
50.549841270,0
50.573061224,0
50.596281179,0
50.619501134,0
50.642721088,0
50.665941043,0
50.689160998,0
50.712380952,0
50.735600907,0
50.758820862,0
50.782040816,0
50.805260771,0
50.828480726,0
50.851700680,3.36215
50.874920635,7.80519
50.898140590,0.57036
50.921360544,0
50.944580499,0
50.967800454,0
50.991020408,0
51.014240363,0
51.037460317,0
51.060680272,0
51.083900227,0
51.107120181,0
51.130340136,0
51.153560091,0
51.176780045,0
51.200000000,0
51.223219955,0
51.246439909,0
51.269659864,0
51.292879819,0
51.316099773,0
51.339319728,0
51.362539683,0
51.385759637,0
51.408979592,0
51.432199546,7.50481
51.455419501,18.4254
51.478639456,0.112302
51.501859410,0
51.525079365,0
51.548299320,0
51.571519274,0
51.594739229,0
51.617959184,0
51.641179138,0
51.664399093,0
51.687619048,0
51.710839002,0
51.734058957,0
51.757278912,0
51.780498866,1.85358
51.803718821,1.23338
51.826938776,0
51.850158730,0
51.873378685,0
51.896598639,0
51.919818594,0
51.943038549,0
51.966258503,0
51.989478458,0
52.012698413,0
52.035918367,0
52.059138322,0
52.082358277,0.626907
52.105578231,2.32394
52.128798186,0
52.152018141,0
52.175238095,0
52.198458050,0
52.221678005,0
52.244897959,6.58622
52.268117914,0.814006
52.291337868,0
52.314557823,0
52.337777778,0
52.360997732,0
52.384217687,0
52.407437642,0
52.430657596,0
52.453877551,2.87637
52.477097506,1.05275
52.500317460,5.84492
52.523537415,4.49511
52.546757370,0
52.569977324,0
52.593197279,0
52.616417234,0
52.639637188,0
52.662857143,0
52.686077098,0
52.709297052,0
52.732517007,2.21312
52.755736961,0
52.778956916,0
52.802176871,0
52.825396825,0
52.848616780,1.94311
52.871836735,0
52.895056689,0
52.918276644,0
52.941496599,0
52.964716553,0
52.987936508,7.38022
53.011156463,0
53.034376417,0
53.057596372,0
53.080816327,0
53.104036281,0.404217
53.127256236,0
53.150476190,0
53.173696145,0
53.196916100,0
53.220136054,0
53.243356009,0
53.266575964,0
53.289795918,0
53.313015873,0
53.336235828,0
53.359455782,0
53.382675737,0
53.405895692,0
53.429115646,0.371021
53.452335601,8.42954
53.475555556,3.31954
53.498775510,0.216157
53.521995465,0
53.545215420,0
53.568435374,0
53.591655329,0
53.614875283,0
53.638095238,0
53.661315193,0
53.684535147,0
53.707755102,0
53.730975057,2.49007
53.754195011,0.0561169
53.777414966,0
53.800634921,0
53.823854875,0
53.847074830,0
53.870294785,0.613496
53.893514739,0
53.916734694,0
53.939954649,0
53.963174603,0
53.986394558,0
54.009614512,0
54.032834467,0
54.056054422,0
54.079274376,1.23839
54.102494331,0.326316
54.125714286,0
54.148934240,0
54.172154195,0
54.195374150,0
54.218594104,0
54.241814059,0
54.265034014,0
54.288253968,0
54.311473923,0
54.334693878,0
54.357913832,0
54.381133787,0
54.404353741,0
54.427573696,0
54.450793651,10.5899
54.474013605,14.8545
54.497233560,0
54.520453515,0
54.543673469,0
54.566893424,0
54.590113379,0
54.613333333,0
54.636553288,0
54.659773243,0
54.682993197,0
54.706213152,0
54.729433107,1.9568
54.752653061,4.82346
54.775873016,0
54.799092971,0
54.822312925,0
54.845532880,0
54.868752834,0
54.891972789,0
54.915192744,0
54.938412698,0
54.961632653,0
54.984852608,0
55.008072562,0
55.031292517,0
55.054512472,0
55.077732426,0
55.100952381,0
55.124172336,0
55.147392290,0
55.170612245,0
55.193832200,0.147892
55.217052154,7.52519
55.240272109,2.48718
55.263492063,0
55.286712018,0
55.309931973,0
55.333151927,0
55.356371882,0
55.379591837,0
55.402811791,0
55.426031746,0
55.449251701,0
55.472471655,0
55.495691610,0
55.518911565,0
55.542131519,0
55.565351474,0
55.588571429,0
55.611791383,0
55.635011338,1.0896
55.658231293,0
55.681451247,0
55.704671202,8.44928
55.727891156,5.51071
55.751111111,0
55.774331066,0
55.797551020,0
55.820770975,0
55.843990930,0
55.867210884,0
55.890430839,0
55.913650794,0
55.936870748,0
55.960090703,0
55.983310658,2.29087
56.006530612,0
56.029750567,0
56.052970522,0
56.076190476,0
56.099410431,0
56.122630385,0
56.145850340,0
56.169070295,0
56.192290249,0
56.215510204,0
56.238730159,0
56.261950113,0
56.285170068,0
56.308390023,0
56.331609977,0
56.354829932,0
56.378049887,0
56.401269841,0
56.424489796,1.31275
56.447709751,11.315
56.470929705,0.0909714
56.494149660,0
56.517369615,0
56.540589569,0
56.563809524,0
56.587029478,0
56.610249433,0
56.633469388,0
56.656689342,2.76671
56.679909297,2.84635
56.703129252,0
56.726349206,0
56.749569161,0
56.772789116,0
56.796009070,0.890056
56.819229025,0
56.842448980,0
56.865668934,0
56.888888889,0
56.912108844,1.47686
56.935328798,6.30419
56.958548753,0
56.981768707,0
57.004988662,0
57.028208617,0
57.051428571,0
57.074648526,0
57.097868481,0
57.121088435,0
57.144308390,0
57.167528345,0.286462
57.190748299,0
57.213968254,0
57.237188209,0
57.260408163,0
57.283628118,0
57.306848073,0
57.330068027,0
57.353287982,0
57.376507937,0
57.399727891,6.69486
57.422947846,17.3067
57.446167800,1.29726
57.469387755,0
57.492607710,0
57.515827664,0
57.539047619,0
57.562267574,0
57.585487528,0
57.608707483,0
57.631927438,0
57.655147392,0
57.678367347,0.482352
57.701587302,1.51503
57.724807256,0
57.748027211,0
57.771247166,0
57.794467120,0
57.817687075,0
57.840907029,0
57.864126984,0
57.887346939,0
57.910566893,0.506887
57.933786848,0
57.957006803,1.03761
57.980226757,0.180815
58.003446712,0
58.026666667,0
58.049886621,0
58.073106576,0
58.096326531,0
58.119546485,0
58.142766440,0
58.165986395,0
58.189206349,0
58.212426304,1.53715
58.235646259,3.57493
58.258866213,0
58.282086168,0
58.305306122,0
58.328526077,0
58.351746032,0
58.374965986,2.44267
58.398185941,10.3359
58.421405896,1.21297
58.444625850,0
58.467845805,0
58.491065760,0
58.514285714,0
58.537505669,0
58.560725624,0
58.583945578,0
58.607165533,0
58.630385488,0
58.653605442,0
58.676825397,0
58.700045351,0
58.723265306,0.491071
58.746485261,0.475843
58.769705215,0
58.792925170,0
58.816145125,0
58.839365079,0
58.862585034,0
58.885804989,0.444964
58.909024943,0
58.932244898,0
58.955464853,0
58.978684807,0
59.001904762,0
59.025124717,0
59.048344671,0
59.071564626,0
59.094784580,0
59.118004535,0
59.141224490,0
59.164444444,0
59.187664399,0
59.210884354,0
59.234104308,0
59.257324263,0
59.280544218,0
59.303764172,0
59.326984127,0
59.350204082,0.241126
59.373424036,18.9124
59.396643991,12.9898
59.419863946,0
59.443083900,0
59.466303855,0
59.489523810,0
59.512743764,0
59.535963719,0
59.559183673,0.606238
59.582403628,0
59.605623583,0
59.628843537,0
59.652063492,0
59.675283447,0
59.698503401,0
59.721723356,0
59.744943311,0
59.768163265,0
59.791383220,0
59.814603175,0
59.837823129,0
59.861043084,2.81759
59.884263039,0.315729
59.907482993,0
59.930702948,0
59.953922902,1.72961
59.977142857,8.59588
60.000362812,0
60.023582766,0
60.046802721,0
60.070022676,0
60.093242630,0
60.116462585,0
60.139682540,0
60.162902494,0
60.186122449,0
60.209342404,0
60.232562358,0
60.255782313,0
60.279002268,0
60.302222222,0
60.325442177,0
60.348662132,0
60.371882086,3.60643
60.395102041,9.19688
60.418321995,0
60.441541950,0
60.464761905,0
60.487981859,0
60.511201814,0
60.534421769,0
60.557641723,0
60.580861678,0
60.604081633,0
60.627301587,7.43301
60.650521542,0
60.673741497,0
60.696961451,0
60.720181406,2.55893
60.743401361,6.23232
60.766621315,0
60.789841270,0
60.813061224,0
60.836281179,0
60.859501134,0
60.882721088,3.29017
60.905941043,0
60.929160998,0
60.952380952,0
60.975600907,0
60.998820862,0
61.022040816,0
61.045260771,0
61.068480726,0
61.091700680,0
61.114920635,0
61.138140590,3.59899
61.161360544,7.44279
61.184580499,0
61.207800454,0
61.231020408,0
61.254240363,0
61.277460317,0
61.300680272,0
61.323900227,0
61.347120181,16.5357
61.370340136,16.6266
61.393560091,0.366568
61.416780045,0
61.440000000,0
61.463219955,0
61.486439909,0
61.509659864,0
61.532879819,0
61.556099773,0
61.579319728,0
61.602539683,0
61.625759637,0
61.648979592,0
61.672199546,0
61.695419501,0
61.718639456,0
61.741859410,0
61.765079365,0
61.788299320,0
61.811519274,0
61.834739229,0
61.857959184,0
61.881179138,0
61.904399093,0
61.927619048,1.15926
61.950839002,0.806932
61.974058957,0
61.997278912,0
62.020498866,0
62.043718821,0
62.066938776,0
62.090158730,0
62.113378685,0
62.136598639,21.1398
62.159818594,10.1881
62.183038549,0
62.206258503,0
62.229478458,0
62.252698413,0
62.275918367,0
62.299138322,0
62.322358277,0
62.345578231,0
62.368798186,5.44435
62.392018141,11.8097
62.415238095,0
62.438458050,0
62.461678005,0
62.484897959,0
62.508117914,0
62.531337868,0
62.554557823,0
62.577777778,0
62.600997732,0.477073
62.624217687,2.82696
62.647437642,0
62.670657596,0
62.693877551,0
62.717097506,0
62.740317460,0
62.763537415,0
62.786757370,0
62.809977324,0
62.833197279,0
62.856417234,0
62.879637188,0
62.902857143,0
62.926077098,0
62.949297052,0
62.972517007,0
62.995736961,0
63.018956916,0
63.042176871,0
63.065396825,0.121984
63.088616780,0.306272
63.111836735,2.38366
63.135056689,3.262
63.158276644,0
63.181496599,0
63.204716553,0
63.227936508,0
63.251156463,0
63.274376417,0
63.297596372,0
63.320816327,0
63.344036281,0
63.367256236,0
63.390476190,0
63.413696145,0
63.436916100,0
63.460136054,0
63.483356009,0
63.506575964,0.0202656
63.529795918,4.6072
63.553015873,1.59164
63.576235828,0
63.599455782,0
63.622675737,0
63.645895692,0
63.669115646,0
63.692335601,0
63.715555556,0.0969174
63.738775510,0
63.761995465,0
63.785215420,0
63.808435374,0
63.831655329,0.21923
63.854875283,0.0555462
63.878095238,0
63.901315193,0
63.924535147,0
63.947755102,0
63.970975057,0
63.994195011,0
64.017414966,0
64.040634921,0
64.063854875,0
64.087074830,0
64.110294785,1.92125
64.133514739,0
64.156734694,0
64.179954649,0
64.203174603,0
64.226394558,0
64.249614512,0
64.272834467,0
64.296054422,0
64.319274376,0
64.342494331,12.2428
64.365714286,14.5434
64.388934240,0
64.412154195,0
64.435374150,0
64.458594104,0
64.481814059,0
64.505034014,0
64.528253968,0
64.551473923,0
64.574693878,0
64.597913832,0
64.621133787,0
64.644353741,0
64.667573696,0
64.690793651,0
64.714013605,1.63401
64.737233560,0
64.760453515,0
64.783673469,0
64.806893424,0
64.830113379,7.63148
64.853333333,3.31489
64.876553288,0
64.899773243,0
64.922993197,0
64.946213152,0
64.969433107,0
64.992653061,0
65.015873016,0
65.039092971,0
65.062312925,0.623775
65.085532880,0
65.108752834,0
65.131972789,0
65.155192744,0
65.178412698,0
65.201632653,0
65.224852608,0
65.248072562,0
65.271292517,0
65.294512472,6.94513
65.317732426,14.7819
65.340952381,6.93499
65.364172336,0
65.387392290,0
65.410612245,0
65.433832200,0
65.457052154,0
65.480272109,0
65.503492063,0
65.526712018,0
65.549931973,0.282626
65.573151927,3.71737
65.596371882,0
65.619591837,0
65.642811791,0
65.666031746,0
65.689251701,0
65.712471655,0
65.735691610,0
65.758911565,0
65.782131519,12.0406
65.805351474,3.73806
65.828571429,0
65.851791383,0
65.875011338,0
65.898231293,0
65.921451247,0
65.944671202,0
65.967891156,1.09883
65.991111111,0
66.014331066,0
66.037551020,0
66.060770975,0
66.083990930,0
66.107210884,0
66.130430839,0
66.153650794,0
66.176870748,2.32921
66.200090703,11.0655
66.223310658,0
66.246530612,0
66.269750567,0
66.292970522,6.74751
66.316190476,16.2532
66.339410431,0
66.362630385,0
66.385850340,0
66.409070295,0
66.432290249,0
66.455510204,0
66.478730159,0
66.501950113,0
66.525170068,0
66.548390023,2.96621
66.571609977,0
66.594829932,0
66.618049887,0
66.641269841,0
66.664489796,0
66.687709751,0
66.710929705,0
66.734149660,0
66.757369615,0
66.780589569,1.28474
66.803809524,1.61272
66.827029478,0
66.850249433,0
66.873469388,0
66.896689342,0
66.919909297,0
66.943129252,0
66.966349206,3.8727
66.989569161,20.8208
67.012789116,6.29942
67.036009070,0
67.059229025,0
67.082448980,0
67.105668934,0
67.128888889,0
67.152108844,0
67.175328798,0
67.198548753,0
67.221768707,0
67.244988662,0
67.268208617,3.21661
67.291428571,11.7692
67.314648526,2.28579
67.337868481,0
67.361088435,0
67.384308390,0
67.407528345,0
67.430748299,0
67.453968254,0
67.477188209,0
67.500408163,0
67.523628118,0
67.546848073,0
67.570068027,0
67.593287982,0
67.616507937,0
67.639727891,0
67.662947846,0
67.686167800,0
67.709387755,0
67.732607710,0
67.755827664,0.902315
67.779047619,4.72963
67.802267574,1.06586
67.825487528,0
67.848707483,0
67.871927438,0
67.895147392,0
67.918367347,1.41467
67.941587302,6.83275
67.964807256,0
67.988027211,0
68.011247166,0
68.034467120,0
68.057687075,0
68.080907029,0
68.104126984,0
68.127346939,0
68.150566893,0
68.173786848,0
68.197006803,0
68.220226757,0
68.243446712,0
68.266666667,15.2717
68.289886621,27.7574
68.313106576,0.0419583
68.336326531,0
68.359546485,0
68.382766440,0
68.405986395,0
68.429206349,0
68.452426304,0
68.475646259,0
68.498866213,0.0856445
68.522086168,0
68.545306122,0
68.568526077,0
68.591746032,0
68.614965986,0
68.638185941,10.4647
68.661405896,0
68.684625850,0
68.707845805,0
68.731065760,0.799027
68.754285714,4.9148
68.777505669,0
68.800725624,0
68.823945578,0
68.847165533,0
68.870385488,0
68.893605442,0
68.916825397,0
68.940045351,0
68.963265306,0
68.986485261,0.856557
69.009705215,0.856335
69.032925170,0
69.056145125,0
69.079365079,0
69.102585034,0
69.125804989,0
69.149024943,0
69.172244898,0
69.195464853,0
69.218684807,5.549
69.241904762,10.9799
69.265124717,0.27842
69.288344671,0
69.311564626,0
69.334784580,0
69.358004535,0
69.381224490,0
69.404444444,0
69.427664399,0
69.450884354,0
69.474104308,0
69.497324263,0
69.520544218,0
69.543764172,1.65471
69.566984127,2.5401
69.590204082,0
69.613424036,0
69.636643991,0
69.659863946,0
69.683083900,0
69.706303855,0
69.729523810,0
69.752743764,0
69.775963719,0
69.799183673,0
69.822403628,0
69.845623583,0
69.868843537,0
69.892063492,0
69.915283447,0
69.938503401,0
69.961723356,0
69.984943311,0
70.008163265,0
70.031383220,0
70.054603175,0
70.077823129,0
70.101043084,0
70.124263039,0
70.147482993,7.91353
70.170702948,3.64625
70.193922902,0
70.217142857,2.06839
70.240362812,1.84909
70.263582766,0.0890176
70.286802721,0.0618207
70.310022676,0
70.333242630,0
70.356462585,0
70.379682540,0
70.402902494,0
70.426122449,0
70.449342404,0
70.472562358,0
70.495782313,0
70.519002268,3.50396
70.542222222,1.96229
70.565442177,0
70.588662132,0
70.611882086,0
70.635102041,0
70.658321995,0
70.681541950,0
70.704761905,0
70.727981859,0
70.751201814,0
70.774421769,0
70.797641723,0
70.820861678,0
70.844081633,0
70.867301587,0
70.890521542,0
70.913741497,0
70.936961451,0
70.960181406,0.342992
70.983401361,0.223309
71.006621315,2.15423
71.029841270,3.53277
71.053061224,0
71.076281179,0
71.099501134,0
71.122721088,0
71.145941043,0
71.169160998,0
71.192380952,0
71.215600907,0
71.238820862,0
71.262040816,0
71.285260771,0
71.308480726,0
71.331700680,0
71.354920635,0
71.378140590,0
71.401360544,0
71.424580499,0
71.447800454,0
71.471020408,0
71.494240363,4.28287
71.517460317,9.55644
71.540680272,0
71.563900227,0
71.587120181,0
71.610340136,0
71.633560091,0
71.656780045,0
71.680000000,0
71.703219955,0
71.726439909,0
71.749659864,0
71.772879819,0.270917
71.796099773,0
71.819319728,0
71.842539683,0
71.865759637,0
71.888979592,0
71.912199546,0
71.935419501,0
71.958639456,0
71.981859410,0
72.005079365,0
72.028299320,0
72.051519274,0
72.074739229,0
72.097959184,0
72.121179138,0
72.144399093,0
72.167619048,2.16042
72.190839002,2.63432
72.214058957,0
72.237278912,0.405125
72.260498866,5.39141
72.283718821,0.611464
72.306938776,0
72.330158730,0
72.353378685,0
72.376598639,0
72.399818594,0
72.423038549,0
72.446258503,0
72.469478458,0
72.492698413,0
72.515918367,0
72.539138322,0
72.562358277,0
72.585578231,0.526645
72.608798186,1.22593
72.632018141,0
72.655238095,0
72.678458050,0.00597912
72.701678005,0.749155
72.724897959,0.80258
72.748117914,0
72.771337868,0
72.794557823,0
72.817777778,0
72.840997732,0
72.864217687,0
72.887437642,0
72.910657596,0
72.933877551,0.0885895
72.957097506,0.825862
72.980317460,0
73.003537415,0
73.026757370,0
73.049977324,0
73.073197279,0
73.096417234,0
73.119637188,0
73.142857143,0
73.166077098,0
73.189297052,0
73.212517007,10.1477
73.235736961,14.9176
73.258956916,0
73.282176871,0
73.305396825,0
73.328616780,0
73.351836735,0
73.375056689,0
73.398276644,0
73.421496599,0
73.444716553,1.45856
73.467936508,17.5639
73.491156463,2.91707
73.514376417,0
73.537596372,0
73.560816327,0
73.584036281,0
73.607256236,0
73.630476190,0
73.653696145,0
73.676916100,0
73.700136054,0
73.723356009,0
73.746575964,0
73.769795918,0
73.793015873,0
73.816235828,0
73.839455782,0
73.862675737,1.78945
73.885895692,0
73.909115646,0
73.932335601,0
73.955555556,0
73.978775510,0
74.001995465,0
74.025215420,1.18357
74.048435374,0.202392
74.071655329,0
74.094875283,0
74.118095238,0
74.141315193,0
74.164535147,0
74.187755102,13.3268
74.210975057,8.93188
74.234195011,0.58922
74.257414966,0
74.280634921,0
74.303854875,0
74.327074830,0
74.350294785,0
74.373514739,0
74.396734694,0
74.419954649,0
74.443174603,0
74.466394558,0
74.489614512,0
74.512834467,0
74.536054422,0
74.559274376,0
74.582494331,2.31297
74.605714286,4.04065
74.628934240,0
74.652154195,0
74.675374150,0
74.698594104,1.23462
74.721814059,0
74.745034014,0
74.768253968,0
74.791473923,1.29651
74.814693878,0
74.837913832,0
74.861133787,0
74.884353741,0.019549
74.907573696,0
74.930793651,0.956671
74.954013605,0.988295
74.977233560,0
75.000453515,0
75.023673469,0
75.046893424,0
75.070113379,0
75.093333333,0
75.116553288,0
75.139773243,0
75.162993197,0.0441049
75.186213152,0
75.209433107,4.42328
75.232653061,2.9998
75.255873016,0
75.279092971,0
75.302312925,0
75.325532880,0
75.348752834,0
75.371972789,0
75.395192744,0
75.418412698,0
75.441632653,0
75.464852608,0
75.488072562,0
75.511292517,0.547893
75.534512472,6.98715
75.557732426,0
75.580952381,0
75.604172336,0
75.627392290,0
75.650612245,0
75.673832200,3.43404
75.697052154,1.25014
75.720272109,0
75.743492063,0
75.766712018,0
75.789931973,0
75.813151927,0
75.836371882,0
75.859591837,0
75.882811791,0
75.906031746,0
75.929251701,0
75.952471655,0
75.975691610,0
75.998911565,4.56754
76.022131519,7.29716
76.045351474,0.95825
76.068571429,0
76.091791383,0
76.115011338,0
76.138231293,0
76.161451247,0
76.184671202,1.78351
76.207891156,0.0310907
76.231111111,0
76.254331066,0
76.277551020,0
76.300770975,0
76.323990930,0
76.347210884,0
76.370430839,0
76.393650794,0
76.416870748,1.51269
76.440090703,0
76.463310658,0
76.486530612,0
76.509750567,0
76.532970522,0
76.556190476,5.9343
76.579410431,0
76.602630385,0
76.625850340,0
76.649070295,0.336696
76.672290249,6.49493
76.695510204,0.758082
76.718730159,0
76.741950113,0
76.765170068,0
76.788390023,0
76.811609977,0.784441
76.834829932,2.37261
76.858049887,0
76.881269841,0
76.904489796,0
76.927709751,0
76.950929705,0
76.974149660,0
76.997369615,0
77.020589569,0
77.043809524,0
77.067029478,0
77.090249433,0
77.113469388,0
77.136689342,0
77.159909297,6.4377
77.183129252,23.3576
77.206349206,0.932596
77.229569161,0
77.252789116,0
77.276009070,0
77.299229025,0
77.322448980,0
77.345668934,0
77.368888889,0
77.392108844,0
77.415328798,0
77.438548753,0
77.461768707,0
77.484988662,0
77.508208617,0
77.531428571,0
77.554648526,0
77.577868481,0
77.601088435,0
77.624308390,0
77.647528345,0
77.670748299,0
77.693968254,0
77.717188209,0
77.740408163,0
77.763628118,0
77.786848073,0
77.810068027,0.357054
77.833287982,19.7945
77.856507937,12.0195
77.879727891,0
77.902947846,0
77.926167800,0
77.949387755,0
77.972607710,0
77.995827664,0
78.019047619,0
78.042267574,0
78.065487528,0
78.088707483,0
78.111927438,0
78.135147392,11.7269
78.158367347,16.7856
78.181587302,1.17694
78.204807256,0
78.228027211,0
78.251247166,0
78.274467120,0
78.297687075,0
78.320907029,0
78.344126984,0.744815
78.367346939,0
78.390566893,0
78.413786848,0
78.437006803,0
78.460226757,0
78.483446712,0
78.506666667,0
78.529886621,0.0761372
78.553106576,0
78.576326531,0
78.599546485,0
78.622766440,1.04126
78.645986395,1.98611
78.669206349,0.312593
78.692426304,0
78.715646259,0
78.738866213,0
78.762086168,0
78.785306122,0.751455
78.808526077,0
78.831746032,0
78.854965986,0.094234
78.878185941,0
78.901405896,0
78.924625850,0
78.947845805,0
78.971065760,0
78.994285714,0
79.017505669,0
79.040725624,0
79.063945578,0
79.087165533,0
79.110385488,0
79.133605442,0.571445
79.156825397,5.88379
79.180045351,0
79.203265306,0
79.226485261,0
79.249705215,0
79.272925170,0
79.296145125,0
79.319365079,0
79.342585034,0
79.365804989,0
79.389024943,0
79.412244898,0
79.435464853,0
79.458684807,0
79.481904762,0.211934
79.505124717,1.25466
79.528344671,0
79.551564626,0
79.574784580,0
79.598004535,0
79.621224490,0.0244984
79.644444444,4.07752
79.667664399,1.70937
79.690884354,0
79.714104308,0
79.737324263,0
79.760544218,0
79.783764172,0
79.806984127,0
79.830204082,0
79.853424036,0
79.876643991,0
79.899863946,0
79.923083900,0
79.946303855,0
79.969523810,0
79.992743764,0
80.015963719,0
80.039183673,0
80.062403628,0
80.085623583,0
80.108843537,0
80.132063492,1.43484
80.155283447,2.51927
80.178503401,0.618856
80.201723356,0
80.224943311,0
80.248163265,0
80.271383220,0
80.294603175,0
80.317823129,0
80.341043084,0
80.364263039,0
80.387482993,0
80.410702948,0
80.433922902,0
80.457142857,0
80.480362812,0
80.503582766,0
80.526802721,0
80.550022676,0
80.573242630,0.137169
80.596462585,5.09935
80.619682540,2.1457
80.642902494,0.642218
80.666122449,0
80.689342404,0
80.712562358,0
80.735782313,0
80.759002268,0
80.782222222,0
80.805442177,0
80.828662132,0
80.851882086,0
80.875102041,0
80.898321995,0
80.921541950,0
80.944761905,0
80.967981859,0
80.991201814,0
81.014421769,0
81.037641723,0
81.060861678,0
81.084081633,0
81.107301587,0
81.130521542,7.22339
81.153741497,10.0726
81.176961451,0
81.200181406,0
81.223401361,0
81.246621315,0
81.269841270,0
81.293061224,0
81.316281179,0
81.339501134,0
81.362721088,0
81.385941043,0
81.409160998,0
81.432380952,0
81.455600907,0
81.478820862,0
81.502040816,0
81.525260771,0
81.548480726,0
81.571700680,0
81.594920635,0
81.618140590,10.6224
81.641360544,16.6272
81.664580499,0
81.687800454,0
81.711020408,0
81.734240363,0
81.757460317,0
81.780680272,0
81.803900227,0
81.827120181,0
81.850340136,0
81.873560091,0
81.896780045,0
81.920000000,0
81.943219955,0
81.966439909,1.44198
81.989659864,0
82.012879819,0
82.036099773,2.16058
82.059319728,10.3953
82.082539683,0
82.105759637,0
82.128979592,0
82.152199546,0
82.175419501,0
82.198639456,0
82.221859410,0
82.245079365,0
82.268299320,0
82.291519274,0
82.314739229,0
82.337959184,0
82.361179138,0
82.384399093,0.556527
82.407619048,0
82.430839002,0
82.454058957,0.0687482
82.477278912,1.17193
82.500498866,0
82.523718821,0
82.546938776,0
82.570158730,0
82.593378685,0
82.616598639,0.688917
82.639818594,0.0761014
82.663038549,0
82.686258503,0
82.709478458,0
82.732698413,0
82.755918367,0
82.779138322,0
82.802358277,0
82.825578231,0.10176
82.848798186,0
82.872018141,0.0211298
82.895238095,0
82.918458050,0
82.941678005,0
82.964897959,4.3355
82.988117914,2.04534
83.011337868,0
83.034557823,0
83.057777778,0
83.080997732,0
83.104217687,0
83.127437642,3.865
83.150657596,0
83.173877551,0
83.197097506,0
83.220317460,0
83.243537415,0
83.266757370,0
83.289977324,0
83.313197279,0
83.336417234,0
83.359637188,0
83.382857143,0
83.406077098,0
83.429297052,0
83.452517007,0
83.475736961,0
83.498956916,0
83.522176871,0
83.545396825,0
83.568616780,0
83.591836735,2.39907
83.615056689,12.2882
83.638276644,3.50262
83.661496599,0
83.684716553,0
83.707936508,0
83.731156463,0
83.754376417,0
83.777596372,0
83.800816327,0
83.824036281,0
83.847256236,0
83.870476190,0
83.893696145,0.140994
83.916916100,0
83.940136054,1.54253
83.963356009,1.07592
83.986575964,0
84.009795918,0
84.033015873,0
84.056235828,0
84.079455782,0
84.102675737,1.12559
84.125895692,2.32773
84.149115646,0
84.172335601,0
84.195555556,0
84.218775510,0
84.241995465,0
84.265215420,0
84.288435374,0
84.311655329,0
84.334875283,0
84.358095238,9.84281
84.381315193,0.76636
84.404535147,0
84.427755102,0
84.450975057,0
84.474195011,0
84.497414966,0
84.520634921,0
84.543854875,0
84.567074830,0
84.590294785,0
84.613514739,0.763799
84.636734694,1.72191
84.659954649,0
84.683174603,0
84.706394558,0
84.729614512,0
84.752834467,0
84.776054422,0
84.799274376,0
84.822494331,0
84.845714286,4.97412
84.868934240,10.4695
84.892154195,0
84.915374150,0
84.938594104,0
84.961814059,0
84.985034014,0
85.008253968,0
85.031473923,0
85.054693878,0
85.077913832,0
85.101133787,1.50368
85.124353741,0.0383497
85.147573696,0
85.170793651,0
85.194013605,0
85.217233560,0
85.240453515,0
85.263673469,0
85.286893424,0
85.310113379,0
85.333333333,0.258702
85.356553288,0
85.379773243,0
85.402993197,0
85.426213152,0
85.449433107,0
85.472653061,0
85.495873016,0
85.519092971,0.163037
85.542312925,0
85.565532880,4.48405
85.588752834,5.72459
85.611972789,0
85.635192744,0
85.658412698,0
85.681632653,0
85.704852608,0
85.728072562,0
85.751292517,0
85.774512472,0
85.797732426,0
85.820952381,0
85.844172336,0
85.867392290,0
85.890612245,0
85.913832200,0.195316
85.937052154,0
85.960272109,0
85.983492063,0
86.006712018,0
86.029931973,0
86.053151927,4.71802
86.076371882,20.1641
86.099591837,0.654496
86.122811791,0
86.146031746,0
86.169251701,0
86.192471655,0
86.215691610,0
86.238911565,0
86.262131519,0
86.285351474,0
86.308571429,0
86.331791383,0
86.355011338,0
86.378231293,0
86.401451247,0
86.424671202,0
86.447891156,0
86.471111111,0
86.494331066,0
86.517551020,0
86.540770975,0.896056
86.563990930,12.3026
86.587210884,0.300084
86.610430839,0
86.633650794,0
86.656870748,0
86.680090703,0
86.703310658,0
86.726530612,0
86.749750567,0
86.772970522,0
86.796190476,4.20773
86.819410431,8.82818
86.842630385,0
86.865850340,0
86.889070295,0
86.912290249,0
86.935510204,0
86.958730159,0
86.981950113,0
87.005170068,0
87.028390023,0
87.051609977,0.762035
87.074829932,6.26489
87.098049887,0
87.121269841,0
87.144489796,0
87.167709751,0
87.190929705,0
87.214149660,0
87.237369615,0
87.260589569,0
87.283809524,0
87.307029478,0
87.330249433,0
87.353469388,0
87.376689342,2.02577
87.399909297,2.41065
87.423129252,0
87.446349206,0
87.469569161,0
87.492789116,0
87.516009070,0
87.539229025,1.34196
87.562448980,4.62345
87.585668934,0.165613
87.608888889,0
87.632108844,0
87.655328798,0
87.678548753,0
87.701768707,0
87.724988662,0
87.748208617,0
87.771428571,0
87.794648526,0
87.817868481,0
87.841088435,0
87.864308390,0
87.887528345,0
87.910748299,0
87.933968254,0
87.957188209,0
87.980408163,0
88.003628118,0
88.026848073,0
88.050068027,5.98643
88.073287982,11.9189
88.096507937,0
88.119727891,0
88.142947846,0
88.166167800,0
88.189387755,0
88.212607710,0
88.235827664,0
88.259047619,0
88.282267574,0
88.305487528,0
88.328707483,0
88.351927438,0
88.375147392,0
88.398367347,0
88.421587302,0
88.444807256,0
88.468027211,0
88.491247166,0
88.514467120,0
88.537687075,3.49748
88.560907029,7.40713
88.584126984,0.0259837
88.607346939,0
88.630566893,0
88.653786848,0
88.677006803,0
88.700226757,0
88.723446712,0
88.746666667,0
88.769886621,0
88.793106576,5.38656
88.816326531,1.09624
88.839546485,0
88.862766440,0
88.885986395,0
88.909206349,0
88.932426304,0
88.955646259,0
88.978866213,0
89.002086168,0
89.025306122,2.14632
89.048526077,17.3447
89.071746032,3.95339
89.094965986,0
89.118185941,0
89.141405896,0
89.164625850,0
89.187845805,0
89.211065760,0
89.234285714,0
89.257505669,0
89.280725624,0
89.303945578,0.362492
89.327165533,0
89.350385488,0
89.373605442,0
89.396825397,0
89.420045351,0
89.443265306,0
89.466485261,0
89.489705215,0
89.512925170,0
89.536145125,0
89.559365079,0.728988
89.582585034,0
89.605804989,0
89.629024943,0
89.652244898,0
89.675464853,0
89.698684807,0
89.721904762,0
89.745124717,0
89.768344671,0
89.791564626,3.29675
89.814784580,0
89.838004535,0
89.861224490,0
89.884444444,0
89.907664399,0
89.930884354,5.82608
89.954104308,19.8935
89.977324263,2.17002
90.000544218,0
90.023764172,0
90.046984127,0
90.070204082,0
90.093424036,0
90.116643991,0
90.139863946,0
90.163083900,0
90.186303855,0
90.209523810,0
90.232743764,0
90.255963719,0
90.279183673,0
90.302403628,0
90.325623583,0
90.348843537,0
90.372063492,0
90.395283447,0
90.418503401,0
90.441723356,0
90.464943311,0.426985
90.488163265,0
90.511383220,0
90.534603175,0.165238
90.557823129,0
90.581043084,0
90.604263039,0
90.627482993,0
90.650702948,0
90.673922902,0
90.697142857,0
90.720362812,0
90.743582766,0
90.766802721,19.4445
90.790022676,18.0189
90.813242630,0
90.836462585,0
90.859682540,0
90.882902494,0
90.906122449,0
90.929342404,0
90.952562358,0
90.975782313,0
90.999002268,0
91.022222222,5.68844
91.045442177,1.00277
91.068662132,0
91.091882086,0
91.115102041,0
91.138321995,0
91.161541950,0
91.184761905,0
91.207981859,0
91.231201814,0
91.254421769,0
91.277641723,0
91.300861678,0
91.324081633,0
91.347301587,0
91.370521542,0
91.393741497,0
91.416961451,0
91.440181406,0.00235659
91.463401361,0.536903
91.486621315,0.039295
91.509841270,0.0794821
91.533061224,0
91.556281179,0
91.579501134,0
91.602721088,0
91.625941043,0
91.649160998,0
91.672380952,0
91.695600907,0
91.718820862,0
91.742040816,0
91.765260771,0.239537
91.788480726,0
91.811700680,0
91.834920635,0
91.858140590,0
91.881360544,0
91.904580499,0
91.927800454,1.98519
91.951020408,2.85561
91.974240363,0
91.997460317,0.226359
92.020680272,2.3543
92.043900227,0.161044
92.067120181,0
92.090340136,0
92.113560091,0
92.136780045,0
92.160000000,0
92.183219955,0
92.206439909,0
92.229659864,0
92.252879819,0
92.276099773,0
92.299319728,0
92.322539683,0
92.345759637,0
92.368979592,0
92.392199546,0
92.415419501,0
92.438639456,0
92.461859410,0
92.485079365,0
92.508299320,0.0216369
92.531519274,3.62325
92.554739229,0.165476
92.577959184,0
92.601179138,0
92.624399093,0
92.647619048,0
92.670839002,0
92.694058957,0
92.717278912,0
92.740498866,0
92.763718821,0
92.786938776,0
92.810158730,0
92.833378685,0.185543
92.856598639,0
92.879818594,0
92.903038549,0
92.926258503,0
92.949478458,0
92.972698413,0
92.995918367,4.53511
93.019138322,1.35992
93.042358277,0
93.065578231,0
93.088798186,0
93.112018141,0
93.135238095,0
93.158458050,0
93.181678005,0
93.204897959,0
93.228117914,0
93.251337868,3.95447
93.274557823,0.386313
93.297777778,0
93.320997732,0
93.344217687,0
93.367437642,0
93.390657596,0
93.413877551,0
93.437097506,0
93.460317460,0
93.483537415,1.95075
93.506757370,5.26923
93.529977324,0
93.553197279,0
93.576417234,0
93.599637188,0
93.622857143,0
93.646077098,0
93.669297052,0
93.692517007,0
93.715736961,0
93.738956916,0.210015
93.762176871,4.74728
93.785396825,0
93.808616780,0
93.831836735,0
93.855056689,0
93.878276644,0
93.901496599,0
93.924716553,0
93.947936508,0
93.971156463,0
93.994376417,12.805
94.017596372,9.76763
94.040816327,0
94.064036281,0
94.087256236,0
94.110476190,0
94.133696145,0
94.156916100,0
94.180136054,0
94.203356009,0
94.226575964,1.00872
94.249795918,7.33333
94.273015873,0
94.296235828,0
94.319455782,0
94.342675737,0
94.365895692,0
94.389115646,0
94.412335601,0
94.435555556,0
94.458775510,0
94.481995465,12.9599
94.505215420,6.60432
94.528435374,0
94.551655329,0
94.574875283,0
94.598095238,0
94.621315193,0
94.644535147,0
94.667755102,0
94.690975057,0
94.714195011,11.1072
94.737414966,13.5996
94.760634921,0
94.783854875,0
94.807074830,0
94.830294785,0
94.853514739,0
94.876734694,0
94.899954649,0
94.923174603,0
94.946394558,0
94.969614512,11.9058
94.992834467,2.6173
95.016054422,0
95.039274376,0
95.062494331,0
95.085714286,0
95.108934240,0
95.132154195,0
95.155374150,0
95.178594104,0
95.201814059,13.4208
95.225034014,3.10735
95.248253968,0
95.271473923,0
95.294693878,0
95.317913832,0
95.341133787,0
95.364353741,0
95.387573696,0
95.410793651,0
95.434013605,1.4632
95.457233560,11.7572
95.480453515,0.7403
95.503673469,0
95.526893424,0
95.550113379,0
95.573333333,0
95.596553288,0
95.619773243,0
95.642993197,0
95.666213152,0
95.689433107,0
95.712653061,0
95.735873016,0
95.759092971,0
95.782312925,0
95.805532880,0
95.828752834,0
95.851972789,0
95.875192744,0
95.898412698,0
95.921632653,0
95.944852608,1.24091
95.968072562,0.302474
95.991292517,0
96.014512472,0
96.037732426,0
96.060952381,0
96.084172336,0
96.107392290,0
96.130612245,0
96.153832200,0
96.177052154,0.0152999
96.200272109,1.72743
96.223492063,0
96.246712018,0
96.269931973,0
96.293151927,0
96.316371882,0
96.339591837,0
96.362811791,0
96.386031746,0
96.409251701,1.05124
96.432471655,0.158876
96.455691610,0
96.478911565,0
96.502131519,0
96.525351474,0
96.548571429,0
96.571791383,0
96.595011338,0
96.618231293,0
96.641451247,0
96.664671202,0
96.687891156,10.0922
96.711111111,1.13699
96.734331066,0
96.757551020,0
96.780770975,0
96.803990930,0
96.827210884,0
96.850430839,0
96.873650794,0
96.896870748,0
96.920090703,4.49016
96.943310658,4.61674
96.966530612,0
96.989750567,0
97.012970522,0
97.036190476,0
97.059410431,0
97.082630385,0
97.105850340,0
97.129070295,0
97.152290249,0
97.175510204,8.44257
97.198730159,0
97.221950113,0
97.245170068,0
97.268390023,0
97.291609977,0
97.314829932,0
97.338049887,9.52492
97.361269841,7.64921
97.384489796,0
97.407709751,0
97.430929705,0
97.454149660,0
97.477369615,0
97.500589569,0
97.523809524,0
97.547029478,0
97.570249433,0
97.593469388,0
97.616689342,0
97.639909297,0
97.663129252,0.000163972
97.686349206,0
97.709569161,0
97.732789116,0
97.756009070,0
97.779229025,0
97.802448980,0
97.825668934,0
97.848888889,0
97.872108844,0
97.895328798,0
97.918548753,8.89181
97.941768707,1.05639
97.964988662,0
97.988208617,0
98.011428571,0
98.034648526,0
98.057868481,0
98.081088435,0
98.104308390,0
98.127528345,0
98.150748299,1.99292
98.173968254,11.1459
98.197188209,0
98.220408163,0
98.243628118,0
98.266848073,0
98.290068027,0
98.313287982,0
98.336507937,0
98.359727891,0
98.382947846,0
98.406167800,10.3797
98.429387755,3.37124
98.452607710,0
98.475827664,0
98.499047619,0
98.522267574,0
98.545487528,0
98.568707483,0
98.591927438,0
98.615147392,0
98.638367347,4.35489
98.661587302,1.77159
98.684807256,0
98.708027211,0
98.731247166,0
98.754467120,0
98.777687075,0
98.800907029,0
98.824126984,0
98.847346939,0
98.870566893,0
98.893786848,8.68901
98.917006803,6.72912
98.940226757,0
98.963446712,0
98.986666667,0
99.009886621,0
99.033106576,0
99.056326531,0
99.079546485,0
99.102766440,0
99.125986395,0
99.149206349,4.56736
99.172426304,4.05339
99.195646259,0
99.218866213,0
99.242086168,0
99.265306122,0.201087
99.288526077,6.89577
99.311746032,0
99.334965986,0
99.358185941,0
99.381405896,0
99.404625850,0
99.427845805,0
99.451065760,0
99.474285714,0
99.497505669,0
99.520725624,0
99.543945578,0
99.567165533,0
99.590385488,0
99.613605442,0
99.636825397,0
99.660045351,0
99.683265306,0
99.706485261,0
99.729705215,0
99.752925170,0
99.776145125,0
99.799365079,0
99.822585034,0
99.845804989,0
99.869024943,0
99.892244898,5.00101
99.915464853,11.1216
99.938684807,0
99.961904762,0
99.985124717,0
100.008344671,0
100.031564626,0
100.054784580,0
100.078004535,0
100.101224490,0
100.124444444,1.05948
100.147664399,6.43506
100.170884354,0
100.194104308,0
100.217324263,0
100.240544218,0
100.263764172,0
100.286984127,0
100.310204082,0
100.333424036,0
100.356643991,0
100.379863946,0
100.403083900,9.31343
100.426303855,0
100.449523810,0
100.472743764,0
100.495963719,0
100.519183673,0
100.542403628,0
100.565623583,0
100.588843537,0
100.612063492,0
100.635283447,7.44898
100.658503401,11.5795
100.681723356,0
100.704943311,0
100.728163265,0
100.751383220,0
100.774603175,0
100.797823129,0
100.821043084,0
100.844263039,0
100.867482993,0
100.890702948,3.44058
100.913922902,6.14718
100.937142857,0
100.960362812,0
100.983582766,0
101.006802721,0
101.030022676,0
101.053242630,0
101.076462585,0
101.099682540,0
101.122902494,0.526957
101.146122449,10.924
101.169342404,0
101.192562358,0
101.215782313,0
101.239002268,0
101.262222222,0
101.285442177,0
101.308662132,0
101.331882086,0
101.355102041,0
101.378321995,0.485297
101.401541950,7.38691
101.424761905,0
101.447981859,0
101.471201814,0
101.494421769,0
101.517641723,0
101.540861678,0
101.564081633,0
101.587301587,0
101.610521542,0
101.633741497,0.793159
101.656961451,3.62936
101.680181406,0
101.703401361,0
101.726621315,0
101.749841270,0
101.773061224,0
101.796281179,0
101.819501134,0
101.842721088,0.329635
101.865941043,0.549145
101.889160998,1.00895
101.912380952,0.0560855
101.935600907,0
101.958820862,0
101.982040816,0
102.005260771,0
102.028480726,0
102.051700680,0
102.074920635,0
102.098140590,0
102.121360544,0.125445
102.144580499,0.42288
102.167800454,0
102.191020408,0
102.214240363,0
102.237460317,0
102.260680272,0
102.283900227,0
102.307120181,0
102.330340136,0.374125
102.353560091,0.0686345
102.376780045,0.0304816
102.400000000,0
102.423219955,0
102.446439909,0
102.469659864,0
102.492879819,0
102.516099773,0.0985694
102.539319728,0
102.562539683,0
102.585759637,0.177852
102.608979592,0.094028
102.632199546,0
102.655419501,0
102.678639456,0
102.701859410,0
102.725079365,0.123636
102.748299320,0
102.771519274,0
102.794739229,0
102.817959184,0
102.841179138,0
102.864399093,1.1326
102.887619048,0.898923
102.910839002,0
102.934058957,0
102.957278912,0
102.980498866,0
103.003718821,0
103.026938776,0
103.050158730,0
103.073378685,0.038829
103.096598639,0
103.119818594,0
103.143038549,0
103.166258503,0
103.189478458,0.333632
103.212698413,0.0795651
103.235918367,0
103.259138322,0
103.282358277,0
103.305578231,0
103.328798186,0
103.352018141,0.472659
103.375238095,2.72266
103.398458050,0.0453434
103.421678005,0
103.444897959,0
103.468117914,0
103.491337868,0
103.514557823,0
103.537777778,0
103.560997732,0
103.584217687,0
103.607437642,0
103.630657596,0
103.653877551,0.0347622
103.677097506,0
103.700317460,0
103.723537415,0
103.746757370,0
103.769977324,0
103.793197279,0
103.816417234,0
103.839637188,0.0305505
103.862857143,2.08063
103.886077098,1.1874
103.909297052,0
103.932517007,0
103.955736961,0
103.978956916,0
104.002176871,0
104.025396825,0
104.048616780,0
104.071836735,0
104.095056689,0
104.118276644,0
104.141496599,0
104.164716553,0
104.187936508,0
104.211156463,0
104.234376417,0
104.257596372,0
104.280816327,0
104.304036281,0
104.327256236,0
104.350476190,0.435168
104.373696145,4.0102
104.396916100,0
104.420136054,0
104.443356009,0
104.466575964,0
104.489795918,0.395531
104.513015873,0
104.536235828,0
104.559455782,0
104.582675737,0
104.605895692,0
104.629115646,0
104.652335601,0
104.675555556,0
104.698775510,0
104.721995465,1.2561
104.745215420,0.52059
104.768435374,0
104.791655329,0
104.814875283,0.161627
104.838095238,4.40805
104.861315193,4.41671
104.884535147,0
104.907755102,0
104.930975057,0
104.954195011,0
104.977414966,0
105.000634921,0
105.023854875,0
105.047074830,0
105.070294785,0
105.093514739,0
105.116734694,0
105.139954649,0
105.163174603,0
105.186394558,0
105.209614512,0
105.232834467,0
105.256054422,0
105.279274376,0
105.302494331,0.355147
105.325714286,1.1842
105.348934240,2.19508
105.372154195,7.63117
105.395374150,0.139762
105.418594104,0
105.441814059,0
105.465034014,0
105.488253968,0
105.511473923,0
105.534693878,0
105.557913832,0
105.581133787,0
105.604353741,1.05281
105.627573696,0.861473
105.650793651,0.0625194
105.674013605,0
105.697233560,0
105.720453515,0
105.743673469,0
105.766893424,4.95617
105.790113379,2.17492
105.813333333,0
105.836553288,0.258864
105.859773243,0.0919693
105.882993197,0
105.906213152,0
105.929433107,0
105.952653061,0
105.975873016,0
105.999092971,0
106.022312925,0
106.045532880,0
106.068752834,0
106.091972789,0
106.115192744,0.83894
106.138412698,0.721494
106.161632653,0
106.184852608,0
106.208072562,0
106.231292517,0
106.254512472,0
106.277732426,0
106.300952381,0
106.324172336,0
106.347392290,6.0876
106.370612245,2.39123
106.393832200,0
106.417052154,0
106.440272109,0
106.463492063,0
106.486712018,0
106.509931973,0
106.533151927,0
106.556371882,0
106.579591837,0.0154051
106.602811791,2.81579
106.626031746,0.632208
106.649251701,0
106.672471655,0
106.695691610,0
106.718911565,0
106.742131519,0
106.765351474,0
106.788571429,0
106.811791383,0.343322
106.835011338,2.53127
106.858231293,0.0119703
106.881451247,0
106.904671202,0
106.927891156,0
106.951111111,0
106.974331066,0
106.997551020,0
107.020770975,0
107.043990930,0
107.067210884,0
107.090430839,0
107.113650794,0
107.136870748,0
107.160090703,0
107.183310658,0
107.206530612,0
107.229750567,0
107.252970522,0
107.276190476,0
107.299410431,0.831281
107.322630385,4.02791
107.345850340,10.2694
107.369070295,0
107.392290249,0
107.415510204,0
107.438730159,0
107.461950113,0
107.485170068,0
107.508390023,0
107.531609977,0
107.554829932,0
107.578049887,0.703214
107.601269841,0
107.624489796,0
107.647709751,0
107.670929705,2.31319
107.694149660,1.29683
107.717369615,0
107.740589569,0
107.763809524,0
107.787029478,0
107.810249433,1.36924
107.833469388,1.76218
107.856689342,0
107.879909297,0
107.903129252,0
107.926349206,0
107.949569161,0
107.972789116,0
107.996009070,0
108.019229025,0
108.042448980,0
108.065668934,7.33737
108.088888889,6.19193
108.112108844,0
108.135328798,0
108.158548753,0
108.181768707,0
108.204988662,0
108.228208617,0
108.251428571,0
108.274648526,0
108.297868481,3.45157
108.321088435,1.92235
108.344308390,0
108.367528345,0
108.390748299,0
108.413968254,0
108.437188209,0.323214
108.460408163,0
108.483628118,0
108.506848073,0
108.530068027,0
108.553287982,0
108.576507937,0
108.599727891,0
108.622947846,0
108.646167800,0
108.669387755,0
108.692607710,0
108.715827664,0.089502
108.739047619,0.00865909
108.762267574,0
108.785487528,0
108.808707483,1.63119
108.831927438,0.745159
108.855147392,0
108.878367347,0
108.901587302,0
108.924807256,0
108.948027211,0
108.971247166,0
108.994467120,0
109.017687075,0
109.040907029,0
109.064126984,0.168827
109.087346939,0
109.110566893,0
109.133786848,0
109.157006803,0
109.180226757,0
109.203446712,0
109.226666667,0
109.249886621,0
109.273106576,0.407293
109.296326531,1.89276
109.319546485,1.76556
109.342766440,0
109.365986395,0
109.389206349,0
109.412426304,0
109.435646259,0
109.458866213,0.0781672
109.482086168,0.288682
109.505306122,0.38699
109.528526077,0.395735
109.551746032,0
109.574965986,0
109.598185941,0
109.621405896,0
109.644625850,0
109.667845805,0
109.691065760,0
109.714285714,0
109.737505669,0
109.760725624,0
109.783945578,1.04416
109.807165533,1.18805
109.830385488,0
109.853605442,0
109.876825397,0
109.900045351,0
109.923265306,0
109.946485261,0
109.969705215,0
109.992925170,0
110.016145125,0
110.039365079,2.86718
110.062585034,1.18787
110.085804989,0
110.109024943,0
110.132244898,0
110.155464853,0
110.178684807,0
110.201904762,0
110.225124717,0
110.248344671,0
110.271564626,5.07237
110.294784580,4.47509
110.318004535,0
110.341224490,0
110.364444444,0
110.387664399,0.925562
110.410884354,0
110.434104308,0
110.457324263,0
110.480544218,0
110.503764172,0
110.526984127,0
110.550204082,0
110.573424036,0
110.596643991,0.393564
110.619863946,0.0910851
110.643083900,0
110.666303855,0
110.689523810,0
110.712743764,0
110.735963719,0
110.759183673,0.16863
110.782403628,0.520624
110.805623583,0
110.828843537,0
110.852063492,0
110.875283447,0
110.898503401,0
110.921723356,0
110.944943311,0
110.968163265,0
110.991383220,0
111.014603175,0
111.037823129,0
111.061043084,0
111.084263039,0.211844
111.107482993,2.17366
111.130702948,1.21179
111.153922902,0
111.177142857,0
111.200362812,0
111.223582766,0
111.246802721,3.65062
111.270022676,3.15618
111.293242630,0
111.316462585,0
111.339682540,0
111.362902494,0
111.386122449,0
111.409342404,0
111.432562358,0
111.455782313,0
111.479002268,0
111.502222222,3.80841
111.525442177,0.18566
111.548662132,0
111.571882086,0
111.595102041,0
111.618321995,0
111.641541950,0
111.664761905,0
111.687981859,0
111.711201814,0
111.734421769,0
111.757641723,15.7906
111.780861678,1.12603
111.804081633,0
111.827301587,0
111.850521542,0
111.873741497,0
111.896961451,0
111.920181406,0
111.943401361,0
111.966621315,0
111.989841270,0
112.013061224,4.24421
112.036281179,0
112.059501134,0
112.082721088,0
112.105941043,0
112.129160998,0
112.152380952,0
112.175600907,0
112.198820862,0
112.222040816,0
112.245260771,2.54091
112.268480726,11.5595
112.291700680,0
112.314920635,0
112.338140590,0
112.361360544,0
112.384580499,0
112.407800454,0
112.431020408,0
112.454240363,0
112.477460317,0
112.500680272,0.50093
112.523900227,8.60975
112.547120181,0
112.570340136,0
112.593560091,0
112.616780045,0
112.640000000,0
112.663219955,0
112.686439909,0
112.709659864,0
112.732879819,3.31914
112.756099773,6.36627
112.779319728,0.105456
112.802539683,0
112.825759637,0
112.848979592,0
112.872199546,0
112.895419501,0
112.918639456,0.920572
112.941859410,0
112.965079365,0
112.988299320,0
113.011519274,0
113.034739229,4.90045
113.057959184,0
113.081179138,0
113.104399093,0
113.127619048,0
113.150839002,0
113.174058957,0
113.197278912,0
113.220498866,0
113.243718821,0
113.266938776,2.73678
113.290158730,0.5263
113.313378685,0
113.336598639,0
113.359818594,0
113.383038549,0
113.406258503,0
113.429478458,0
113.452698413,0
113.475918367,0
113.499138322,11.478
113.522358277,14.6744
113.545578231,0
113.568798186,0
113.592018141,0
113.615238095,0
113.638458050,0
113.661678005,0
113.684897959,0.511068
113.708117914,3.19987
113.731337868,0.902673
113.754557823,0
113.777777778,0
113.800997732,0
113.824217687,0
113.847437642,0
113.870657596,0
113.893877551,0
113.917097506,0
113.940317460,0
113.963537415,0
113.986757370,0
114.009977324,5.04901
114.033197279,0
114.056417234,0
114.079637188,0
114.102857143,0
114.126077098,0
114.149297052,0
114.172517007,0
114.195736961,0.00612247
114.218956916,0
114.242176871,0
114.265396825,4.21727
114.288616780,0.0781776
114.311836735,0
114.335056689,0
114.358276644,0
114.381496599,0
114.404716553,0
114.427936508,0
114.451156463,0
114.474376417,0
114.497596372,10.4158
114.520816327,9.15156
114.544036281,0
114.567256236,0
114.590476190,0
114.613696145,0
114.636916100,0
114.660136054,0
114.683356009,0
114.706575964,0
114.729795918,2.06632
114.753015873,0
114.776235828,0
114.799455782,0
114.822675737,0
114.845895692,0
114.869115646,0
114.892335601,0
114.915555556,0
114.938775510,0
114.961995465,0
114.985215420,0
115.008435374,5.20811
115.031655329,0
115.054875283,0
115.078095238,0
115.101315193,0
115.124535147,0
115.147755102,0
115.170975057,0
115.194195011,0
115.217414966,0
115.240634921,4.44536
115.263854875,4.57401
115.287074830,0
115.310294785,0
115.333514739,0
115.356734694,0
115.379954649,0
115.403174603,0
115.426394558,0
115.449614512,0
115.472834467,0
115.496054422,0
115.519274376,0
115.542494331,0
115.565714286,0
115.588934240,0
115.612154195,0
115.635374150,0
115.658594104,0
115.681814059,0
115.705034014,0.780473
115.728253968,2.20701
115.751473923,0.199635
115.774693878,0
115.797913832,0
115.821133787,0
115.844353741,0
115.867573696,0
115.890793651,0
115.914013605,0
115.937233560,0
115.960453515,0
115.983673469,0
116.006893424,0.36394
116.030113379,0
116.053333333,0
116.076553288,0
116.099773243,0
116.122993197,0
116.146213152,0
116.169433107,0
116.192653061,0
116.215873016,0.528421
116.239092971,1.43562
116.262312925,0.014194
116.285532880,0
116.308752834,0
116.331972789,0
116.355192744,0
116.378412698,0
116.401632653,0
116.424852608,0
116.448072562,0
116.471292517,1.67189
116.494512472,1.56269
116.517732426,0
116.540952381,0
116.564172336,0
116.587392290,0
116.610612245,0
116.633832200,0
116.657052154,0
116.680272109,0
116.703492063,0.975013
116.726712018,0.914182
116.749931973,0
116.773151927,0
116.796371882,0
116.819591837,0
116.842811791,0
116.866031746,0
116.889251701,0
116.912471655,0
116.935691610,0
116.958911565,0.394664
116.982131519,0.317731
117.005351474,0
117.028571429,0
117.051791383,0
117.075011338,0
117.098231293,0
117.121451247,0
117.144671202,0
117.167891156,0
117.191111111,0.00587916
117.214331066,0.745786
117.237551020,0.136516
117.260770975,0
117.283990930,0
117.307210884,0
117.330430839,0
117.353650794,0
117.376870748,0
117.400090703,0
117.423310658,0
117.446530612,0.326187
117.469750567,0.388841
117.492970522,0
117.516190476,0
117.539410431,0
117.562630385,0
117.585850340,0
117.609070295,0
117.632290249,0
117.655510204,0
117.678730159,0.320006
117.701950113,0.655271
117.725170068,0
117.748390023,0
117.771609977,0
117.794829932,0
117.818049887,0
117.841269841,0
117.864489796,0
117.887709751,0
117.910929705,0
117.934149660,0.200164
117.957369615,0
117.980589569,0
118.003809524,0
118.027029478,0
118.050249433,0
118.073469388,0
118.096689342,0.389984
118.119909297,0
118.143129252,0
118.166349206,0.616773
118.189569161,0.0204668
118.212789116,0
118.236009070,0
118.259229025,0
118.282448980,1.27812
118.305668934,0.0140527
118.328888889,0.138947
118.352108844,0
118.375328798,0
118.398548753,0
118.421768707,0
118.444988662,0
118.468208617,1.15426
118.491428571,6.18316
118.514648526,0
118.537868481,0
118.561088435,0
118.584308390,0
118.607528345,0
118.630748299,0
118.653968254,0.136968
118.677188209,0
118.700408163,0
118.723628118,0
118.746848073,0
118.770068027,0
118.793287982,0
118.816507937,0
118.839727891,0
118.862947846,0.362604
118.886167800,0.389769
118.909387755,0
118.932607710,0
118.955827664,0
118.979047619,0
119.002267574,0
119.025487528,0
119.048707483,0
119.071927438,0
119.095147392,0
119.118367347,1.14781
119.141587302,5.33912
119.164807256,0
119.188027211,0
119.211247166,0
119.234467120,0.175444
119.257687075,0
119.280907029,0
119.304126984,0
119.327346939,0
119.350566893,0
119.373786848,0
119.397006803,0
119.420226757,0
119.443446712,0
119.466666667,8.22717
119.489886621,0
119.513106576,0
119.536326531,0
119.559546485,0
119.582766440,0
119.605986395,6.68636
119.629206349,16.5483
119.652426304,0
119.675646259,0
119.698866213,0
119.722086168,0
119.745306122,0
119.768526077,0
119.791746032,0
119.814965986,0
119.838185941,0
119.861405896,0
119.884625850,0
119.907845805,0
119.931065760,0
119.954285714,3.43683
119.977505669,1.64049
120.000725624,0
120.023945578,0
120.047165533,0
120.070385488,0
120.093605442,0
120.116825397,9.10267
120.140045351,17.8705
120.163265306,0
120.186485261,0
120.209705215,0
120.232925170,0
120.256145125,0
120.279365079,0
120.302585034,0
120.325804989,0
120.349024943,0
120.372244898,0
120.395464853,0
120.418684807,0
120.441904762,0
120.465124717,0
120.488344671,0
120.511564626,4.52037
120.534784580,3.14272
120.558004535,0
120.581224490,0
120.604444444,2.29384
120.627664399,2.56778
120.650884354,0
120.674104308,0
120.697324263,0
120.720544218,0
120.743764172,0
120.766984127,0
120.790204082,0
120.813424036,0
120.836643991,0
120.859863946,0.254501
120.883083900,3.35253
120.906303855,0
120.929523810,0
120.952743764,0
120.975963719,0
120.999183673,0
121.022403628,0
121.045623583,0
121.068843537,0
121.092063492,0
121.115283447,0
121.138503401,0
121.161723356,0
121.184943311,0
121.208163265,0
121.231383220,0
121.254603175,0
121.277823129,0
121.301043084,0
121.324263039,0
121.347482993,0
121.370702948,2.97998
121.393922902,3.68874
121.417142857,0
121.440362812,0
121.463582766,0
121.486802721,0
121.510022676,0
121.533242630,0
121.556462585,0
121.579682540,0
121.602902494,17.3081
121.626122449,14.0888
121.649342404,0
121.672562358,0
121.695782313,0
121.719002268,0
121.742222222,0
121.765442177,0
121.788662132,0
121.811882086,0
121.835102041,0
121.858321995,0.431911
121.881541950,0
121.904761905,2.80398
121.927981859,1.21996
121.951201814,0
121.974421769,0
121.997641723,0
122.020861678,0
122.044081633,0
122.067301587,0
122.090521542,0
122.113741497,0
122.136961451,0
122.160181406,0
122.183401361,0
122.206621315,0
122.229841270,0
122.253061224,0
122.276281179,0
122.299501134,0
122.322721088,0
122.345941043,0
122.369160998,0
122.392380952,0
122.415600907,0
122.438820862,0
122.462040816,0
122.485260771,0
122.508480726,0
122.531700680,0
122.554920635,13.135
122.578140590,22.5426
122.601360544,0
122.624580499,0
122.647800454,0
122.671020408,0
122.694240363,0
122.717460317,0
122.740680272,0
122.763900227,0
122.787120181,0
122.810340136,0
122.833560091,0
122.856780045,11.5561
122.880000000,9.50331
122.903219955,0
122.926439909,0
122.949659864,0
122.972879819,0
122.996099773,0
123.019319728,0
123.042539683,0
123.065759637,0
123.088979592,0
123.112199546,0
123.135419501,0
123.158639456,0.387799
123.181859410,0
123.205079365,0
123.228299320,0
123.251519274,0
123.274739229,0
123.297959184,0
123.321179138,0
123.344399093,0
123.367619048,0
123.390839002,0
123.414058957,0
123.437278912,0
123.460498866,0
123.483718821,0
123.506938776,0
123.530158730,0
123.553378685,0
123.576598639,16.6605
123.599818594,26.6774
123.623038549,1.79288
123.646258503,0
123.669478458,0
123.692698413,0
123.715918367,0
123.739138322,0
123.762358277,0
123.785578231,0
123.808798186,0
123.832018141,0
123.855238095,0
123.878458050,0
123.901678005,0
123.924897959,0
123.948117914,2.52743
123.971337868,4.70015
123.994557823,0
124.017777778,0
124.040997732,0
124.064217687,0
124.087437642,9.88849
124.110657596,0
124.133877551,0
124.157097506,0
124.180317460,0
124.203537415,0
124.226757370,0
124.249977324,0
124.273197279,0
124.296417234,0
124.319637188,0
124.342857143,0
124.366077098,0
124.389297052,0
124.412517007,0
124.435736961,0
124.458956916,0
124.482176871,0
124.505396825,0
124.528616780,0
124.551836735,2.34551
124.575056689,9.80814
124.598276644,1.54903
124.621496599,0
124.644716553,0
124.667936508,0
124.691156463,0
124.714376417,0
124.737596372,0
124.760816327,0
124.784036281,0
124.807256236,0
124.830476190,0
124.853696145,0
124.876916100,0
124.900136054,0
124.923356009,0
124.946575964,0
124.969795918,0
124.993015873,0
125.016235828,0
125.039455782,0
125.062675737,0
125.085895692,0
125.109115646,0.168325
125.132335601,4.46408
125.155555556,1.02739
125.178775510,0
125.201995465,0
125.225215420,0
125.248435374,0
125.271655329,0
125.294875283,0
125.318095238,0
125.341315193,0
125.364535147,0
125.387755102,0
125.410975057,0
125.434195011,0
125.457414966,0
125.480634921,0
125.503854875,0
125.527074830,0.393246
125.550294785,4.77325
125.573514739,11.3837
125.596734694,7.91597
125.619954649,0
125.643174603,0
125.666394558,0
125.689614512,0
125.712834467,0
125.736054422,0
125.759274376,0
125.782494331,0
125.805714286,0
125.828934240,0.779799
125.852154195,4.63572
125.875374150,1.87743
125.898594104,0
125.921814059,0
125.945034014,0
125.968253968,0
125.991473923,0
126.014693878,0
126.037913832,0
126.061133787,0
126.084353741,0
126.107573696,0
126.130793651,0
126.154013605,0
126.177233560,0
126.200453515,0
126.223673469,0
126.246893424,0
126.270113379,0
126.293333333,0.2315
126.316553288,2.43931
126.339773243,2.64467
126.362993197,0
126.386213152,0
126.409433107,0
126.432653061,0
126.455873016,0
126.479092971,0
126.502312925,0
126.525532880,0
126.548752834,0
126.571972789,0
126.595192744,0
126.618412698,0
126.641632653,0
126.664852608,0
126.688072562,0
126.711292517,0
126.734512472,0
126.757732426,0
126.780952381,2.75632
126.804172336,6.9804
126.827392290,1.80414
126.850612245,0
126.873832200,0
126.897052154,0
126.920272109,0
126.943492063,0
126.966712018,0
126.989931973,0
127.013151927,0
127.036371882,0
127.059591837,0.619352
127.082811791,1.37583
127.106031746,0
127.129251701,0
127.152471655,0
127.175691610,0
127.198911565,0
127.222131519,0
127.245351474,0
127.268571429,0
127.291791383,0
127.315011338,0
127.338231293,0
127.361451247,0
127.384671202,1.2198
127.407891156,0
127.431111111,0
127.454331066,0
127.477551020,0
127.500770975,0
127.523990930,0
127.547210884,10.7426
127.570430839,16.6627
127.593650794,0
127.616870748,0
127.640090703,0
127.663310658,0
127.686530612,0
127.709750567,0
127.732970522,0
127.756190476,0.429912
127.779410431,0
127.802630385,0
127.825850340,0
127.849070295,0
127.872290249,0
127.895510204,0
127.918730159,0
127.941950113,0
127.965170068,0
127.988390023,0
128.011609977,0
128.034829932,4.52237
128.058049887,0
128.081269841,0
128.104489796,0
128.127709751,0
128.150929705,0
128.174149660,0
128.197369615,0
128.220589569,0
128.243809524,0
128.267029478,0
128.290249433,0
128.313469388,0
128.336689342,0
128.359909297,0
128.383129252,0
128.406349206,0
128.429569161,0
128.452789116,0
128.476009070,0
128.499229025,3.8936
128.522448980,22.0565
128.545668934,4.9436
128.568888889,0
128.592108844,0
128.615328798,0
128.638548753,0
128.661768707,0
128.684988662,0
128.708208617,0
128.731428571,0
128.754648526,0
128.777868481,2.99466
128.801088435,0.707822
128.824308390,0
128.847528345,0
128.870748299,0
128.893968254,0
128.917188209,0
128.940408163,0
128.963628118,1.8072
128.986848073,8.01307
129.010068027,0
129.033287982,0
129.056507937,0
129.079727891,0
129.102947846,0
129.126167800,0
129.149387755,0
129.172607710,0
129.195827664,0
129.219047619,0
129.242267574,0
129.265487528,0
129.288707483,0
129.311927438,0
129.335147392,0
129.358367347,0
129.381587302,0
129.404807256,0
129.428027211,0
129.451247166,0
129.474467120,0
129.497687075,20.5827
129.520907029,20.4163
129.544126984,0
129.567346939,0
129.590566893,0
129.613786848,0
129.637006803,0
129.660226757,0
129.683446712,0
129.706666667,0
129.729886621,0
129.753106576,0.328301
129.776326531,0.952394
129.799546485,0
129.822766440,0
129.845986395,0
129.869206349,0
129.892426304,0
129.915646259,0
129.938866213,0
129.962086168,0
129.985306122,0
130.008526077,0
130.031746032,0
130.054965986,0
130.078185941,0
130.101405896,0
130.124625850,0
130.147845805,0
130.171065760,0
130.194285714,0
130.217505669,0
130.240725624,0
130.263945578,0
130.287165533,0
130.310385488,0
130.333605442,0
130.356825397,0
130.380045351,0
130.403265306,0
130.426485261,0
130.449705215,0
130.472925170,3.08429
130.496145125,6.24698
130.519365079,9.94395
130.542585034,2.84544
130.565804989,0
130.589024943,0
130.612244898,0
130.635464853,0
130.658684807,0
130.681904762,0
130.705124717,0
130.728344671,0
130.751564626,0
130.774784580,0
130.798004535,0
130.821224490,0
130.844444444,0
130.867664399,0
130.890884354,2.72051
130.914104308,11.0371
130.937324263,6.57895
130.960544218,0
130.983764172,0
131.006984127,0
131.030204082,0
131.053424036,0
131.076643991,0
131.099863946,0
131.123083900,0
131.146303855,0
131.169523810,0
131.192743764,0
131.215963719,0
131.239183673,0
131.262403628,0
131.285623583,0
131.308843537,0
131.332063492,0
131.355283447,0
131.378503401,0
131.401723356,0
131.424943311,0
131.448163265,0
131.471383220,0.477659
131.494603175,10.9768
131.517823129,12.7356
131.541043084,0
131.564263039,0
131.587482993,0
131.610702948,0
131.633922902,0
131.657142857,0
131.680362812,0
131.703582766,0
131.726802721,5.5891
131.750022676,0
131.773242630,0
131.796462585,0
131.819682540,1.49801
131.842902494,3.94827
131.866122449,0
131.889342404,0
131.912562358,0
131.935782313,0
131.959002268,5.05394
131.982222222,1.26847
132.005442177,0
132.028662132,0
132.051882086,0
132.075102041,0
132.098321995,0
132.121541950,0
132.144761905,0
132.167981859,0
132.191201814,0
132.214421769,0
132.237641723,0
132.260861678,0
132.284081633,0
132.307301587,0
132.330521542,0
132.353741497,0
132.376961451,0
132.400181406,0
132.423401361,0
132.446621315,0
132.469841270,5.64001
132.493061224,11.6368
132.516281179,0
132.539501134,0
132.562721088,0
132.585941043,0
132.609160998,0
132.632380952,0
132.655600907,0
132.678820862,0.439419
132.702040816,0
132.725260771,0
132.748480726,0
132.771700680,0
132.794920635,0
132.818140590,0
132.841360544,0
132.864580499,0
132.887800454,0
132.911020408,0
132.934240363,1.49359
132.957460317,5.31809
132.980680272,0.759178
133.003900227,0
133.027120181,0
133.050340136,0
133.073560091,0
133.096780045,0
133.120000000,0
133.143219955,0
133.166439909,0
133.189659864,0
133.212879819,0
133.236099773,0
133.259319728,0
133.282539683,0
133.305759637,0
133.328979592,0
133.352199546,0
133.375419501,0
133.398639456,0
133.421859410,0
133.445079365,1.38632
133.468299320,11.8115
133.491519274,3.71526
133.514739229,0
133.537959184,0
133.561179138,0
133.584399093,0
133.607619048,0.432201
133.630839002,0
133.654058957,0
133.677278912,0
133.700498866,0
133.723718821,0
133.746938776,0
133.770158730,0
133.793378685,0
133.816598639,0
133.839818594,0
133.863038549,0
133.886258503,0
133.909478458,0
133.932698413,0.176199
133.955918367,0
133.979138322,0
134.002358277,0
134.025578231,0
134.048798186,0
134.072018141,0
134.095238095,0.71511
134.118458050,0.205852
134.141678005,0
134.164897959,0.122993
134.188117914,0
134.211337868,0
134.234557823,0
134.257777778,0.00303783
134.280997732,0.455234
134.304217687,0
134.327437642,0
134.350657596,0
134.373877551,0
134.397097506,0
134.420317460,0
134.443537415,0
134.466757370,0.135262
134.489977324,0.046377
134.513197279,0
134.536417234,0
134.559637188,0
134.582857143,0
134.606077098,0
134.629297052,0
134.652517007,0
134.675736961,0
134.698956916,0
134.722176871,0
134.745396825,0
134.768616780,0
134.791836735,0
134.815056689,0.0387893
134.838276644,0
134.861496599,0
134.884716553,0
134.907936508,0
134.931156463,0.803379
134.954376417,6.75712
134.977596372,7.72136
135.000816327,0
135.024036281,0
135.047256236,0
135.070476190,0
135.093696145,0
135.116916100,0
135.140136054,0
135.163356009,0
135.186575964,0
135.209795918,0.247766
135.233015873,0
135.256235828,0
135.279455782,0
135.302675737,0
135.325895692,0
135.349115646,0
135.372335601,0
135.395555556,0
135.418775510,0
135.441995465,3.59062
135.465215420,4.45088
135.488435374,0
135.511655329,0
135.534875283,0
135.558095238,0
135.581315193,0
135.604535147,0
135.627755102,0
135.650975057,0
135.674195011,0
135.697414966,0
135.720634921,0
135.743854875,0
135.767074830,0
135.790294785,0
135.813514739,0
135.836734694,0
135.859954649,0
135.883174603,0
135.906394558,0.136016
135.929614512,9.37868
135.952834467,2.22173
135.976054422,0
135.999274376,0
136.022494331,0
136.045714286,0
136.068934240,0
136.092154195,0
136.115374150,0
136.138594104,0
136.161814059,0.325795
136.185034014,0
136.208253968,0
136.231473923,0
136.254693878,0
136.277913832,0
136.301133787,0
136.324353741,0
136.347573696,0
136.370793651,0
136.394013605,0
136.417233560,4.29049
136.440453515,9.67878
136.463673469,0
136.486893424,0
136.510113379,0
136.533333333,0
136.556553288,0
136.579773243,0
136.602993197,0
136.626213152,0
136.649433107,0
136.672653061,0
136.695873016,0
136.719092971,0
136.742312925,0
136.765532880,0
136.788752834,0
136.811972789,0
136.835192744,0
136.858412698,0
136.881632653,0
136.904852608,6.61971
136.928072562,14.7298
136.951292517,0
136.974512472,0
136.997732426,0
137.020952381,0
137.044172336,0
137.067392290,0
137.090612245,0
137.113832200,0
137.137052154,0
137.160272109,0
137.183492063,0
137.206712018,0
137.229931973,0
137.253151927,0
137.276371882,0.450756
137.299591837,0.345857
137.322811791,9.26845
137.346031746,10.7119
137.369251701,0
137.392471655,0
137.415691610,0
137.438911565,0
137.462131519,0
137.485351474,0
137.508571429,0
137.531791383,0
137.555011338,0
137.578231293,0
137.601451247,0
137.624671202,0
137.647891156,0
137.671111111,0.491935
137.694331066,0.2135
137.717551020,0
137.740770975,0
137.763990930,0
137.787210884,0
137.810430839,0
137.833650794,0
137.856870748,0
137.880090703,0
137.903310658,0
137.926530612,3.84281
137.949750567,0
137.972970522,0
137.996190476,0
138.019410431,0
138.042630385,0
138.065850340,0
138.089070295,0
138.112290249,0
138.135510204,0.665489
138.158730159,0.424156
138.181950113,0
138.205170068,0
138.228390023,0
138.251609977,4.33421
138.274829932,1.28614
138.298049887,0
138.321269841,0
138.344489796,0
138.367709751,0
138.390929705,0
138.414149660,1.75301
138.437369615,1.03353
138.460589569,0
138.483809524,0
138.507029478,0
138.530249433,0
138.553469388,0
138.576689342,0
138.599909297,0
138.623129252,0
138.646349206,0
138.669569161,0
138.692789116,0
138.716009070,0
138.739229025,0
138.762448980,0
138.785668934,0
138.808888889,0
138.832108844,0
138.855328798,0
138.878548753,0
138.901768707,10.0407
138.924988662,13.4866
138.948208617,0
138.971428571,0
138.994648526,0
139.017868481,0
139.041088435,0
139.064308390,0
139.087528345,0
139.110748299,0
139.133968254,0
139.157188209,0
139.180408163,0.154541
139.203628118,0.889832
139.226848073,0.113643
139.250068027,0.47462
139.273287982,0
139.296507937,0
139.319727891,0
139.342947846,0
139.366167800,0
139.389387755,0
139.412607710,4.0146
139.435827664,5.04263
139.459047619,0
139.482267574,0
139.505487528,0
139.528707483,0
139.551927438,0
139.575147392,0
139.598367347,0
139.621587302,0
139.644807256,0
139.668027211,8.98306
139.691247166,3.21205
139.714467120,0
139.737687075,0
139.760907029,0
139.784126984,0
139.807346939,0
139.830566893,0
139.853786848,0
139.877006803,0
139.900226757,2.55889
139.923446712,5.18599
139.946666667,0
139.969886621,0
139.993106576,0
140.016326531,0
140.039546485,0
140.062766440,0
140.085986395,0
140.109206349,0
140.132426304,0
140.155646259,1.29652
140.178866213,0
140.202086168,0
140.225306122,0
140.248526077,0
140.271746032,0
140.294965986,0.409925
140.318185941,0
140.341405896,0
140.364625850,0
140.387845805,0
140.411065760,2.04606
140.434285714,0
140.457505669,0
140.480725624,0
140.503945578,0
140.527165533,0
140.550385488,0
140.573605442,0
140.596825397,0
140.620045351,0
140.643265306,0.32124
140.666485261,0.0606431
140.689705215,0
140.712925170,0
140.736145125,0
140.759365079,0
140.782585034,0
140.805804989,0
140.829024943,0
140.852244898,0
140.875464853,0
140.898684807,4.85587
140.921904762,0.819955
140.945124717,0
140.968344671,0
140.991564626,0
141.014784580,0
141.038004535,0
141.061224490,0
141.084444444,0
141.107664399,0
141.130884354,0
141.154104308,0
141.177324263,0
141.200544218,0
141.223764172,0
141.246984127,0
141.270204082,0.903695
141.293424036,0
141.316643991,0
141.339863946,0
141.363083900,0
141.386303855,8.03884
141.409523810,8.86761
141.432743764,0
141.455963719,0
141.479183673,0
141.502403628,0
141.525623583,0
141.548843537,0
141.572063492,0
141.595283447,0
141.618503401,0
141.641723356,0
141.664943311,0
141.688163265,0
141.711383220,0
141.734603175,0
141.757823129,0
141.781043084,0
141.804263039,0
141.827482993,0
141.850702948,0
141.873922902,12.039
141.897142857,8.14172
141.920362812,0
141.943582766,0
141.966802721,0
141.990022676,0
142.013242630,0
142.036462585,0
142.059682540,0
142.082902494,0
142.106122449,0
142.129342404,1.11616
142.152562358,0
142.175782313,0
142.199002268,0
142.222222222,0
142.245442177,0
142.268662132,0
142.291882086,0
142.315102041,0
142.338321995,0
142.361541950,17.9632
142.384761905,20.3594
142.407981859,0
142.431201814,0
142.454421769,0
142.477641723,0
142.500861678,0
142.524081633,0
142.547301587,0
142.570521542,0
142.593741497,0
142.616961451,0
142.640181406,0
142.663401361,0
142.686621315,0
142.709841270,0.355687
142.733061224,0
142.756281179,0
142.779501134,0
142.802721088,0
142.825941043,0.653012
142.849160998,0.886521
142.872380952,0
142.895600907,0
142.918820862,0
142.942040816,0
142.965260771,0
142.988480726,0
143.011700680,0
143.034920635,0
143.058140590,0
143.081360544,0.587463
143.104580499,1.41902
143.127800454,0
143.151020408,0
143.174240363,0
143.197460317,0
143.220680272,0
143.243900227,0
143.267120181,0
143.290340136,0
143.313560091,0
143.336780045,0
143.360000000,13.1694
143.383219955,3.08597
143.406439909,0
143.429659864,0
143.452879819,0
143.476099773,0
143.499319728,0
143.522539683,0
143.545759637,0
143.568979592,0
143.592199546,0
143.615419501,0
143.638639456,0
143.661859410,0
143.685079365,0
143.708299320,0
143.731519274,0
143.754739229,0
143.777959184,0
143.801179138,0
143.824399093,0.747776
143.847619048,3.40654
143.870839002,1.32114
143.894058957,0
143.917278912,0
143.940498866,0
143.963718821,0
143.986938776,0
144.010158730,0
144.033378685,0
144.056598639,0
144.079818594,0
144.103038549,5.88799
144.126258503,1.49452
144.149478458,0
144.172698413,0
144.195918367,0
144.219138322,0
144.242358277,0
144.265578231,0
144.288798186,0
144.312018141,0
144.335238095,0.960016
144.358458050,10.1725
144.381678005,1.64378
144.404897959,0
144.428117914,0
144.451337868,0
144.474557823,0
144.497777778,0
144.520997732,0
144.544217687,0
144.567437642,0
144.590657596,0.326308
144.613877551,0.0413775
144.637097506,0
144.660317460,0
144.683537415,0
144.706757370,0
144.729977324,0
144.753197279,0
144.776417234,0
144.799637188,0
144.822857143,0
144.846077098,1.50901
144.869297052,1.77681
144.892517007,0
144.915736961,0
144.938956916,0
144.962176871,0
144.985396825,0
145.008616780,0
145.031836735,0
145.055056689,0
145.078276644,0
145.101496599,0.0187631
145.124716553,0.13779
145.147936508,0
145.171156463,0
145.194376417,0
145.217596372,2.14055
145.240816327,13.6416
145.264036281,4.33652
145.287256236,0.212727
145.310476190,0
145.333696145,0
145.356916100,0
145.380136054,0
145.403356009,0
145.426575964,0
145.449795918,0
145.473015873,0
145.496235828,0
145.519455782,0
145.542675737,0
145.565895692,0
145.589115646,0
145.612335601,0
145.635555556,0
145.658775510,0
145.681995465,0
145.705215420,0
145.728435374,0
145.751655329,0
145.774875283,0
145.798095238,0
145.821315193,0
145.844535147,2.16354
145.867755102,1.08863
145.890975057,0
145.914195011,0
145.937414966,0
145.960634921,0
145.983854875,0
146.007074830,0
146.030294785,0
146.053514739,0
146.076734694,4.11549
146.099954649,16.6533
146.123174603,1.84608
146.146394558,0
146.169614512,0
146.192834467,0
146.216054422,0
146.239274376,0
146.262494331,0
146.285714286,0
146.308934240,0
146.332154195,2.58252
146.355374150,0.450492
146.378594104,0
146.401814059,0
146.425034014,0
146.448253968,0
146.471473923,0
146.494693878,0
146.517913832,0
146.541133787,0
146.564353741,0
146.587573696,0
146.610793651,0
146.634013605,0
146.657233560,0
146.680453515,0
146.703673469,0.202921
146.726893424,0
146.750113379,0
146.773333333,0
146.796553288,0.260192
146.819773243,0.587682
146.842993197,3.02612
146.866213152,0.572436
146.889433107,0
146.912653061,0
146.935873016,0
146.959092971,0
146.982312925,0
147.005532880,0
147.028752834,0
147.051972789,0
147.075192744,0
147.098412698,0
147.121632653,0
147.144852608,0
147.168072562,0
147.191292517,0
147.214512472,0
147.237732426,0.787662
147.260952381,0.340979
147.284172336,0
147.307392290,0.24108
147.330612245,4.4589
147.353832200,0
147.377052154,0
147.400272109,0
147.423492063,0
147.446712018,0
147.469931973,0
147.493151927,0
147.516371882,0
147.539591837,0
147.562811791,0
147.586031746,0
147.609251701,0
147.632471655,0
147.655691610,0
147.678911565,0
147.702131519,0
147.725351474,0
147.748571429,0
147.771791383,0.208556
147.795011338,0.695347
147.818231293,0.185413
147.841451247,1.70964
147.864671202,0.685506
147.887891156,0
147.911111111,0
147.934331066,0
147.957551020,0
147.980770975,0
148.003990930,0
148.027210884,0
148.050430839,0
148.073650794,0
148.096870748,0
148.120090703,0
148.143310658,0
148.166530612,0
148.189750567,0
148.212970522,0
148.236190476,0
148.259410431,0
148.282630385,1.64054
148.305850340,6.67097
148.329070295,3.1053
148.352290249,0
148.375510204,0
148.398730159,0
148.421950113,0
148.445170068,0
148.468390023,0
148.491609977,0
148.514829932,0
148.538049887,0
148.561269841,0
148.584489796,0.832198
148.607709751,0
148.630929705,0
148.654149660,0
148.677369615,0
148.700589569,0
148.723809524,0
148.747029478,0
148.770249433,0
148.793469388,0
148.816689342,0
148.839909297,0.52958
148.863129252,0
148.886349206,0
148.909569161,0
148.932789116,0
148.956009070,0
148.979229025,0
149.002448980,0
149.025668934,0
149.048888889,1.54281
149.072108844,10.3901
149.095328798,0.584164
149.118548753,0
149.141768707,0
149.164988662,0
149.188208617,0
149.211428571,0
149.234648526,0
149.257868481,0
149.281088435,0
149.304308390,0.507419
149.327528345,1.96209
149.350748299,0
149.373968254,0
149.397188209,0
149.420408163,0
149.443628118,0
149.466848073,0
149.490068027,0
149.513287982,0
149.536507937,0.547506
149.559727891,2.52381
149.582947846,0
149.606167800,0
149.629387755,0
149.652607710,0
149.675827664,0
149.699047619,0
149.722267574,0
149.745487528,0
149.768707483,0
149.791927438,1.51616
149.815147392,0
149.838367347,0
149.861587302,0
149.884807256,0
149.908027211,0
149.931247166,0
149.954467120,0
149.977687075,0
150.000907029,0
150.024126984,0
150.047346939,0
150.070566893,0
150.093786848,0.92823
150.117006803,0.545748
150.140226757,0
150.163446712,0
150.186666667,0
150.209886621,0
150.233106576,0
150.256326531,0
150.279546485,0.469989
150.302766440,0
150.325986395,0
150.349206349,0
150.372426304,0
150.395646259,0
150.418866213,0
150.442086168,0
150.465306122,0
150.488526077,0.142685
150.511746032,0.253003
150.534965986,0
150.558185941,0
150.581405896,0
150.604625850,0
150.627845805,0
150.651065760,0
150.674285714,0.00489672
150.697505669,0.478623
150.720725624,0
150.743945578,0.748338
150.767165533,1.16004
150.790385488,0
150.813605442,0
150.836825397,0
150.860045351,0
150.883265306,0
150.906485261,0
150.929705215,0
150.952925170,0
150.976145125,0
150.999365079,0
151.022585034,0
151.045804989,0
151.069024943,0
151.092244898,0
151.115464853,0
151.138684807,0
151.161904762,0
151.185124717,0
151.208344671,0
151.231564626,3.20976
151.254784580,6.04553
151.278004535,0
151.301224490,0
151.324444444,0
151.347664399,0
151.370884354,0
151.394104308,0
151.417324263,0
151.440544218,0
151.463764172,0
151.486984127,0
151.510204082,0
151.533424036,0
151.556643991,0
151.579863946,0
151.603083900,0
151.626303855,0
151.649523810,0
151.672743764,0
151.695963719,4.00842
151.719183673,4.80083
151.742403628,0.418658
151.765623583,0.0122976
151.788843537,0
151.812063492,0
151.835283447,0
151.858503401,0
151.881723356,0
151.904943311,0
151.928163265,0
151.951383220,0
151.974603175,0
151.997823129,0
152.021043084,0
152.044263039,0
152.067482993,0
152.090702948,0
152.113922902,0
152.137142857,0
152.160362812,0
152.183582766,0
152.206802721,0
152.230022676,10.9029
152.253242630,15.2966
152.276462585,0
152.299682540,0
152.322902494,0
152.346122449,0
152.369342404,0
152.392562358,0
152.415782313,0
152.439002268,0
152.462222222,0
152.485442177,0
152.508662132,0
152.531882086,0
152.555102041,0
152.578321995,0
152.601541950,0
152.624761905,0
152.647981859,0
152.671201814,0
152.694421769,0
152.717641723,6.71647
152.740861678,15.6204
152.764081633,0
152.787301587,0
152.810521542,0
152.833741497,0
152.856961451,0
152.880181406,0
152.903401361,0
152.926621315,0
152.949841270,0
152.973061224,0.845834
152.996281179,0
153.019501134,0
153.042721088,0
153.065941043,0
153.089160998,0
153.112380952,0
153.135600907,2.28324
153.158820862,9.60856
153.182040816,0.775028
153.205260771,0
153.228480726,0
153.251700680,0
153.274920635,0
153.298140590,0
153.321360544,0
153.344580499,0
153.367800454,0
153.391020408,0
153.414240363,0
153.437460317,0
153.460680272,0
153.483900227,0.398485
153.507120181,0.00703359
153.530340136,0
153.553560091,0
153.576780045,0
153.600000000,0
153.623219955,0
153.646439909,0.394502
153.669659864,0.013092
153.692879819,0
153.716099773,0
153.739319728,0.800077
153.762539683,1.27413
153.785759637,0
153.808979592,0
153.832199546,0
153.855419501,0
153.878639456,0
153.901859410,0
153.925079365,0
153.948299320,0.0700661
153.971519274,0
153.994739229,0
154.017959184,0
154.041179138,1.36877
154.064399093,0.776375
154.087619048,0
154.110839002,0
154.134058957,0
154.157278912,0
154.180498866,0
154.203718821,0
154.226938776,1.34335
154.250158730,0.71578
154.273378685,0
154.296598639,0
154.319818594,0
154.343038549,0
154.366258503,0
154.389478458,0
154.412698413,0
154.435918367,0
154.459138322,0
154.482358277,0
154.505578231,0
154.528798186,0
154.552018141,0
154.575238095,0
154.598458050,0
154.621678005,0
154.644897959,0
154.668117914,0
154.691337868,0
154.714557823,19.7048
154.737777778,14.7364
154.760997732,0
154.784217687,0
154.807437642,0
154.830657596,0
154.853877551,0
154.877097506,0
154.900317460,0
154.923537415,0
154.946757370,0
154.969977324,0
154.993197279,0
155.016417234,0
155.039637188,0
155.062857143,0
155.086077098,0
155.109297052,0
155.132517007,0
155.155736961,0
155.178956916,0
155.202176871,0.0548909
155.225396825,0.958418
155.248616780,0
155.271836735,0
155.295056689,0
155.318276644,0
155.341496599,0
155.364716553,0
155.387936508,0
155.411156463,0
155.434376417,0
155.457596372,5.41214
155.480816327,10.4672
155.504036281,0
155.527256236,0
155.550476190,0
155.573696145,0
155.596916100,0
155.620136054,0
155.643356009,0
155.666575964,0
155.689795918,1.01074
155.713015873,0.973721
155.736235828,0
155.759455782,0
155.782675737,0
155.805895692,0.300878
155.829115646,0.114644
155.852335601,0
155.875555556,0
155.898775510,0
155.921995465,0
155.945215420,0.273287
155.968435374,0
155.991655329,0
156.014875283,0
156.038095238,0
156.061315193,0
156.084535147,0
156.107755102,0
156.130975057,0
156.154195011,0
156.177414966,2.19201
156.200634921,2.73793
156.223854875,0
156.247074830,0
156.270294785,0
156.293514739,0
156.316734694,0
156.339954649,0
156.363174603,0
156.386394558,0
156.409614512,0
156.432834467,0.0114309
156.456054422,0
156.479274376,0
156.502494331,0
156.525714286,0
156.548934240,0
156.572154195,0
156.595374150,0
156.618594104,0
156.641814059,2.31612
156.665034014,6.57365
156.688253968,5.42742
156.711473923,0
156.734693878,0
156.757913832,0
156.781133787,0
156.804353741,0
156.827573696,0
156.850793651,0
156.874013605,0
156.897233560,0
156.920453515,5.28658
156.943673469,1.07921
156.966893424,0
156.990113379,0
157.013333333,0
157.036553288,0
157.059773243,0
157.082993197,0
157.106213152,0
157.129433107,0
157.152653061,0
157.175873016,0
157.199092971,0
157.222312925,0
157.245532880,0
157.268752834,0
157.291972789,0
157.315192744,0
157.338412698,0
157.361632653,0
157.384852608,0
157.408072562,2.77326
157.431292517,0.219294
157.454512472,0
157.477732426,0
157.500952381,0
157.524172336,1.13335
157.547392290,0
157.570612245,0
157.593832200,0
157.617052154,0
157.640272109,0
157.663492063,1.44751
157.686712018,0
157.709931973,0
157.733151927,0
157.756371882,0
157.779591837,0
157.802811791,0
157.826031746,0
157.849251701,0
157.872471655,0
157.895691610,0.674271
157.918911565,3.00061
157.942131519,0
157.965351474,0
157.988571429,0
158.011791383,0
158.035011338,0
158.058231293,0
158.081451247,0
158.104671202,0
158.127891156,0
158.151111111,1.23875
158.174331066,8.1832
158.197551020,0.487654
158.220770975,0
158.243990930,0
158.267210884,0
158.290430839,0
158.313650794,0
158.336870748,0
158.360090703,0
158.383310658,0
158.406530612,0
158.429750567,0
158.452970522,0
158.476190476,0.00862816
158.499410431,0
158.522630385,0
158.545850340,0
158.569070295,0
158.592290249,0
158.615510204,0
158.638730159,0
158.661950113,0
158.685170068,0
158.708390023,0
158.731609977,0
158.754829932,0
158.778049887,0
158.801269841,0
158.824489796,0
158.847709751,0
158.870929705,0
158.894149660,0
158.917369615,0.16374
158.940589569,0
158.963809524,0
158.987029478,0
159.010249433,0
159.033469388,0
159.056689342,0
159.079909297,0
159.103129252,0
159.126349206,0
159.149569161,6.0699
159.172789116,9.51247
159.196009070,0
159.219229025,0
159.242448980,0
159.265668934,0
159.288888889,0
159.312108844,0
159.335328798,0
159.358548753,0
159.381768707,0
159.404988662,0
159.428208617,0
159.451428571,0
159.474648526,0
159.497868481,0
159.521088435,0
159.544308390,0
159.567528345,0
159.590748299,0
159.613968254,0
159.637188209,5.05646
159.660408163,8.30168
159.683628118,0
159.706848073,0
159.730068027,0
159.753287982,0
159.776507937,0
159.799727891,0
159.822947846,0
159.846167800,0
159.869387755,0.036207
159.892607710,4.7836
159.915827664,0
159.939047619,0
159.962267574,0
159.985487528,0.637137
160.008707483,1.15143
160.031927438,0
160.055147392,0
160.078367347,0
160.101587302,0
160.124807256,0
160.148027211,6.48211
160.171247166,0.45864
160.194467120,0
160.217687075,0
160.240907029,0
160.264126984,0
160.287346939,0
160.310566893,0
160.333786848,0
160.357006803,0
160.380226757,0
160.403446712,0
160.426666667,0
160.449886621,0.714764
160.473106576,0.898118
160.496326531,0
160.519546485,0
160.542766440,0
160.565986395,0
160.589206349,0
160.612426304,0
160.635646259,0
160.658866213,0
160.682086168,0
160.705306122,0
160.728526077,0
160.751746032,0
160.774965986,0
160.798185941,0
160.821405896,0
160.844625850,0
160.867845805,0
160.891065760,2.5626
160.914285714,0.162536
160.937505669,0
160.960725624,0
160.983945578,0
161.007165533,0
161.030385488,0
161.053605442,3.04839
161.076825397,4.64473
161.100045351,0.91002
161.123265306,0
161.146485261,0
161.169705215,0
161.192925170,0
161.216145125,0
161.239365079,0
161.262585034,0
161.285804989,0
161.309024943,0
161.332244898,0
161.355464853,0
161.378684807,0
161.401904762,0.428945
161.425124717,0.0174231
161.448344671,0
161.471564626,0
161.494784580,0
161.518004535,0
161.541224490,0
161.564444444,0
161.587664399,0
161.610884354,0
161.634104308,0
161.657324263,0.360092
161.680544218,0
161.703764172,0
161.726984127,0
161.750204082,0
161.773424036,0
161.796643991,0
161.819863946,0
161.843083900,0
161.866303855,0
161.889523810,0
161.912743764,0
161.935963719,0
161.959183673,0
161.982403628,0
162.005623583,0
162.028843537,0
162.052063492,0
162.075283447,0
162.098503401,0
162.121723356,2.24459
162.144943311,6.4989
162.168163265,0
162.191383220,0
162.214603175,0
162.237823129,0
162.261043084,0
162.284263039,0
162.307482993,0
162.330702948,0
162.353922902,0
162.377142857,0
162.400362812,0
162.423582766,0
162.446802721,0
162.470022676,0
162.493242630,0
162.516462585,0
162.539682540,0
162.562902494,0
162.586122449,0
162.609342404,0.0300657
162.632562358,8.75896
162.655782313,0.653281
162.679002268,0
162.702222222,0
162.725442177,0
162.748662132,0
162.771882086,0
162.795102041,0
162.818321995,0
162.841541950,0
162.864761905,0
162.887981859,0.421415
162.911201814,0
162.934421769,0
162.957641723,0
162.980861678,0.116658
163.004081633,0.0307793
163.027301587,0
163.050521542,0
163.073741497,0
163.096961451,0
163.120181406,2.38912
163.143401361,0.970159
163.166621315,0
163.189841270,0
163.213061224,0
163.236281179,0
163.259501134,0
163.282721088,0
163.305941043,0
163.329160998,0
163.352380952,0
163.375600907,0
163.398820862,0
163.422040816,0
163.445260771,0
163.468480726,0
163.491700680,0
163.514920635,0.191727
163.538140590,0
163.561360544,0
163.584580499,0
163.607800454,0
163.631020408,1.7209
163.654240363,0
163.677460317,0
163.700680272,0
163.723900227,0
163.747120181,0
163.770340136,0
163.793560091,0
163.816780045,0
163.840000000,0
163.863219955,0
163.886439909,0
163.909659864,0
163.932879819,0
163.956099773,1.66977
163.979319728,0.357686
164.002539683,0
164.025759637,0
164.048979592,0
164.072199546,0
164.095419501,0.0750473
164.118639456,3.02153
164.141859410,0.458437
164.165079365,0
164.188299320,0
164.211519274,0
164.234739229,0
164.257959184,0
164.281179138,0
164.304399093,0
164.327619048,0
164.350839002,0
164.374058957,0
164.397278912,0
164.420498866,0
164.443718821,0
164.466938776,0
164.490158730,0
164.513378685,0
164.536598639,0
164.559818594,0
164.583038549,0
164.606258503,2.15556
164.629478458,0.899346
164.652698413,0
164.675918367,0
164.699138322,0
164.722358277,0
164.745578231,0
164.768798186,0
164.792018141,0
164.815238095,0
164.838458050,0
164.861678005,1.63934
164.884897959,0
164.908117914,0
164.931337868,0
164.954557823,0.158731
164.977777778,0.379828
165.000997732,0
165.024217687,0
165.047437642,0
165.070657596,0
165.093877551,1.25334
165.117097506,0.626057
165.140317460,0
165.163537415,0
165.186757370,0
165.209977324,0
165.233197279,0
165.256417234,0
165.279637188,0
165.302857143,0
165.326077098,0.00642309
165.349297052,4.01569
165.372517007,0.559631
165.395736961,0
165.418956916,0
165.442176871,0
165.465396825,0
165.488616780,0
165.511836735,0
165.535056689,0
165.558276644,0
165.581496599,0.198528
165.604716553,2.26861
165.627936508,0
165.651156463,0
165.674376417,0
165.697596372,0
165.720816327,0
165.744036281,0
165.767256236,0
165.790476190,0
165.813696145,0.121919
165.836916100,0
165.860136054,0
165.883356009,0
165.906575964,0.23728
165.929795918,6.69682
165.953015873,0
165.976235828,0
165.999455782,0
166.022675737,0
166.045895692,0
166.069115646,0
166.092335601,2.3157
166.115555556,0
166.138775510,0
166.161995465,0
166.185215420,0
166.208435374,0
166.231655329,0
166.254875283,0
166.278095238,0
166.301315193,0
166.324535147,0.203056
166.347755102,0.185574
166.370975057,0
166.394195011,0
166.417414966,0
166.440634921,0
166.463854875,0
166.487074830,0
166.510294785,0
166.533514739,0
166.556734694,0
166.579954649,1.54234
166.603174603,0
166.626394558,0
166.649614512,0
166.672834467,0
166.696054422,0
166.719274376,0
166.742494331,0
166.765714286,0
166.788934240,0
166.812154195,0.0773207
166.835374150,0
166.858594104,0
166.881814059,0
166.905034014,0
166.928253968,0
166.951473923,0
166.974693878,0
166.997913832,0
167.021133787,0
167.044353741,0
167.067573696,1.70893
167.090793651,1.40245
167.114013605,0
167.137233560,0
167.160453515,0
167.183673469,0
167.206893424,0
167.230113379,0
167.253333333,0
167.276553288,0
167.299773243,0.335282
167.322993197,0.243545
167.346213152,0
167.369433107,0
167.392653061,0
167.415873016,0
167.439092971,0
167.462312925,0
167.485532880,0.561614
167.508752834,0
167.531972789,0
167.555192744,0.227776
167.578412698,0
167.601632653,0
167.624852608,0
167.648072562,0
167.671292517,0
167.694512472,0
167.717732426,0
167.740952381,0
167.764172336,0
167.787392290,0.760182
167.810612245,0
167.833832200,0
167.857052154,0
167.880272109,0
167.903492063,0
167.926712018,0
167.949931973,0
167.973151927,0.674488
167.996371882,0.808566
168.019591837,3.45893
168.042811791,8.67597
168.066031746,0
168.089251701,0
168.112471655,0
168.135691610,0
168.158911565,0
168.182131519,0
168.205351474,0
168.228571429,0
168.251791383,0
168.275011338,0
168.298231293,0
168.321451247,0
168.344671202,0
168.367891156,0
168.391111111,0
168.414331066,0
168.437551020,0
168.460770975,0
168.483990930,0
168.507210884,0
168.530430839,15.7589
168.553650794,6.70646
168.576870748,0
168.600090703,0
168.623310658,0
168.646530612,0
168.669750567,0
168.692970522,0
168.716190476,0
168.739410431,0
168.762630385,0
168.785850340,2.31957
168.809070295,0
168.832290249,0
168.855510204,0
168.878730159,0
168.901950113,0
168.925170068,0
168.948390023,2.99589
168.971609977,6.91205
168.994829932,0
169.018049887,0
169.041269841,0
169.064489796,0
169.087709751,0
169.110929705,0
169.134149660,0
169.157369615,0
169.180589569,0
169.203809524,0
169.227029478,0
169.250249433,0
169.273469388,0
169.296689342,0.240176
169.319909297,0
169.343129252,0
169.366349206,0
169.389569161,0
169.412789116,0
169.436009070,0
169.459229025,0
169.482448980,0
169.505668934,0.0707073
169.528888889,2.49345
169.552108844,0
169.575328798,0
169.598548753,0
169.621768707,0
169.644988662,0
169.668208617,0
169.691428571,0
169.714648526,0
169.737868481,0.0225788
169.761088435,0.329862
169.784308390,0.408398
169.807528345,0
169.830748299,0
169.853968254,0
169.877188209,0
169.900408163,0
169.923628118,0
169.946848073,0
169.970068027,0
169.993287982,0
170.016507937,0.831058
170.039727891,0.744041
170.062947846,0
170.086167800,0
170.109387755,0
170.132607710,0
170.155827664,0
170.179047619,0
170.202267574,0
170.225487528,0
170.248707483,0
170.271927438,2.16792
170.295147392,1.03925
170.318367347,0
170.341587302,0
170.364807256,0
170.388027211,0
170.411247166,0
170.434467120,0
170.457687075,0
170.480907029,0.271407
170.504126984,0.604483
170.527346939,0
170.550566893,0
170.573786848,0
170.597006803,0
170.620226757,0
170.643446712,0
170.666666667,0
170.689886621,0
170.713106576,0
170.736326531,0.18656
170.759546485,5.91736
170.782766440,0
170.805986395,0
170.829206349,0
170.852426304,0
170.875646259,0
170.898866213,0
170.922086168,0
170.945306122,0
170.968526077,0
170.991746032,0
171.014965986,1.56298
171.038185941,0.306443
171.061405896,0
171.084625850,0
171.107845805,0
171.131065760,0
171.154285714,0
171.177505669,0
171.200725624,0
171.223945578,0
171.247165533,1.95478
171.270385488,10.033
171.293605442,0
171.316825397,0
171.340045351,0
171.363265306,0
171.386485261,0
171.409705215,0
171.432925170,0
171.456145125,0
171.479365079,0
171.502585034,2.08955
171.525804989,0.673177
171.549024943,0
171.572244898,0
171.595464853,0
171.618684807,0.910349
171.641904762,0
171.665124717,0
171.688344671,0
171.711564626,0
171.734784580,0
171.758004535,0
171.781224490,0.0431543
171.804444444,0.249707
171.827664399,0
171.850884354,0
171.874104308,0
171.897324263,0
171.920544218,0
171.943764172,0
171.966984127,0
171.990204082,0.854549
172.013424036,0.966411
172.036643991,0
172.059863946,0
172.083083900,0
172.106303855,0
172.129523810,0
172.152743764,0
172.175963719,0
172.199183673,0
172.222403628,0
172.245623583,0.392773
172.268843537,0
172.292063492,0
172.315283447,0
172.338503401,0
172.361723356,0
172.384943311,0
172.408163265,0
172.431383220,0
172.454603175,2.7844
172.477823129,6.05751
172.501043084,2.37391
172.524263039,0
172.547482993,0
172.570702948,0
172.593922902,0
172.617142857,0
172.640362812,0
172.663582766,0
172.686802721,0
172.710022676,0
172.733242630,0.130507
172.756462585,0
172.779682540,0
172.802902494,0
172.826122449,0
172.849342404,2.26761
172.872562358,1.37587
172.895782313,0
172.919002268,0
172.942222222,0
172.965442177,0
172.988662132,0.812743
173.011882086,1.62822
173.035102041,0
173.058321995,0
173.081541950,0
173.104761905,0
173.127981859,0
173.151201814,0
173.174421769,0
173.197641723,0
173.220861678,0
173.244081633,0.566855
173.267301587,0
173.290521542,0
173.313741497,0
173.336961451,0
173.360181406,0
173.383401361,0
173.406621315,0
173.429841270,0
173.453061224,1.84338
173.476281179,6.01654
173.499501134,0.0604804
173.522721088,0
173.545941043,0
173.569160998,0
173.592380952,0
173.615600907,0
173.638820862,0
173.662040816,0
173.685260771,0
173.708480726,0
173.731700680,13.4406
173.754920635,5.20151
173.778140590,0
173.801360544,0
173.824580499,0
173.847800454,0
173.871020408,0
173.894240363,0
173.917460317,0
173.940680272,0
173.963900227,0
173.987120181,9.123
174.010340136,1.47628
174.033560091,0
174.056780045,0
174.080000000,0
174.103219955,0
174.126439909,0
174.149659864,0
174.172879819,0
174.196099773,0
174.219319728,0
174.242539683,0
174.265759637,0.0468266
174.288979592,0
174.312199546,0
174.335419501,0
174.358639456,0
174.381859410,0
174.405079365,0
174.428299320,0
174.451519274,0
174.474739229,0
174.497959184,0.0367824
174.521179138,0
174.544399093,0
174.567619048,0
174.590839002,0
174.614058957,0
174.637278912,0
174.660498866,0
174.683718821,0
174.706938776,0
174.730158730,2.21686
174.753378685,0
174.776598639,0
174.799818594,0
174.823038549,0
174.846258503,0
174.869478458,0
174.892698413,0
174.915918367,0
174.939138322,0
174.962358277,8.08729
174.985578231,15.9005
175.008798186,0
175.032018141,0
175.055238095,0
175.078458050,0
175.101678005,0
175.124897959,0
175.148117914,0
175.171337868,0
175.194557823,0
175.217777778,0
175.240997732,0
175.264217687,0
175.287437642,0
175.310657596,0
175.333877551,0
175.357097506,0
175.380317460,0
175.403537415,0
175.426757370,0
175.449977324,9.24182
175.473197279,18.0042
175.496417234,0
175.519637188,0
175.542857143,0
175.566077098,0
175.589297052,0
175.612517007,0
175.635736961,0
175.658956916,0
175.682176871,0
175.705396825,7.76226
175.728616780,3.59177
175.751836735,0
175.775056689,0
175.798276644,0
175.821496599,0
175.844716553,0
175.867936508,0
175.891156463,0
175.914376417,0
175.937596372,0
175.960816327,10.0029
175.984036281,2.41086
176.007256236,0
176.030476190,0
176.053696145,0
176.076916100,0
176.100136054,0
176.123356009,0
176.146575964,0
176.169795918,0
176.193015873,0
176.216235828,0
176.239455782,2.29159
176.262675737,0.032411
176.285895692,0.210982
176.309115646,0
176.332335601,0
176.355555556,0
176.378775510,0
176.401995465,0
176.425215420,0
176.448435374,0.273677
176.471655329,0
176.494875283,0
176.518095238,0
176.541315193,0
176.564535147,0
176.587755102,0
176.610975057,0
176.634195011,0
176.657414966,0
176.680634921,0.394661
176.703854875,2.16861
176.727074830,0
176.750294785,0
176.773514739,0
176.796734694,0
176.819954649,0
176.843174603,0.459093
176.866394558,6.61925
176.889614512,3.21249
176.912834467,0
176.936054422,0.249622
176.959274376,0
176.982494331,0
177.005714286,0
177.028934240,0
177.052154195,0
177.075374150,0
177.098594104,0
177.121814059,0
177.145034014,0
177.168253968,0
177.191473923,0
177.214693878,0
177.237913832,0
177.261133787,0
177.284353741,0
177.307573696,0
177.330793651,0
177.354013605,0
177.377233560,0
177.400453515,0
177.423673469,4.50117
177.446893424,3.24266
177.470113379,0
177.493333333,0
177.516553288,0
177.539773243,0
177.562993197,0
177.586213152,0
177.609433107,0
177.632653061,0
177.655873016,0
177.679092971,5.20152
177.702312925,0.695368
177.725532880,0
177.748752834,0
177.771972789,0.528605
177.795192744,0
177.818412698,0
177.841632653,0
177.864852608,0
177.888072562,0
177.911292517,1.40761
177.934512472,2.40927
177.957732426,0
177.980952381,0
178.004172336,0
178.027392290,0
178.050612245,0
178.073832200,0
178.097052154,0
178.120272109,0
178.143492063,0
178.166712018,0.193069
178.189931973,0.636065
178.213151927,0
178.236371882,0
178.259591837,0
178.282811791,0
178.306031746,0
178.329251701,0
178.352471655,0
178.375691610,0
178.398911565,0
178.422131519,0.194816
178.445351474,0.402295
178.468571429,0
178.491791383,0
178.515011338,0
178.538231293,0
178.561451247,0
178.584671202,0
178.607891156,0
178.631111111,0
178.654331066,0
178.677551020,0
178.700770975,0
178.723990930,0
178.747210884,0
178.770430839,0
178.793650794,3.09351
178.816870748,3.6506
178.840090703,1.15865
178.863310658,0
178.886530612,0
178.909750567,0
178.932970522,0
178.956190476,0
178.979410431,0
179.002630385,0
179.025850340,0
179.049070295,0
179.072290249,0
179.095510204,0
179.118730159,0
179.141950113,0
179.165170068,0
179.188390023,0
179.211609977,0
179.234829932,0
179.258049887,0
179.281269841,0
179.304489796,0
179.327709751,0
179.350929705,0
179.374149660,0.0387731
179.397369615,1.72391
179.420589569,1.58731
179.443809524,0
179.467029478,0
179.490249433,0
179.513469388,0
179.536689342,0
179.559909297,0
179.583129252,0
179.606349206,0.0545591
179.629569161,0
179.652789116,0.322361
179.676009070,0.219595
179.699229025,0
179.722448980,0
179.745668934,0
179.768888889,0
179.792108844,0
179.815328798,0
179.838548753,0
179.861768707,0
179.884988662,0
179.908208617,1.69431
179.931428571,0.998777
179.954648526,0
179.977868481,0
180.001088435,0
180.024308390,0
180.047528345,0
180.070748299,0
180.093968254,0
180.117188209,0
180.140408163,0.00550964
180.163628118,0.254722
180.186848073,0
180.210068027,0
180.233287982,0
180.256507937,0
180.279727891,0
180.302947846,0
180.326167800,0
180.349387755,0.851359
180.372607710,0.490025
180.395827664,0
180.419047619,0
180.442267574,0
180.465487528,0
180.488707483,0
180.511927438,0
180.535147392,0
180.558367347,0
180.581587302,0
180.604807256,0.00413208
180.628027211,0.0441393
180.651247166,0.664898
180.674467120,0.11618
180.697687075,0
180.720907029,0
180.744126984,0.0306216
180.767346939,0.0719301
180.790566893,0
180.813786848,0
180.837006803,0
180.860226757,0
180.883446712,0.0887198
180.906666667,0.965558
180.929886621,0
180.953106576,0
180.976326531,0
180.999546485,0
181.022766440,0
181.045986395,0
181.069206349,0
181.092426304,0
181.115646259,0
181.138866213,0
181.162086168,0
181.185306122,0
181.208526077,0
181.231746032,0
181.254965986,0
181.278185941,0
181.301405896,0
181.324625850,0
181.347845805,0
181.371065760,0.928374
181.394285714,12.5006
181.417505669,0
181.440725624,0
181.463945578,0
181.487165533,0
181.510385488,0
181.533605442,0
181.556825397,0
181.580045351,0
181.603265306,0
181.626485261,17.1123
181.649705215,20.9868
181.672925170,0
181.696145125,0
181.719365079,0
181.742585034,0
181.765804989,0
181.789024943,0
181.812244898,0
181.835464853,0
181.858684807,0
181.881904762,0
181.905124717,0
181.928344671,0
181.951564626,0
181.974784580,0
181.998004535,0
182.021224490,0
182.044444444,0
182.067664399,0
182.090884354,0
182.114104308,0
182.137324263,0
182.160544218,0
182.183764172,0
182.206984127,0
182.230204082,0
182.253424036,0.219063
182.276643991,0.912895
182.299863946,0
182.323083900,0
182.346303855,0
182.369523810,0
182.392743764,0.0239191
182.415963719,0.122997
182.439183673,0
182.462403628,0
182.485623583,0
182.508843537,0
182.532063492,0
182.555283447,0
182.578503401,0
182.601723356,0
182.624943311,0
182.648163265,0
182.671383220,0
182.694603175,0
182.717823129,0
182.741043084,0
182.764263039,0
182.787482993,0
182.810702948,0
182.833922902,0
182.857142857,0
182.880362812,0
182.903582766,0
182.926802721,0
182.950022676,0
182.973242630,0
182.996462585,0
183.019682540,0.0012676
183.042902494,0.00834863
183.066122449,0
183.089342404,0.0064813
183.112562358,0.0106855
183.135782313,0
183.159002268,0
183.182222222,0.0018789
183.205442177,0
183.228662132,0
183.251882086,0
183.275102041,0
183.298321995,0.00487105
183.321541950,0
183.344761905,0.00643634
183.367981859,0.00302705
183.391201814,0.00195723
183.414421769,0
183.437641723,0
183.460861678,0
183.484081633,0
183.507301587,0
183.530521542,0
183.553741497,0
183.576961451,0
183.600181406,0
183.623401361,0
183.646621315,0
183.669841270,0.000361426
183.693061224,0
183.716281179,0
183.739501134,0
183.762721088,0
183.785941043,0
183.809160998,0
183.832380952,0
183.855600907,0
183.878820862,0
183.902040816,1.7345e-05
183.925260771,0.00714105
183.948480726,0
183.971700680,0
183.994920635,0
184.018140590,0
184.041360544,0
184.064580499,0
184.087800454,8.17952e-05
184.111020408,0
184.134240363,0.000431433
184.157460317,0.000206138
184.180680272,0
184.203900227,0
184.227120181,0
184.250340136,0.000372648
184.273560091,0
184.296780045,0
184.320000000,0
184.343219955,0
184.366439909,8.76787e-05
184.389659864,0
184.412879819,0
184.436099773,0
184.459319728,0
184.482539683,0
184.505759637,0
184.528979592,0.000573657
184.552199546,0
184.575419501,0.000134573
184.598639456,0
184.621859410,0.000427264
184.645079365,0
184.668299320,0
184.691519274,0.000236119
184.714739229,0
184.737959184,0
184.761179138,0
184.784399093,0
184.807619048,0
184.830839002,0.000377471
184.854058957,0.00113239
184.877278912,0
184.900498866,0
184.923718821,0.000273282
184.946938776,0.000362206
184.970158730,0.000744086
184.993378685,0.000228913
185.016598639,0.000481438
185.039818594,8.31529e-05
185.063038549,0
185.086258503,0
185.109478458,0.000589149
185.132698413,0.000359807
185.155918367,0.000134586
185.179138322,0
185.202358277,0