TIME,27.7576,30.2811,32.8045,35.3279,37.8513,40.3748,42.8982,45.4216,47.945,50.4684,52.9919,55.5153,58.0387,60.5621,63.0856,65.609,68.1324,70.6558,73.1792,75.7027,78.2261,80.7495,83.2729,85.7964,88.3198,90.8432,93.3666,95.89,98.4135,100.937,103.46,105.984,108.507,111.031,113.554,116.077,118.601,121.124,123.648,126.171,128.695,131.218,133.741,136.265,138.788,141.312,143.835,146.358,148.882,151.405,153.929,156.452,158.976,161.499,164.022,166.546,169.069,171.593,174.116,176.64,179.163,181.686,184.21,186.733,189.257,191.78,194.304,196.827,199.35,201.874,204.397,206.921,209.444,211.967,214.491,217.014,219.538,222.061,224.585,227.108,229.631,232.155,234.678,237.202,239.725,242.249,244.772,247.295,249.819,252.342,254.866,257.389,259.912,262.436,264.959,267.483,270.006,272.53,275.053,277.576,280.1,282.623,285.147,287.67,290.194,292.717,295.24,297.764,300.287,302.811,305.334,307.858,310.381,312.904,315.428,317.951,320.475,322.998,325.521,328.045,330.568,333.092,335.615,338.139,340.662,343.185,345.709,348.232,350.756,353.279,355.803,358.326,360.849,363.373,365.896,368.42,370.943,373.466,375.99,378.513,381.037,383.56,386.084,388.607,391.13,393.654,396.177,398.701,401.224,403.748,406.271,408.794,411.318,413.841,416.365,418.888,421.411,423.935,426.458,428.982,431.505,434.029,436.552,439.075,441.599,444.122,446.646,449.169,451.693,454.216,456.739,459.263,461.786,464.31,466.833,469.357,471.88,474.403,476.927,479.45,481.974
0.000000000,1503.65,52.9634,2220.48,3768.1,2440.16,3301.07,7365.68,10888.1,11815.3,9251.43,4068.81,876.164,6028.98,13229,9893.08,2521.22,1011.48,3577.72,6199.11,6913.02,6227.65,3808.19,2518.04,5657.89,6987.31,2738.08,1114.64,2955.68,2113.26,1271.56,1266.03,1895.38,3778.64,2511.55,467.736,2032.07,13997.1,32199.2,30001.9,11416.5,2567.04,7627.47,16042.2,12667.3,4849.31,4416.64,3539.43,4514.91,6247.09,2088.99,158.718,1612.57,1321.5,1719.88,6417.29,11131.4,9527.69,4792.33,1721.36,250.947,4067.55,17932,24412,12501.8,2586.24,4347.34,9303.08,8514.46,3981.87,2550.1,1904.51,3565.94,6872.38,5833.09,2967.7,2351.58,2428.98,962.846,82.8849,1955.63,4957.39,6249.66,4972.09,845.082,2982.6,18208.7,22328.7,9107.11,1708.33,3752.36,11699.8,14517,7382.84,4186.95,4007.33,4258.34,6988.76,5271.59,894.379,432.663,1661.91,1088.51,1912.99,7041.29,10455.8,7707.63,2908.72,623.2,187.054,4376.89,11622.3,10630.7,3928.28,2021.61,6841.21,10316.5,6068.54,2297.98,2537.35,4612.67,10595.2,12499.4,7195.25,3757.74,2670.59,1423.64,159.319,1358.98,5371.13,5733.15,3295.88,1600.57,322.987,6514.48,17176,15420.6,4092.72,1271.49,12710.5,21396.3,13882.8,5718.26,3520.91,2036.54,4099.7,3440.56,561.214,1282.37,2149.38,1410.47,81.6326,3197.4,8082.75,8112.47,5683.92,3943.57,1777.36,450.4,5170.91,7998.47,3377.02,178.77,2065.62,5617.68,4417.03,1329.46,2036.11,3507.47,8058.21,13666.8,11839.7,6092.63,3209.24,3607.64,2942.44,323.422,1099.41,3862.62,4072.49,2292.8,498.364
1.486077098,1970.02,48.674,2862.17,4422.76,1907.15,2937.52,7746.92,11613.7,12669.9,10122.5,4169.71,276.378,6703.74,17327.6,11833.1,2096.06,641.116,3636.95,6580.91,6942.75,6474.81,3711.33,1709.2,6193.41,8609.36,2854.21,669.514,3746.27,1937.32,1065.42,1155.95,1541.58,4632.06,2812.73,185.902,1573.84,16100.4,43886.9,38163.5,11311.2,1446.19,7425.24,19864.4,15217.1,3235.15,4965.25,3032.6,4286.83,8958.39,3449.08,697.392,2051,1136.3,1278.6,7165.91,13655.4,10393.8,4886.51,1508.87,105.138,4044.07,23880.3,32848.4,13916.3,1512.47,4017.33,10589.1,9927.19,3178.57,2514.42,1388.57,3444.78,8102.77,6176.71,2625.12,2075.64,2732.92,1103.79,44.4041,2203.77,5570.59,6968.65,5541.51,1535.45,4128.3,27240.6,30928.8,9047.58,1114.06,2936.17,13823,18499.8,6616.83,3765.31,3933.86,3466.56,8422.65,6635.83,888.349,450.101,1875.31,955.36,1521.89,8546.94,12355.1,8866.5,2966.56,476.143,42.9728,5437.06,15470.9,12561.4,3565.89,1279.6,7446.71,12753.4,6362.54,1550.44,2368.99,3825.61,12323.3,15266.5,7033.48,3453.47,2830.55,1421.25,499.313,2212.1,7346.05,6595.76,3004.97,1758.08,20.1723,8243.96,23111.5,19614.5,4616.61,989.606,15898.8,28333.8,15625.1,4440.56,4041.66,1072.27,5083.72,4585.1,153.238,1559.81,2033.91,1794.78,35.228,4467.43,9954.43,8568.77,5943.48,3706.17,2197.17,115.322,7142.17,11005,3769.15,32.0583,2118.78,7229.09,5345.2,655.929,2149.81,2856.96,8463.24,16519.2,13299.5,5815.72,2732.16,3538.69,3891.77,406.656,1485.34,4718.95,4777.89,2870.43,1270.86
2.972154195,2383.67,340.144,3380.83,4666.97,1151.87,2327.79,7014.82,10795.7,11523,9799.67,3769.17,14.6839,6852.49,20462.9,12498.1,1560.77,301.192,3342.42,6043.2,5937.95,5818.32,3230.92,789.413,6144.95,9305.11,2960.39,421.859,4395.74,1632.05,808.847,995.225,1131.05,5033.16,2953.01,12.059,1084.03,16282,54309.7,42141.4,9877.28,458.544,6812.16,21036.7,17249.4,1269.44,5538.25,2233.74,3811.7,11306.8,5365.85,1686.52,2261.43,813.072,759.279,7129.79,14908.6,9673.51,4335.86,1188.84,52.9896,3781.89,29057,38653,13915.7,576.146,3376.13,10344.4,10636.3,1924.23,2333.23,823.708,3107.41,8536.41,5523.37,2061.54,1464.71,2802.55,1152.38,139.195,2321.7,5359.67,6779.21,5313.98,2355.93,6279.84,37403.7,37896.7,7794.34,566.575,1978.93,14258.7,21578.4,5048.42,3191.8,3401.56,2335.9,8951.35,7472.65,1080.68,574.041,1788.67,855.859,1132.19,9438.22,12519.6,8823.83,2894.95,232.354,84.897,6683.17,18168.8,12832,2969.26,629.089,7062.88,14112.3,6109.26,760.483,1926.97,2596.24,12677.8,16599,5869.37,2666.23,2734.08,1091.88,998.198,3570.55,8921.95,6341.94,2450.38,1567.25,204.248,10483,27045.9,21451,5556.37,1544.88,17122.1,33573.7,16041.6,2520.06,4367.72,238.662,5868.15,5839.77,83.4569,1820.33,1527.21,2037.54,586.009,6246.78,10565.7,7590.03,5565.43,2764.93,2585.21,404.229,9354.22,13256.3,3936.86,30.6606,1930.25,8353.08,6131.16,112.384,2104.3,1821.05,7841.1,17571.6,13070.5,4649.9,1995.49,2884.37,4712.61,942.118,2077.79,4778.24,5068.17,2952.61,2073.87
4.458231293,2643.26,826.301,3613.71,4509.45,487.004,1623.9,5559.08,8520.54,9040.92,8120.45,3236.39,66.6963,6460.01,22368.3,11442.1,1206.52,168.107,2579.84,5058.6,4057.11,4620.63,2468.13,126.128,5767.49,8650.4,3160.76,632.972,4687.37,1455.08,666.004,883.969,881.145,4985.42,2768.34,99.414,686.583,14802.8,61686,41029.1,7485.5,113.07,6053.56,18962.1,18673.8,310.321,6060.6,1634.82,3351.77,12673.2,7632.97,2774.16,2171.21,469.391,409.851,6262.27,14909.1,7394.65,3417.84,898.214,19.0283,3383.03,33053.4,39994.2,12443.1,222.595,2765.34,8494.6,10818.6,803.034,1961.1,525.43,2743.67,8192.62,4028.11,1517.7,795.544,2627.04,1060.93,379.483,2194.47,4526.88,5532.26,4637.11,2759.63,8935.58,47663.4,41809.2,5733.09,151.299,1216.21,13073.7,23269.6,3606.31,2605.84,2802.27,1331.11,8509.25,7428.29,1517.24,771.372,1419.34,822.889,1050.31,9561.1,10735.6,7740.21,2648.89,39.6768,360.896,8194.95,18924.3,11249.2,2441.31,321.509,5808.4,14043.7,5661.22,255.913,1328.38,1491.62,11413.7,16503.5,4030.85,1752.83,2375.01,589.382,1545.5,5503.29,9413.37,5215.87,1731.3,1162.73,970.591,13001.5,28266.5,19524.3,7301.24,2954.79,15311.8,36556.9,15414.1,1026.87,4201.12,25.9093,6386.45,7241.08,561.768,1806.54,1008.28,1855.56,1944.82,8808.66,9251.68,6006.81,4268.38,1781.51,2542.49,1664.57,11931.4,13494.1,4125.8,176.576,1429.19,9064.15,6557.05,41.7301,1908.6,785.504,6571.2,16412.2,11345.6,3025.98,1247.22,1940.57,5220.68,1909.4,2646.19,4156.02,4643.98,2745.23,2385.26
5.944308390,2623.11,1324.84,3452.06,4020.03,174.892,1014.67,3824.44,5593.46,6078.88,5545.57,2841.48,228.106,5752.68,23025.3,9039.33,1070.18,268.958,1574.19,4013.84,1980.88,3346.15,1580.89,94.3307,5254.85,6713.57,3520.49,1191.11,4467.6,1642.7,776.026,818.648,881.702,4575.86,2289.87,385.334,385.941,12899.2,64163.3,36366.9,4573.56,847.251,5123.26,14600.1,19270.1,1174.22,6190.67,1744.33,3314.46,12124.5,10111,3601.22,1693.68,326.765,255.523,5061.27,13913.6,4319.78,2507.69,590.219,35.6423,2980.07,35725.3,36722.2,9696.36,891.871,2149.84,6096.67,10456.5,327.686,1431.56,559.907,2698.62,7023.51,2366.95,1064.93,356.585,2328.91,785.907,696.545,1928.32,3179.74,3888.21,3574.46,2653.68,10884.9,57089,42415.2,3434.73,113.123,541.563,11479,22859.7,3115.94,2196.63,2355.65,928.307,7168.13,6522.47,2058.37,927.957,932.263,805.5,1386.94,8929.34,7578.41,6096,2175.2,8.59579,790.81,10031,17401.5,8395,2159.6,313.164,4214.95,12576.1,5224.07,205.569,852.955,855.058,8811.53,15407,2189.29,972.651,1856.6,200.186,2139.6,7698.93,8606.1,3650.65,1056.35,755.573,2016.79,15266.2,26818.7,14234.1,9644.07,4825.83,10940.5,37363.8,14285,416.231,3748.53,532.267,6477.98,8534.49,1717.59,1469.65,643.784,1287.18,4064.57,11932.9,6658.85,4384.68,2531.14,1072.25,2004.89,4060.58,14512.3,11387.7,4347.78,475.462,875.958,9397.15,6471.56,436.539,1688.74,121.669,5013.38,13506.8,8696.76,1547.3,637.058,1100.31,5253.91,3142.28,2881.91,3147.68,3511.39,2492.97,1940.92
7.430385488,2241.22,1668.01,2837.42,3389.83,282.028,541.867,2311.55,2934.3,3364.7,3057.19,2458.29,371.798,5069.19,22726,6203.99,1068.63,438.109,829.164,2987.23,526.931,2414,768.502,911.233,4657.96,4136.87,4022.4,1671.78,3813.66,2318.48,1064.44,728.862,1153.2,3912.32,1662.75,724.72,167.149,11220.2,62086.4,29888.9,2104.75,2337.63,4220.02,9308.92,19559.1,3346.5,5595.68,2784.4,3653.8,9635.51,12422.2,3912.22,1086.58,534.304,183.457,4373.51,12062.6,1740.19,1748.41,275.053,156.103,2759.96,37141.5,30289.6,6423.27,2494.92,1556.95,4118.53,9885.25,529.148,860.15,837.685,2970.74,5348.96,1073.6,737.189,324.683,1993.75,428.745,1005.11,1478.37,1834.71,2452.45,2206.49,2422.01,11042.7,64969.4,40952.8,1493.35,580.957,86.6656,9682.37,21027.1,3549.93,1847.25,2246.92,1296.86,5147.03,5138.01,2382.35,1004.27,449.89,808.007,1979.57,7597.07,4286.1,4268.28,1647.02,102.408,1265.85,12106.5,13949.3,5373.48,2018.04,417.558,2696.39,10389.3,4673.79,549.002,690.256,726.277,5703.07,13821.8,1098.35,420.753,1392.37,197.184,2782.92,9399.62,7032.16,2026.3,672.336,506.68,2744.56,16940.1,23079.1,8036.83,11372.8,6591.23,5873.7,36566.3,13416.3,461.015,3247.22,1665.9,5716.74,9592.39,3439.61,906.862,446.346,770.489,6562.29,14878.7,4157.96,3074.28,1167.68,650.77,1284.38,7296.38,16527.4,7732.3,4433.37,882.485,662.081,9279.82,5954.06,989.495,1513.93,35.8741,3459.89,9819.42,5930.49,571.809,274.743,602.619,4835.17,4162.19,2758.88,1935.76,2218.94,2119.26,1024.4
8.916462585,1512.22,1804.47,1850.45,2865.71,563.126,273.616,1195.05,1123,1633.42,1211.91,1903.95,484.236,4456.28,22289.5,3889.46,1216.72,421.576,448.072,2224.75,158.481,1962.86,397.06,2208.76,4033.27,1759.69,4610.81,1668.62,3115.13,3236.5,1332.73,615.989,1477.56,3365.45,850.329,1115.77,35.1255,9616.44,57280.8,23524.2,683.071,3465.11,3697.19,5229.17,19477.9,5456.07,4683.05,4225.06,3955.73,6198.3,14046.1,3887.77,698.27,1038.79,167.999,4248.17,10344,279.627,1110.91,95.8292,280.713,2668.68,37932.2,23018.5,3686.81,4028.01,1225.17,3141.73,9465.7,1027.8,454.945,1102.37,3230.77,3688.34,399.583,473.018,697.038,1659.58,149.887,1127.28,1037.88,924.5,1320.75,1105.85,2177.28,9397.68,70237.1,40417.9,278.047,1331.79,49.4713,7576.14,18734,4274.26,1593.57,2274.02,2010.37,3166.03,3591.7,2262.94,980.521,99.9348,877.761,2308.32,6081.24,1705.02,2731.24,1207.15,198.06,1633.3,14025.1,9944.79,3078.26,1715.81,568.359,1403.25,8310.18,3830.58,1111.01,794.199,802.364,3224.97,11985.8,1204.82,173.197,1171.82,603.713,3290.2,10278.2,5077.79,851.567,625.009,442.433,2809.11,17257,18924.3,3124.47,11409.9,7671.59,2071.98,35405.2,13338.4,548.944,2954.03,2879.6,4384.1,9927.31,5416.12,446.215,416.794,716.648,8561.06,16952.9,3002.63,2424.39,503.508,358.315,760.654,10673.8,17894,3774.16,4270.4,1209.28,806.678,9116.04,4926.05,1412.82,1370.64,364.911,2254.32,6162.26,3805.55,149.896,107.939,527.345,4025.14,4608.23,2251.15,961.902,1102.68,1603.3,293.35
10.402539683,653.976,1814.7,811.752,2550.9,677.315,137.077,621.606,344.863,779.064,211.217,1365.21,473.725,3875.54,22415.5,3100.75,1455.87,235.29,213.698,1792.07,923.331,2076.95,571.768,3219.82,3469.08,344.131,5207.19,1144.56,2676.63,3952.29,1522.91,440.42,1678.41,2879.13,201.599,1542.01,155.916,7579.7,51914.1,18960.4,119.213,3622.52,3529.36,3940.23,19010.7,6158.2,3809.88,5215.88,3962.1,2995.36,14778.6,4024.63,691.582,1599.78,289.578,4571.51,8944.4,174.864,805.097,41.958,248.581,2700.38,38715.6,17505.1,1928.9,4504.89,1242.61,3464.64,9234.12,1365.3,270.44,1149.59,3227.62,2404.12,199.288,296.462,1275.42,1366.05,10.3078,1041.59,705.255,495.094,739.81,583.252,1738.04,6757.82,72879.6,42724.2,287.212,2094.38,303.574,5548.53,16586.4,4407.97,1488.65,2209.67,2497.66,1666,2351.86,1628.25,921.442,3.60755,949.131,2121.88,4539.49,546.913,1809.85,722.043,224.565,1762.74,15590.9,6929.02,1762.74,1239.83,661.357,639.235,6740.33,2604.49,1699.62,1077.34,765.508,1691.77,10405.6,2332.61,228.775,1183.55,1265.66,3554.28,9981.7,3513.59,303.162,591.114,634.714,2119.77,16379.2,15649.7,812.491,9692.25,7609.11,1114.35,34544.2,14264,382.403,2982.05,3451.93,2925.78,9335.37,7213.84,409.885,519.058,1191.81,9523.43,17231.3,4035.83,2471.07,350.867,141.563,647.372,13741.5,18360.5,1031.48,3824.14,1297.59,1215.69,9008.6,3668.17,1577.56,1228.14,674.238,1400.4,3463.02,2448.99,45.2586,40.9004,683.483,3154.82,4153.85,1655.49,428.505,336.654,1037.14,105.655
11.888616780,68.7583,1807.74,204.199,2443.9,479.806,59.8772,414.107,250.64,490.615,34.907,1002.59,270.051,3433.61,23727.1,4246.52,1641.43,82.8905,84.2625,1590.06,2149.16,2701.17,1304.89,3354.81,2981.34,230.846,5789.27,592.822,2593.73,3896.54,1759.86,182.291,1700.61,2337.86,34.1489,1902.07,821.097,5130.07,47870.4,16452.5,10.466,3148.8,3682.55,4877.87,18418.2,5080.67,3239.69,5144.97,3577.35,955.143,14855.2,4869.61,947.123,1855.28,704.493,4811.2,7816.02,1207.35,857.078,58.3783,130.509,3356.38,39370.8,15224.8,1246.87,3631.67,1667.69,4349.82,9008.09,1526.46,284.61,968.88,2808.95,1811.55,151.939,367.387,1701.82,1071.24,84.6827,832.131,482.983,482.021,767.677,510.198,1049.5,4554.34,73484.5,47768.8,1903.59,2522.34,659.102,3532.63,15188.1,3713.1,1624.11,1916.19,2472.67,871.586,1794.19,700.703,891.108,79.9895,962.299,1491.12,3242.99,790.807,1411.06,246.345,230.369,1765.7,16494.8,6092.03,1402,674.868,523.315,392.961,5934.86,1242.18,2220.41,1436.88,496.892,866.147,9576.6,3741.11,437.652,1362.32,1999.94,3410.23,8578.71,2963.92,163.781,365.466,1180.65,1027.84,14945.5,14115.7,903.745,6915.25,6288.37,2801.57,34571.6,16014.3,157.883,3249.85,3029.8,1550.77,8268.01,8379.86,793.679,703.139,2030.35,9296.56,15338.6,6883.07,3144.3,407.585,29.1314,997.409,16100.4,18171.3,147.958,3072.82,1196.75,1663.1,8887.61,2701.93,1503.59,1204.63,657.311,798.85,2036.68,1658.96,58.5446,24.6761,710.531,2608.58,2768.88,1452.08,312.653,38.0324,532.756,333.331
13.374693878,154.893,1975.44,390.863,2400.21,182.298,66.4919,278.766,433.57,516.939,294.863,786.654,51.2287,3699.88,26029.1,7302.32,1746.12,53.9677,84.0865,1431.16,3272.97,3586.39,2264.64,2802.84,2392.76,1082.28,6526.83,803.593,2561.03,3141.46,2002.05,11.8576,1504.71,1777.27,312.957,2203.33,2061.46,3672.92,45290.9,15587,32.0885,2736.97,4135.31,6496,17685,3285.81,2768.73,4256.24,2719.45,383.32,14766.5,6712.29,1203.6,1697.27,1495.95,4349.69,6876.86,2759.79,1130.1,176.85,206.6,5172.94,39280.3,15880.9,1396.44,2119.63,2290.88,4773.84,8733.74,1690.21,376.578,750.404,2085.43,2034.24,190.487,936.376,1760.96,768.294,422.372,590.989,358.15,815.94,1097.46,567.783,452.385,4228.24,71901,54246.8,4751.84,2469.7,1114.08,1678.91,14532.2,3098.69,1845.37,1554.91,2022.32,984.996,1900.21,148.333,937.662,157.342,897.811,819.064,2376.38,1926.37,1265.41,19.9532,253.069,1680.5,16743.2,7728.38,1711.04,237.098,236.202,496.535,5794.81,478.192,2588.9,1721.61,190.653,625.6,9229.09,4979.15,712.802,1461.1,2711.75,2619.32,6985.85,3236.34,166.302,154.163,1861.38,253.387,13732,14458.3,2000.84,4112.08,4439.13,5573.25,35244.7,18458.9,402.958,3348.59,2118.56,462.078,6984.61,8907.9,1410.93,814.093,2893.43,8092.89,11819.2,10348.1,4224.17,526.481,24.6865,1573.13,17579.9,17739.9,740.593,2162.6,1069.04,1891.11,8690.64,2400.2,1482.38,1262.83,465.521,496.106,1505.61,1364.9,73.6188,51.4037,559.942,2347.13,1357.35,1827.88,468.362,238.516,263.612,660.495
14.860770975,891.61,2365.51,1447.29,2421.27,12.667,161.328,148.546,704.531,629.306,534.341,769.782,77.3029,5201.4,28273.3,11619.3,1984,65.0915,165.248,1157.49,4090.49,4433.68,2890.35,2048.82,1675.24,2369.53,7335.24,2221.45,2440.65,2050.84,2180.74,41.1744,1195.45,1164.92,792.4,2800.92,3374.21,4506.89,43159.4,16045.9,7.69868,2806.66,4488,7692.78,16423.7,2269.23,2309.86,2902.36,1739.59,919.72,14803.9,9392.07,1274.01,1354.97,2512.65,3082.35,6077.13,3834.94,1756.93,560.619,619.742,7674.73,37661,18531.2,1791.14,936.333,2610.34,4492.62,8294.83,1854.31,449.927,651.15,1623.86,2973.72,602.46,1968.93,1552.62,467.077,885.286,470.91,243.856,1346.63,1609.97,518.288,185.439,5483.62,68204.6,60483.9,7431.06,2053.95,1623.28,867.594,13876.4,3555.45,2119.33,1301.11,1645.74,2082.42,2525.51,312.366,987.499,219.804,759.239,521.019,2034.54,3361.99,1314.97,20.9665,209.064,1437.01,16618.2,11315.7,2353.63,75.7768,42.1961,1051.23,5703.78,800.594,2918.12,1904.72,41.8238,998.527,8923.97,5649.88,1109.42,1175.6,3376.59,1394.18,5953.84,4002.37,201.648,111.308,2183.46,340.687,13925.6,15565.4,2610.37,2256.83,2846.8,7879.98,34582.9,22359.6,1707.92,2707.52,1405.66,9.02575,5426.68,8892.54,2090.5,725.547,3529.21,6326.87,7824.5,13190.6,5265.54,720.511,72.2314,2258.65,18114.3,16818.2,2130.3,1372.15,897.619,1744.55,8180.09,3215.53,1801.57,1169.81,303.804,543.026,1572.2,1483.36,109.055,186.51,646.835,2237.06,713.337,2574.98,853.906,820.22,350.86,955.291
16.346848073,1904.93,2927.34,2881.51,2690.26,87.951,366.396,55.0242,1121.65,670.797,612.467,907.273,294.802,6984.58,31110.9,15088.9,2250.23,165.312,295.05,758.289,4541.84,4997.7,2800.04,1368.36,1001.87,3518.33,7841.04,4531.09,2421.95,1010.81,2485.51,199.365,789.107,761.009,1066.01,4051.76,4161.73,6950.52,41549.8,16710.7,56.7528,2916.59,4644.82,7282.58,15053.4,2588.53,1831.35,1542.2,1023.89,1815.27,14867.8,12461.3,1192.75,1135.52,3443.57,1493.68,5605.59,3618.27,2651.73,1657.81,1404.52,9216.15,34917.8,21174.4,2023.31,376.324,2567.02,3410.84,7913.58,1862.21,490.41,747.742,1756.33,4511.28,1734.66,3142.6,1236.45,189.1,1409.49,524.178,295.344,1551.3,2308.34,493.008,173.624,6584.22,63281.6,64064.6,8871.07,1477.89,1864.52,1166.98,13404.1,4966.05,2469.9,1252.23,1575.64,3930.55,3780.56,1025.92,902.066,299.73,567.049,841.362,2504.51,4219.22,1489.98,206.707,130.45,1225.13,15802.9,16066.2,3244.45,72.8994,37.605,1766.55,5711.34,1806.29,3144.2,2156.92,80.68,1812.64,8478.61,5462.3,1499.26,672.27,3838.83,635.34,5816.42,4722.27,287.642,203.407,2139.55,1270.27,14902.5,17522.2,1901.7,1408.1,1621.75,8060.7,32503.8,26827.9,4210.94,1609.44,1015.43,138.889,3890.23,8468.53,2357.97,668.207,3361.12,5037.91,4410.77,14860.4,5602.49,1054.59,226.498,3128.71,16837.8,15700.3,3259.06,867.167,630.57,1133.69,7677.71,4669.22,2415.98,1026.82,231.055,784.476,2137.73,1802.82,229.482,442.922,1157.1,2687.96,1076.2,3139.04,1400.12,1694.85,823.024,1651.45
17.832925170,2628.97,3773.68,3884.42,3018.49,629.029,801.18,175.616,1786.57,643.948,615.618,1217.39,442.617,8249.63,34704.2,16110.9,2427.58,491.847,457.546,392.65,4596.98,5054.94,2107.86,865.78,516.1,3976.89,7962.98,6633.98,2697.96,638.92,2938.91,331.271,521.262,622.765,1022.12,5952.01,4566.62,9076.43,40583.3,16704.1,291.432,2766.35,4542.88,5122.98,13911.6,3880.99,1346.5,579.443,639.124,2247.43,14964.8,15015.7,1279.11,1298.27,3836.32,361.772,5161.44,2644.34,3347.06,4028.47,3084.97,8170.21,32115.5,21965.7,1992.14,250.532,2555.26,1754.76,7956.01,1570.06,659.701,981.827,2266.52,6321.98,3942.15,4020.33,899.776,43.0064,1894.91,904.278,589.668,1347.2,2786.21,1170.84,503.627,5730.66,58956.2,62553.6,8842.46,879.656,1865.62,2534.42,12722.9,6520.57,3031.71,1351.12,1696.68,6042.99,5669.57,1953.82,729.089,347.082,475.717,1660.74,3758.65,4376.85,1464.17,681.131,196.896,841.05,15096.3,20202.4,4371.2,191.363,171.656,2404.24,5609.38,2902.16,3252.15,2469.49,327.256,2858.45,7614.88,4559.02,1693.56,249.067,3823.31,1199.54,6702.35,5254.5,264.046,392.081,2052.82,2204.25,16399.1,19710,657.941,1020.24,941.392,5909.27,29234.6,30126,7352.01,863.927,830.111,503.509,2592.1,8022.68,1923.17,706.554,2433.92,4637.04,2912.29,15663.7,4550.97,1725.74,703.859,3524.75,14392.2,14120,3364.32,678.693,408.562,375.334,7471.72,5659.53,3142.83,1145.6,186.068,979.473,3145.37,2193.53,404.391,727.681,2084.57,3958.47,2427.14,3189.09,1801.97,2920.26,1843.36,2975.16
19.319002268,2719.7,4769.7,3994.6,3179.56,1709.91,1556.66,763.961,2665.59,673.153,671.502,1721.91,444.879,8815.86,38747.8,14654.2,2439.23,1161.02,611.508,250.788,4247.2,4581.9,1157.97,619.928,298.934,3557.52,7622.66,7582.97,3207.51,1211.19,3758.24,349.919,535.451,535.451,889.103,7943.91,5477.19,8806.46,40812.1,15896.3,524.959,2671.64,3722.13,2618.29,12613.4,5685.42,785.801,199.774,466.084,1757.17,15318.7,16062.1,1751.13,1708.18,3870.32,7.9645,4726.16,1633.94,3548.54,7481.12,6455.12,4539.86,30557.3,20291.5,1781.39,560.125,2613.91,805.284,7996.42,1264.04,884.175,1417.13,2809.66,7697.31,7160.6,4599.05,485.865,119.784,2534.89,1530.12,929.414,1082.33,2585.18,2859.45,1876.36,2872.61,57036.5,56273.9,7359.92,270.661,2242.25,4702.37,10886.5,7821,3264.83,1560.35,2055.67,7403.24,8140.41,2934.76,412.73,437.869,644.026,2827.15,5211.31,4187.28,1045.67,1394.79,798.661,207.349,15751.3,21882.1,5371.98,602.299,529.694,2944.67,4922.96,3805.69,2965.13,2720.07,915.973,3725.71,6270.3,3250.22,1605.57,10.3195,3839.64,2860.15,7803.05,6270.22,73.9876,701.943,2557.82,1829.58,19311.1,21425.8,147.059,685.278,544.543,3553.21,23642.4,32584.5,9102.77,921.213,915.397,985.26,1819.02,7633.84,1117.8,723.388,1604.26,4765.8,3956.11,15945.5,2537.38,2799.19,1940.11,2776.04,12174.8,11778.1,2672.65,674.141,393.829,257.629,7032.71,5931.93,3458.3,1669.57,148.107,1049.27,4629.86,2523.63,462.908,1047.64,3588.16,5766.68,4009.73,3125.78,1599.77,4280.34,4133.49,4777.49
20.805079365,2293.35,5643.54,3237.32,3091.21,3033.22,2601.6,1971.81,3623.53,830.47,837.703,2351.37,418.386,9030.03,42818.8,12171.4,2398.62,2184.99,690.13,310.053,3715.36,3608.8,433.893,538.969,349.221,2544.02,6793.93,7022.1,3819.4,2555.04,4787.35,484.613,748.114,475.061,858.66,9474.69,7417.58,6014.63,42581.1,15076.2,613.437,2623.87,2413.55,735.087,11445.1,7185.86,305.583,172.542,467.663,804.632,15821.6,15216.3,2505.35,2237.44,3588.89,513.064,4332.12,987.409,3430.79,11283.4,11459.8,855.096,30614.4,17375.5,1370.89,1395.13,2646.22,1044.5,7974.08,1222.8,1183.91,1946.63,2850.94,8452.32,10641.8,4930.73,141.31,464.938,3218.95,2459.86,1215.84,698.994,1978.76,4891.38,5112.31,209.436,59060.3,47992.1,4828.63,328.317,3254,6065.7,8732.43,7915.6,3096.52,1597.68,2321.36,7597.76,10810,3860.67,112.473,566.545,1061.49,4105.48,6407.21,3622.56,502.116,2153.3,2269.47,111.815,18130.4,20659.4,5686.92,1452.19,1242.34,2991.49,3938.37,4040.07,2338.21,2675.15,1830.59,4003.67,4660.05,1984.94,1224.96,123.006,3931.67,4980.89,8804.4,7155.21,172.352,1495.36,4065.4,554.657,23874.7,23349.2,469.027,376.831,374.006,1637.61,17842.9,32937.5,8888.53,1314.57,1525.21,1685.2,2102.51,7343.43,403.476,585.601,1124.54,5435.96,7252.44,15167.5,1085.12,3879.52,4306.55,1443.44,10955.4,9304.37,1704.93,890.026,490.374,752.185,6605.15,5170.98,3250.63,2381.84,210.31,1341.36,6280.16,2787.65,359.375,1386.01,5277.06,7924.31,5194.42,2741.16,1006.31,5390.26,8151.38,6912.08
22.291156463,1726.78,6102.92,2075.2,2766.93,4159,3686.28,3633.71,4490.57,1080.67,1072.46,3048.43,534.549,9778.2,45823.3,10925.5,2512.18,3480.57,693.563,410.41,3162.44,2467.55,89.0537,534.938,598.341,1414.54,5595.33,5257.54,4285.4,4197.25,5695.42,1010.19,1028.78,438.6,969.158,10149.6,10312,3120.19,46052.8,14800.8,660.814,2389.69,1208.43,102.143,10386.5,7950.94,82.0095,330.194,734.847,467.231,15933.7,12900.3,3090.38,2798.33,2988.39,1447.43,4117.48,821.253,3111.06,14727.9,17083.4,367.235,31902.1,14936.6,864.563,2613.94,2616.93,2033.24,7934.71,1673.19,1491.25,2434,2241.36,8550.93,13311.7,5162.44,3.87935,962.318,3924.26,3430.82,1296.78,351.022,1346.71,6467.04,10132.1,1431.73,65437.1,40658.9,2398.37,1786.03,4626.91,5992,6425.74,6797.88,2553.31,1400.37,2216.41,6796.81,12904.9,4827.69,2.82101,715.785,1465.01,5283.05,6908.81,2807.01,93.9939,2879.81,4653.9,1792.58,21588.7,17324.3,4999.45,2714.02,2267.52,2450.91,2880.47,3509.11,1555.92,2317.31,2851.79,3584.51,3089.74,1013.3,735.581,596.625,4073.26,6590.79,9091.8,7606.34,864.116,2996.27,6755.32,270.219,30021.7,25579.4,1267.49,182.113,459.671,450.582,13445.5,30235.6,7563.36,1562.78,2779.41,2921.13,3665.22,7263.29,76.5026,353.009,934.171,6522.93,11091.5,13627.1,868.908,4763.5,7621.51,818.786,11089.7,7506.07,951.08,1340.4,588.379,1489.03,6223.92,3663.1,2585.2,2989.83,596.068,2174.01,7740.55,2930.91,171.048,1692.51,6674.39,9791.14,5603.96,2067.16,429.99,5951.13,13779.4,9500.92
23.777233560,1391.59,5963.89,1090.71,2389.35,4620.6,4519.12,5231.39,5110,1340.79,1221.04,3754.14,1028.39,11675,46448.9,12293,3185.07,4792.27,657.801,473.379,2584.82,1491.69,86.9794,571.244,885.78,571.981,4186.75,3163.08,4248.79,5628.98,6085.95,1932.62,1363.58,387.048,1069.16,10172.1,13047.5,3584.12,50754.8,15612.9,860.691,1892.98,446.801,520.824,9516.83,7874.71,253.279,671.736,1270.2,1292.47,15449.6,9820.53,3140.58,3243.63,2199.13,2277.54,3947.16,1016.51,2811.2,16911.6,22196.7,4729.18,33050.2,14307.6,655.611,3675.16,2473.54,3219.61,7585.59,2608.35,1821.21,2648.52,1288.26,8042.24,14322.6,5383.85,132.873,1421.21,4380.45,4320.84,1105.6,169.546,847.341,7335.54,15402.4,9209.03,74839.8,36615.5,1207.1,4180.32,5956.82,4808.42,4253.56,4888.28,1884.58,1004.83,1773.59,5323,13851.8,5896.98,213.974,807.667,1651.61,6114.82,6588.81,1866.72,50.3233,3541.16,7722.99,5884.17,24495.1,13572.1,3417.73,4309.05,3192.25,1640.66,1815.4,2601.02,801.557,1812.26,3562.23,2710.96,1772.46,467.843,372.23,1166.74,4040.66,7289.44,7974.49,7746.07,2109.44,4710.71,10200.4,3241.96,37518,27261.8,2032.12,144.634,525.977,61.1197,11051.1,24873.3,6081.52,1458.66,4453.03,4976.36,6466.35,7209.68,185.263,190.995,1087.03,7551.18,13667.5,11492.7,1818.54,5540.4,11231.6,2019.82,11951.7,7069.98,820.597,1724.15,656.937,2231.29,5553.48,2168.98,1649.29,3323.2,1343.35,3494.96,8830.35,2879.94,36.5934,1860.56,7284.25,10999.4,4981.04,1439.31,75.3464,5847.74,19748.9,13549.6
25.263310658,1358.76,5291.97,725.95,2138.71,4177.17,4870.71,6236.38,5209.62,1595.3,1154.45,4286.42,2184.07,14420.6,43837,15817.6,4807.27,5678.43,649.427,457.934,2026.38,820.009,223.764,644.948,1090.69,180.471,2859.47,1484.2,3582.45,6414.78,5723.78,2967.86,1708.11,340.577,1107.77,9598.52,14514.1,9199.13,56048.4,17525.4,1250.39,1310.39,79.9957,1356.87,9087.25,6772.34,862.205,1281.64,2000.21,2962.18,14159.3,7080.23,2494.31,3450.26,1333.49,2681.68,3558.27,1430.78,2536.23,17119.7,26102.6,12651.8,32608.1,15428.1,1280.86,3924.83,2247.45,3931.07,6848.25,3650.35,2124.34,2409.78,454.471,7175.35,13466.7,5397.78,527.918,1698.91,4371.67,4888.87,821.964,91.9818,656.306,7439.96,19059,23165.9,84410.3,36173.8,1624.04,6306.39,7108.88,3058.59,2643.45,2821.09,1320.92,562.553,1176.57,3815.24,13186.8,7031.83,782.473,781.952,1564.73,6457.15,5533.04,1033.94,313.814,4191.56,10993.6,11668.8,25309.4,10640.2,1697.64,5972.76,3585.93,897.297,938.264,1651.15,315.437,1255.69,3825.76,1580.72,942.571,259.187,197.944,1533.03,3724.13,6886,5779.8,7310.7,3676.89,6022.55,13457.5,10640.2,44990.6,27546.2,2424.84,178.831,463.335,304.296,10002.3,18439.6,4881.23,1104.98,6224.19,7590.3,9485.81,7433.56,473.09,82.6351,1436.73,8138.52,13883.8,9116.35,2984.43,6523,14101.9,5091.96,12750.8,7786.08,1398.89,1758.39,702.947,2692.69,4595.92,1099.39,828.35,3212.15,2277.94,5079.15,9287.11,2654.33,24.2996,1864.77,6894.54,11104.7,3856.45,893.856,66.5361,5374.59,24103.9,19628
26.749387755,1484.17,4282.46,1075.82,2056.89,3042.85,4619.76,6250.84,4810.42,1675.43,888.53,4469.83,4036.79,16817.4,38139.9,19438.1,7359.97,5797.9,683.486,337.884,1612.3,395.798,307.372,757.497,1180.92,227.583,1797.52,536.826,2547.69,6312.79,4675.14,3687.86,2053.04,281.735,1110.46,8302.16,14482.7,18615.9,60428.3,20546.6,1619.55,832.051,12.0502,2272.28,8519.44,5220.76,1567.31,2042.34,2942,4674.2,11982.4,5332.7,1589.1,3296.93,643.959,2405.26,3106.9,1629.37,2166.79,15417.7,28292,20448.5,30030.7,16889.5,2977.78,3319.59,1930.14,3712.27,5857.93,4248.87,2263.61,1844.52,33.06,6181.93,11280.1,4859.85,1114.67,1780.24,3698.14,5188.2,608.33,84.5501,697.886,6878.83,19972.9,38873.9,91766.6,37044.7,3166.35,7357.32,7860.73,1625.02,1498.81,1286.99,942.837,288.866,675.013,2794.11,11029,7862.99,1661.96,663.957,1341.72,6137.2,4163.94,458.588,638.495,4948.1,13565.1,17290.9,23459.4,8759.19,873.714,7217.59,3372.07,383.171,391.582,903.858,127.514,839.26,3533.63,694.878,559.942,130.896,251.063,1581.51,3016.19,5777.64,3165.94,6406.7,4837.89,6805.2,15247.2,20762.6,51503.1,25478.4,2438.71,257.269,514.975,1168.43,8845.67,12553.3,4025.96,731.228,7799.56,10092.4,11314.1,7938.08,783.243,10.4967,1758.25,8012.41,11827,6787.85,3437.42,7680.32,15362.4,9013.61,12735.6,8698.05,2534.9,1449.54,685.639,2721.15,3484.45,562.455,377.514,2651.52,3133.18,6365.69,9085.96,2253.8,132.519,1778.65,5464.47,10333.6,2655.99,500.192,329.131,4962.16,25036,27111.1
28.235464853,1428.1,3286.18,1809.29,2033.98,1743.16,3798.01,5358.3,3944.21,1562.06,528.664,4245.03,6093.38,17720.1,30084,21084.3,9958.39,5335.53,649.605,249.818,1311.99,146.49,297.415,872.363,1183.65,599.993,1046.3,178.736,1709.79,5344.4,3305.38,3729.86,2297,296.637,1135.38,6326.93,13216.6,27700.8,62822.3,23709.2,1757.56,477.257,173.047,3094.89,7502.52,3638.12,1857.83,2800.71,4179.6,5351.81,9414.52,4484.75,1130.37,2905.48,191.365,1768.55,2504.93,1509.28,1521.47,12676.8,28227.9,24737.9,24918.4,17647.7,5198.95,2349.51,1396.6,2915.5,4473.41,4282.94,2026.39,1251.9,139.204,5072.13,8644.15,3619.27,1783.71,1629.53,2707.85,4974.39,737.923,146.06,870.027,5497.21,18725.4,49774.8,95071.6,36727.9,4670.75,7383.14,7545.91,1095.23,934.156,403.842,717.672,421.515,454.727,2267.75,8158.29,7870.78,2666.98,553.613,1155.84,5209.73,2860.6,172.803,847.978,5662.52,14695.6,20722.9,19246.3,7550.52,1514.29,7660.07,2687.32,163.319,161.855,449.447,101.991,618.234,2872.94,365.236,409.919,19.4416,523.467,1426.52,2062.55,4301.08,1185.37,5080.1,5221.7,6531.34,15466.3,29678.7,55430.2,21827.2,2021.43,415.376,735.1,2358.39,7152.27,7828.17,3305.65,818.708,8576.41,11629.1,11337.3,8113.97,1266.46,34.7878,1964.55,6928.18,8720.78,4492.92,3057.99,8231.72,15228.1,11914.1,11496.7,8967.8,3743.01,1068.5,540.131,2409.9,2412.85,381.527,269.646,1866.33,3614.65,6806.87,8292.38,1788.44,289.007,1656.4,3536.35,8761.25,2020.8,306.174,564.484,4493.42,22862.2,32913.7
29.721541950,1041.2,2462.38,2367.17,2113.44,645.096,2631.54,4045.66,2650.75,1446.3,244.112,3654.92,7471.77,16476.1,21164,19632.2,11485,4494.62,537.913,217.958,1137.63,53.6342,239.505,859.119,1241.76,1003.09,640.643,57.046,1412.96,4130.61,1840.48,3237.29,2207.28,515.225,1227.6,4016.38,11278.1,31488.3,63848.3,24642.9,1776.03,185.256,475.045,3812.26,6005.24,2228.71,1599.1,3485.02,5416.32,4708.9,6742.98,4315.29,1492.63,2415.32,19.4363,1109.24,1792.46,1171.32,740.599,9672.99,25717.4,23771.9,18234.5,16855.8,7052.7,1419.5,733.274,1973.74,2937.9,3748.3,1479.51,712.019,619.659,4146.17,5843.19,2210.24,2216.1,1436.66,1745.01,4499.03,938.513,246.15,1147.11,3535.09,16659.2,50208.7,94792.6,33114.1,5362.83,6590.96,6149.64,1330.39,716.958,160.45,570.089,978.95,569.594,1929.41,5479.59,6703.74,3668.91,483.757,1040.11,4077.24,1699,164.242,994.398,5880.88,14134.9,20659.1,13921.8,6351.26,3226.95,7309.56,1836.11,161.538,115.639,195.473,137.815,520.479,2267.4,409.15,335.251,29.0606,961.937,1260.34,1284.56,2805.92,236.859,3591.74,4905.97,5105.1,14471.7,33193.9,56218.9,17651.3,1310.69,677.662,965.012,3451.94,4991.56,4505.83,2484.29,1434.27,8407.56,11551.2,9552.72,7663.59,1933.74,223.337,2005.25,5133.49,5560.81,2600.09,2070.34,7686.5,13963.6,12308.7,9330.68,8101.46,4597.18,766.376,340.609,1843.8,1576.74,324.062,298.83,1191.8,3415.98,6382.4,6792.12,1579.14,374.25,1635.25,1730.68,6974.25,1801.66,254.239,755.032,3690.95,19329.6,33177.8
31.207619048,491.269,1857.65,2324.64,2185.64,71.8341,1534.9,2615.1,1392.31,1334.19,310.071,2769.24,7702.71,12931.7,13500.5,14827.3,11724,3286.51,481.139,227.701,1038.06,128.727,169.261,712.831,1380.07,1110.01,525.599,13.8332,1730.03,3123.46,784.221,2345.61,1859.76,885.062,1227.42,2037.65,9292.53,27843.9,63925.9,22182.2,1806.34,8.38359,901.29,4254.81,4372.27,1117.83,1014.2,3845.29,6325.31,3096.5,4483.8,4193.52,2419.53,2117.58,60.6373,583.944,1159.65,749.635,175.742,6782.42,21498.2,17955.6,11860.7,13885.1,8247.01,653.03,222.732,1192.79,1583.11,2859.02,846.504,324.552,1099.07,3352.17,3343.4,1149.33,2314.07,1331.92,1394.09,3648.8,1101.45,407.849,1263.34,1829.52,14508.2,39769.7,91928.1,26499.5,5295.61,4851.07,4616.74,1770.56,586.031,208.18,543.686,1657.52,999.45,1516.77,3434.69,4656.19,4397.71,594.847,963.441,2908.91,935.957,294.903,1305.15,5130.83,12344.4,16910.2,9203.75,4518.92,5243.35,6371.43,1196.56,181.225,112.381,68.2911,202.386,434.863,1924.16,498.321,308.261,243.101,1579.87,1230.53,1125.07,1533.68,10.8382,2494.95,4000.76,2942.32,13152.2,28937.8,54837.8,13656.3,748.878,808.441,1298.46,4046.49,2887.73,2233.95,1795.42,1940.76,7825.65,9463.13,6977.67,6308.4,2709.59,635.545,1795.84,3247.99,2998.24,1412.81,939.823,5964.94,12045.5,9849.42,7001.25,5969.22,5103.82,522.363,183.069,1256.89,947.419,286.098,278.664,746.1,2649.43,5186.74,4899.85,1744.84,448.592,1688.55,913.42,5045.4,1762.8,366.582,817.609,2629.37,16080,26326.7
32.693696145,92.3583,1397.56,1775.08,2120.31,44.2701,773.269,1456.27,483.805,1190.74,835.538,1910.24,6732.44,8464.14,7966.52,8326.48,11056.8,1866.19,595.406,158.562,1111.02,349.818,69.4027,542.784,1473.29,903.737,557.767,53.6305,2434.99,2626.98,452.96,1327.11,1327.57,1285.28,1103.03,922.247,7219.65,19446.8,62163.4,18051.4,1769.19,144.922,1608.68,3785.89,3351.42,308.215,327.382,4140.07,6245.98,1554.37,2704.07,3829.78,3146.14,2274.17,152.555,418.176,595.995,401.265,119.563,4392.35,16149.5,10646.3,6668.63,9486.48,8763.75,230.317,6.0153,866.052,739.348,1753.74,516.954,111.945,1259.87,2606.57,1359.89,865.91,2320.64,1652.17,1600.17,2620.69,1065.73,557.556,1284.86,1000.32,12042.5,24715.7,85659.2,20530.6,4717.1,2615.79,3705.24,1680.9,607.122,272.678,514.74,2364.26,1702.36,775.404,2120.71,2815.75,4168.76,1014.18,894.887,1919.51,681.537,505.017,1967.88,3542.93,9744.38,11541.4,5385.79,2527.02,6504.98,5452.03,717.359,94.6685,173.701,42.0725,310.453,473.891,1681.62,486.667,388.011,499.438,2226.52,1787.23,1602.75,631.294,216.359,1740.44,2920.03,1073.91,11616.2,19659,50745.8,11666.2,458.707,553.214,1857.79,3887.9,1391.21,797.28,1328.23,1816.63,7255.3,6071.65,4278.85,4643.72,3176.69,1173.85,1422.48,1774.78,1502.72,794.731,333.022,3564.06,9900.5,5835.49,4914.51,3421.25,5158.38,444.998,88.1063,835.093,475.515,245.267,194.328,419.858,1932.27,3375.15,3145.76,2037.9,711.521,2005.74,1210.24,3255.42,1663.79,578.189,633.112,1634.87,13582.8,15497.6
34.179773243,84.1756,982.554,1120.09,1883.14,352.166,331.962,759.445,116.5,1051.55,1605.87,1218.21,5271.09,4885.33,4621.45,2772.87,10044.9,698.137,932.687,29.875,1466.01,650.16,12.0146,369.148,1463.17,538.766,647.325,284.096,3184.81,2700.66,712.812,526.501,835.141,1428.64,959.37,648.017,5192.73,11015.1,57934.5,14875.2,1648.24,905.203,2602.46,2466.99,2935.11,58.7552,58.2979,4556.84,5030.61,695.673,1596.93,3088.08,3218.82,2831.97,227.429,533.716,288.625,193.981,430.963,2506.75,11022.5,4813.56,3157.49,5141.26,8602.24,387.277,105.627,887.917,704.705,1022.59,429.38,109.166,1001.32,2010.26,207.05,1231.9,2938.05,2869.69,1837.91,1629.53,908.509,626.529,1344.97,1239.79,9176.84,11949.6,77058.6,17857.3,4223.2,1001.08,3185.79,1218.07,661,355.995,427.758,3048,2704.17,188.059,1415.21,1788.86,3054.12,1606.17,792.988,1327.66,1103.96,931.943,2851.35,1757.18,6736.17,6796.07,2663.61,891.819,6625.52,4756.29,315.631,6.30953,316.103,180.026,487.913,754.565,1520.38,320.636,517.352,651.361,2797.8,3160.9,2553.42,191.643,685.87,1067.6,2135.45,668.319,9649.21,10287.4,44526.2,11599.5,403.595,163.556,2570.81,3235.02,524.114,125.394,1106.42,1357.92,6449.5,2924.48,2064.38,3049.16,3153.35,1674.5,1009.69,973.659,1071.06,580.948,643.96,1404.45,7854.19,2219.25,3477.14,1392.02,4808.85,516.217,48.9391,553.611,208.853,238.102,172.833,199.597,1535.35,1662.42,1738.63,2112.6,1501.63,2786.5,2160.12,1839.07,1362.48,750.469,376.019,1234.65,11492.9,5920.8
35.665850340,484.36,633.498,624.48,1575.75,733.751,131.129,465.626,164.311,921.776,2331.97,762.712,4227.52,3281.25,3186.8,137.772,9123.08,422.562,1481.15,154.565,2108.03,937.024,11.0907,242.212,1314.76,264.942,710.054,788.458,3727.41,3124.78,1195.78,168.922,496.692,1183.55,878.358,923.673,3472.1,6088.8,51484.2,14391.4,1731.66,2419.95,3517.21,1049.68,2849.78,559.84,506.144,5112.02,3314.37,452.341,1211.32,2145.37,2661.43,3668.29,409.521,652.584,237.103,139.829,793.6,1163.79,7017.84,1823.12,1278.39,2135.24,7917.81,1081.67,535.562,1209.95,1381.89,936.875,467.538,486.616,555.611,1660.43,87.7836,2080.67,4639.2,4967.68,1873.07,862.678,793.884,580.405,1514.03,2271.25,6187.93,5477.09,67497.4,19829.9,4202.9,674.463,2841.83,802.746,642.271,522.211,237.073,3889.06,3898.97,398.752,1269.41,1599.97,1821.61,2021.74,847.716,1271.54,2143.75,1755.8,3611.02,454.464,4043.07,3633.89,1001.63,66.053,5890.7,4280.46,59.692,66.045,493.175,491.022,804.495,1286.03,1393.11,134.471,583.275,694.004,3142.1,5013.97,3925.98,355.54,1352.83,469.215,1826.87,2064.17,7375.42,4535.13,37337.2,12461.7,552.847,0.140264,3037.51,2701.66,112.235,90.9834,1122.53,1326.07,5183.13,940.68,814.135,1760.65,2731.03,1865.07,765.18,768.062,1374.14,758.49,1679.11,198.724,6217.02,526.092,2711.57,642.74,4335.53,527.852,30.6785,402.383,186.661,277.386,378.954,224.433,1387.8,559.253,738.398,1919.44,2736.26,4031.18,3254.34,880.177,1034.95,716.021,212.932,1563.23,9469.01,1448.26
37.151927438,1168.73,450.521,427.115,1217.96,979.787,120.26,376.991,359.572,857.055,2630.22,721.939,3984.44,3666.46,3172.11,659.445,8604.81,1386.01,2064.56,737.779,2966,1289.54,40.0524,172.78,1095.53,177.303,719.226,1579.32,3819.12,3560.72,1641.69,144.466,313.504,736.826,862.392,1262.74,2297.73,5333.65,44012.2,16253,2342.74,4455.65,4008.2,167.413,2949.88,1728.45,1618.65,5732.29,1882.32,483.524,1300.09,1381.15,1800.63,4649.51,837.299,613.958,322.383,186.984,880.309,326.265,4504.56,1197.57,530.425,1053.12,6788.99,2032.58,1190.65,1834.13,2393.12,1367.38,730.869,1225.69,315.071,1492.69,1026.92,3543.12,6905.55,7157.03,2094.66,503.176,779.735,639.921,1466.87,3633.72,3567.57,4392.49,59798.4,24933.6,4085.3,1651.38,3038.98,493.58,471.365,787.981,111.91,5140.1,4963.96,1389.73,1864.59,2201.82,858.761,2124.47,1207.05,1751.75,3569.97,3051.94,3787.65,7.09941,2236.57,1899.23,204.843,145.378,4889.56,3937.74,5.14438,257.968,725.208,1006.28,1156.78,1776.33,1462.66,57.4084,543.183,634.615,3101.21,6699.25,5683.21,1145.18,2115.43,252.434,1910.43,4368.47,5536.53,3425.9,30057.7,12990.4,885.038,134.548,3062.14,2553.75,52.6885,508.207,1319.43,2074.62,3807.26,110.197,408.879,1131.74,1942.82,1731.08,721.047,843.81,2023.41,1409.45,2767.4,141.892,5354.48,960.251,2434.21,1324.89,3926.73,376.726,20.6749,370.796,352.81,401.105,832.923,587.01,1348.81,68.9996,221.994,1655.04,3901.2,5214.83,4378.21,356.589,717.669,603.315,57.2899,2319.31,7894.38,2311.45
38.638004535,1948.03,584.798,385.292,838.122,1010.49,187.432,399.336,544.594,784.385,2480.48,1150.74,3854.04,5450.97,4330.3,2829.88,8197.46,3625.17,2681.9,1567.01,3765.51,1940.79,112.833,262.308,756.246,254.86,846.252,2474.35,3281.13,3810.72,1815.73,283.875,268.491,371.239,906.749,1295.32,1699.77,6718.35,37261.2,18211.9,3564.91,6561.5,3937.57,59.5627,3175.65,3245.81,3001.03,6177.98,1225.76,643.093,1471.19,927.906,1172.92,5666.25,1426.52,455.714,444.747,280.155,697.296,23.5555,3129.38,1526.55,460.243,1540.78,5078.79,3029.32,1970.66,2525.88,3248.15,2235.1,1314.29,1926,438.071,1613.81,2679.31,5596.67,8930.12,8296.17,2819.86,825.585,1158.43,877.904,1090.35,4853.99,2260.49,4638.17,56484.6,30816.6,3205.79,3560.07,4087.79,329.476,168.787,1257.45,483.858,6474.53,5818.89,2646.21,3094.17,3419.34,413.358,1995.6,1775.8,2606.89,5056.92,4510.18,3367.4,294.089,1122.2,1184.57,91.0909,702.698,3856.54,3849.47,115.815,400.229,1016.37,1770.01,1341.29,1998.83,1843.71,233.627,377.392,548.406,2597.65,7858.48,7339.75,2344.47,2927.9,743.031,2345.14,5994.04,4742.23,5216.35,23317.3,12348.8,1193.06,483.735,2943.2,2527.32,278.855,1197.26,1624.91,3071.69,3055.59,33.7198,313.125,1119.07,1093.78,1495.5,754.382,882.626,2854.43,2498.84,3197.05,1025.43,5352.73,2453.02,2457.49,2952.96,3687.52,145.265,42.9404,338.66,596.081,743.178,1371.33,1114.58,1349.29,75.1054,64.0642,1415.09,4597.78,5664.99,5369.53,429.963,519.315,425.212,19.376,3570.57,7333.97,4763.5
40.124081633,2675.84,1081.37,328.979,577.041,874.169,250.471,433.415,667.989,609.605,2085.98,1930.7,3354.48,7457.78,6371.86,4669.64,7768.14,6556.97,3448.58,2083.92,4315.39,3091.69,312.532,512.94,415.192,373.993,1170.51,3247.7,2221.38,3851.87,1646.27,442.315,306.663,293.404,991.188,970.418,1703.56,7635.45,31652.4,18566.3,4967.46,8179.56,3494.22,386.75,3576.29,4896.65,3903.81,6239.97,1535.64,990.235,1370.39,695.286,1348.44,6579.69,1943.02,266.689,519.575,378.468,401.677,330.839,2657.2,1392.9,842.98,2792.87,3125.16,3789.32,2932.94,2746.21,3788.18,3373.25,1983.02,2274.36,938.126,1983.72,4194.79,8107.33,10009.7,7817.44,4167.79,1979.88,2075.79,1233.82,580.823,5612.94,2920.62,3831.84,57350,36913.8,1520.19,6305.14,6395.55,355.95,125.535,1870.92,1376.02,7375.16,6579.66,3363.96,4533.1,5148.91,691.023,1762.77,2173.27,3717.51,6238.84,5341.25,2846.63,834.755,519.766,838.733,413.872,1289.97,2804.86,4045.9,380.045,311.189,1415.69,2787.73,1266.69,1931.78,2619.25,697.386,166.932,445.897,1899.88,8122.01,8378.91,3669.59,3468.79,1915.85,3232.7,5959.47,4801.38,7245.37,17112.3,11001.9,1110.58,878.052,2960.49,2145.12,856.737,2139.54,1957.44,3411.47,3326.36,197.108,135.908,1760.21,682.332,1520.66,645.941,976.61,3529.03,3622.64,3131.09,2274.16,5728.69,3939.4,2557.95,4467.33,3963.52,3.73992,187.144,190.815,883.925,1449.98,1717.67,1478.61,1475.26,283.466,50.341,1278.25,4768.76,5069.02,5951.29,1356.3,478.653,419.652,324.018,5356.27,7807.5,5714.04
41.610158730,3282.29,1936.15,242.868,512.377,622.011,289.033,381.515,792.467,284.916,1764.93,2492.89,2575.85,8612.38,9194.51,5092.33,7106.78,9337.75,4264.62,1927.67,4630.39,4632.27,836.058,839.365,156.668,446.071,1563.3,3832.34,977.814,3878.86,1266.19,599.781,494.593,485.539,907.222,491.27,2171.98,6629.51,27135.1,16831.2,5647.53,9185.12,2890.51,672.524,4421.58,6226.76,3964.81,5726.74,2687.46,1764.97,981.058,680.231,2388.47,6949.86,2456.29,63.4752,647.333,338.057,209.705,923.108,2834.23,642.023,1771.1,4366.45,1350.75,4287.48,3856.59,2276.76,4022.21,4339,2545.85,2155.86,1702.93,2407.7,4806.8,10802.6,9861.22,6006.39,6082.74,3475.66,3274.17,1953.72,68.3986,6204.89,4761.08,2740.73,60489.6,43488.7,73.4583,10638.3,9958.77,802.921,567.457,2454.82,2597.84,7531.63,6975.8,3178.39,5711.48,7286.87,1660.65,1352.92,2322.13,4544.49,6929.68,5131.01,2401.05,1164.5,227.129,559.667,996.367,1834.69,1515.04,4657.36,861.702,74.4326,2124.61,3673.85,1091.89,1614.8,3770.49,1515.34,73.6194,312.948,1362.06,7257.24,8688.86,4403.86,3770.93,3240.21,4183.84,4672.48,4957.53,7868.99,11547.7,9365.04,596.751,1497.31,2883.03,1500.75,1812.23,2937.79,2278.75,2897.1,4320.08,612.192,57.3679,3046.42,1180.44,1865.68,489.051,1089.26,3979.52,4224.47,2772.18,3238.44,6034.81,4859.83,2503.88,5046.61,4985.45,276.221,511.783,27.8233,1285.78,2247.12,1890.87,1526.99,1569.27,592.48,115.897,1145.62,4606.12,3467.29,6160.07,3108.81,811.118,751.73,1173.58,7149.79,8878.49,4350.79
43.096235828,3720.99,2993.21,296.855,562.156,356.426,263.982,295.996,823.535,46.6369,1570.42,2498.51,1638.42,8681.98,12339.5,4204.73,6175.73,11363.2,4806.54,1284.97,4555.65,6085.5,1957.8,1218.17,16.8809,433.393,1804.26,4291.4,138.815,4007.82,1003.23,741.218,905.044,862.495,644.995,184.896,2685.5,4109.2,23333.1,13953.6,4951.09,9897.7,2332.01,874.675,5414.23,6950.11,3194.59,4754.52,4207.15,3067.68,795.078,896.974,3656.26,6758.05,2819.1,3.09149,777.81,247.424,128.378,1418.91,3417.6,35.6129,3356.87,6153.23,267.001,4630.14,4281.79,1502.48,3702.61,4970.47,2736.48,1692.86,2482.69,2689.85,4338.62,13006.4,8953.51,3665.11,8330.76,4930.16,3916.3,2999.49,202.807,7073.19,6302.71,3063.27,63586.1,50584.6,1050.02,16234.2,14219.7,2043.76,1533.09,2985.66,3443.08,7133.17,6526.9,2347.21,6265.1,9566.71,3096.64,831.315,2256.5,4724.95,6666.47,4349.38,1782.47,1275.98,74.7562,302.254,1685.88,2473.32,426.235,5615.89,1635.63,36.0237,2907.98,4336.89,881.572,1335.67,4943.65,2684.23,313.993,235.782,1148.72,5428.27,8371.62,4153.48,3672.09,4554.81,4424.12,3189.33,4376.16,7148.87,6535.77,7924.88,151.407,2424.9,2641.79,784.633,2917.42,3616.58,2202.66,1991.93,5382.77,1769.28,588.683,5015.56,2727.08,2421.11,416.356,1095.75,4198.72,4054.87,2187.92,3553.44,5914.31,5010.06,2123.04,4758.84,6445.21,1232.74,1100.11,47.2241,1929.91,2877.35,1749.01,1330.43,1486.63,967.496,276.622,853.793,4344.22,1521.26,6300.61,5166.39,1455.21,1390.25,2669.63,8932.96,9236.03,2138.4
44.582312925,3903.28,3886.34,685.004,704.244,117.661,210.049,211.137,734.326,38.6892,1471.82,1989.62,788.383,7922.99,15141.6,2812.18,5398.34,11926.7,4990.77,525.069,4082.31,6911.88,3685.45,1656.26,27.1967,334.826,1837.62,4458.56,299.214,4324.3,1054.3,923.065,1454.56,1272.26,406.638,99.0986,2971.87,1437.69,20329.3,11071.2,3501.86,9921.73,2237.58,948.358,6512.9,6563.43,2109.74,3496.29,5620.37,4526.77,1297.5,1460.67,4714.5,5658.29,3256.22,148.531,773.145,231.311,122.153,1677.86,4019.24,401.732,5714.95,8153.63,295.554,4562.93,4285.35,653.941,3053.74,4949.42,2599.68,1064.02,3043.32,2668.49,3160.08,13946.7,8246.31,2114.3,10083.9,5679.23,4051.76,3742.71,1389.38,8495.79,6606.66,5110.81,65398.9,56969.4,5610.8,21032,18819.2,4182.96,2784.2,3315.85,3495.73,6237.38,5277.13,1360.42,5984.91,11800.2,4620.1,321.368,2056.6,4126.88,5550.94,3430.1,949.161,1418.89,0.449605,87.0248,2504.78,3267.7,296.472,6355.05,2824.23,411.6,3796.09,4377.59,840.256,1287.84,5753.47,3987.37,1016.14,316.916,1209.84,3365.08,7264.03,3275.59,3020.96,5668.89,3844.15,1963.84,2968.9,5729.38,2614.93,6913.78,250.637,3066.56,2605.73,298.955,4025.87,3786.44,1881.68,1035.37,6173.21,3747.07,2185.22,7842.25,5129.65,2710.15,543.991,1229.71,3778.64,3510.19,1280.24,3523.71,4868.72,4736.22,1330.85,4251.87,7547.62,2881.7,2071.65,507.239,2791.42,3072.73,1374.65,971.672,1206.29,1323.56,563.806,424.012,4182.89,284.066,6082.11,7069.58,2495.8,2102.71,4122.65,10736.5,8272.79,556.577
46.068390023,3792.16,4303.82,1391.11,900.46,3.35935,176.245,155.901,566.786,204.652,1483.17,1187.36,271.32,6854.08,17073.9,1952.79,4865.31,11007.8,4706.63,63.2102,3372.3,6715.8,5627.25,2318.73,172.408,163.148,1736.39,4132.57,1531.34,4992.21,1401.27,1016.27,2112.58,1644.38,221.225,165.417,3017.13,77.5741,17981.4,9222.92,2395.57,9003.83,2459.01,1114.97,7650.2,4997.2,1236,2305.56,6575.33,5475.14,2440.9,2628.78,5156.91,3964.98,3722.5,509.811,630.543,263.619,183.666,1624.76,4403.78,2011.26,8903.93,10256.3,1230.38,4062.61,3995.4,95.5836,2252.8,4245.85,2308.92,524.672,3227.99,2327.09,1851.36,13337,8395.6,2186.49,10789,5447.88,3620.67,3979.14,3173.39,10222.7,5925.39,7541.45,65893.2,60355.8,12098.8,23830.2,22715.1,6655.79,3953.14,3349.7,2775.85,4902.48,3756.46,545.487,5122.18,13415.3,6003.72,59.5592,1804.1,2941.89,3984.32,2554.18,267.879,1650.68,100.127,58.4628,3550.94,4143.99,1120.81,6707.52,4186.83,1289.97,4663.97,3706.58,976.994,1607.48,5839.22,5008.7,2214.02,751.002,1228.95,1813.76,5509.97,2216.35,2161.56,6119,2869.94,1037.22,1426.69,4134.24,460.489,6251.78,1008.93,3056.3,2784.52,483.76,4993.9,3225.02,1565.35,422.259,6682.29,5742.69,4815.89,11568,7862.13,2510.38,758.698,1593.92,2773.57,2788.79,465.022,3229.39,3262.69,4128.52,609.756,3848.07,7653.66,4898.46,3465.16,1567.56,3539.73,2837.4,869.42,616.099,786.053,1576.34,943.923,152.27,4112.83,280.873,5703.44,7947.43,3849.72,2700.76,4765.4,12157.3,6559.64,16.9737
47.554467120,3342.11,4162.66,2180.47,1123.8,65.9086,193.182,176.512,354.295,438.751,1492.33,536.975,77.5798,5915.93,18166.5,2234.05,4232.46,9289.91,3848.75,49.6572,2740.56,5381.7,7349.84,3225.1,410.437,32.9153,1476.74,3459.67,3244.63,5919.05,2034.09,961.101,2631.69,2097.18,67.7355,392.497,2733.26,547.543,16501.2,8452.09,2237.01,7509.51,2521.16,1635.78,8577.78,2919.19,835.292,1680.78,6642.84,5543.44,3866.98,4372.97,4923.35,2190.82,4196.3,975.084,391.323,319.544,240.86,1400.86,4297.05,4432.22,12888.6,12224.3,2296.58,3435.62,3419.52,37.7121,1524.48,3055.33,2105.31,302.832,2910.98,1871.82,887.548,11453.5,9332.4,4000.49,10183.9,4390.06,2661.41,3811.83,4994.12,11069.9,5519.56,8456.29,65197,59549.7,16569.6,25266.5,23866.2,8661.89,5029.8,2773.81,1821.72,3329.58,2325.79,179.225,4109.11,13960.1,6926.78,228.208,1531.59,1649.56,2356.01,1867.53,82.6879,1846.44,445.261,362.891,4938.97,5025.87,2197.56,6778.51,5277.46,2365.98,5349.35,2626.14,1145.9,2258.69,5037.13,5481.89,3629.52,1638.78,1106.29,944.512,3604.94,1430.78,1348.77,5970.33,1805.18,373.631,435.507,2885.42,190.107,5803.41,1972.23,2797.71,2767.26,1243.7,5982.09,2078.22,1470.17,675.715,6601.33,6910.11,8198,15490.6,10071.6,2031.45,867.919,2091.44,1575.76,2101.49,81.5005,2723.79,1788.53,3226.12,601.189,3707.68,6454.37,6819.54,5053.81,2956.17,4003.99,2206.88,461.323,333.002,347.61,1738.52,1259.37,259.301,4153.1,1418.76,5103.41,7572.1,5146.06,2852.11,4623.69,12273.3,5332.7,69.8984
49.040544218,2554.39,3611.01,2672.74,1370.4,290.49,258.922,257.97,156.903,666.016,1465.16,195.312,42.9579,5323.01,18815.7,3595.65,3186.6,7484.09,2617.88,451.173,2155.9,3583.35,8192.56,4340.08,700.762,9.02201,1107.07,2612.02,4577.98,7114.21,2644.17,793.334,2820.1,2588.66,89.3662,821.392,2131.75,2062.02,16142.2,8305.16,2641.52,5978.83,2139.91,2561.71,8985.94,1390.85,820.43,1928.98,5744.42,4756.3,5160.96,6055.37,4408.21,867.318,4606.91,1353.83,173.792,369.695,252.857,1113.3,3681.16,6689.99,17431.4,13704.1,2729.67,2852.53,2693.07,447.029,864.895,1953.33,1973.23,438.968,2285.49,1393.97,575.438,8908.6,10213.9,6995.16,8470.67,2897.97,1587.1,3147.87,6360.78,10477.8,5669.45,6992.7,63629.5,54792.1,16177.6,25715.3,21363.4,9649.53,5519.74,1930.27,932.118,1863.92,1308.98,152.232,3511.76,13026.9,7250.46,849.546,1151.3,718.014,1116.35,1277.18,418.447,2021.86,899.467,962.228,6710.53,5949.77,2592.74,6881.74,5538.26,3280.73,5675.48,1631.44,1149.46,2974.48,3635.7,5273.07,4897.08,2708.02,973.079,681.337,1987.83,989.144,989.708,5273.17,992.89,75.0476,71.8303,1997.18,1682.71,5708.61,2258.06,2749.49,2244.89,2284.11,7078.17,1067.91,1546.46,1805.1,5986.05,6691.95,11621.9,18412.4,11169.6,1492.19,897.961,2424.58,712.935,1450.57,324.82,2207.73,817.794,2147.44,1687.39,3923.67,4173.07,8323.11,6271.68,4153.65,4115.05,1413.53,221.068,150.564,71.5676,1819.04,1418.38,653.033,4239.02,3246.11,4167.56,6255.92,5893.31,2527.74,3780.02,11074.8,4906.73,150.053
50.526621315,1588.52,2910.33,2525.85,1674.45,595.955,324.747,347.753,55.4441,818.283,1457.26,60.2636,57.9101,5022.91,19408.8,5411.61,1961.53,5827.07,1464.91,1050.98,1633.39,1970.15,7836.97,5420.9,1082.03,98.8215,677.121,1855.09,4834.33,8584.74,2918.12,572.721,2659.47,2948.5,408.108,1454.42,1430.18,3388.14,17016.6,7995.97,2969.81,4792.73,1331.65,3797.6,8530.21,1046.53,1030.88,3016.51,4278.8,3424.91,5923.62,6928.62,3953.56,455.009,4812.24,1526.14,51.459,346.275,254.25,821.978,2861.84,7646.97,22146.9,14509.1,2225.64,2254.64,1950.93,1126.14,371.483,1190.98,1808.63,893.079,1556.58,965.547,1036.15,6142.82,10271.3,10002,6230.6,1516.72,626.318,2341.82,6514.36,9016.16,5490.08,4126.23,61585.4,47364.1,11481.2,24428.4,16409,8979.15,5339.67,1109.09,338.482,799.763,794.317,151.171,3581.7,10783.7,6814.58,1808.53,706.235,250.298,402.602,747.73,1038.34,2327.51,1143.79,1532.32,9043.57,6999.7,1947.3,7182.51,4747.78,3823.11,5407.34,1045.43,1045.19,3339.41,2234.5,4372.96,5815.39,3380.86,1037.9,834.254,844.009,823.55,1227.65,4032.27,782.992,12.047,10.0043,1503.07,4409.74,6119.68,1515.07,2987.31,1365.82,3378.24,7965.44,935.703,1770.01,3223.89,5171.35,4994.29,14491.6,19166.9,10804,1261.25,1003.9,2334.45,316.17,971.299,1155.47,1753.45,320.554,1282.94,3746.74,4442.75,1815.53,9055.29,6541.18,4846.92,3731.9,778.131,118.683,70.372,22.8774,1819.39,1438.7,1056.55,4294.64,4977.12,3066.06,4544.57,5828.98,1877.39,2408.02,9331.14,4841.11,98.7688
52.012698413,702.525,2214.14,1803.24,1987.55,907.208,311.606,448.173,70.0275,1022.58,1329.45,76.9934,107.241,4496.48,20467.4,7028.46,1135.22,4248.75,773.151,1273.89,1460.59,1049.86,6383.74,6014.95,1782.01,272.764,403.606,1219.15,4314.54,9886.73,2873.57,342.17,2236.95,3063.82,1007.84,2153.63,974.479,3986.8,18534.9,7397.32,2789.08,4208.65,510.802,4592.41,7502.66,1788.37,1471.37,4191.36,3017.79,1970.3,6054.95,6366.68,3949.5,944.663,4420.7,1743.08,17.2245,222.194,290.677,628.732,2216.09,7026.37,26535.6,14392.4,1206.15,1620.56,1268.13,1715.74,155.023,793.635,1530.09,1436.64,948.192,582.817,1998.92,3634.09,9401.38,11783,4030.86,469.879,140.179,1833.42,4906.07,7855.75,3948.38,1789.92,60272.7,38720.4,6057.35,20236.4,11221.4,6675.45,4649.56,567.887,88.7662,217.896,582.966,55.2691,4113.48,7974.07,5608.32,2879.61,308.586,39.2123,122.582,484.823,1335.49,2794.35,1223.11,1627.46,12313.9,8503.88,1009.45,7289.93,3341.94,3586.31,4771.23,917.075,985.112,3068.43,1208.6,3225.7,6221.8,3270.89,1358.61,1183.09,212.129,782.384,1576.18,2895.78,891.562,13.2081,7.09386,1388.89,7522.17,7309.38,379.623,3320.38,550.476,3970.51,8408.38,2036.65,2278.06,3901.03,4539.34,2487.79,16568.8,17080,9309.03,1544.99,1271.53,1858.81,247.609,764.368,2150.05,1460.97,111.612,1031.85,6133.95,5188.34,526.818,9020.86,5539.68,5005.18,2817.61,486.64,80.2433,111.031,175.034,1590.74,1528.86,1112.02,4399.71,5886.81,1987.78,2754.08,5601.86,847.741,1051.93,7921.37,4553.75,43.2918
53.498775510,182.734,1465.68,1001.23,2058.84,1293.64,194.573,565.483,289.67,1352.44,1064.15,166.35,204.189,3460.7,22202.4,8390.33,1106.82,3030.6,373.406,966.824,1658.8,1229.52,4404.51,5788.21,3038.65,530.026,488.632,809.348,3692.9,10617.3,2605.15,152.62,1783.36,2681.16,1908.75,2781.4,831.354,4126.56,19895.6,6882.94,2270.02,4417.92,190.413,4178.87,6413.97,3115.12,2039.21,4823.03,2206.83,1130.4,5377.5,4694.28,4315.44,1874.25,3414.05,2165.09,133.049,78.3994,383.701,821.354,1994,5948.08,29694.8,13258.1,308.38,1136.93,684.067,2031.92,224.244,582.104,1183.81,1727.44,585.029,312.647,2933.52,1846.93,8126.1,11769.6,2278.92,63.8261,88.7889,1539.37,2612.26,7062.58,1659.32,1739.85,60261,31483.9,2836.22,13826.1,7087.21,4052.64,3435.41,394.487,110.053,17.4584,420.505,2.26814,4572.8,5589.28,3944.15,3810.18,109.24,13.1842,80.3736,429.902,1091.48,3309.56,1577.66,1389.52,16664.1,11058.7,1100.13,6921.2,1844.16,2544.23,4035.62,1178.71,964.072,2348.94,636.55,2407.44,5914.33,2510.48,1763.46,1524.79,60.5057,817.396,1553.71,2111.51,935.723,29.8137,26.5066,1582.76,10441,9121.84,117.793,3647.29,59.1257,3887.11,8152.12,4141.44,3101.12,3350.26,4130.78,668.538,17398.9,13059.9,7134.38,2404.11,1589.61,1265.29,334.216,757.09,2799.46,1477.65,20.5981,1498.15,8134.87,5982.46,870.841,8569.44,3491.02,4792.54,1684.08,447.314,66.7786,252.846,431.999,1245.63,1590.76,790.274,4450.04,5952.73,1025.58,1389.17,5422.46,46.9896,221.301,7518.62,4087.28,48.79
54.984852608,55.6321,808.592,402.446,1870.82,1736.27,70.9215,720.679,753.784,1713.18,790.187,229.487,376.619,2396.95,24468.7,10015.4,1767.89,2281.81,123.627,500.615,2212.52,2359.11,2624.64,4881.46,4885.71,957.388,902.304,701.377,3478.2,10679.1,2218.98,89.8461,1389.2,1817.91,2939.07,3386.14,771.35,3985.72,21218.9,6448.93,1971.76,5197.46,849.566,2922.38,5405.56,4494.12,2471.72,4695.82,1901.81,1033.11,4135.03,2588.68,4775.23,2748.02,2132.06,2739.66,535.132,69.8848,629.253,1592.47,2167.62,5748.47,31241.4,11231.4,3.82504,887.764,312.277,2147.37,447.513,451.12,774.257,1676.85,428.795,198.769,3368.66,1060.09,7374.11,10592.2,990.435,248.971,373.016,1558.62,1014.38,5903.24,218.645,4107.5,61882,28057.1,1989.21,8077.32,3936.64,1960.72,2625.54,229.188,272.749,32.4698,263.703,67.8372,4824.27,4140.47,2579.8,4496.32,100.93,104.509,163.214,524.209,619.844,3552.01,2620.96,1428.5,22500.3,14809.5,2897.71,6133.06,628.145,1406.88,3101.99,1779.66,941.073,1497.29,567.717,2034.12,4954.85,1487.09,2074.74,1824.88,176.651,801.682,1221.68,1433.92,982.903,58.1253,36.5509,1772.44,13515.8,10832.8,1113.04,4080.68,174.002,3392.04,6950.88,7010.77,3866.06,2097.39,3666.66,466.335,16986,8753.1,5018.56,3587.37,1757.28,790.105,382.673,833.663,2946.51,1756.12,66.0858,2341.46,9666.74,6383.56,2297.02,8334.96,1200,4471.16,734.977,515.913,124.146,421.994,659.073,888.233,1476.24,317.79,4601.71,5361.04,404.449,694.99,5294.6,326.392,284.678,7875.74,4438.33,102.46
56.470929705,173.939,349.995,109.315,1552.96,2188.4,65.5797,873.066,1340.89,2088.58,542.508,265.189,616.806,2079.93,26702,12645.8,2638.47,1889.93,11.2475,327.458,3152.83,3885.02,1502.65,3879.28,7039.5,1609.32,1349.58,943.942,3993.58,9741.83,2060.45,112.039,1022.19,894.342,3737.82,4105.79,586.402,3802.52,22477.9,6547.53,1905.35,6030.01,2953.65,1732.55,4930.61,5492.94,2338.69,4224.1,1776.49,1382.78,2757.87,987.643,4840.48,3383.14,970.002,3312.71,1205.38,384.954,1117.38,2869.26,2576.86,6957.62,31105,9040.41,152.422,839.718,427.231,2166.04,598.741,354.203,356.944,1541.1,326.353,142.157,3561.03,1254.74,7494.04,9346.77,182.777,885.312,966.944,1808.17,632.066,4727.28,64.6966,7479.16,64173.2,30618.7,1808.12,4718.67,1940.33,645.615,2499.39,79.0003,650.138,240.133,110.811,205.754,5287.43,3582.24,2084.05,4917.24,334.189,359.494,412.626,607.662,264.228,3229.68,4445.04,3089.65,29218.8,19366.8,5872.31,5225.08,52.1697,570.518,2140.21,2527.87,799.941,877.505,854.912,1857.61,3727.74,656.659,2193.56,2037.89,353.619,810.028,686.468,922.095,944.308,143.136,7.72492,1928.82,16940.5,12091,2467.7,4679.02,1393.78,2553.33,5349.01,10057.2,4374.9,948.474,2959.7,1463.21,16347,5522.98,3489.32,4496.16,1890.84,398.028,364.054,812.474,2755.13,2154.46,297.646,3107.66,10672.1,6264.56,3662.01,8658.58,61.9431,4002.62,262.05,531.152,322.574,626.821,686.365,620.237,1161.53,107.393,5080.73,4481.69,116.023,692.831,5231.89,1821.99,1403.69,8780.13,5595.83,392.703
57.957006803,366.347,108.535,64.1087,1262.03,2512.13,334.4,1057.42,1656.8,2536.32,411.288,330.142,775.847,2677.75,28859.4,16115.3,3056.87,1715.88,128.042,711.183,4455.09,5150.21,1073.83,3237.03,9149.75,2573.51,1410.43,1447.06,5144.97,7793.14,2200.4,92.9223,841.442,231.263,4147.72,4945.37,344.376,3850.91,24041.1,7006.77,1759.13,6896.75,5892.89,1583.73,5214.73,6432.95,1512.7,3817.98,1429.9,2050.66,1500.17,196.108,4444.59,3793.16,310.123,3932.27,1889.79,818.863,1833.32,4750.85,2962.11,8239.35,30808.7,6922.92,565.899,1096.38,916.413,2011.72,676.646,245.07,63.2836,1475.68,301.799,115.719,3704.3,2475.59,7895.82,8561.63,86.6211,1941.96,1874.21,1844.9,1155.83,4492.02,535.25,9742.35,66113.3,38859.7,1095.64,3842.7,1084.38,323.016,2627.24,287.158,1257.73,591.499,66.3226,356.985,5879.94,4144.87,2474.41,4696.7,989.89,928.743,870.039,521.75,84.7877,2730.86,6619.37,7186.81,35402.8,23549.7,8646.46,4686.8,88.3988,125.563,1252.19,3318.76,528.969,597.208,1131.95,1839.89,2362.9,365.961,2338.67,2020.39,486.274,798.743,284.271,543.007,733.817,306.841,26.9002,2086.55,21100.2,12770.9,2961.06,5995.14,3496.46,1573.42,3683.32,12695.7,4872.03,524.259,2060.79,2821.14,15648.2,4607.31,2739.1,4463.99,2018.9,136.532,276.245,692.912,2254.12,2575.82,754.847,3373.94,10920.5,5961.3,4013.09,9675.68,1021.8,3497.16,143.543,448.043,699.884,889.307,475.601,509.32,787.488,591.434,6153.14,3627,38.2605,910.834,5408.43,3995.2,3318.11,9904.15,6734.3,1186.17
59.443083900,577.454,82.4797,209.079,1024.34,2548.1,1016.11,1246.27,1486.04,3051.56,577.024,459.523,693.9,3884.88,31214.9,19204.7,2739.92,1649.94,485.841,1501.66,5982.08,5684.5,1084.32,3259.59,10648.6,3843.11,1001.55,2077.81,6313.68,5406.73,2389.49,37.7771,907.7,30.6707,4280.85,5570.77,361.388,4254.71,26239.4,7737.9,1450.61,8067.75,7998.09,2626.09,6849.16,7737.72,716.591,3634.45,827.953,2784.73,626.676,0.445598,4011.11,3881.24,326.631,4494.99,2474.2,1056.06,2698.33,6923.59,3552.91,8147.6,31065.2,6036.18,1338.9,1782.59,1128.7,1907.91,674.653,251.163,23.2407,1406.05,416.273,133.519,3797.49,4439.21,7879,7858.17,1038.55,3174.47,3004.48,1696.17,1888.22,5261.78,1095.3,9565.59,67110,49787.6,1071.08,4441.29,765.999,616.428,2687.36,1236.84,2168.14,940.893,126.759,524.069,6318.54,5651.04,3265.07,3745.56,2071.31,1863.19,1571.71,306.956,34.9947,2488.7,8532.19,12877.6,39444.3,26307.5,9502.34,4840.04,470.214,1.86204,570.038,4150.09,441.709,520.523,1076.08,1898.95,1176.37,804.559,2709.92,1744.28,543.245,717.358,98.0323,282.787,475.93,450.276,187.954,2529.82,25957,13732,2216.85,8525.74,5590.49,770.497,2219.67,14820.2,5631.12,801.469,1286.39,3768.07,14574.3,5905.97,2727.16,3355.35,2155.17,49.1878,166.784,495.537,1612.81,2786.41,1452.41,2888.39,10445.1,5840.79,3301.44,11449.3,3824.85,3049.05,182.917,356.377,1143.87,1162.89,176.041,561.21,691.22,2064.04,7674.39,3181.73,22.2397,905.839,5938.49,5977.41,5223.25,10830.9,7165.2,2434.65
60.929160998,868.3,226.173,495.667,733.987,2397.49,2032.86,1344.39,1021.43,3448.13,1143.49,684.54,394.008,5450.36,33544.1,20575.3,1929.39,1586.62,999.892,2345.59,7502.65,5405.25,1165.22,3827.07,11119.1,5191.29,408.431,2794.3,6836.52,3236.48,2297.94,137.12,1177.69,330.266,4158.81,5877.67,704.613,5189.31,28589,9164.4,1338.58,9651.77,7865.05,4528.81,10405.7,9265.23,876.985,3891.09,284.968,3425.42,219.79,148.775,3814.56,3704.61,854.953,4925.61,2857.48,970.923,3670.88,8733.32,4380.84,6453.45,31733,7741.3,2702.63,3111.3,805.454,2032.3,818.786,377.851,257.858,1274.45,627.619,218.374,3988.38,6049.76,7286.85,6584.83,2890.43,4664.69,3861.95,1483.11,2520.8,6130.69,2079.92,7494.15,66263.9,59712,3864.54,5567.16,605.188,824.666,2819.61,2793.49,3295.11,1314.6,181.737,662.778,6544.75,7301.66,3876.42,2433.75,3233.41,3114.59,2461.33,156.863,69.9759,2655.93,9594.26,18322.8,39989.5,26608.7,8016.96,5363.46,1154.85,152.739,295.934,5016.33,1033.27,539.43,866.968,1952.22,525.806,1832.98,3296.14,1425.85,502.942,614.249,30.661,177.067,283.111,521.67,608.757,3946.22,30470.2,15804,1218.73,12454.1,7073.68,273.261,1459.15,16044.5,7315.25,1332.28,701.11,3753.58,13129.3,8193.07,3051.49,1838.55,2190.02,120.481,90.411,318.801,950.076,2700.6,2261.84,1834.11,9474.93,6037.62,2486.05,13657.3,7258.95,2818.49,180.578,360.636,1468.72,1374.75,6.10573,753.105,1162.75,4475.13,9445.36,2991.04,7.70156,751.653,6296.81,7576.63,6314.54,10759.2,7123.12,3179.72
62.415238095,1273.66,487.124,865.198,371.604,2283.3,3020.38,1334.86,500.11,3715.54,1993.01,935.458,108.039,7205.17,35112.3,19699.5,1056.37,1502.85,1481.93,3004.21,8605.89,4672.54,1052.62,4382.12,10649.3,6062.4,83.2443,3560.53,6579.01,1605.86,1797.63,587.731,1607.6,964.582,3674.67,5935.23,1273.09,6569.26,30301.8,11500.2,2072.19,11248.1,5769.86,6646.56,15214.3,11170.4,2276.66,4386.92,386.195,4019.85,281.288,517.151,3728.53,3325.24,1671.56,4893.39,3140.05,577.759,4609.07,9991.48,4786.61,4188.63,32245.2,12535.9,4993.04,5002.65,346.87,2395.62,1342.25,602.534,656.384,1138.55,724.904,455.336,4282.82,6381.88,6088.35,4888.79,4823.12,6151.3,4408.19,1008.4,2995.48,6424.23,3439.31,4720.58,63672.5,65915.5,9508.97,6822.5,654.217,890.929,2784.82,4360.84,4623.53,1712.44,142.189,828.729,6455.04,8170.95,4119.16,1188.88,4039.07,4494.23,3381.02,241.387,188.525,2964.03,9813.19,20817.9,37414.9,23445.6,5358.58,5577.14,2334.54,625.608,584.461,6140.65,2358.6,661.006,828.915,2130.49,500.929,3230.48,3969.6,1135.13,353.835,628.821,0.577877,243.122,246.294,628.169,1357.92,6485.76,33468.1,18732,1730.22,17290.1,8145.86,34.7593,1592.11,16201.4,9771.31,1979.91,213.34,3045.36,11033.6,10369.7,3211.16,727.947,1966.67,320.054,63.4025,264.736,389.793,2393.35,2801.15,762.752,8346.58,6561.65,2749.07,15421.8,10120.4,2772.86,95.7972,492.387,1547.56,1442.66,148.048,1165.24,2267.06,7032.93,11016.8,3074.58,12.3506,667.04,6152.95,8335.32,6377.47,9137.46,7295.78,2527.98
63.901315193,1673.65,751.277,1234.32,112.374,2343.69,3644.49,1200.91,189.282,3839.66,2878.11,1118,1.27337,8882.09,35594.1,16553.1,612.833,1505.62,1685.07,3283.31,9051.69,3821.64,719.193,4512.85,9337.69,6124.47,294.18,4542.02,5565.3,646.529,1145.89,1337.83,2038.14,1717.35,2822.07,5694.15,2023.94,7753.1,30722.9,14512.9,4053.11,12275.6,3024.88,8397.63,19687.9,13441.3,4436.02,4689.02,1400.73,4749.94,749.486,1005.32,3403.1,2872.8,2141.46,4734.26,2979.67,215.125,5152.56,10961.1,4123.67,2413.26,32415.7,19688,8036.6,6847.84,363.538,2998.06,2365.99,917.293,927.565,1056.23,595.437,860.131,4676.01,5139.25,4752.32,2861.85,6339.23,7252.5,4329.87,551.055,3131.74,6353.29,4149.75,2340.16,60465.9,66772.5,15299.1,8332.34,1136.93,740.92,2606.05,5525.45,5587.09,2260.78,52.1346,1117.48,6035,7621.2,4155.64,363.955,4313.24,5458.82,4173.84,678.03,470.331,2920.59,9434.14,18844.2,32590.4,17525.1,2979.3,4970.73,4262.39,1552.23,1617.39,7068.19,4210.82,1036.67,1235.72,2380.23,1045.44,4697.39,4429.72,904.069,240.306,749.914,23.1896,442.61,457.333,960.808,2437.29,9233.18,34015.4,21850.2,4789.28,21506.6,9492.04,65.48,2578.43,15453.7,11671.7,2798.54,0.943564,2029.28,8533.53,11569.5,3020.52,234.429,1583.97,599.671,59.8352,213.473,78.169,2171.78,2667.27,170.585,7089.53,7854.24,4374.42,15419.8,12100.1,2641.37,35.5606,549.913,1599.07,1151.34,590.716,1972.95,3892.79,8602.26,11853.4,3615.74,49.3506,848.318,5102.27,8566.53,4826.97,7182.33,6831.91,1209.56
65.387392290,1855.3,951.983,1510.28,151.858,2537.88,3845.07,917.118,176.406,3937.06,3439.37,1166.71,125.74,10552,34432.7,12174,778.584,1604.91,1632.76,3052.4,8969.14,2930.06,347.156,4070.19,7494.65,5264.01,1228.01,5695.37,4177.11,220.497,646.621,2019.35,2501.51,2216.74,1815.88,5031.2,2906.22,8129.28,29415,17408.7,6825.82,12339.9,1020.66,9638,22318.2,15113.2,6502.02,4607.16,3003.95,5561.9,1545.38,1456,2725.59,2447.12,1866.92,4607.03,2373.25,24.6617,5414.33,11487.9,2707.5,1684.76,32301.8,27214,11017.9,7881.98,1204.23,4044.3,3583.94,1204.2,988.966,942.292,372.012,1371.57,4928.62,3059.92,3524.18,1117.87,7051.7,7608.75,3631.27,302.208,3148.12,5951.25,3736.39,1323.17,57485,61875.4,18187.2,9870.81,2370.27,427.245,2534.79,5793.23,5823.54,3020.12,48.2782,1704.38,5129.89,5954.98,4106.1,180.15,4082.35,5534.11,4713.64,1393.85,906.017,2413.02,8398.99,13492.4,26149.5,11351.2,1449.33,3636.95,6960.85,3161.18,3136.57,7118.51,6282.99,1898.9,1972.99,2455.58,2010.69,5985.93,4368.43,749.708,295.454,933.166,134.064,691.761,840.359,1656.19,3778.2,10847.9,31802.1,24096.8,9530.52,23894.7,11359.2,461.49,3965.98,13841.7,12005.2,3681.5,237.675,1031.92,6132.84,11205.6,2843.84,157.041,1110.09,904.224,91.9559,154.416,10.5436,2135.11,2043.42,12.0457,6067.41,9865.71,6511.15,13241.1,13039,2395.54,15.7731,516.236,1653.56,642.013,1270.84,3194.94,5412.19,8763.11,11466.6,4515.83,222.141,1167,3539.89,8184.17,2520.33,5339.78,5495.59,213.06
66.873469388,1794.52,969.529,1662.31,539.322,2777.93,3607.99,594.014,343.939,4175.01,3418.42,1078.2,491.254,12050.4,31694.9,7793.76,1321.95,1845.96,1446.75,2487.58,8570.08,2058.67,85.1613,3344.89,5346.92,3796.39,2622.83,6894.32,2872.92,164.013,500.662,2067.25,3141.86,2159.03,1021.85,3868.31,3850.55,7135.39,26768.5,18992.5,9065.07,11577.7,636.337,10482.6,21986.5,15359.1,7599.26,4091.27,4496.37,6290.82,2428.59,1719.26,1804.06,2121.44,963.32,4703.37,1436.36,86.6983,5756.62,11122,1399.06,2000.81,32355.6,32082.2,12973.9,7718.8,2696.28,5534.65,4642.75,1293.09,900.819,743.944,164.24,1806.31,5073.94,1093.19,2537.36,227.368,6717.89,7249,2471.14,400.532,3319.58,5179.02,2491.27,2489.97,54600.3,52013.9,16811.8,11095.1,4081.11,305.759,2741.84,5177.34,5201.94,4024.62,280.011,2447.79,3990.77,3848.98,4072.09,552.459,3546.99,4517.89,5012.32,2139.44,1284.73,1667.87,6809.47,7155.12,19624.8,6637.29,751.071,2532.52,9671.13,5429.6,4618.9,6129.44,7957.34,3441.57,2596.96,2246.67,3077.21,6736.78,3897.71,601.915,503.287,1018.14,383.43,1019.52,1170.25,2441.43,5515.21,10107.1,27788.5,24129.7,13479.7,24697.6,12777.8,1292.6,5312.77,11218,10768.9,4332.52,774.474,334.15,4323.82,9132.61,3166.27,265.149,621.072,1259.43,152.679,120.51,159.737,2283.8,1363.45,96.7394,5435.22,12002.9,7808.18,9853.54,12559.5,2294.52,11.1108,527.758,1656.64,216.791,1928.92,4767.79,6324.96,7400.83,10021.7,5146.52,814.37,1467.48,2131.01,7046.85,826.541,3662.11,3681.85,154.034
68.359546485,1560.58,815.306,1658.45,1058.57,3068.13,2909.94,424.109,493.895,4493.82,3098.13,833.414,1155.64,12587.8,28087.1,4443.7,1994.31,2290.66,1091.35,1782.19,8243.37,1316.89,13.7424,2764.81,3120.72,2299.86,3725.22,8160.21,2168.39,256.041,651.915,1455.85,3915.76,1676.43,541.954,2519.11,4673.29,4731,23783.9,18052,9823.43,10051.9,1878.8,11147.5,18696,13829.7,7327.24,3252.39,5147.93,6742.87,3160.4,1630.71,992.888,1736.88,167.349,5132.52,562.713,527.643,6513.81,9285.24,1036.65,2598.04,33533.7,31968,12991.7,6830.81,3762.13,7675.13,5446.29,966.828,844.059,476.335,65.0026,2418.11,4782.99,135.17,1812.08,212.176,5642.58,6267.41,1153.98,949.636,4117.44,3678.86,1376.53,5139.26,51209.7,39912,12173.8,11350.7,5328.22,780.135,3852.06,3770.86,4401.08,4894.7,737.776,3108.69,2961.46,2203.41,4026.86,1108.52,2840.12,2911.7,4860.05,2791.69,1402.07,938.008,4953.56,2364.04,14348.3,4248.75,603.251,2412.78,11102.1,8255.31,5528.65,4379.36,8776.62,5330.5,2934.63,1687.55,3896.49,6705.55,3284.68,362.581,762.484,1055.77,589.221,1382.52,1527.98,2658.45,7591.72,7097.16,23505.3,21791.4,14309.2,24954.1,11916.2,2832.41,6414.51,7656.9,8543.09,4421.51,1533.81,1.74094,2995.81,6532.88,3724.94,367.282,285.744,1638.73,366.335,250.001,655.394,2269.32,996.246,155.898,5201.27,13904.7,7051.82,6744.62,10361,2728.26,50.6293,858.91,1551.65,36.0051,2191.61,6612.54,6398.44,5127.18,8028.81,4845.06,2119.35,1749.22,1410.74,5610.42,170.563,2261.72,2066.16,734.435
69.845623583,1313.42,609.176,1502.08,1396.01,3334.41,2003.98,382.808,487.449,4908.65,2835.77,566.222,2074.91,11455.5,24267.4,2997.71,2523.64,2751.38,686.156,1273.74,7988.07,1101.06,148.671,2343.46,1324.81,1202.38,3954.19,9425.94,2299.79,434.295,960.295,685.529,4547.59,1251.07,312.48,1377.02,5182.74,1940.27,21374.4,14145.1,9015.43,7805.14,3986.38,11761.6,13483.4,10849.1,6016.4,2207.07,4782.49,6689.75,3494.39,1261.6,462.96,1293.58,207.73,5896.4,462.876,1470.22,7303.7,6568.95,1573.06,3180.6,35622.5,27356.5,10883.8,5818.48,3656.34,10490.2,6188.24,453.323,895.129,330.536,287.197,3307.04,4248.55,32.2818,1311.25,942.802,4218.8,4799.49,342.901,1665.49,5546.38,2139.5,775.044,7190.98,47538.2,28593.2,6845.53,10093.2,5677.66,2131.13,5799.06,2582.48,3772.03,5467.57,1206.93,3523.22,2377.86,1517.85,3863.9,1449.61,2119.84,1349.61,4278.17,3144.38,1245.08,370.443,3297.97,388.922,11036.1,4103.51,685.964,3104.04,10730.3,10983.5,5641.04,2497.89,8586.7,6874.12,2969.51,962.504,4210.38,5901.1,2645.9,117.499,1009.95,1044.43,623.975,1735.91,1887.51,2180.09,9599.51,3496.59,20411.8,18256.2,12022.3,24620.9,8710.28,4948.99,6816.89,4083.52,6127.16,3699.5,2473.41,349.176,1859.42,4389.35,4156.01,424.273,143.722,1948.94,878.901,718.217,1624.6,1971.55,813.42,67.9742,5525.88,14969.4,4739.55,4333.01,7208.31,3693.83,281.32,1612.79,1487.23,22.8887,2032.98,8411.43,5828.12,3005.23,6012.48,3662.17,4152.6,2086.8,1576.67,4322.09,246.713,1283.32,1169.38,1176.47
71.331700680,1257.05,528.722,1233.72,1429.05,3410.2,1227.63,345.192,366.9,5410.79,2850.37,524.719,2881.03,8924.81,20373.6,3597.12,2955.37,2951.89,384.423,1322.99,7569.28,1547.14,458.207,1998.22,346.929,544.85,3306.47,10480,3153.36,771.545,1268.76,213.526,4919.46,1295.46,231.043,849.486,4885.48,477.328,20057.8,8345.36,7240.83,5168.97,5953.9,11711.4,8280.73,7215.03,4327.22,1267.58,3587.23,6105.18,3289.94,718.889,261.519,1023.49,1375.49,6775.26,1546.51,2999.12,7723.95,3773.14,2517.24,4350.39,37287.1,20717.2,7401.8,5111.91,2766.1,13397.8,7161.52,183.063,1286.06,548.511,911.855,4175.2,3937.85,274.56,915.034,2031.57,2720.23,3433.38,243.198,2422.23,6749.81,1734.59,675.194,6976.33,43965.3,20351.2,3176.13,7630.73,5016.62,4136.52,8287.46,2391.93,3689.85,5551.44,1466.31,3557.98,2535.67,1697.56,3441.21,1354.73,1532.77,298.745,3501.06,3034.88,885.718,74.1888,2181.55,986.576,9586.24,5198.33,963.28,3794.81,9114.8,12441.9,5245.99,1016.38,7760.31,7160.63,2984.18,344.485,3913.05,4591.93,1981.1,22.772,1129.36,1113.42,419.517,2221.32,1919.52,1481.54,10627.2,1967.4,19774,14796.9,9121.51,22743.6,4950.04,6651.75,6790.67,1352.27,4096.04,2510.85,3257.19,1381.74,1101.06,3159.1,4148.64,435.543,170.984,2167.17,1664.19,1540.56,3013.36,1568.87,670.609,20.5878,6173.43,14850.5,2325.33,2595.77,4198.73,4705.31,952.411,2850.18,1485.38,52.2343,1818.07,9333.07,5411.87,1937.26,4397.35,2411.46,6170.43,2710.04,2495.66,3251.92,560.502,802.267,831.911,971.987
72.817777778,1442.32,772.896,961.332,1279.36,3193.78,693.066,253.85,320.2,5750,3428.78,853.045,3016.95,5943.01,16372.5,5589.47,3513.07,2743.38,214.903,1694.1,7170.44,2320.62,899.177,1751.86,22.1345,187.568,2340.55,11073.7,4430.95,1260.82,1455.37,197.086,5136.76,1993.71,233.903,816.113,3900.62,1382.64,19775.6,3190.34,5412.94,2643.7,7086.6,10166.6,4677.43,4146.99,2866.25,684.259,2134.77,5087.23,2603.28,236.843,318.151,1147.63,3413.5,7632.36,3319.93,4900.48,7900.85,1425.41,3546.44,6783.56,36546.6,15133,4160.77,4801.63,2166.03,15175.5,8586.15,701.288,2084.16,1220.23,1907.41,4721.23,3864.78,489.632,629.651,3042.93,1421.69,2449.53,860.374,3084.83,7245.73,2463.9,987.362,4770.92,40331.7,16476.1,1848.23,4744.43,3461.62,6205.41,11179.2,3439.15,3855.86,5206.47,1377.67,3291,3576.58,2181,2685.17,933.767,1157.53,12.5733,2820.31,2364.22,512.235,25.0289,1733.91,2996.4,9152.31,6348.17,1694.86,3584.31,7241.35,11745.7,4743.4,502.159,6508.35,5971.69,3130.37,183.113,3088.82,3182.4,1352.92,69.3477,1196.77,1261.22,204.643,2699.12,1710.34,863.359,10330.3,3917.21,21900.9,13188.2,7809.98,19282.6,2085.12,7190.96,6642.41,268.58,2704.25,1393.12,3525.61,2631.38,1043.6,3128.96,3640.28,410.047,361.946,2250.61,2387.31,2717.98,4706.93,1253.74,615.307,289.271,6555.2,13762,1125.21,1432.8,2027.85,5150.55,2222.35,4331.39,1729.21,31.0817,1843.95,8746.08,5644.17,2515.73,3627.84,1816.34,7126.13,3735.36,3696.69,2594.08,590.311,582.58,605.892,533.642
74.303854875,1768.77,1400.77,808.402,1163.1,2729.72,394.2,138.518,529.624,5697.32,4348.91,1594.38,2317.35,3350.68,12475.1,7782.22,4195.08,2296.18,122.645,1932.44,6944.83,2938.55,1345.87,1706.86,40.9765,32.5698,1621.27,11075.4,5799.82,1640.61,1520.15,671.799,5185.87,3095.69,378.637,978.069,2743.3,4271.85,20050.5,1294.88,4225.77,919.55,6871.1,7511.5,2864.33,2476.6,2261.57,411.75,995.831,4049.78,1599.73,129.24,642.675,1800.69,5305.06,8362.43,5052.18,6632.36,7911.65,134.066,4618.72,10379.2,32064.3,12462.9,2741.89,4799.63,2251.9,15334.3,10256.7,2134.23,3103.39,2205.41,3087.17,4699.52,3768.58,596.457,485.311,3697.37,664.183,2066.03,1629.88,3444.6,7118.48,3397.08,1776.74,2375.87,37012.3,15700.2,1994.75,2410.5,1748.29,7583.13,13698.8,5703.59,3774.57,4535.88,1007.9,3105.99,5157.35,2491.73,1777.09,555.022,979.984,398.185,2332.48,1329.24,387.311,45.5758,1789.53,5184.76,8856.14,6640.29,2975.11,2454.33,5520.38,9269.12,4289.68,977.175,5000.18,3985.68,3214.22,656.505,2189.02,1944.56,890.727,190.317,1401.67,1375.75,189.545,3029.84,1445.14,528.106,8923.8,8763.03,26109.4,14292.2,8494.17,15138.8,680.233,6735.27,6413.74,696.427,2101.35,859.303,3156.61,3645.41,1944.08,4152.9,2979.71,305.906,689.577,2216.87,2632.28,4104.6,6424.55,1317.06,731.078,857.255,6363.06,12014.5,1481.29,782.355,815.008,4914.2,3801.99,5564.28,2364.65,10.7521,2154.63,6817.86,6356.16,4481.76,4076.4,2204.07,6347.73,5068.44,4698.69,2034.04,334.233,498.274,331.796,525.777
75.789931973,2137.23,2212.07,855.369,1223.41,2205.43,230.383,53.5682,976.918,5367.36,4890.58,2574.35,1288.74,1608.63,8844.19,9201.54,4666.64,1847.77,37.4658,2055.08,6414.39,3339.92,1785.15,1681.78,232.127,51.0038,1150.8,10801.5,6966.63,1507.54,1696.69,1401.39,4793.48,4381.6,755.306,957.444,1801.31,7571.91,20811.4,3306.92,3740.65,486.397,5599.72,4507.07,2607.83,2091.19,2365.36,487.649,726.574,3245.31,825.361,548.35,1149.86,2733.34,6530.79,8315.09,6248.48,7756.86,7582.05,300.718,5736.71,13491.6,25053.2,12035.8,3514.98,5163.7,2878.82,13864.3,11703.4,3882.48,4116.59,3385.3,3821.64,4213.8,3302.98,715.607,453.885,4152.36,665.719,1923.81,2287.96,3491.2,6355.07,3964.63,2627.16,1735.56,34908,15435.5,2402.47,1092.9,727.412,7276.4,15861.3,8184.58,3231.24,3560.41,818.424,3173.89,6685.6,2481.79,974.517,620.364,1016.37,1158.01,1756.83,596.191,404.041,46.4733,2220.67,6783.19,7816.2,6107.48,4173.06,1305.83,3907.83,6184.33,3808.15,2059.44,3463.45,2066.14,3039.15,1573.8,1595.6,1096.55,866.843,387.665,1860.33,1222.52,385.965,3497.15,1067.08,383.048,7361.77,14157.4,30469.4,17795.9,9820.72,11181.5,771.686,5665.95,6227.29,1857.42,2174.23,1194.37,2244.18,4256.08,3892.5,5630.73,2494.89,157.271,1146.73,1940.58,2400.03,5256.14,7752.02,1962.48,1034.62,1490,5524.49,10059.8,2626.51,464.979,439.884,4219.3,4985.54,6208.22,3367.2,199.5,2405.36,4456.31,6963.42,6894.04,5456.66,3359.8,4429.15,6097.56,5145.22,1489.95,104.856,390.044,110.451,1035.41
77.276009070,2428.68,2805.41,1108.69,1557.82,1712.2,141.303,57.4829,1448.44,4786.3,4707.55,3403.85,521.498,696.048,5942.68,9085.78,4618.44,1447.4,14.1218,1914.05,5722.19,3211.84,2070.45,1650.05,434.115,185.164,720.026,10555.7,7928.21,897.193,2055.88,1875.02,4074.92,5486.78,1435.72,619.295,1194.18,9417.77,22511.2,7385.97,3637.83,1390.02,4021.23,2049.04,3417.66,2253.29,2448.03,972.7,1695.23,3088.69,573.116,1392.56,1681.1,3579.37,6879.76,7196.19,6570.94,7721.41,6896.68,1814.57,6851.67,14006.1,17743.8,11893.9,5962.77,5709.13,3387.42,11404.7,12239.1,5242.39,4692.29,4447.64,3902.06,3220.42,2676.72,745.278,527.313,4647.37,1415.05,1791.5,2536.04,3260.22,4888.54,4290.54,2792.87,3224.48,35110,13837.6,2603.69,657.472,350.675,5850.23,17339.1,9432.67,2514.29,2385.83,1220.94,3617.92,7589.28,2236.83,468.442,1115.03,1316.95,1853.84,1234.32,218.339,357.534,119.009,2883.18,7383.05,5954.5,5008.29,4566.3,670.216,2880.66,3291.32,3330.86,3046.54,2164.45,674.178,2764.08,2401.31,1394.21,861.301,1427.91,805.899,2459.32,848.66,784.421,4111.29,846.154,304.827,6166,17197.3,33785.9,21470.9,9910.31,7986.54,1764.64,4512.09,6024.23,2808.4,2636.68,2233.2,1290,4360.54,6841.39,6829.79,2172.65,85.2279,1676.28,1425.35,1921.29,5591.65,8424.55,3203.29,1374.92,1816.99,4268.6,8077.65,3711.64,318.998,453.702,3488.19,5040.34,6292.47,4367.98,784.565,2402.36,2344.73,7059.34,8480.42,7252.3,4817.49,2206.81,6569.03,4796.96,1105.72,9.41205,217.162,15.2939,1653.69
78.762086168,2592.19,2895.38,1456.83,1981.29,1386.56,51.7028,155.34,1799.42,3859.31,3967.74,3597.85,389.099,280.114,4143.06,7257.22,4122.11,1039.85,91.1888,1538.32,4985.65,2491.69,2080.53,1573.99,523.413,354.551,332.386,10576.6,8679.34,239.49,2602.74,1766.34,3305.34,5951.78,2337.12,223.236,893.532,9106.72,24939.3,11189.9,3553.28,3055.31,2827.22,835.658,4338.07,2435.72,2109.8,1865.59,3500.02,3825.58,1114.03,2385.64,2024.22,4049.16,6266.31,5327.41,5909.33,6358.15,6013.96,3762.35,7818.44,11347.9,11650.4,10377.1,9016.19,6176.74,3053.88,8884.03,11223.5,5759.12,4618.72,4966.39,3427.96,1932.8,2139.98,559.703,819.087,5265.94,2469.25,1622.67,2253.98,2651.7,3177.45,4372.78,2121.68,6097.72,38009.2,10991.9,2782.58,837.484,171.997,4687.01,17315.3,9191.25,1690.48,1309.82,2205.86,4505.54,7339.74,2036.51,335.138,1782.72,1907.86,2038.86,869.417,54.3561,246.266,334.521,3535.3,7004.82,3724.96,3572.12,4072.49,645.468,2395.13,1469.82,2644.7,3462.57,1195.16,72.5665,2445.66,2612.52,1513.47,1309.76,2482.52,1744.32,2979.37,445.761,1285.02,4482.2,1260.11,266.33,5696.4,15841.1,35673,22832.6,8069.46,5667.03,2524.15,3908.79,5215.35,3256.13,2903.94,3670.75,781.777,4448.98,10055.8,7271.49,1840.18,259.62,2087.05,886.174,1356.7,5068.77,8071.29,4793.09,1785.99,1502.46,2936.81,6075.58,4348.04,264.111,504.462,2912.32,3928.87,5825.69,4849.04,1868.93,2070.45,990.946,6466.38,8382.65,8842.43,6043.35,614.788,6102.53,4186.5,661.408,146.157,182.296,3.41193,1851.03
80.248163265,2681.58,2398.41,1766.99,2211.25,1206.15,0.592493,327.284,1896.22,2752.39,2956.86,2946.27,892.619,73.981,3590.98,4261.1,3607.32,538.078,316.018,967.66,4512.62,1314.56,1923.01,1311.49,525.035,461.026,204.974,10846,9286.9,100.121,3177.27,1212.23,2481.56,5857.22,3118.22,60.0427,693.411,7484.29,27070,13517.3,3100.04,4690.7,2430.41,677.775,4487.84,2750.32,1346.22,3293.24,5293.39,5167.24,2578.79,3248.33,2006.78,4013.89,4839.84,3378.54,4399.99,4261.73,4982.17,5094.87,8245.88,6900.03,7249.87,7380.97,11300.3,6447.27,1774.86,6781.66,8784.01,5287.82,3947.45,4813.08,2539.87,726.218,1921.66,184.041,1632.46,5862.78,3078.83,1565.53,1477.79,1896.83,1881.82,3778.75,1202.2,9323.69,42537.8,9483.99,3179.52,1513.93,51.2101,3998.74,15930.6,7700.58,1045.24,549.145,3668.78,5396.27,5947.9,2092.09,431.605,2278.09,2835.85,1567.99,694.169,14.5108,140.453,679.695,3785.73,6090.45,1662.32,2176.06,3051.68,1243.6,1937.34,797.922,2056.69,3126.38,637.44,131.939,2080.17,2082.11,1876.58,2135.6,3597.34,3479.67,3401.44,136.723,1557.55,4620.84,2299.85,617.91,5479.29,11523.4,34875.8,21446,4754.69,4410.73,2144.49,3687.99,3715.57,3148.06,2703.27,5271.79,1086.42,4924.14,12149.4,7203.61,1286.5,686.305,2406.83,440.47,915.457,3897.45,6803.66,5977.25,2426.42,739.077,1768.89,4439.61,4385.39,273.921,478.051,2472.21,2264.16,4856.55,4558.59,3292.28,1556.57,404.254,5367.95,6662.81,9599.58,6921.28,13.9563,5061.15,3422.33,276.059,490.816,432.94,86.6176,1700.72
81.734240363,2807.88,1500.38,1957.51,2017.44,1135.56,58.2285,485.946,1748.45,1711.32,1903.58,1869.72,1672.03,193.727,4050.22,1474.84,3361.78,91.2766,755.925,415.528,4436.09,314.443,1601.95,930.394,467.584,469.862,511.324,11329.1,9551.41,753.691,3667.59,564.143,1843.75,4968.3,3825.87,182.025,460.247,5820.81,27667.9,14424.7,2085.85,6016.78,2899.09,739.827,4070,3302.66,853.409,5110.93,6304.91,6439.4,4888.9,3863.44,1516.5,3628.02,3037.12,1703.98,2831.95,2137.21,3768.12,5314.33,7862.54,2879.34,4328.65,3997.13,12029.6,6275.33,501.005,4953.12,5705.6,4287.25,2838.86,4340.41,1416.33,82.2693,2148.95,22.2218,3272.27,6134.79,2892.14,1551.56,714.852,1313.95,1122.88,2792.77,467.506,11977.2,47370.5,11627,4090.38,2339.68,75.4231,3508.3,13509.1,5919.64,530.83,394.867,5459.23,5749.77,4012.9,2477.28,456.735,2547.24,4020.01,766.545,733.154,9.24761,114.025,1167.8,3294.9,5184.4,276.628,1133.44,2163.72,2104.5,1352.8,783.515,2004.94,2456.69,317.212,514.545,1764.39,1162.59,2306.39,2857.15,4368.59,5706.46,4099.63,8.01706,1470.05,4373.17,4058.79,1931.32,4860.23,7274.62,30583.4,18161.4,1653.89,3781.81,1134.11,3395.98,2148.14,2706.83,2144.82,6653.73,2331.46,5575.87,12388.3,6769.6,671.518,1208.82,2590.51,297.249,601.845,2636.75,4879.12,6325.24,3285.7,260.802,1026.76,3529.34,4029.13,271.364,360.928,2175.76,765.747,3761.2,3478.89,4772.91,1145.56,226.18,4302.04,4069.7,9417.58,7514.37,350.956,3740.38,2800.56,39.3017,903.606,899.083,448.492,2071.72
83.220317460,2879.44,642.168,1935.69,1485.36,1104.78,240.199,534.278,1452.37,923.043,1098.3,877.957,2338.17,1034.3,5170.88,153.476,3508.83,85.9508,1437.34,373.268,4673.5,75.2087,1207.75,530.819,410.464,399.414,1341.09,11728,9280.79,1994.89,3863.23,319.891,1401.28,3537.68,4381.79,622.812,241.518,4740.1,26166.3,14424.8,837.25,6975.91,4150.6,585.47,3753.51,4177.28,1150.84,7022.58,6171.4,6969.67,7649.38,4278.27,761.172,3095.73,1374.58,663.017,1747.29,596.509,2604.18,4388.84,6714.75,609.394,2540.89,1595.28,11193.4,5559.36,84.6111,3395.94,2846.09,3440.59,1701.13,3976.49,553.221,353.362,2843.33,677.633,5569.16,6094.75,2011.25,1577.18,425.889,995.985,854.441,1892.36,101.203,13215.2,51716.6,17505.1,5489.77,2974.75,215.573,3027.44,10552.9,4552.19,153.121,941.075,7458.83,5360.25,2306.26,3101.6,306.3,2781.41,5192.14,231.026,921.428,99.2893,289.399,1743.77,2201.45,4417.78,86.1767,722.396,1764.6,2778.44,725.579,1125.57,2496.12,1933.94,117.901,995.408,1451.25,426.346,2497.3,3191.49,4566.55,7676.89,5159.24,336.146,1139.38,3796.92,6478.21,4535.31,3900.08,4775.78,23733,14148.8,101.187,3511.94,470.932,3060.02,1036.29,2377.09,1463.2,7785.93,4050.83,5812.42,10979.2,6087.74,196.1,1603.5,2588.72,549.451,392.127,1689.09,2865.59,5822.47,4307.12,614.442,986.606,3489.75,3604.27,186.537,202.437,2022.7,77.9978,2908.28,2034.07,5993.99,1112.21,132.272,3583.03,1817.67,8547.95,7989.3,1096.02,2591.48,2209.39,35.2892,1347.77,1499.78,1129.54,3676.85
84.706394558,2998.43,110.593,1760.88,848.352,1029.44,508.158,485.438,1034.45,555.414,716.517,255.163,2676.76,2858.67,6632.88,724.37,4008.5,885.997,2227.99,1146.14,5276.43,679.787,839.76,225.381,389.611,319.649,2689.79,11711.5,8151.71,3353.14,3657.1,653.829,1133.39,2024.75,4789.34,1229.7,114.799,4079.34,23318.5,13435.5,60.5947,7556.28,5861.87,350.657,3883.16,5387.97,2403.56,8608.71,4927.63,6671.84,10175.1,4410.94,218.009,2539.24,298.635,400.815,1269.98,18.608,1584.92,2840.63,5145.84,113.594,1693.22,955.32,9002.43,4612.53,479.592,2259.62,965.756,2969.86,1296.56,3927.88,362.087,1494.46,4018.68,2497.99,7881.55,5960.8,861.802,1899.03,725.219,849.583,795.605,1567.79,7.76394,12054.8,56963.7,24227.6,6310.49,3854.38,402.211,2536.54,7503.85,3790.35,133.749,2388.38,8745.64,4872,1135.37,4028.21,76.1894,3335.78,5914.05,326.919,1267.53,417.255,733.42,2284.48,939.104,3926.09,1006.79,893.194,1952.11,3069.16,218.608,1684.23,3230.49,1592.3,67.6724,1406.69,1148.4,96.0348,2284.93,3168.52,3909.09,9081.64,6198.03,1162.55,842.67,3122.99,9339.53,8050.93,3120.72,3886.03,16565.7,10103,385.543,3574.66,885.544,2858.52,709.029,2257,1227.04,8432.08,5561.98,5249.75,8622.66,5200.7,24.7156,1824.61,2290.59,1026.32,310.268,1331.67,1265.47,4879.48,5270.44,1778.01,1829.26,4273.49,3171.85,66.9656,108.254,1980.92,454.805,2458.07,957.833,6687.25,1516.49,33.1992,3253.79,723.028,7491.71,8568.92,1585.26,1706.6,1672.21,223.779,1739,2414.9,1734.57,5868.52
86.192471655,3295.75,146.274,1415.66,385.832,848.737,839.299,334.888,667.273,558.256,674.2,97.6929,2768.18,5407.18,8089.34,2720.28,4800.76,2397.45,2923.06,2702.47,6213.55,1773.81,581.875,79.161,394.739,360.623,4445.15,10852.2,6341.74,4100.26,3255.73,1262.22,961.837,931.776,5074.06,1737.41,106.92,3704.54,19728.2,11559.8,258.822,7668.44,7535.4,443.907,4387.19,6689.28,4435.09,9214.71,3330.18,5632.15,11943.3,4273.19,164.706,1990.67,28.4025,822.34,1334.09,183.725,786.978,1348.47,3654.38,798.448,1455.99,1591.6,6396.41,3580.39,1174.36,1588.02,352.211,2691.5,1986.67,4412.54,896.319,2931.94,5503.38,5371.44,9640.83,5610.9,182.484,2542.33,1523.61,958.075,693.249,1719.05,151.564,9536.81,63008.7,29929,5575.1,5325.87,755.797,2888.43,4758.39,3273.42,1069.76,4471.38,8547.67,4752.43,1031.99,5187.42,146.309,3897.11,6191.44,1077.39,1724.58,996.812,1376.95,2640.84,119.062,3746.46,2368.71,1409.73,2641.05,3009.18,23.7692,2301.15,3765.5,1390.97,164.163,1557.05,996.505,62.7418,1777.86,2868.52,2685.24,9592.16,6916.54,2144.31,733.866,2819.53,12082.4,11431.3,2999.72,3822.6,10560.7,6517.58,1955.89,3842.68,2417.45,2942.12,1080.96,2346.94,1798.85,8216.45,6378.28,3836.94,6173.47,4104.52,210.509,1878.21,1763.89,1403.53,449.277,1578.65,426.188,3862.22,5962.61,3370.14,3418.95,5399.54,2759.04,1.01158,190.388,2091.22,1530.83,2301.89,838.283,6932.93,2070.1,26.3747,3034.72,991.946,7016.73,8749.87,1604,1074.97,1285.33,381.876,1968.21,3707.19,2124.36,7443.92
87.678548753,3695.98,777.739,1012.22,154.807,622.113,1166.15,168.843,418.257,738.925,811.619,329.287,2876.62,7836.25,9101.43,5238.95,5743.83,3891.06,3513.46,4712.76,7018.33,2920.94,502.933,60.1373,370.376,672.19,6397.21,9033.75,4329.68,3736.21,2858.34,1664.48,850.367,531.91,5327.39,1889.17,158.974,3412.36,15835.7,9233.28,1233.14,7369.86,8584.82,1175.19,4948.78,7634.89,6406.5,8798.54,1961.87,4431.72,12422.4,4114.45,402.213,1600.62,499.847,1647.66,1699.08,628.323,310.329,479.984,2427.31,1818.58,1598.82,2441.51,4138.6,2630.71,1632.44,1310.88,561.507,2467.68,3506.5,5266.73,1900.79,4035.66,7081.41,8314.22,10521.5,4953.34,260.356,3408.44,2913.32,1101.53,606.688,2025.08,568.045,7873.54,67951.3,35055.7,3153.31,7873.28,1694.69,4521.27,2969.61,2818.44,3128.43,6565.26,7215.45,4572.68,2289.36,6842.95,803.068,3726.32,6363.28,2281.32,1934.21,1729.73,2344.06,2554.37,41.7843,3716.34,3737.13,1900.82,3331,3005.36,204.045,2586.64,4079.46,1171.51,284.505,1604.69,930.379,123.505,1277.6,2427.09,1353.44,9418.46,6784.85,2942.9,869.211,3069.44,13896.1,13763.2,3478.54,3657.12,6297.68,3694.37,3531.47,4216.76,4517.79,3283,1712.77,2514.54,3018.16,7103.64,6201.88,2029.74,4251.62,2818.68,670.768,1775.92,1205.17,1453.36,901.529,2183.98,457.005,3124.52,5924.65,5135.88,5032.98,6199.66,2574.53,25.2525,364.307,2311.49,2944.98,2145.52,1511.19,7131.53,2412.99,126.598,2791.59,2389.81,7006.07,8076.39,1338.14,716.472,1005.75,369.926,2295.74,4656.14,2544.16,7666.63
89.164625850,4130.13,1834.49,615.832,106.253,528.751,1333.24,91.9204,275.193,922.694,982.815,681.479,3057.33,9327.78,9345.74,7028.13,6844.23,4473.07,3949.32,6466.85,7316.59,3712.75,615.409,54.9929,338.06,1345.23,7950.23,6856.75,2464.96,2539.85,2446.28,1625.11,771.01,746.63,5514.78,1798.78,185.778,2835.27,12207.7,6914.48,2184.67,6875.97,8535.15,2432.98,5284.66,7791.16,7418.49,7508.17,1340.7,3605.7,11265.1,4273.06,562.987,1326.37,1496.5,2728.83,2117.88,947.237,89.2871,171.021,1658.42,2324.72,1984.29,2797.85,2423.87,1836.15,1488.91,1427.55,931.073,2214.08,4987.63,6242.37,2986.56,4230.51,8526.05,10202.4,10045.6,4392.12,785.388,4034.85,4870.23,1477.88,757.23,2446.39,892.466,7321.8,71825.6,39942,910.199,11208.9,3731.82,6568.43,2775.34,2910.64,5923.12,7762.94,5346.81,3961.22,4741.56,9018.53,2151.88,2647.14,6553.79,3438.69,1869.2,2366.09,3385.01,2251.9,334.085,3814.55,4815.72,2075.87,3703.89,3138.2,564.786,2478.9,4077.83,987.616,320.983,1645.91,910.4,163.596,875.243,1979.02,566.837,8753.04,5680.66,3287.85,1324.23,3391.32,14374.4,14538,3952.39,2984.48,3697.92,1648.05,4093.21,4637.06,6152.1,3864.67,2008.95,2638.64,4324.44,5380,5071.77,642.893,2942.1,1596.15,1150.43,1590.84,704.267,1253.62,1614.78,2768.75,1281.95,2702.59,4852.63,6787.52,5910.23,6265.51,2740.22,49.0461,382.434,2773.32,4110.2,1993.51,2356.47,7320.97,2523.05,208.758,2616.65,4286.76,6772.67,6665.16,1068.45,552.895,813.393,147.992,2894.43,4877.2,2719.06,6588.35
90.650702948,4407.12,3016.57,375.774,143.287,696.054,1251.25,117.37,215.872,963.184,1120.24,901.723,3182.92,9451.74,8729.35,7201.37,7900.1,3923.83,4076.61,7440.35,6698.55,4077.93,809.779,35.609,316.24,2131.93,9063.33,4650.86,1160.83,1278.49,1843.71,1308.02,645.967,1259.17,5632.53,1724.34,179.272,1991.95,9056.65,4930.51,2378.78,6339.02,7306.28,3808.8,4997.79,7180.35,6830.07,5897.51,1386.45,3186.06,9128.33,4365.37,557.35,1096.25,2794.46,3912.8,2405.15,977.209,78.829,49.4512,1330.96,1988.82,2500.83,2523.15,1261.03,1183.06,993.244,1774.11,1011.81,1956.58,5572.38,7075.07,3713.85,3573.42,9404.81,10310.8,8367.46,3936.31,1191.55,4546.39,6715.97,2260.16,1373.78,3328.9,690.85,6910.3,75779.8,45025.1,899.311,13831.3,7106.36,8671.46,3675.87,3699.02,8852.25,7750.99,3441.83,2866.05,7488.22,11702.5,3930.43,1249.38,6636.51,4157.69,1514.21,2761.45,4105.44,1989.82,574.097,3956.45,5619.42,1705.41,3774.96,3324.03,760.332,2298.82,3530.32,942.818,234.406,1763.35,837.303,164.486,557.269,1606.23,735.483,7691.32,3991.75,3055.84,2031.98,3328.75,13336.9,14136.1,3645.62,1943.33,2278.83,468.247,3584.93,4762.33,6701.93,4513.12,1639.25,2767.88,4911.48,3605.18,3374.96,230.119,2233.75,639.753,1388.58,1324.61,382.338,957.656,2430.86,3063.89,2413.72,2411.77,3227.67,7890.8,5671.33,5546.77,3123.29,89.2721,268.383,3506.4,4572.59,1778.48,2863.44,7162.76,2787.83,162.645,2618.85,5950.46,5746.78,4940.77,1132.41,504.473,539.609,15.2534,3398.32,5053.58,2040.33,4789.35
92.136780045,4397.47,4127.69,356.619,229.07,994.067,1103.72,153.456,182.788,871.387,1134.24,948.29,2932.95,8596.95,7079.76,6044.97,8270.15,2868.86,3683.35,7594.46,5090.24,4071.18,1023.98,12.0765,278.662,2765.23,9623.17,3044.75,481.332,415.126,1121.92,921.047,446.844,1862.7,5624.52,1707.75,140.892,1149.21,6539.04,3363.15,1828.52,5485.49,5482.39,4591.78,4150.05,5817.01,5073.03,4158.5,1806.71,3000.63,6778.26,3896.81,497.081,895.811,4183.87,5111.49,2237.68,904.039,224.978,1.02372,1183.41,1329.72,2699.89,2098.44,491.512,833.532,675.048,1957.78,875.693,1541.21,5303.65,7272.61,3856.03,2431.71,9424.54,8817.98,5975.45,3593.55,1113.85,5151.65,7600.39,3327.86,2749.37,4652.2,258.934,6518.86,79392.3,51309.5,3652.7,14454.5,11046.4,10445.6,4752.17,4999.65,11339.7,6465.63,2020.7,1529.41,9721.21,14427.1,5607.93,284.714,6523.06,4281.18,974.454,2830.31,4274.46,1791.4,567.759,4071.43,6128.28,948.113,3725.18,3454.85,652.507,2099.24,2676.89,918.634,179.773,1881.82,703.391,123.688,314.045,1416.05,1561.7,6344.34,2358.44,2502.98,2744.58,2567.08,11457,12613.3,2642.75,992.666,1470.93,136.109,2664.56,4046.41,6491.15,4680.21,1001.01,2656.5,4719.86,1937.11,1925.52,709.725,1923.17,108.419,1433.51,866.42,330.137,883.647,2899.96,3001.93,3407.37,2030.87,1873.16,8064.43,4538.88,4280.4,3559.79,196.928,280.687,4117.36,4521.72,1320.4,2908.34,6467.06,3193.65,40.6543,2896.34,6972.41,3894.23,3455.44,1252.92,589.263,277.964,8.81603,3794.49,5707.91,869.85,2730.32
93.622857143,4201.36,4906.19,594.393,385.217,1253.92,949.059,149.878,163.621,689.027,1014.02,814.53,2332.79,7058.02,4942.68,4098.82,7814.35,1847.24,3013.8,6936.01,3059.55,3682.77,1222.24,12.2034,217.36,3131.19,9381.31,2449.94,249.316,43.7767,517.603,552.901,247.241,2268.2,5589.4,1576.69,131.589,474.027,4760.78,2216,1035.84,4262.59,3599.35,4350.59,2987.65,4093.28,2920.13,2633.08,2126.85,2668.56,4684.09,2896.87,467.529,832.726,5281.27,6118.73,1692.51,774.629,463.717,57.4309,1138.24,663.684,2465.84,1757.88,227.606,772.706,663.977,1861.66,615.678,1067.47,4355.92,6708.76,3405.25,1245.51,8640.25,6470.9,3596.86,3397.1,656.487,5829.88,7053.48,4416.53,4821.09,6094.42,200.084,6770.67,81944,57713.4,8189.08,12800,14280.9,11288.3,5228.57,6441.42,12629.2,4562.93,1161.85,547.81,10694.5,16496,6784.16,131.196,6303.37,3814.24,457.526,2569.55,3843.24,1637.61,339.647,4083.7,6211.89,314.989,3628.05,3496.14,323.28,1865.08,1777.57,818.903,290.35,1976.23,531.656,70.3168,184.992,1371.86,2317.55,4993,1305.29,1808.25,3358.34,1320.29,9452.68,9980.31,1584.69,382.172,1031.78,369.953,1730.48,2741.36,5608.57,4300.44,403.19,2401.2,3800.58,798.712,987.915,1431.42,1930.04,136.923,1327.29,369.722,479.598,1136.96,2781.62,2611.8,3877.12,1695.7,1206.65,7295.9,3013.54,2928.77,3864.96,426.189,513.067,4387.04,4091.53,748.699,2493.13,5383.44,3362.23,56.5308,3455.96,7071.48,1904.52,2400.69,1102.7,843.363,144.91,91.0842,4360.6,6785.17,404.886,1276.17
95.108934240,3935.57,5199.24,992.174,603.596,1343.88,797.942,106.549,132.148,495.737,780.716,564.093,1587.97,5197.2,2985.61,2142.17,6687.95,1243.9,2399.54,5712.13,1299.14,3014.62,1342.22,49.9829,145.575,3183.43,8428.49,2597.45,245.535,34.2257,165.029,305.596,78.607,2363.18,5384.72,1407.68,170.496,130.949,3634.88,1393.1,568.538,3026.74,1897.83,3399.43,1736.67,2426.65,1289.69,1507.83,1965.16,2037.5,3001.93,1759.8,494.472,892.606,5918.1,6553.77,1122.06,613.289,706.16,257.623,1118.57,200.943,1913,1647.28,353.444,832.696,900.786,1552.29,331.673,628.013,3161.26,5398.89,2667.46,453.077,7159,4393.35,1840.1,3242.76,334.174,6157.61,5580.75,4869.84,7255.07,7378.51,782.407,8318.85,82259.5,62087.6,12107.7,9899.14,15195.6,11295.5,4532.86,7504.48,12379.9,2962.09,652.409,308.69,10385.6,16949.3,7425.28,815.904,5842.31,3117.02,105.22,2057.79,3027.42,1441.29,100.699,3883.56,5784.19,309.035,3509.21,3319.87,43.509,1625.19,962.624,679.074,558.454,1998.98,411.582,42.296,188.883,1351.55,2563.01,3642.39,1000.48,1400.45,3460.45,321.61,7653.23,6734.97,1046.5,140.919,710.17,835.952,941.215,1567.64,4039.71,3701.45,93.5658,1924.82,2687.98,291.112,461.102,1884.35,2047.55,627.084,1230.36,49.7343,709.674,1529.98,2288.98,1900.14,3758.16,1542.34,1186.85,5901.12,1744.96,1850.64,3830.47,802.122,946.263,4203.28,3438.7,241.284,1876.65,4048.15,3122.4,368.93,4043.68,6460.44,530.937,1611.31,737.089,1077.7,281.588,277.135,5437.75,7708.25,1445.12,1370.97
96.595011338,3622.66,4997.62,1376.24,796.231,1261.61,632.975,58.0847,83.3663,318.279,533.674,273.046,908.257,3487.36,1542.99,843.923,5287.9,1095.98,2017.51,4385.31,271.948,2156.49,1404.4,109.375,75.3431,2983.22,7015.48,2908.75,352.271,154.264,34.1301,164.677,6.91099,2130.1,4931.89,1328.96,198.93,103.164,3043.25,873.326,594.741,2068.51,733.584,2213.81,713.19,1145.85,524.538,839.412,1293.68,1288.06,1763.51,844.287,527.999,1083.85,5954.65,6226.02,812.709,493.409,849.648,536.24,1125.35,7.54181,1275.07,1753.72,652.05,820.359,1219.86,1169.14,126.922,316.787,2000.85,3790.41,1888.31,205.48,5441.53,3127.15,1016.24,3090.29,550.763,5861.07,3832.94,4342.38,9443.43,8427.54,1671.9,10889.3,79987.5,61591.8,13561.3,6668.75,13484.1,10479.2,3003.19,7627.57,10979.3,2041.25,338.68,774.446,9355.66,15068.2,7721.5,2018.49,4953.21,2531.19,31.849,1357.23,2191.78,1091.36,61.8305,3544.87,4754.25,1077.81,3453.42,2768.62,70.5421,1408.06,378.398,530.172,819.565,1903.86,469.509,47.5359,227.515,1306.43,2175.87,2473.44,1128.09,1340.57,3054.44,36.4675,6030.48,3924.77,932.732,121.862,413.416,1302.9,374.465,792.039,2383.94,3012.98,112.123,1346.92,1813.16,145.631,237.416,1943,2050.43,1256.06,1272.08,31.8986,894.728,1797.28,1733.71,1066.06,3158.75,1554.45,1598.69,4199.11,1159.7,1256.19,3393.28,1183.62,1482.45,3639.13,2603.35,64.3463,1282.2,2646.68,2617.73,831.391,4406.92,5578.06,46.7811,1011.64,329.808,1170.29,656.867,688.403,6848.32,8152.08,3623.46,3335.88
98.081088435,3333.52,4254.05,1634.26,855.981,1072.61,448.687,30.1707,45.3927,176.295,309.883,72.0994,455.736,2141.73,715.771,421.562,4001.06,1172.8,1867.05,3334.05,3.16757,1327.73,1372.38,172.468,30.8068,2604.62,5491.74,2829.01,569.646,227.351,6.67609,106.548,65.0481,1678.07,4263.39,1321.53,158.137,308.168,2922.65,556.553,924.2,1529.31,311.549,1119.53,163.519,439.637,329.963,558.693,517.563,667.709,936.714,313.153,552.464,1324.18,5291.65,5373.38,759.885,443.541,901.621,735.905,1167.96,98.1939,702.533,1942.43,943.778,649.618,1478.96,811.181,35.3064,195.614,1058.91,2338.35,1251.67,379.154,3864.06,2646.02,1056.18,2822.79,1322.16,5054.65,2186.05,3308.4,10306.3,9458.12,2312.92,13351,75560.3,54318.8,12373,3612.76,10493.7,8628.75,1483.1,6672.2,8932.64,1739.82,231.239,1618.32,7770.49,11494.6,7537.52,3123.29,3746.79,2143.44,167.823,758.985,1400.14,711.996,307.805,3029.63,3398.85,2185.3,3542.61,1843.63,473.456,1303.28,75.2589,336.211,961.844,1683.58,665.237,107.544,230.763,1180.64,1457.51,1605.54,1299.7,1389.64,2468.51,556.232,4450.2,2155.67,832.09,205.991,214.85,1619.61,101.271,369.127,1230.71,2186.04,412.466,817.123,1303.59,92.7104,242.522,1700.85,1807.89,1788.19,1346.25,245.158,1036.65,1769.51,1258.14,392.635,2388.01,1502.41,2163.53,2544.96,1112.82,1270.95,2534.86,1477.87,1974.97,2775.46,1739.47,298.841,796.029,1496.37,1941.24,1212,4417.5,4774.43,200.68,569.45,81.4368,1099.3,1249.77,1433,7597.93,8583.2,5525.52,6441.2
99.567165533,2987.6,3160.56,1662.98,760.274,819.235,283.471,29.9599,32.7966,76.8402,132.25,13.5934,251.025,1234.16,365.03,538.028,3090.72,1162.58,1873.06,2699.39,156.591,706.3,1258.77,194.024,17.3913,2257.02,3939.16,2305.54,846.894,231.412,13.4566,86.8709,182.013,1210.02,3473.68,1286.7,96.1155,736.652,3151.08,378.315,1268.88,1368.17,440.999,461.572,25.0428,145.197,327.817,556.279,87.46,317.76,461.082,188.989,599.119,1300.07,4344.24,4183.78,801.3,538.072,870.889,748.027,1266.96,378.206,279.431,2117.38,1108.12,422.136,1505.04,589.811,12.9063,220.05,440.117,1233.33,898.287,615.581,2696.64,2438.39,1574.98,2410.79,2228.55,4004.97,1047.17,2122.82,9709.67,9868.21,2711.86,14740.7,68766.7,41993.7,9388.23,1199.24,7615.17,6105.16,429.652,5339.95,6614.83,1653.16,353.254,2292.64,5878.15,7467.02,6643.55,3633.86,2435.86,1943.26,309.313,419.288,761.487,401.726,660.221,2455.01,2028.69,3057.11,3664.97,900.721,1108.35,1314.75,11.7711,151.848,938.108,1368.42,834.478,256.456,173.949,1069.88,820.67,1030.93,1339.83,1272.37,1985.92,1359.39,3201.51,1179.97,580.761,361.349,232.846,1757.6,146.504,135.596,611.87,1483.53,718.85,443.93,965.363,91.0174,392.766,1354.42,1327.85,2090.72,1351.51,510.705,1159.18,1376.53,919.1,186.824,1644.32,1259.61,2523.63,1304.32,1190.04,1675.25,1540.08,1552.07,2252.98,1814.1,1030.77,709.671,470.999,737.089,1282.9,1290.73,4094.62,4056.46,644.246,272.556,24.7205,979.17,1898.79,2391.38,7315.29,8688.08,6156.72,9369.24
101.053242630,2584.2,1947.7,1484.15,517.913,579.914,169.398,28.5468,34.3565,23.587,40.4039,36.2932,158.956,725.825,278.581,734.089,2646.84,839.806,1827.51,2374.45,398.961,354.964,1163.44,125.631,27.9236,2025.88,2524.89,1529.68,1097.96,192.745,33.6478,84.0319,260.231,784.931,2694.06,1220.33,80.3686,1292.28,3674.3,393.753,1448.34,1516.95,717.144,193.815,43.9543,65.748,325.655,688.933,70.2933,201.753,323.728,371.435,702.524,900.028,3467.82,2940.18,782.708,718.429,802.004,548.257,1442.3,712.333,68.6025,2252.42,1167.86,247.38,1290.38,506.866,2.51571,255.922,120.387,575.834,741.18,589.815,1934.87,2094.7,2074.39,1935.92,2650.73,3067.01,398.185,1137.46,8331.13,8903.23,3077.52,14406.7,59993.7,28243.2,6043.88,47.4932,5191.84,3713.37,137.947,3988.33,4605.34,1373.3,651.472,2500.5,3806.71,4223.11,5006.87,3385.89,1350.46,1712.72,358.595,275.18,407.05,208.215,840.861,1916.38,934.19,3380.97,3733.37,257.119,1643.41,1462.2,120.89,31.3375,834.351,950.339,919.719,523.393,101.322,1020.54,538.593,767.744,1158.29,914.774,1730.83,1732.81,2323.83,699.554,327.103,540.328,446.086,1925.14,394.573,23.0784,308.321,994.373,766.163,195.939,760.429,157.219,566.989,1056.42,761.002,2089.51,1239.09,703.864,1211.6,824.565,676.66,397.422,1150.69,806.14,2524.64,582.875,1144.12,2096.2,736.756,1390.27,2149.11,1067.4,486.821,1058.61,237.75,362.803,852.415,957.215,3513.32,3299.62,1091.48,104.7,60.8554,946.741,2422.87,3074.07,6343.86,7768.45,5602.62,11049.5
102.539319728,2197.4,885.305,1187.05,243.021,370.821,108.072,17.5995,34.6306,15.5757,30.5976,63.5415,74.8409,545.562,238.59,781.935,2522.82,362.198,1552.34,2194.6,547.486,248.557,1087.95,37.028,100.876,1793.35,1454.7,753.322,1252.24,152.568,51.0752,103.625,241.189,422.641,1999.48,1218.61,129.959,1758.62,4369.93,810.557,1422.03,1715.96,987.553,89.9927,61.665,41.5208,290.853,773.57,296.092,253.837,429.138,633.6,907.294,354.459,2734.99,1976.49,600.616,908.844,660.133,266.997,1652.51,1012.36,100.324,2346.31,1194.78,174.892,999.667,455.107,5.62281,246.439,7.6091,255.915,630.614,317.435,1503.33,1464.9,2317.02,1323.46,2525.82,2079.45,330.54,653.07,6559.04,6904.83,3238.56,11693.8,51162.7,16442.1,3692.03,266.119,3214.05,1849.37,517.986,3148.94,2882.51,902.002,974.543,2294.07,1886.22,2127.41,3163.95,2552.04,631.602,1414.65,304.52,206.818,338.981,162.592,630.653,1595.02,250.846,3099.4,3789.4,18.7517,1972.7,1617.76,327.161,12.6393,764.312,517.187,905.803,878.388,100.147,982.487,667.363,818.02,726.11,527.56,1504.68,1559.18,1592.23,624.389,244.742,543.005,785.179,2434.68,554.015,2.27048,237.876,554.732,668.04,30.8706,634.538,273.99,714.614,828.353,375.057,1774.37,1019.68,745.958,1134.93,370.278,536.587,785.142,845.852,382.409,2198.24,302.298,1038.38,2218.66,290.677,1101.34,1638.04,639.924,167.358,1174.14,140.972,216.724,605.387,476.984,2836,2354.78,1498.75,13.5976,150.508,853.848,2850.37,3284.17,4798.43,6051.19,4379.86,10623.5
104.025396825,1844.14,210.714,909.966,55.5851,213.883,82.4018,4.72174,31.2166,17.4869,54.224,92.895,50.9417,605.585,217.931,708.023,2438.19,146.241,1236.33,1836.82,704.959,316.261,994.675,43.9773,246.418,1526.91,717.282,243.419,1246.91,178.305,93.9596,161.473,160.131,122.179,1657.5,1077.28,238.167,2107.56,4745.72,1808.92,1356.29,1546.56,1419.72,46.3462,70.6314,42.139,184.946,845.136,638.538,380.436,540.841,885.987,1189.67,42.5168,2041.55,1443.65,352.34,972.143,489.694,67.3525,1918.58,1146.85,294.88,2499.3,1196.19,199.264,758.291,324.693,55.107,246.141,13.6326,91.9139,537.46,197.309,1194.45,840.415,2243.26,700.1,2024.72,1172.27,575.419,424.451,4997.11,5001.14,2933.35,6933.74,44178.8,9539.07,2394.7,865.368,2052.08,742.406,995.586,2667.08,1573.56,442.729,1131.37,1861.36,596.648,959.361,1725.52,1703.01,232.714,1035.29,275.344,157.984,401.774,301.074,249.861,1505.41,39.0283,2477.7,3714.32,329.233,2180.65,1556.42,584.351,112.675,747.537,209.452,773.23,1219.89,272.084,971.607,919.403,1075.37,335.131,277.779,1180.3,1082.02,1073.11,676.229,244.085,457.72,1169.29,3220.43,738.291,11.8012,374.201,185.874,642.549,20.6016,440.517,430.715,969.026,608.182,207.982,1368.15,674.619,710.562,840.107,194.877,446.709,1191.65,571.24,178.577,1857.18,260.302,876.142,2166.5,111.891,789.501,1056.5,368.689,61.9702,1146.69,181.941,117.968,472.088,358.063,2140.24,1376.43,1839.11,49.3607,313.851,655.833,2967.81,3263.95,3043.91,4523.48,3067.46,7693.85
105.511473923,1542.61,11.4026,740.464,39.8284,117.374,74.3096,18.5291,30.65,16.8066,90.6716,192.847,176.258,847.638,348.129,559.656,2250.63,491.804,992.425,1288.29,997.028,533.75,848.73,135.423,425.98,1238.36,308.705,38.0252,1091.73,340.053,222.281,284.691,154.223,42.0921,1631.42,806.542,373.489,2234.95,4671.26,3036.58,1315.16,1081.45,2064.58,180.328,127.49,90.3098,50.4528,968.417,958.417,517.817,575.315,1049.58,1415.14,103.698,1470.27,1220.46,235.454,883.032,332.163,128.175,2164.63,1133.72,526.837,2626.08,1306.4,262.887,527.622,195.419,126.167,285.596,87.166,27.1383,510.431,389.414,973.643,447.072,2068.99,190.741,1423.51,544.197,785.99,231.124,4077.65,4099.27,2333.89,2346.83,39976.2,8320.76,1884.58,886.709,1626.59,243.653,1075.39,2353.9,749.328,152.165,983.649,1398.1,64.9546,453.952,1008.59,1199.01,77.6871,640.244,345.754,121.455,457.887,652.362,83.3263,1635.13,437.834,1707.69,3425.27,1350.5,2225.86,1228.9,883.072,331.073,657.995,98.0786,656.922,1394.85,567.099,960.278,1062.91,1385.06,251.234,173.473,842.043,682.263,801.698,707.102,250.95,368.535,1383.18,4093.11,1297.75,143.639,773.519,90.778,780.64,199.267,199.574,615.059,1211.43,499.878,196.239,943.409,384.36,575.275,494.963,190.42,451.972,1485.56,343.406,214.968,1610.71,334.359,712.427,2023.81,192.551,507.975,616.057,172.383,130.005,1115.76,311.931,43.8868,406.15,621.131,1661.42,583.07,2206.45,240.296,498.595,382.101,2830.87,3124.04,1776,4132.06,2337.83,3598.47
106.997551020,1375.63,160.64,644.688,190.096,106.438,83.2572,66.1697,36.5261,15.4009,142.447,378.318,496.146,1272.95,675.669,322.512,2066.71,1346.6,831.824,798.813,1463.42,791.669,659.066,252.197,632.151,934.46,134.201,43.7501,847.519,659.803,485.449,506.855,337.896,313.109,1835.95,538.99,487.248,2118.11,4094.93,4063.05,1325.46,707.691,2815.28,610.201,299.421,221.201,8.76774,1143.83,1121.56,614.111,514.392,1058.38,1546.97,425.701,999.331,1138.56,429.104,745.506,212.834,464.833,2386.21,998.006,682.919,2697.48,1471.52,286.151,340.623,113.027,172.682,366.427,197.194,67.174,541.942,726.922,890.607,469.931,1819.88,17.1206,891.717,228.039,752.585,177.396,3975.8,4057.53,2251.65,914.784,38533.5,11161.8,1841.74,367.172,1551.36,76.8304,796.093,1988.01,372.595,26.2698,639.353,1000.28,44.4139,359.046,958.128,1036.67,69.7698,344.3,455.792,70.3932,502.192,1146.24,346.459,2040.85,1394.85,927.09,3014.91,2915.89,2136.5,739.707,1166.57,596.581,509.594,117.407,628.57,1355.65,848.349,913.878,982.882,1641.85,485.347,166.412,736.544,634.63,771.107,644.184,237.736,281.992,1329.26,4937.02,2348.09,551.922,1428.59,469.536,1123.83,510.66,33.74,786.274,1314.25,496.488,240.975,589.385,211.384,425.373,230.027,245.438,661.925,1600.06,189.369,364.495,1492.37,405.995,616.986,1807.06,446.136,287.112,336.677,57.2949,283.026,1105.87,466.36,20.4777,400.006,1011.58,1403.28,328.153,2531.21,591.523,613.179,157.815,2509.67,3083.9,1687.13,4721.63,3057.02,862.274
108.483628118,1260.22,379.778,618.227,414.668,171.998,121.855,134.637,51.7747,16.2925,223.689,618.08,948.014,1818.09,1162.08,82.4652,1982.55,2355.39,794.467,612.749,2010.63,1016.17,416.979,364.517,834.806,691.043,61.3979,103.841,638.593,1015.36,865.841,880.585,758.703,953.727,2090.05,432.707,536.408,1802,3148.92,4552.85,1423.96,682.379,3520.99,1357.45,640.078,444.016,144.895,1278.93,1142.98,581.155,424.744,872.262,1653.76,762.451,608.221,1055.27,920.185,705.875,168.349,979.303,2521.84,831.006,714.661,2660.29,1574.78,233.795,224.341,73.2379,180.588,468.985,312.684,192.057,626.545,950.584,933.182,851.026,1561.65,192.379,529.109,74.1236,562.651,376.297,4314.87,4903.96,3218.31,3929.16,38620.3,16072,2060.6,81.7442,1444.79,70.8749,555.622,1513.46,225.844,0.301787,412.207,717.274,182.951,453.032,1206.67,1065.8,89.1953,219.959,526.393,18.9535,564.328,1596.51,1035.21,2764.28,2580.75,340.854,2668.77,4442.64,2057.56,296.202,1384.67,789.229,342.458,182.875,692.33,1153.98,977.492,818.024,711.065,1746.13,951.696,260.828,937.002,988.404,946.307,515.997,187.647,230.081,1109.02,5647.37,3556.48,1318.01,2347.68,1325.7,1611.97,862.738,12.3007,946.354,1222.99,513.974,254.26,330.533,187.081,358.352,104.988,298.196,1043.53,1639.99,88.3457,543.264,1421.49,423.331,545.701,1614.48,661.364,137.82,189.477,8.97138,394.078,1126.55,573.985,52.1552,438.693,1234.53,1361.23,652.033,2645.33,1058.27,648.954,27.6022,2054.87,3381.66,2829.9,5766.2,5180.11,1379.08
109.969705215,1036.6,592.854,523.268,637.915,328.036,197.099,166.693,81.2482,39.3669,360.072,809.424,1368.36,2412.64,1678.12,5.22336,1965.3,3050.53,1012.52,853.644,2314.09,1187.79,170.263,492.313,955.303,545.455,9.93511,168.628,414.682,1426.8,1306.57,1186.38,1383.73,2062.14,2159.68,453.06,590.816,1346.52,2317.92,4107.17,1688.12,1191.55,3991.14,2094.86,1213.23,818.132,413.195,1258.16,1095.22,408.901,343.684,633.973,1706.71,922.612,297.462,942.38,1457.83,857.982,280.258,1449.11,2479.3,738.565,673.752,2485.35,1487.19,148.499,175.771,64.0547,163.199,569.97,389.885,363.113,766.498,861.328,1123.99,1298.97,1308.26,570.02,289.616,42.5894,476.227,755.259,4321.19,6900.01,5059.41,9218.87,38969.3,21527.3,2344.23,254.38,1324.76,155.873,355.496,1176.62,166.804,3.38572,370.657,540.473,279.533,623.765,1399.31,1131.3,86.8674,216.326,528.278,6.845,702.748,1755.94,1966.93,3765.57,3496.14,165.771,2563.73,5238.56,2123.17,145.689,1490.51,784.542,234.302,216.482,909.422,727.883,1040.25,569.641,426.531,1639.48,1638.44,436.881,1104.51,1730.26,1451.18,268.496,86.5771,269.935,905.297,6466.61,4047.36,2365.86,3726.8,2334.52,1932.78,1326.16,192.452,1070.13,955.458,504.441,193.964,144.577,276.447,430.95,107.763,326.647,1431.82,1721.31,47.2295,694.464,1313.82,397.24,440.801,1555.21,606.465,82.3129,138.703,22.0182,412.621,1077.63,711.438,117.867,427.433,1291.98,1298.36,1296.77,2680.56,1307.36,721.176,11.2848,1447.8,4102.75,4510.94,6712.98,8113.22,5015.24
111.455782313,640.239,816.486,307.402,886.315,602.81,218.865,185.4,130.07,72.861,474.101,1037.32,1419.19,3061.18,2103.45,155.992,1906.67,3254.65,1379.66,1370.29,2386.57,1122.54,65.3829,634.429,978.592,408.075,15.665,261.023,220.939,1928.01,1617.4,1260.68,2165.64,3483.62,2115.71,386.555,881.5,1045.71,1995.35,2848.35,2063.99,2307.13,4007.22,2493.44,1960.02,1385.44,697.416,1024.15,1111.65,179.406,327.105,581.564,1526.38,929.989,65.7831,899.166,1610.33,1266.73,682.535,1481.16,2408.81,732.49,684.387,2120.07,1204.07,117.271,163.592,86.0933,125.569,668.04,408.489,477.534,1015.42,466.524,1497.65,1506.32,1039.43,977.284,176.945,44.7904,511.28,1280.94,3832.7,9045.77,7725.15,13316.1,38298.8,26415.8,2492.95,491.375,1405.85,277.014,341.954,996.222,80.0418,24.7302,510.801,420.426,316.401,857.728,1252.33,1285.81,84.4963,163.51,582.14,122.797,752.725,1691.64,2893.86,4539.71,4063.64,437.403,2501.78,5250.73,2195.49,332.675,1599.76,498.308,287.198,177.136,1418.42,201.187,1215.41,199.378,225.685,1526.1,2444.96,639.376,1092.31,2691.04,2229.03,108.153,24.0558,388.605,1190.04,7490.99,3373.1,3627.1,5457.47,3095.85,1970,1776.63,680,1157.7,581.723,471.565,128.73,18.0391,462.008,534.362,176.978,383.182,1681.69,1741.46,151.545,830.603,1047.57,407.2,444.744,1436.13,427.655,64.7721,117.349,147.242,453.892,789.532,1094.75,192.344,325.943,1266.6,1062.98,2062.86,2619.58,1167.11,846.132,162.219,809.531,5263.79,5810.87,6658.55,11261.1,10573.7
112.941859410,264.618,982.527,100.084,1104.89,1061.03,209.606,191.913,284.144,84.8871,474.491,1524.68,864.607,3992.89,2471.93,262.572,1982.83,2846.78,1709.42,2169.43,2087.59,914.285,116.063,813.532,948.633,255.892,170.17,387.534,203.445,2401.98,1776.87,1017.13,3072.78,4752.37,2088,194.056,1506.37,1457.54,2574.84,1375.94,2647.43,3720.06,3437.76,2486.26,2615,2047.5,969.75,615.461,1303.1,114.383,567.959,825.75,1011.01,891.346,1.48801,772.575,1504.41,1542.66,1509.84,1208.79,2278.21,1174.44,760.592,1573.17,880.517,166.162,278.763,213.547,30.8259,943.064,318.291,589.523,1410.67,89.7019,1979.99,1339.89,795.48,1156.82,287.078,130.471,707.728,1393.05,3361.29,9489.79,11639.2,14106.9,35172.5,30937.7,2224.01,654.037,1841.13,301.933,381.691,987.522,0.991838,140.786,831.839,451.251,411.297,1080.48,853.402,1462.9,157.605,86.541,621.785,468.925,743.293,1381.41,3770.71,4410.08,4488.02,1078.09,2122.21,4841.88,2121.43,656.213,1739.88,154.308,496.684,316.564,2363.78,48.5023,1567.49,4.50541,145.242,1501.82,3273.24,885.19,830.874,3971.83,2985.66,189.819,60.8788,563.349,2383.3,9081.96,1722.8,5273.93,7107.08,3178.73,1880.39,1861.2,1434.36,1437.04,220.863,576.428,184.921,65.9498,705.092,510.256,303.603,446.521,1666.66,1711.3,323.425,1001.2,626.037,544.032,821.903,1106.22,342.509,24.6588,75.3004,454.084,636.38,474.564,1854.88,312.71,363.338,1115.76,784.845,2594.37,2473.15,704.094,1045.5,458.341,470.23,6439.79,6331.84,5411.45,13609.6,16826.1
114.427936508,46.0009,1158.76,7.88364,1376.22,1521.31,268.295,226.915,619.302,151.178,466.441,2400.57,149.902,5446.94,3152.65,127.909,2473.29,1993.33,1930.2,3093.99,1485.81,681.111,250.495,991.645,1031.96,129.56,576.554,638.341,457.939,2536.46,1907.3,513.528,4086.28,5661.77,1846.05,27.8843,2311.73,3258.05,4675.55,633.177,3597.9,4544.45,2712.3,1893.1,3138.13,2618.81,1085.07,253.22,1541,571.913,1374.46,1413.79,330.671,990.5,32.1737,525.87,1397.6,1350.52,2792.77,1175.91,2440.76,2747.9,833.825,1323.01,822.775,366.257,739.801,549.02,61.691,1384.54,309.905,804.906,1989.14,97.0467,2477.33,945.325,583.538,1047.04,590.352,391.563,1086.77,958.036,3014.82,7789.15,16256.4,11834.8,29953.5,35813,1641.81,1205.51,2212.47,309.789,409.26,1103.24,71.4648,323.139,1208.53,828.552,779.639,1252.47,469.433,1604.74,274.099,30.78,598.915,998.524,830.915,949.983,4767.38,3070.58,5057.31,1926.04,1343.8,4404.31,1716.35,1078.63,1772.4,53.3451,737.857,892.178,3902.56,929.192,2345.19,208.357,230.432,1439.54,3900.29,1413.58,561.792,5861.23,3419.53,321.285,161.172,1007.97,5177.41,11194.6,311.078,6874.85,8229.58,2705.76,1579.34,1666.39,2070.25,2060.23,270.193,1203.56,588.292,549.151,985.32,316.226,548.974,419.819,1487.56,1744.94,325.832,1317.07,378.291,880.002,1910.49,779.118,412.172,19.8515,144.248,1076.54,1020.43,588.184,2848.5,631.399,670.935,1093.38,547.106,2839.64,2005.54,297.691,1263.78,1049.24,745.875,7519.17,5603.36,3694.89,14054.8,23117.5
115.914013605,75.8941,1435.08,217.585,1599.21,1775.42,492.792,434.937,1160.61,336.473,681.634,3542.71,151.118,7637.22,4675.56,24.7261,3456.57,1181.87,2058.05,3801.31,905.243,468.972,379.625,1114.16,1316.5,219.274,1282.36,1018.33,848.975,2383.24,1877.73,121.809,4990.07,6230.82,1297.49,36.0134,3305.3,6971.14,8601.9,1665.45,4823.43,4291.6,2076.72,1016.95,3380.91,2849.05,1098.71,69.3875,1694.49,1648.89,2942.67,2480.41,9.55005,1288.76,89.8579,404.154,1251.96,911.193,4264.29,1958.38,3541.94,6065.1,1341.3,1969.86,1461.44,873.41,1556.61,1122.44,377.365,2064.46,536.284,1216.46,2645.35,711.036,3023.94,490.786,430.245,758.583,1057.81,889.992,1458.18,421.839,2591.66,4971.31,20157.7,8621.03,25517.2,40949.5,1548.2,2150.77,2377.97,317.841,451.844,1302.8,301.857,505.555,1549.02,1586.23,1611.52,1437.01,348.556,1627.67,394.291,1.13852,597.544,1494.58,1036.91,809.898,5881.65,1219.21,5892.29,2840.25,660.005,3944.47,1099.81,1428.02,1692.3,211.652,1004.5,2019.61,5877.22,3272.59,3764.24,940.144,538.39,1214.48,4204.95,2328.52,881.874,8155.33,3799.45,271.119,382.469,2100.61,9753.06,13805.8,226.61,7782.3,8641.71,1902.94,1252.53,1200.65,2456.38,2917.76,1114.21,2558.15,1744.71,1841.44,1334.76,135.254,897.977,285.527,1299.27,1871.22,157.39,1789.55,820.898,1709.46,3959.59,914.177,688.407,172.751,434.319,1940.3,1775.98,1373.03,3934.96,1167.68,1232.06,1322.51,625.461,2748.19,1338.8,176.57,1499.09,2005.71,1923.63,8447.84,3793.24,2134.95,12562.1,28417.9
117.400090703,342.515,1842.26,855.064,1639.29,1736.97,910.568,881.639,1825.72,726.762,1248.39,4638.21,1452.17,10590.1,7500.3,613.732,4556.4,888.59,2108.84,4251.42,479.4,268.917,480.696,1117.77,1717.44,742.164,2333.36,1463.9,1071.49,2150.4,1549.58,51.1646,5849.93,6425.37,668.07,276.712,4514.95,12484.4,14295.3,4702.1,5996.33,3236.94,1551.9,277.271,3435.72,2471.31,1148.28,134.938,1633.31,2988.58,5416.63,4227.78,540.035,1734.06,169.362,462.521,1201.08,502.134,5701.86,3657.68,5893.55,11115.1,3257.04,3931.12,2912.14,1730.53,2625.52,1820.08,1013.9,2924.34,1145.23,1799.23,3107.82,1880.87,3659.2,251.268,316.671,495.378,1519.44,1551.39,1829.94,50.4379,2045.39,2473.32,21809.9,7678.73,25122.5,45476.9,2635.51,2984.73,2551.95,251.954,543.554,1522.77,612.609,653.552,1708.03,2576.98,2987.47,1757.45,532.524,1527.85,458.2,11.5326,605.386,1819.13,1295.3,1226.18,6987.42,105.835,7255.79,3613.38,506.156,3472.86,467.15,1649.12,1441.51,515.419,1391.13,3506.18,7689.09,6854.25,6050.2,2131.06,934.1,891.447,4049.74,3614.57,2206.9,10488,4311.23,96.7983,844.798,4093.64,15659.6,16465.4,1773.46,7892.47,7968.99,1342.83,960.155,667.315,2684.09,3888.97,2431.56,4462.75,4179.35,4256.05,1836.07,187.092,1221.64,171.978,1153.71,2061.94,7.81631,2390.24,2173.43,3490.9,6980.48,1870.16,1187.68,548.592,918.837,2925.16,2852.67,2755.93,4966.27,1766.43,1808.19,1916.27,1283.55,2281.3,749.369,333.01,1775.77,3322.24,3956.82,8781.45,1934.14,1001.02,9934.73,31686
118.886167800,703.603,2361.33,1845.33,1484.84,1406.33,1499.61,1546.54,2342.92,1289.26,2204.53,5457.52,3601.18,13905.1,12018.1,2548.79,5069.03,1135.01,2420.03,4347.44,285.432,128.736,497.365,967.894,2057.36,1837.56,3634.36,1862.39,1014.91,1813.62,1112.59,307.365,6460.35,6792.44,127.532,805.019,5537.52,18456.9,22028,8971.74,6213.03,2271.91,1027.75,78.4913,3599.72,1476.94,1360.59,411.557,1307.94,4221.8,8580.6,6655.75,1949.5,2313.56,307.002,665.045,1202.81,439.352,6975.08,5897.7,8806.8,17067.1,7768.04,7219.48,4529.33,2759.04,3921.49,2391.34,1715.9,3868.96,2161.78,2356.31,3157.45,3268.85,4386.85,412.241,230.271,334.271,1883.04,2259.55,1961.22,72.9939,1727.09,1079.88,20435.7,10982.9,30425.4,49303.8,4261.58,3223.93,3118.65,78.2142,799.802,1464.65,1015.19,732.772,1550.68,3684.65,4637.15,2282.21,887.437,1333.72,426.35,61.6231,637.259,1790.86,1658.12,2129.83,7557.61,926.409,9529.78,4299.07,772.823,2950.62,155.167,1882.58,970.404,855.602,1947.53,4690.88,8919.03,10692.8,9050.04,3589.65,1204.18,539.72,3577.5,4943.32,4382.73,12504.6,4962.12,26.4333,1504.66,6563.6,22225.3,18737.4,3791.93,7664.87,6086.18,1303.21,955.319,391.005,3144.34,4606.09,3492.03,6716.57,8042.79,7547.96,2614.14,518.218,1465.62,152.496,1044.13,2272.23,136.639,3097.71,3918.95,6312.08,11086,3670.88,1659.75,1024.65,1671.97,3892.26,3709.71,4479.73,5848.53,2089.4,2261.59,2805.4,2423.64,1722.57,357.292,578.695,2141.37,4815.13,6215.13,8429.97,740.767,359.075,7621.96,31645.1
120.372244898,939.183,2944.83,3003.38,1130.74,1034.86,1961.16,2278.48,2706.83,1644.25,3344.9,6191.1,5187.88,16973.2,18342.9,5931.22,4513.73,1679.99,3375.86,4015.03,258.317,89.8135,367.873,750.179,2107.9,3425.74,5078.11,2048.8,757.961,1387.96,701.374,714.479,6689.33,7517.85,83.5988,1787.57,5857.84,22733.9,31929,13306.3,4956.61,1949.43,794.723,857.622,3694.71,504.303,1655.4,761.352,835.966,5034.49,11653.4,9626.2,3905.53,2755.33,561.475,954.614,1181.34,779.594,7879.44,8353.83,10607.3,22642.9,15699.3,11129.5,5363.22,3893.69,5165.03,2603.72,2210.37,4772.73,3335.85,2574.77,2886.49,4206.69,5179.98,1031.34,205.365,290.293,1953.3,2991.73,1705.97,438.478,1763.4,1120.12,16705.6,16963.7,41446.5,52830.6,4977.41,3278.58,4188.73,25.8243,961.827,1232.5,1399.32,694.659,1200.79,4648.65,6048.99,2940.39,1259.47,1009.03,365.415,108.892,683.33,1413.3,2013.32,3348,7069.28,3698.08,13125.4,5517.06,891.068,2548.46,552.801,2132.3,472.894,1161.39,2511.89,5014.9,9392.82,13194.7,12245.1,5252.02,1118.01,291.557,2848.58,6244.37,6593.45,13326.6,6183.27,267.21,2100,8523.45,28528.9,20538.8,4615.12,7551.61,3724.18,1591.53,1624.55,818.493,3880.62,4799.5,3892.64,8758.82,12665.4,11131.5,3692.61,1031.94,1484.44,320.605,1003.2,2175.36,820.442,4042.83,5159.1,9327.6,16356.8,6367.23,1691.75,1429.27,2928.3,4368.52,3938.16,6290.83,6313.32,1944.05,2564.52,3702.42,3572.97,1464.22,214.684,680.245,2458.53,6452.16,7661.22,7439.21,590.541,166.386,6550.39,27901.6
121.858321995,925.38,3491.8,4023.84,769.303,749.406,2111.93,2836.54,2852.15,1626.37,4295.89,6989.14,5109.21,19318.1,25961.8,9958.95,3179.93,2251.76,4552.24,3708.45,196.42,125.255,168.95,556.498,1779.77,5192.95,6555.16,1901.96,498.773,889.873,409.474,956.897,6818.8,8005.3,911.831,3200.43,5316.04,23787.7,43435.1,16796.9,2830.3,2491.68,1159.5,2519.03,3642.48,22.436,1928.05,1113.7,357.317,5421.41,13581.8,12397.6,6005.55,2864.81,824.148,1277.16,1185.48,1157.29,8352.75,10644.2,9923.24,26906.9,26582,14502.3,4961.5,5015.29,5764.59,2556.55,2198.18,5448.09,4449.07,2205.15,2506.01,4111.61,5979.56,2085.46,286.58,214.281,1953.26,3340.61,1328.6,913.915,1853.37,2431.18,12274.3,21688.2,56356.7,56093.2,4140.05,3934.39,5463.79,356.176,1038.12,832.299,1747.26,527.942,866.849,5096.82,6974.31,3351.45,1474.75,667.397,302.882,118.642,679.774,932.516,2128.87,4748.68,5343.12,7397.79,18570,7809.48,559.545,2509.45,1676.36,2323.85,181.445,1420.7,2873.81,4386.15,8892.94,13460.8,14703.3,6916.85,784.961,146.495,2197.76,7208.74,7829.54,12645.9,7823.45,1055.96,2355.45,9208.87,33708.9,21535.6,3774.34,7358.35,2123.46,1766.23,3132.66,2366.81,4790.91,4204.19,3621.21,9752.63,17149.7,14187.9,4635.43,1562.52,1355.5,534.062,1000.83,1716.59,1921.56,5310.09,5300.9,11374.1,22635.5,9749.9,1215.23,1849.09,4488.66,4164.48,3510.26,7549.32,6352.03,1380.39,2607.7,4408.07,4209.8,1577.36,314.066,589.56,2654.51,8001.06,7579.34,6011.92,1495.07,389.724,6367.3,21603.8
123.344399093,689.122,3904.16,4613.06,592.005,603.592,1885.03,3041.1,2739.95,1257.02,4827.12,7606.43,3542.55,20444.1,33775.2,13498.9,1691.58,2591.52,5372.28,3617.19,76.2867,247.131,23.2609,393.719,1265.08,6689.17,7841.8,1528.9,287.464,500.772,215.737,924.9,6610.48,8196.36,2314.62,4607.27,4200.73,21854.3,55277.6,19177.6,1156.12,3753.5,2111.07,4409.76,3648.38,141.051,1996.85,1441.33,87.2331,5386.56,13657.8,14108.7,7630.86,2629.4,953.656,1583.47,1196.38,1266.71,8408.74,12147.6,6991.54,29130.3,38541.9,16641.4,3475.74,5774.76,5496.67,2294.25,1690.37,5776.19,5130.58,1447.47,2085.1,3031.44,6636.02,3371.81,524.986,98.8491,1944.87,3311.68,842.937,1336.63,1910.82,4065.04,8444.44,22109.8,71530.3,58886.4,2471.71,5099.18,6504.69,1281.32,1106.9,490.724,1955.22,341.514,608.174,4952.88,7160.58,3309.11,1435.19,402.924,232.961,84.0938,683.605,534.084,2028.72,5954.94,3054.32,10759.4,25745.1,11376.9,139.018,2838.27,2977.09,2509.93,235.763,1629.88,2854.33,3128.92,7518.26,11439.8,15663.7,8214.75,492.746,83.4379,1846.43,7720.05,7249.65,11019.4,8975.52,2387.62,2372.75,8313.29,37124.6,21699.5,1967.71,6665.21,1670.75,1773.23,5592.9,4947.6,5409.9,3081.04,2726.76,9527.75,20163.5,15938.9,5054.25,1919.25,1126.27,649.421,962.995,1118.15,3008.28,6689.25,4439.45,11864.5,29195.5,13391.1,599.068,2312.61,5792.94,3594.03,2544.6,7958.45,5865.82,712.82,2401.37,4674.62,4069.05,1922.11,622.777,399.563,2645.49,9279.28,5884.12,4633.65,2784.62,1040.82,6239.12,14468.3
124.830476190,373.363,4112.84,4671.69,618.311,562.172,1429.71,2753.81,2514.17,687.216,4784.37,7802.84,1472.41,20400.4,39841.8,15844.9,595.187,2570.54,5424.86,3772.52,21.7035,415.021,10.5916,262.465,792.206,7547.87,8728.01,1145.42,136.787,272.842,96.4987,668.636,6023.58,7861.77,3685.73,5557.4,3009.1,18867,65337.8,21226.8,802.042,5269.44,3522.58,5754.72,3742.98,618.89,1824,1725.39,183.548,4939.6,11843.7,14239.3,8097.89,2273.22,815.705,1864.49,1148.7,1077.68,7940.09,12474.7,3167.04,29622.9,48236.3,17662.5,1596.15,5929.81,4440.9,1914.26,988.918,5661.99,5133.21,671.979,1699.98,1539.29,7020.41,4581.09,862.513,13.1331,2014.92,2953.84,425.852,1464.32,2067.06,4866.09,5744.55,18396.9,82506,60532.2,1600.71,5931.38,7144.44,2709.25,1228.6,401.334,2024.78,207.376,432.286,4381.31,6475.32,2871.64,1132.53,279.362,209.204,30.2333,713.718,342.354,1858.57,6719.98,1091.02,13260.2,33309,15791.1,337.392,3522.79,3695.83,2685.72,645.681,1732.91,2470.71,1699.3,5755.24,7844.12,14960.8,8705.82,500.587,95.0372,1916.97,7496.99,5269.25,8696.06,9317.62,3716.99,2298.4,6283.68,38744.6,21020.4,504.787,5361.63,1966.7,2091.06,8390.42,8005.08,5481.47,1847.12,1502.99,8370.69,20560.3,16159.6,4611.83,2036.13,834.907,627.211,827.191,599.186,3621.27,7951.81,3071.41,11231,34467.7,16897.8,356.619,2849.33,6229.72,3044.4,1470.33,7566.43,4767.62,315.306,2168.01,4224.77,3366.63,2198.8,1049.51,238.565,2551.61,9859.18,3637.07,3482.91,3697.9,2006.32,5574.05,8101.73
126.316553288,156.583,4067.1,4319.68,700.423,617.558,882.095,2138.17,2255.62,205.993,4145.6,7441.71,169.219,19616.8,42002,16971.4,176.731,2271.48,4572.94,4094.22,239.022,580.443,93.6491,173.797,527.35,7704.2,8904.46,1010.34,65.0617,149.863,19.6254,390.564,5180.87,6777.32,4448.73,5942.38,2161.81,16507.3,72228.5,23813,1652.02,6358.14,5280.22,5818.6,3954.43,1104.86,1490.44,1891.81,649.272,4176.81,8727.12,12826.9,7145.59,1981.66,501.831,2034.73,1027.89,713.379,6984.53,11494.2,455.485,28957.5,52457.3,18068.7,297.928,5435.32,2953.48,1531.41,492.293,5070.36,4483.78,223.56,1446.58,417.798,6902.33,5468.86,1234.11,31.2726,1961.86,2703.65,81.5151,1285.35,2149.46,4635.81,3892.56,13075.5,86581.6,60210.8,2452.72,5751.7,7598.72,3715.67,1620.58,799.073,1949.55,143.654,403.303,3491.37,5133.5,2231.78,692.931,345.692,265.381,45.4175,701.626,350.109,1870.46,6879.47,235.125,15066.8,39120.9,19986.3,1769.56,4356.87,3456.89,2787.04,1224.11,1741.02,1803.95,588.162,4096.76,4044.57,12815.9,8248,847.499,181.368,2178.68,6720.58,2749.58,6147.4,8766.96,4510.68,2009.31,4106.76,39070.6,19773.6,167.209,3771.43,2495.58,2803.42,10622.8,11103.9,4707.14,945.925,524.36,6461.8,18454,14793.7,3443.95,1912.42,550.661,518.145,606.762,240.342,3674.68,8655.32,2020.52,10268.4,37133.3,19434.4,937.339,3387.12,5577.42,2678.45,937.116,6473.09,3311.34,372.205,2044.98,3143.85,2456.84,2144.86,1458.72,238.435,2579.86,9420.74,2022,2521.08,4033.46,2976.96,4261.41,3482.25
127.802630385,90.2679,3859.76,3759.49,663.621,732.888,401.756,1454.23,1980.79,61.1633,3155.89,6423.46,530.24,18446.2,39141.7,17136.8,473.962,1772.53,3203.12,4320.56,857.152,734.26,201.413,121.226,507.214,7184.48,8478.13,1044.01,41.9083,75.045,0.923278,252.03,4161.92,5254.16,4182.64,5809.96,1778.89,15566,75561.2,27166.2,2733.08,6786.53,6957.23,4517.19,4284.34,1281.13,1181.47,1861.26,1217.01,3336.24,5253.43,10430.1,5116.58,1832.58,288.499,1951.07,877.199,417.734,5628.04,9458.6,329.489,27639.7,49540.6,18335.1,324.615,4380.84,1575.1,1167.34,444.449,4186.19,3325.66,347.863,1362.84,138.307,6281.81,5758.48,1524.84,177.477,1845.52,2413.63,20.1199,1042.31,1816.88,3834.01,2434.31,9014.01,83591.6,57750.6,4129.85,5068.22,7624.29,3643.5,2421.1,1879.42,1676.62,135.887,410.211,2641.83,3326.87,1755.96,282.552,659.243,430.589,143.285,598.662,543.397,2139.18,6277.31,867.301,16955.5,40563.7,22926.5,4636.94,4898.16,2527.77,2648.02,1674.78,1695.32,1026.36,62.8541,2927.34,1369.6,9711.35,7064.85,1369.2,313.372,2331.29,5607.92,847.5,3850.51,7275.06,4558.02,1520.4,3010.35,37795.1,19249.2,623.626,2251.13,2974.43,3478.73,11684.7,13715.2,3336.24,461.009,131.42,4311.65,14675.3,12107.1,2068.05,1729.09,325.244,450.487,333.327,31.5577,3566.32,8106.72,1933.96,10151.7,36077.8,20160.1,2526.15,3749.63,4049.36,2600.78,1223.66,4853.24,1979.65,668.373,2156.11,1779.92,1726.56,1587.17,1889.45,386.272,2501.79,8478.94,1365.59,1818.25,3799.14,3597.9,2656.31,974.665
129.288707483,98.278,3749.38,3127.85,480.781,787.641,124.019,894.476,1742.79,291.572,2038.69,5032.63,2334.42,16929.1,31927.1,16474.2,1302.98,1123.15,1877.64,4172.17,1897.79,885.225,231.63,123.135,605.205,6165.69,7720.73,1029.47,39.1849,35.3209,25.9302,246.516,3121.66,3723.17,2935.17,5294.74,1668.2,15945.5,75508.2,30549.8,3159.61,6720.66,7838.88,2693.99,4385.35,1289.36,938.147,1828.53,1410.31,2702.48,2435.59,7886.71,2811.64,1790.83,305.549,1658.45,691.669,374.362,4136.18,6777.06,2804.12,26060.2,40057.3,18583.3,1802.16,3033.23,656.259,816.562,900.126,3163.28,2060.5,976.487,1370.43,643.983,5476.33,5124.53,1784.41,372.877,1542.98,2275.67,198.57,757.715,1133.34,2997.35,1188.83,7092.09,76593.1,52316.1,5404.96,4467.44,7014.17,2638.9,3383.35,3630.99,1456.96,139.767,294.77,2061.45,1616.29,1480.35,190.563,1221.87,681.791,260.087,464.678,842.238,2453.77,5022.53,2737.91,19121.7,36728.1,23457.4,8536.91,4817.16,1463.64,2173.29,1883.57,1425.86,462.851,140.561,2198.2,435.453,6713.47,5212.58,1991.2,395.344,2250.74,4405.41,115.596,2136.91,5167.06,3986.85,909.064,3121.29,35691.4,19459.7,1110.7,1229.03,3050.74,3808.64,11134.5,15378.1,2140.58,294.199,116.856,2776.1,10129,8820.92,1148.22,1481.48,371.241,458.857,89.3911,32.3277,3528.43,6294.98,2752.84,11435,31231.7,18681.3,4766.56,3695.12,2312.41,2705.63,2005.72,3207.34,1035.19,846.295,2411.85,802.11,1297.15,717.637,2399.05,638.871,2148.87,7406.19,1611.59,1413.78,2985.41,3693.29,1168.39,368.49
130.774784580,162.063,3815.03,2539.76,222.826,753.581,32.7198,546.121,1556.8,722.119,1039.5,3662.01,4433.64,14849.7,22589.4,14807.9,2326.69,502.373,890.297,3650.31,3190.31,1035.55,164.051,178.668,616.802,4981.61,6868.71,817.105,47.5805,27.511,71.6167,343.371,2148.82,2401.91,1454.06,4418.2,1665.18,16474.7,72871,32499.7,2695.7,6238.96,7816.16,1036.96,4193.52,1304.59,870.361,1920.2,1054.89,2352.7,1212.75,5762.96,1005.43,1894.4,464.8,1251.05,527.267,492.468,2797.84,4114.44,6479.43,23938.4,27187.4,18240.9,4116.53,1839.27,203.572,503.915,1617.35,2241.53,993.475,1804.96,1459.22,1419.73,4680.14,3712.83,1979.28,537.486,1140.79,2338.75,398.659,489.366,481.285,2249.31,455.093,6771.8,68575.1,44010.2,5511.46,3711,6081.43,1173.03,4457.91,5756.71,1544.49,194.175,84.4693,1732.26,535.602,1256.95,575.275,1981.98,998.142,302.985,353.49,1097.21,2568.63,3481.24,4882.71,21070.4,28921.6,20907.1,12495.1,4230.83,638.161,1501.56,1775.31,1011.71,162.496,455.833,1861.68,1114.12,4412.43,3091.42,2638.79,373.625,2045.73,3332.35,187.45,1145.4,3138.77,2910.92,426.606,3835.26,33602.6,19477.3,1225.16,679.465,2671.96,3464.15,9368.22,15610.3,1919.89,368.919,163.581,2173.59,5936.51,5626.37,984.536,1255.63,704.502,533.809,1.37592,266.747,3571.43,3876.11,3966.67,13332.4,24030.9,15109.1,6850.09,3239.01,921.919,2859.58,2721.52,1883.37,475.159,772.486,2632.83,577.011,1157.99,85.9764,2992.56,946.081,1646.31,6432.58,2110.53,1241.18,1907.89,3202.92,262.449,881.172
132.260861678,435.261,3735.64,2144.77,58.7505,601.488,75.1341,357.094,1405.15,1104.8,397.083,2439.54,5749.92,11821.6,13976.8,11795.5,3287.78,86.6963,297.091,3111.15,4247.3,1222.68,42.9198,332.35,407.496,4054.26,5778.84,567.42,83.0057,52.0126,171.331,572.239,1132.91,1601.94,589.395,3019.51,1847.04,15200.2,70174.6,30654,1933.56,5187.04,7570.28,104.421,3518.81,1523.42,1122.48,2161.53,573.206,2167.93,1461.4,4539.15,238.618,1983.21,613.178,825.868,449.665,593.027,1779.7,1944.87,9757.26,20464,15324.7,16194.2,6513.67,1032.58,74.1094,337.606,2032.71,1712.8,367.308,2400.28,1555.53,1976.59,3793.84,2211.52,1917.12,711.587,778.624,2684.3,394.671,410.43,91.5133,1429.16,558.44,6591.67,62583,33001.5,4809.64,2456.08,5330.1,175.62,5058.08,7811.95,2270.74,479.284,18.3571,1374.39,179.803,1102.26,1451.78,2608.54,1391.22,261.693,296.02,1162.53,2383.26,1952.35,6477.99,21701.8,19892.7,15480.7,15589.9,3481.79,250.154,846.167,1295.27,700.394,41.0171,671.875,1796.96,2530.23,2927.96,1458.08,3083.58,315.82,1820.67,2638.46,398.32,770.673,1621.42,1573.77,337.499,4185.15,32596.8,17859.6,1122.15,359.245,2185.25,2440.45,6805.5,14639.2,3043.97,720.386,116.674,1960.76,3102.4,3015.03,1436.62,1067.67,1161.27,707.857,122.371,669.574,3551.22,1696.74,5061.09,14345.3,16511.3,10119.6,8107.95,2476.05,214.766,2867.94,2949.07,1006.03,181.302,517.654,2634.21,1025.88,1323.28,201.026,3539.15,1310.54,1296.57,5701.18,2143.59,1253.44,912.216,2205.42,220.849,1697.77
133.746938776,977.057,3284.53,1925.4,138.054,392.032,165.986,207,1286.46,1286.97,150.564,1517.22,5752.96,7984.4,7855.62,7654.21,4093.06,40.481,76.3584,2863.76,4640.87,1408.14,7.69132,598.751,118.272,3429.19,4504.85,466.921,112.751,129.956,403.021,960.953,312.554,1312.96,507.803,1602.55,1995.16,12537.6,67581,25593.8,1215.17,3940.61,7612.92,210.447,2400.72,1910.02,1945.6,2455.04,484.138,2166.77,2352.24,4116.16,608.625,1993.55,591.732,531.124,361.004,545.049,1095.24,562.816,11805,15372.3,7235.36,12116.1,8383.57,743.087,82.0534,347.737,1822.27,1596.68,320.127,2559.84,1514.7,2134.09,2723.19,1167.47,1524.71,979.204,807.896,3150.97,290.294,432.47,8.84202,782.269,1167.46,6004.93,59354.3,21827.6,3909.7,1119.9,5022.02,48.2087,4647.26,9693.17,3691.66,1046.65,344.549,972.191,214.785,1108.48,2555.74,2893.68,1730.43,240.61,296.177,1021.44,1915.89,774.633,7277.38,19929.3,12088.4,8915.72,17005.7,3173.19,165.483,371.629,643.541,597.111,4.53057,624.235,1871.6,3867.72,2110.02,733.243,3133.16,319.077,1887.99,2288.02,368.742,597.089,740.058,736.492,437.07,3813.59,32599.2,15105,924.201,278.918,1829.52,1393.08,3658.58,13441.4,5154.26,1310.42,169.597,1685.83,1525.21,1377.77,2099.45,958.073,1411.94,1049.9,422.289,1071.53,3302.66,412.5,5867.05,13132.8,10348.1,5112.04,8071.52,1770.96,34.798,2647.5,2701.78,480.027,65.6053,268.697,2365.75,1942.91,1660.73,944.178,4109.43,1725.66,1499.37,5018.17,1587.76,1260.43,229.571,1379.45,563.8,2457.68
135.233015873,1613.68,2506.23,1795.12,406.038,246.144,206.878,97.8925,1197.41,1354.02,211.936,893.945,4649.39,4460.12,4242.3,3491.17,4809.54,451.226,246.529,2885.92,4307.13,1521.87,130.726,915.302,28.9084,3037.12,3218.57,492.815,123.874,302.147,801.109,1410.99,31.9984,1538.36,907.39,575.549,1878.24,10240.7,64576.1,19756.8,778.785,3056.04,8040.06,1168.52,1363.92,2045.75,3334.22,2966.78,896.893,2182.17,3230.06,4059.68,1610.47,2052.48,294.023,484.504,196.45,328.872,804.134,110.23,12280.2,10163.3,2790.27,7231.19,9280.19,960.587,179.733,467.764,1286.62,1620.51,681.907,2566.39,1102.09,2139.98,1428.98,748.622,1165.38,1339.24,1174.67,3645.62,342.858,531.691,137.644,404.824,1672.49,5986.24,57906.6,14161.4,3200.49,770.116,5054.33,427.603,3814.75,10607.3,5559.25,2038.09,1116.19,525.634,410.356,1470.21,3246.56,3016.05,1703.08,340.834,425.31,663.662,1496.89,148.561,7392.18,15962.4,6435.61,3695.86,16379.1,3727.29,174.429,217.527,171.16,555.278,39.3489,433.245,1883.58,4573.31,2000.37,729.756,2642.9,632.946,2190.99,2094.19,136.291,541.572,476.028,474.219,536.488,3280.82,33038.8,12718.9,640.111,723.744,1656.16,909.07,1122.27,12137.7,7540.73,2060.41,513.315,1179.09,883.861,726.683,2461.05,891.607,1293.02,1574.45,829.918,1297.19,2784.79,241.598,6635.57,9595.26,6285.9,1505.96,6796.32,1393.04,52.0748,2407.1,2244.78,186.692,93.072,128.556,1926.6,3041.6,2063.48,1716.21,4637.69,2392.68,2192.31,4247.59,862.955,1053.1,26.0186,1061.52,590.235,3183.51
136.719092971,2158.87,1560.22,1712.98,724.841,139.597,180.001,45.8204,1126.03,1576.8,450.601,398.906,3211.33,2392.61,2370.57,690.078,5634.98,1453.01,811.839,2670.66,3712.4,1344.2,373.483,1358.09,400.746,2581.3,2149.56,529.153,118.596,570.246,1396.46,1770.87,361.799,2126.82,1551.97,64.8016,1666.69,10002.9,59996.5,16109.4,564.574,3193.95,8955.21,2094.65,718.691,1649.02,5081.47,4093.43,1440.05,1930.54,3833.27,3802.49,2719.08,2150.02,38.3385,521.397,124.635,188.901,689.533,507.293,11902.1,6135.09,788.053,3455.51,8752.72,1834.76,510.188,519.715,892.33,1600.29,1047.65,2666.34,454.297,2196.67,384.241,783.623,1218.21,1824.34,1582.54,3958.34,908.438,766.035,270.986,213.724,1851.98,7846.42,56819.3,12129.8,2944.1,2176.14,5235.02,812.444,3002.09,10356.3,7097.11,3364.41,2252.33,257.278,706.748,2247.5,3093.44,3005.44,1342.24,482.796,781.507,333.9,1384.19,139.348,6825.11,11335.7,2860.27,1028.26,14388,5153.91,222.172,261.523,4.34247,516.927,146.977,213.228,1795.5,4420.05,2498.21,1030.85,1737.89,1479.52,2624.39,1700.11,1.17558,655.723,728.558,709.966,778.445,4062.05,32266.2,11909,420.373,2037.05,1797.4,1022.45,90.381,10467.4,9761.89,2789.79,965.543,702.582,663.974,727.583,2565.42,642.938,1116.95,1888.78,1374.85,1320.32,2069.26,1069.19,7739.81,5279.57,3858,107.038,4969.52,1319.26,69.1134,2348.47,1872.56,56.2494,177.456,55.5438,1562.93,3848.28,2421.95,2100.62,4926.68,3369.65,3063.94,3442.07,272.016,746.949,219.494,1086.84,260.763,4594.96
138.205170068,2489.14,712.833,1578.02,949.473,89.3276,136.135,59.0808,1152.5,1861.31,744.205,81.5373,2015.98,1886.12,1848.87,46.6386,6471.6,3039.59,1595.72,2088.88,3096.41,881.763,743.071,1917.8,1221.45,1997.28,1305.28,530.847,146.165,815.421,2052.34,2093.32,1000.91,2823.27,2295.46,186.952,1632.3,11903.2,53425.9,15705.3,567.899,4806.15,9858.37,2463.44,370.51,1071.15,6640.67,5778.05,1872.51,1363.2,3982.78,3195.85,3360.9,2483.85,90.6065,552.374,169.787,209.067,716.039,1682.82,10870.2,4099.85,199.916,1333.24,7189.64,3194.13,1129.75,528.08,742.858,1615.54,1112.53,2822.9,118.66,2332.45,27.4037,1208.46,1897.13,2236.07,1789.89,4087.42,1833.13,1131.59,414.875,155.248,1801.13,11469.2,55344,15065.1,3314.98,4692.51,5415.64,992.1,2379.81,9302.29,7393.33,4768.58,3611.07,407.949,1239.82,3211.84,2249.77,2811.74,893.247,581.621,1318.03,406.787,1592.55,806.777,5630.08,7385.99,1012.95,577.506,12145.5,6783.17,424.542,385.336,58.3762,515.318,278.049,78.7451,1536.46,3633.36,3253.76,1270.03,935.514,2529.9,3116.59,1120.82,101.714,934.126,1530.32,1494.36,1274.71,6391.35,29835.9,12281.8,693.663,3811.03,2569,1524.24,398.692,8695.12,10938.4,3502.72,1147.47,356.362,596.332,1114.53,2443.43,308.075,1031.23,1724.36,2004.6,1198.1,1449.04,2725.6,8854.95,2225.56,2539.45,446.109,3289.43,1389.76,48.4947,2436.06,1816.29,56.7031,198.948,15.4605,1331.46,4130.13,2612.52,1914.72,4923.95,4242.3,3840.72,2598.23,46.5534,487.396,654.59,1192.13,54.2994,7040.46
139.691247166,2532.59,197.826,1360.43,1044.63,74.698,113.733,148.687,1235.31,2114.33,901.887,4.05796,1252.66,2377.26,2367.6,1312.37,7267.72,4784.5,2270.08,1342.95,2510.85,393.217,1228.18,2598.84,2073.14,1411.54,664.564,491.331,164.8,963.24,2717.82,2200.39,1578.06,3642.62,2850.95,780.783,1904.5,14167.7,45482.6,17427.6,1059.96,7044.6,10210.4,2377.74,203.125,579.758,7825.01,7490.9,2022.83,803.245,3594.55,2381.8,3277.09,3116.25,525.747,565.088,263.462,360.084,905.68,3126.5,9355.69,3655.82,159.925,633.781,5252.05,4469.67,1949.87,681.809,908.712,1579.86,839.968,2979.72,512.956,2532.28,493.017,1935.46,3064.16,2480.43,1630.52,4056.27,2744.79,1503.37,595.177,249.317,1659.79,15095.6,53662.8,19813.6,4214.07,6861.91,5694.99,846.49,2078.57,7699.95,6265.6,5776.03,5024.57,1097.24,2065.3,4043.53,1201.1,2464.31,586.141,674.483,1942.21,912.2,2025.84,2038,3950.51,4716.43,336.727,1302.3,10254.8,7676.54,921.841,584.33,183.584,494.782,433.917,67.6566,1193.83,2529.07,3950.53,1314.5,453.982,3375.32,3590.02,567.273,380.085,1365.33,2655.75,2757.99,2116.98,9125.02,25888.1,12936.4,1644.97,5096.25,3966.19,2281.75,1391.55,6926.72,10644.6,3993.43,998.22,125.932,605.316,1493.34,2168.67,141.209,981.35,1237.24,2496.7,1117.16,1141.31,4810.82,9500.4,1295.88,1984.79,1521.03,2028.2,1368.04,46.8735,2698.45,1967.22,146.795,139.559,0.0502621,1223.77,3827.32,2589.28,1292.7,4594.74,4632.85,4025.56,2054.66,31.4002,284.448,1189.99,1293.84,201.457,10002.7
141.177324263,2337.01,53.0356,1122.11,1018.12,78.4753,107.8,289.982,1293.47,2243.84,863.231,72.1282,811.294,3127.6,3639.18,3494.69,7937.24,6091.94,2648.48,578.512,2084.48,213.778,1690.9,3367.85,2558.61,891.972,244.891,440.273,115.198,1096.86,3117.7,2142.85,1764.98,4453.65,3190.97,1356.19,2523.71,14419.8,37650.3,18482.2,2373.47,8721.57,9662.35,2219.59,128.614,475.243,8558.72,8690.93,1882.84,402.703,2959.85,1480.25,2726.2,3840.35,1235.53,602.001,299.344,624.713,1235.74,4035.78,7640.08,3800.4,201.897,634.343,3499.4,5103.38,2798.13,1094.13,1281.77,1486.99,430.159,3053.54,1561.95,2834.09,1513.4,2820.28,4299.68,2591.21,1066.77,4052.36,3033.65,1960.95,746.688,376.31,1606.51,16900.1,51381,23247.7,5180.57,7807.3,5872.05,636.489,1780.71,6014.48,4232.75,5964.54,6162.4,2272.78,3053.09,4448.43,427.712,2151.47,562.44,783.137,2391.7,1782.13,2573.05,3221.54,2213.1,3245.47,221.636,2163.51,8610.76,7504.34,1659.56,789.341,284.478,452.726,578.605,215.255,848.782,1554.68,4231.55,1248.28,282.09,3862.51,3841.79,254.214,647.709,2031.63,3739.9,3926.5,3410.49,10731.7,20988.5,12693.8,2995.7,5512.08,5483.52,3114.66,2336.97,5066.41,9339.61,3920.13,729.166,35.8011,647.939,1560.29,1844.23,272.14,919.425,639.401,2775.67,1268.01,1272.04,6444.91,9590.27,1959.82,1938.31,2399.37,1165.59,1148.54,251.666,2866.91,2208.51,292.66,60.1274,22.4714,1116.9,3177.24,2275.48,572.175,4056,4307.05,3483.19,1863.19,38.3666,249.541,1518.63,1446.23,679.341,12738.8
142.663401361,2071.05,155.318,895.222,936.185,75.7431,117.115,410.212,1296.29,2067.01,790.757,133.864,536.734,3656.61,5245.24,5549.66,8188.01,6551.86,2642.01,120.362,1762.93,469.399,2124.33,3960.78,2549.79,483.682,54.784,378.425,21.6941,1320.67,3017.02,1957.1,1459.91,5009.52,3613.15,1357.67,3496.8,11601,30867.7,16989.7,4338.7,9397.18,7936.15,2413.33,176.145,939.819,8603.22,9060.64,1587.43,226.549,2308.27,726.528,2041.53,4387.36,2087.39,621.149,261.447,917.899,1628.83,3998.37,5907.66,3658.85,312.582,698.68,2170.19,5014.79,3374.38,1607.34,1809.42,1289.86,182.715,2947.32,2887.09,3102.52,2513.15,3829.83,5128.02,2476.44,421.096,4151.59,2522.1,2347.9,1130.67,345.121,1636.31,15972.5,47529.5,24391.1,5154.39,8007.47,5221.31,733.896,1710.55,4065.43,2302.74,5262.24,6753.31,3453.01,4084.67,4176.42,254.133,2013.22,862.68,895.584,2474.68,2771.41,3115.94,3669.23,890.81,2497.05,440.97,2610.52,6881.83,6557.85,2306.13,888.826,406.315,296.851,786.412,581.084,484.504,907.843,4047.2,1210.14,297.596,3911.8,4035.08,121.444,691.364,2833.89,4768.89,4138.06,4995.1,10689.7,15214.9,11673.6,3692.67,5600.35,6149.87,3841.81,3029.5,3002.16,7711.97,3229.78,431.615,104.987,770.13,1228.49,1572.39,579.464,805.631,206.941,2811.84,1934.07,1664.73,6787.18,9366.67,2972.38,2201.64,2712.69,564.005,899.588,680.172,2648.74,2566.93,391.31,19.4886,62.3116,958.577,2417.68,1718.88,69.6953,3646.81,3115.44,2568.55,1791.91,80.8947,456.402,1623.71,1369.25,1542.6,14861.2
144.149478458,1899.99,291.73,722.379,873.749,44.1501,139.752,457.747,1151.64,1708.83,687.214,155.858,350.335,3876.05,6473.96,7006.77,7412.01,6306.25,2113.84,75.4864,1655.39,1107.17,2431.48,4166.59,2106.16,255.354,8.8217,336.163,29.5334,1629.43,2389.13,1715.93,848.135,5221.3,4052.49,854.279,4597.99,6762.99,25379.9,13277.3,6133.5,9240.02,5224.29,3058.18,530.08,2083.07,7550.12,8640.03,1413.27,128.555,1900.99,355.024,1414.94,4484.93,2983.42,611.831,211.49,1188.09,1782.18,3395.93,4017.55,3195.93,513.891,623.128,1129.66,4619.19,3201.75,2041.08,2494.51,969.089,140.989,2769.39,3952.56,3166.94,3002.43,4883.12,5076.87,2257.23,165.912,4161.22,1654.46,2398.76,1860.57,257.077,1748.05,12464.9,41955.5,23606.6,3791.92,7869.64,3733.75,1118.46,1853.48,2159.08,1032.32,4340.86,6400.95,4099.51,5144.79,3146.17,628.692,2254.82,1382.46,875.563,2299.5,3506.81,3315.55,3449.66,220.114,2155.07,870.156,2688.85,4840.94,5324.46,2454.51,898.304,547.791,137.277,1030.89,1073.2,238.279,539.656,3585.59,1339.78,254.398,3921.55,4048.45,133.071,628.655,3466.2,5549.88,3381.68,6244.57,9226.14,9538.78,10168.3,3156.45,5599.9,5530.98,4271.86,3283.44,1289.99,6131.57,2169.82,167.968,284.302,1132.71,601.444,1457.47,815.211,683.508,56.4246,2826.39,3042.21,1946.78,6043.56,8652.01,3514.26,2636.31,2410.25,209.25,763.953,1026.45,2240.14,2804.13,464.763,6.38933,96.2666,774.306,1763.78,1040.33,181.896,3348.02,1626.95,1570.37,1647.87,322.122,910.422,1741.21,889.507,2886.2,15580.6
145.635555556,1903.74,294.898,687.27,831.768,10.7656,135.387,455.136,829.119,1354.32,495.776,169.211,259.651,3897.67,6625.61,7703.18,5492.21,5660.16,1269.17,300.457,1980.62,1809.86,2412.37,4105.1,1313.05,269.405,24.8756,430.582,362.399,1842.77,1556.22,1370.01,314.312,5043.72,4388.04,255.564,5660.36,2180.79,21317.7,8875.28,6959.08,8539.64,2480.13,3811.03,1263.78,3471.42,5855.6,7250.1,1875.38,18.3795,1943.47,491.93,777.056,4422.82,3446.59,650.287,156.673,1604.5,1402.7,2750.09,2067.17,2726.64,631.454,545.653,345.463,4244.05,2299.95,2386.8,2948.72,732.346,246.707,2521.33,4345.96,2996.64,2738.53,5759.74,4242.25,1904.09,608.069,4137.51,750.648,2178.23,2613.43,368.737,2194.89,7391.63,35964,21426.5,2031.98,6993.57,2357.2,1351.97,2090.59,695.947,702.12,3935.38,5129.12,4105.46,5875.72,1861.04,1268.23,2749,1969.75,774.526,1834.32,3915.17,2918.15,2837.53,350.547,2120.32,1211.01,2625.5,2832.51,4108.13,2108.3,885.341,694.018,104.537,1192.19,1537.25,264.736,320.774,3085.01,1871.77,87.6603,4204.52,3854.16,206.501,551.831,3711.69,5790.2,2158.19,6722.51,7138.08,5206.55,8399.46,1861.75,5204.61,4179.92,3995.29,3183.3,359.005,5025.94,1018.59,114.608,632.452,1787.8,113.089,1413.23,835.448,554.449,159.874,2951.1,4538.48,1743.69,5018.39,7331.69,3301.09,2975.95,1730.74,147.036,761.21,1046.06,1800.44,2764.53,559.925,19.9077,114.838,571.523,1373.57,460.424,1077.26,3212.5,486.319,760.06,1528.72,796.333,1420.9,1893.08,297.44,4660.57,14371.3
147.121632653,2049.73,213.354,834.23,794.033,0.285403,106.583,393.487,489.694,965.299,363.45,168.201,344.551,3829.38,5458.61,7657.25,3057.89,4790.86,683.948,663.215,2638.78,2384.45,2003.92,3887.84,511.886,524.806,143.29,852.146,1167.68,1851.99,777.919,1015.08,109.581,4419.14,4717.83,55.3521,6378.69,44.8687,18609.8,5531.71,6722.81,7503.28,708.14,4114.31,2373.98,4644.67,3838.44,5361.78,3019.3,70.9495,2502.12,1192.09,232.41,4430.71,3285.06,688.358,275.691,2105.64,745.348,2163.88,645.157,2362,553.043,542.658,50.4328,3976.37,1195.57,2558.21,2995.03,625.552,312.848,2333.09,3857.42,2660.24,1873.06,6230.42,3101.71,1487.09,1777.49,3908.75,256.808,1768.81,3188.36,745.49,3013.81,2814.25,30539.2,19436,945.94,5195.61,1619.62,1189.03,2469.81,115.397,1115.92,4224.19,3680.82,3471.77,6215.26,755.267,1930.08,3305.18,2346.1,597.592,1332.72,3807.94,2145.37,2014.09,1194.86,2362.29,1208.35,2540.2,1440.2,3112.68,1703.46,873.611,907.862,229.193,1214.98,1786.76,643.774,149.16,2853.47,2950.79,48.5897,4821.65,3440.41,273.161,491.518,3481.39,5513.33,1006.48,6326.9,5455.07,2848.67,6930.27,679.875,4210.59,2768.71,2906.06,2957.66,588.352,4299.84,219.789,408.623,1164.91,2727.65,186.03,1496.84,557.116,446.396,281.485,3321.2,6269.75,1140.93,4321.12,5623.1,2481.18,2952.21,1025.79,315.181,881.342,783.845,1410.05,2411.22,689.006,65.1147,112.196,438.817,1209.45,240.323,2540.01,3403.26,134.283,405.273,1503.41,1374.2,1845.88,2025.72,105.119,6322.06,11645
148.607709751,2210.92,290.533,1088.43,839.936,10.658,61.3226,277.933,260.341,565.66,387.777,207.432,754.83,3501.2,3608.04,6791.03,1102.49,4016.6,623.1,1097.94,3383.51,2760.62,1242.29,3727.19,115.839,980.636,541.537,1685.34,2351.01,1676.09,271.212,721.06,226.205,3481.81,4987.04,662.169,6438.41,1015.89,17336.9,4147.41,5895.86,6539.95,95.6869,3785.78,3605.24,5173.29,2020.28,3619.65,4265.7,594.027,3621.92,2358.03,22.2176,4701.68,2574.85,727.56,653.428,2493.94,255.892,1773.25,55.4153,2085.32,396.87,557.746,311.095,3970.97,416.195,2510.45,2656.32,606.646,276.723,2171.34,2779.13,2167.64,919.834,6096.24,2268.47,1148.06,3260.19,3601.23,171.18,1258.19,3575.86,1300.93,3854.93,352.899,26988.7,18643.2,976.118,3110.36,1357.74,953.081,2885.95,422.833,2036.56,4994.11,2582.59,2571.79,6251.28,192.501,2459.64,3655.57,2319.54,413.001,1044.42,3105.21,1373.71,1229.41,2400.14,2804.19,862.483,2361.73,980.808,2665.28,1616.54,939.434,1211.85,467.857,1062.64,1764.95,1289.44,114.494,3084.23,4396.09,576.318,5549.57,2908.31,256.522,455.206,2786.9,5010.19,257.043,5314.29,4764.6,2619.79,5889.15,353.053,2930.06,1503.26,1608.19,2602.41,1774.95,3960.3,10.1423,899.316,1917.71,3901.78,994.231,1680.28,179.261,387.752,293.519,3975.44,7749.33,741.647,4079.91,3985.88,1453.49,2516.05,512.901,505.414,1175.72,452.214,1147.86,1814.35,809.624,151.268,89.2586,388.17,1246.87,493.589,4075.23,3999.1,639.833,635.277,1692.12,1837.72,1930.18,2315.04,468.932,7170.31,8450.17
150.093786848,2391.03,629.336,1319.81,1026.54,39.0815,56.1483,135.117,141.302,290.943,567.105,350.114,1480.93,2886.11,1865.09,5272.69,338.539,3553.78,1104.11,1535.46,3928.58,2870.63,458.647,3742.49,383.317,1527.13,1307.88,2832.52,3687.8,1408.16,75.5372,502.32,503.402,2494.69,4909.52,2148.73,5876.57,3997.73,17183.7,4812.98,5057.93,5876.79,400.06,2969.92,4462.53,5053.74,826.853,2245.55,5131.01,1857.66,5058.09,3641.63,425.201,5273.68,1726.03,757.681,1189.92,2599.7,262.627,1615.85,262.62,1886.2,323.884,530.1,986.589,4263.03,346.517,2241.13,2061.39,624.853,208.846,1988.06,1555.81,1624.13,308.254,5364.68,2163.15,1119.44,4394.59,3220.96,371.434,834.018,3605.09,2076.29,4147.74,526.746,25831,19654.6,1613.29,1512.01,1174.5,897.797,3509.44,1388.98,3059.28,5556.37,2129.59,2117.96,5864.26,313.036,2820.48,3665.36,1856.49,375.004,997.804,2053.51,857.637,711.062,3462.91,3343.37,422.1,2029.98,1356.42,2950.28,2005.39,1131,1527.73,727.632,778.505,1510.29,1997.66,429.102,3737.71,5694.23,1980.91,6160.95,2238.9,198.056,383.74,1947.38,4281.13,260.067,4121.16,4743.15,4059.22,5432.12,787.667,1832.37,472.794,634.082,2295.69,3428.52,3739.53,332.678,1404.81,2951.79,4990.92,2301.31,1965.47,0.34336,445.042,229.08,4805.53,8439.75,1088.25,4122.01,2796.67,707.147,1784.51,245.622,604.413,1654.13,323.022,974.328,1165.72,834.642,273.578,70.5298,364.917,1438.68,1166.17,5080.02,4992.99,1778.94,1276.12,2010.12,2110.8,1627.68,2672.6,1441.46,6813.74,5747.88
151.579863946,2537.62,1108.07,1477.85,1312.47,112.419,134.345,40.9452,93.5554,202.402,790.286,657.807,2343.08,2115.87,718.38,3592.29,793.812,3448.34,1899.5,1895.6,4069.95,2668.21,108.725,3865.62,1273.13,2092.19,2326.58,3937.71,4883.04,1254.14,49.2964,361.111,719.476,1614.23,4472.66,3866.04,5011.27,7069.63,17464,6839.94,4421.98,5262.49,1317.43,1961.64,4589.13,4493.62,329.044,1349.11,5443.36,3618.95,6332.31,4757.39,1569.19,5846.34,1243.82,745.935,1728.7,2373.25,738.619,1658.02,952.885,1737.96,398.01,486.22,1894.42,4637.3,985.274,1902.44,1340.13,633.34,257.708,1726.18,599.459,1175.92,193.814,4227.42,2776.96,1605.11,4574.26,2894.16,608.485,550.969,3235,2918.7,3671.1,2694.68,26684.1,21895,2128.71,598.643,929.908,1125.31,4344.54,2702.04,3679.84,5503.98,2297.44,2307.84,5086.34,974.057,3038.19,3290.73,1173.02,556.297,1091.34,1043.66,650.891,572.989,4005.55,3745.57,235.956,1662.72,2147.95,3717.59,2818.69,1499.78,1633.95,933.2,444.784,1202.09,2443.32,1171.04,4619.89,6362.42,4000.86,6518.3,1526.42,138.788,303.253,1137.56,3425.25,1079.72,2934.28,4784.66,6238,5494.51,1311.53,1057.52,23.0444,211.668,2117.56,4876.69,3384.61,974.289,1925.52,3928.67,5590.06,3830.24,2256.63,160.144,580.996,239.515,5651.73,8128.46,2073.35,4268.88,2232.28,447.358,1019.62,184.535,676.435,2091.82,547.623,913.6,553.21,807.813,350.236,82.4459,357.376,1594,2089.85,5301.26,5961.52,3192.76,2126.26,2312.13,2026.47,1084.83,2872.33,2973.22,5276.27,3976.56
153.065941043,2565.99,1483.7,1551.92,1553.44,282.125,297.591,60.347,105.318,255.382,921.465,1110.49,3068.6,1429.16,252.827,2196.91,1894.57,3578.52,2671.6,2160.83,3612.68,2308.61,377.34,3941.34,2474.29,2607.33,3206.99,4689.31,5580.94,1397.87,47.9386,285.053,742.282,932.413,3876.77,4856.33,4123.19,8463.37,17909.9,8647.13,3665.27,4632.46,2290.75,1085.9,3925.11,3857.42,202.964,1007.83,5229.55,5146.16,7073.96,5446.93,3057.25,6213.25,1330.73,812.054,1924.82,2008.99,1338.64,1766.11,1721.94,1638.49,500.778,488.943,2724.44,4929.94,1932.89,1562.34,696.06,578.37,479.187,1443.31,102.955,883.799,431.276,3056.76,3606.77,2577.77,3861.34,2492.85,787.725,354.282,2732.91,3319.54,2696.82,5472.26,28679,23663.8,2162.04,255.233,698.892,1546.71,4962.28,4153.08,3547.89,4833.6,2858.83,2605.46,4186.39,1792.36,2993.64,2766.12,504.975,934.595,1211.6,359.585,589.451,758.043,3964.64,3790.23,439.241,1364.67,2832.63,4592.02,3733.58,1865.74,1489.45,999.687,197.851,890.002,2533.86,2125.67,5337.37,6289.29,5740.22,6692.07,907.381,142.029,307.513,442.968,2689.81,2057.15,2026.88,4266.02,8262.74,5680.88,1366.48,651.777,116.428,218.03,2152.75,5768,2717.74,1642.71,2501.41,4223.44,5695.54,5005.05,2473.58,563.108,770.144,530.142,6083.7,7115.99,3023.75,4342.89,2262.99,495.823,451.004,259.431,755.77,2367.67,1006.98,876.135,167.482,694.058,376.373,86.0802,338.94,1601.89,2965.08,4782.43,6315.15,4672.4,2826.87,2296.85,1775.64,484.138,2831.3,4436.08,3365.87,2938.53
154.552018141,2388.36,1578.09,1478.41,1612.81,605.543,517.582,195.32,170.121,344.843,922.431,1587.09,3363.62,1112.61,173.216,1277.78,2871.7,3820.2,3027.77,2251.91,2688.15,1887.6,997.257,3994.47,3447.49,2933.82,3617.99,4806.07,5608.27,1782.14,55.17,319.851,587.752,522.769,3185.77,4646.2,3322.91,7667.43,18209.4,8957.11,2641.59,3927.84,2766.36,499.544,2981.13,3326.62,170.753,1043.52,4643.47,5697.12,7105.29,5484.57,4236.33,6266.7,1879.81,1001.84,1645.04,1623.52,1683.84,1871.6,2176.34,1564.64,494.369,541.324,3123.51,5120.08,2611.62,1228.44,268.354,458.272,836.528,1162.58,46.395,764.182,664.8,2103.78,4122.51,3780.37,2641.94,2028.74,835.696,247.643,2324.06,2882.23,1662.31,7486.21,30652.4,23508.9,2000.58,177.55,482.266,1706.8,5297.17,5339.09,2718.98,3770.67,3443.14,2488.85,3361.09,2233.34,2797.75,2184.55,111.894,1363.42,1266.6,55.6257,574.32,1053.15,3433.78,3460,835.106,1149.47,3011.51,5231.79,4331.77,2033.6,1149.86,881.548,90.0341,675.439,2246.17,2955.23,5573.72,5494.7,6404.92,6673.7,628.659,195.967,374.791,92.3457,2220.97,2386.56,1426.26,3241.95,9460.54,5588.56,973.851,466.677,338.486,422.144,2726.24,5765.92,1918.86,1993.87,3094.3,3586.27,5361.23,5330.49,2551.96,1028.85,973.478,1100.34,5843.88,5766.94,3274.33,4218.17,2563.94,623.599,133.124,347.421,910.966,2388.21,1457.99,829.155,16.465,527.623,357.558,74.9484,267.167,1516.94,3392,3758.54,5790.38,5882.01,3101.32,1937.76,1439.95,84.3887,2682.79,4998.18,1893.54,2276.83
156.038095238,1985.1,1363.63,1227.21,1453.24,1032.86,772.569,391.224,267.141,402.285,791.441,1914.82,3180.04,1188.78,170.002,783.88,3246.14,3914.6,2853.41,1997.78,1710.38,1423.49,1578.48,3893.01,3882.13,2853.86,3527.81,4086.77,5155.34,2139.54,96.9224,413.787,504.651,428.795,2215.28,3813.68,2324.88,5802.39,17503.5,7960.97,1460.06,3124.32,2594.49,190.732,2379.63,2881.64,108.372,1188.8,3816.48,5063.04,6362.83,4903.92,4537.19,5985.46,2514.65,1215.5,1129.55,1195.89,1662.38,1813.65,2231.73,1400.56,402.588,525.665,3153.89,4937.58,2760.85,866.826,89.0903,324.774,1167.3,947.873,229.426,732.871,645.383,1397.21,4114.8,4706.72,1520.89,1470.21,836.893,278.445,1849.1,1988.15,850.587,8194.75,31200.3,21199.5,1971.72,156.234,298.164,1511.44,5286.37,5753.18,1650.58,2723.8,3612.21,1886.77,2621.04,2081.52,2395.19,1746.46,74.6829,1644.39,1229,31.2036,551.852,1215.22,2615.76,2937.1,1090.75,960.093,2625.15,5381.46,4322.99,1916.54,727.403,666.892,80.7769,544.162,1789.64,3205.58,5355.57,4020.17,5943.22,6203.2,838.437,330.099,494.464,144.202,1804.61,2048.51,986.415,2155.84,9737.14,4938.71,539.193,302.484,523.764,749.948,3487.51,5266.17,1015.67,2074.55,3330.07,2494.98,4464.05,4920.37,2293.31,1437.68,1091.53,1695.49,5096,4271.66,2662.27,3796.64,2766.01,666.7,14.5625,397.05,1149.45,2095.54,1741.98,715.09,22.2792,403.462,294.294,52.7333,179.136,1320,3275.59,2462.25,4666.92,6393.32,2938.22,1310.87,1100.01,53.3226,2419.72,4504.36,1183.64,1763.96
157.524172336,1458.51,960.064,841.154,1159.21,1386.03,1041.28,582.549,359.98,385.685,598.614,1926.05,2668.67,1386.62,142.716,611.495,2960.38,3642.9,2281.72,1389.61,964.668,937.043,1820.33,3541.43,3706.72,2303.87,3055.79,2737.92,4387.32,2308.86,197.23,537.382,513.606,562.24,1214.02,2851.13,1242.71,3855.41,15722.7,6273.03,560.641,2272.1,1918.71,267.164,2072.51,2462.79,71.9532,1292.95,2863.81,3582.86,5053.02,3800.82,3872.83,5299.84,2982.23,1290.92,659.471,717.544,1417.17,1461.52,2033.63,1069.09,306.81,407.427,2906.66,4325.84,2349.33,571.347,42.2972,237.094,1297.04,796.553,436.201,723.538,405.524,861.215,3644.42,4948.8,806.865,1027.51,795.762,400.521,1285.31,1202.94,282.536,7780.19,29531.1,17411.7,2063.36,197.43,120.466,1141.76,4851.57,5254.28,807.101,1935.93,3202.89,1061.07,2009.7,1430.32,1802.64,1452.95,326.477,1659.69,1130.28,131.679,550.577,1070.75,1798.67,2314.67,1041.12,753.453,1893.55,4984.82,3676.69,1584.04,320.454,476.217,111.154,484.19,1274.57,2792.18,4700.35,2338.05,4662.65,5320.23,1299.37,561.994,646.983,372.659,1421.36,1356.31,642.391,1468.5,9149.93,3966.5,268.736,131.46,640.35,1068.24,4068.93,4495.93,343.693,1886.64,3076.59,1389.61,3283.24,4005.98,1726.88,1651.64,1110.39,1967.83,4140.49,2719.89,1611.73,3078.44,2717.2,574.954,4.00179,446.043,1282.08,1620.01,1731.13,574.628,92.0866,324.772,219.395,22.4329,98.6097,1072.74,2670.77,1290.53,3416.22,5981.43,2446.8,644.367,868.748,230.209,2012.81,3399.52,1030.02,1584.71
159.010249433,928.311,587.145,406.399,836.375,1483.74,1337.3,650.348,423.337,314.651,414.488,1581.69,2056.37,1399.74,148.228,624.733,2254.37,3016,1477.97,784.157,434.667,505.972,1657.1,2912.66,3075.65,1410.52,2468.07,1239.19,3573.06,2080.67,396.044,653.629,524.604,792.211,464.232,2084.54,432.911,2272.09,13440.5,4600.7,129.154,1535.25,998.063,743.914,1995.31,1822.55,253.693,1324.36,1819.84,1967.91,3598.3,2346.47,2755.33,4125.81,3196.02,1072.89,379.692,368.284,986.733,1005.35,1593.02,715.671,223.734,236.807,2521.29,3285.84,1663.28,393.64,16.7387,201.321,1336.29,564.716,602.482,682.575,168.41,409.962,2994.32,4311.09,675.855,884.824,625.848,577.987,791.101,713.067,20.2347,6580.42,25848.8,13228.8,1985.13,351.63,12.7188,631.274,4333.08,3848.69,544.07,1568.96,2269.13,440.313,1469.8,652.758,1276.27,1081.73,739.359,1470.47,982.104,251.786,511.165,783.146,1063.21,1697.58,763.59,468.11,1242.03,3997.17,2741.85,1137.55,41.5479,420.683,80.6546,544.57,697.061,2026.04,3696.42,937.233,3333.7,3960.14,1798.94,943.283,750.782,561.069,1121.24,656.714,443.277,1209.62,7925.13,3199.28,132.229,31.2156,659.055,1200.57,4377.36,3502.93,111.639,1578.72,2349.27,655.407,2136.74,3008.08,1073.02,1515.26,1063.77,1760.22,3182.45,1304.42,737.855,2222.84,2365.39,445.702,41.7753,462.74,1262.62,1011.97,1564.55,382.994,184.286,256.165,167.513,3.29723,26.2249,880.329,1779.43,563.614,2565.93,4608.24,1920.36,209.475,653.587,423.147,1592.83,2156.67,1160.94,1752.49
160.496326531,521.104,352.417,104.894,507.47,1348.52,1546.64,596.927,427.683,233.618,262.921,1090.81,1404.66,1205.37,222.913,681.71,1472.19,2165.81,729.881,394.447,129.113,184.419,1278.59,2025.27,2297.87,537.33,1852.28,272.121,2758.69,1551.9,624.522,761.734,451.736,1004.27,118.425,1681.96,177.951,1270.67,11081.6,3634.28,26.8449,1018.87,269.548,1441.16,1952.33,1089.51,716.636,1245.68,877.188,797.544,2345.65,977.812,1689.65,2720.28,3093.73,640.105,268.748,256.677,526.615,557.187,1092.23,426.442,147.489,164.406,2010.76,2097.53,1039.32,252.521,8.21417,237.353,1366.72,285.861,727.744,595.722,41.2961,143.18,2261.37,3171.85,1029.92,920.466,456.521,683.054,561.284,449.847,207.764,4944.01,21106.6,9618.2,1615.94,605.011,64.8562,242.625,3676.81,2264.89,708.207,1578.62,1280.05,133.304,1038.81,197.572,910.568,618.714,1171.63,1179.68,765.275,361.574,387.928,533.969,567.457,1180.7,430.453,173.951,769.025,2818.17,1801.88,729.028,63.4407,471.97,17.7164,646.848,236.5,1237.93,2537.87,274.244,2345.52,2423.91,2115.33,1415.58,786.745,625.957,867.85,217.146,396.365,1198.67,6350.96,2954.34,78.6315,122.151,622.796,1084.76,4349.05,2490.5,197.096,1327.79,1432.87,298.837,1436.44,2252.4,520.918,1168.04,907.148,1202.69,2301.52,406.488,269.858,1482.8,1866.16,308.26,106.242,408.41,1147.67,418.05,1392.25,193.604,308.159,166.766,152.105,43.1762,43.0266,682.047,971.344,475.652,2196.55,2780.5,1546.83,79.5323,488.663,479.351,1226.88,1086.27,1399.06,1981.88
161.982403628,374.149,238.277,2.2012,251.533,1014.01,1651.81,440.464,406.033,159.288,176.938,647.251,786.701,902.988,340.097,727.165,763.977,1385.12,292.692,188.483,14.0282,26.3368,862.536,1142.33,1513.91,81.6885,1369.55,3.62487,1997.51,1017.67,713.901,908.197,268.181,1188.74,291.454,1584.24,359.626,874.023,8930.44,3521.1,22.138,802.346,9.8039,2187.33,1879.14,515.927,1296.17,1052.17,260.538,218.891,1502.64,202.448,908.656,1504.08,2665.14,243.102,271.496,314.21,203.505,245.478,620.328,279.652,100.439,274.365,1380.36,1136.75,591.289,115.993,36.2503,344.561,1451.97,83.6152,761.639,521.242,10.2099,83.1604,1612.35,1909.17,1648.85,1087.92,267.622,661.327,535.844,438.881,899.029,3105.85,16538.1,7220.79,1152.03,894.66,194.462,101.904,3094.95,969.714,1085.36,1861.72,567.312,78.1035,795.853,218.071,706.776,218.88,1457.53,883.211,520.315,442.749,253.01,380.451,383.519,834.876,173.157,48.7474,456.981,1788.16,1195.86,456.744,364.125,588.944,46.5008,730.51,23.133,639.404,1532.45,426.786,1701.63,1180.51,1996.25,1917.86,767.557,560.963,697.528,72.3171,412.769,1204.52,4751.35,3064.72,172.564,466.894,603.653,823.981,4032.69,1595.96,389.76,1151.27,729.514,189.07,1259.75,1876.59,317.554,758.788,666.443,591.028,1566.64,140.304,134.503,1139.79,1363.37,173.076,169.793,310.71,959.466,62.3653,1238.9,139.957,462.178,124.278,189.266,168.997,187.813,474.146,455.178,875.847,2248.25,1140.26,1397.34,217.86,344.775,401.03,876.513,382.081,1615.49,1960.23
163.468480726,468.395,194.951,37.3855,86.2372,694.964,1509.18,339.141,395.544,162.96,112.88,385.475,298.646,584.755,429.032,739.231,272.389,822.047,201.961,101.178,10.729,2.26776,569.954,454.332,873.529,129.959,1078.35,309.329,1353.29,637.979,567.819,1146.29,75.5381,1369.46,998.04,1667.3,598.688,726.499,7385.48,3765.55,2.71257,843.437,260.817,2835.92,1941.2,296.134,1709.49,806.449,26.3062,106.622,1131.39,171.403,451.151,717.1,2094.94,52.9276,322.111,430.055,69.1598,94.5359,309.837,233.18,71.805,525.342,793.563,575.406,263.456,16.1809,126.922,586.682,1567.33,51.6947,687.366,487.306,36.1972,158.588,1183.95,855.787,2232.26,1204.85,164.617,575.614,649.865,567.567,1784.93,1362.34,13314.4,6161.88,835.964,1144.06,341.434,181.092,2638.88,362.701,1405.1,2254.99,233.172,142.033,714.037,609.326,658.414,27.6809,1423.96,731.513,344.042,499.937,200.573,335.669,393.74,659.492,114.136,173.22,258.204,1129.43,1048.57,367.533,757.831,753.787,270.821,758.61,70.5958,283.687,873.535,1130.42,1294.66,421.566,1463.47,2340,742.018,442.706,692.671,105.662,371.497,1041.59,3335.78,3233.81,499.082,933.662,627.311,633.03,3578.57,878.087,530.681,964.11,410.903,163.308,1506.11,1841.59,477.491,429.501,426.375,163.136,1014.51,360.724,216.373,1246.5,910.653,53.1916,241.874,156.769,837.596,19.9492,1024.84,314.709,695.775,231.871,325.561,335.495,395.185,341.093,275.576,1378.44,2525.94,202.868,1431.54,457.15,230.878,242.785,584.379,97.551,1594.8,1615.42
164.954557823,653.449,171.281,144.887,14.4452,532.533,1070.65,428.161,506.711,355.836,39.379,299.71,53.0426,303.633,472.189,622.742,81.001,523.76,304.428,67.9191,38.6466,34.1845,387.594,116.178,473.53,421.988,914.465,894.389,876.033,407.919,309.727,1509.64,44.7725,1420.41,2032.72,1997.83,539.954,557.124,6658.2,3620,46.7546,1123.56,839.869,3221.57,2359.82,523.727,1828.63,537.589,95.6987,311.12,1101.3,535.885,277.629,478.524,1473.49,104.847,406.094,479.647,97.6427,51.8352,183.954,229.399,61.0519,793.887,445.029,353.974,40.1162,42.3703,322.483,1093.57,1673.22,119.938,591.647,515.269,41.9859,249.711,1003.17,302.131,2470.66,1277.55,111.863,458.947,1025.79,644.108,2304.43,250.157,12328.8,6147.22,637.157,1370.82,508.641,435.982,2230.11,377.911,1640.37,2574.63,210.855,229.362,677.738,1105.66,823.074,79.7557,1023.74,843.892,395.485,595.426,258.513,350.011,450.25,624.752,221.22,433.44,196.223,937.411,1218.54,424.237,1023.56,982.862,664.147,733.308,274.292,126.691,576.562,1865.04,1117.17,106.078,728.54,2692.44,662.497,339.31,914.941,244.951,197.627,740.374,2263.27,3096.92,994.692,1430.09,670.718,702.383,3081.39,381.98,595.494,649.669,451.764,210.757,1819.95,1939.66,920.48,244.602,240.563,19.9933,700.548,689.289,441.17,1645.72,562.658,6.04053,302.341,17.6342,892.032,216.62,709.924,696.539,1110.61,603.536,566.848,445.252,588.466,356.155,278.27,1636.89,2940.64,98.9896,1495.81,702.695,106.303,118.287,519.172,76.2686,1170.46,1370.24
166.440634921,874.022,106.497,292.742,63.4659,526.547,571.802,750.197,790.671,736.888,45.3589,327.88,56.8544,150.598,473.528,393.271,84.0893,471.973,440.836,63.3508,43.8034,78.7344,253.998,41.3227,307.435,677.434,771.433,1482.49,563.253,313.211,305.306,1862.88,234.383,1382.59,3023,2510.26,268.971,450.208,6491.1,2982.62,238.331,1544.68,1667.94,3138.19,3030.53,1375.39,1741.47,314.657,407.924,739.056,1142.4,856.209,319.863,592.928,931.246,312.797,490.101,426.78,187.998,73.5601,223.216,229.053,63.7754,996.65,445.14,376.141,25.0378,250.046,632.132,1861.78,1851.82,148.584,560.083,666.359,9.56672,376.989,1087,303.855,2201.24,1326.73,86.2491,407.54,1579.73,702.532,2212.27,593.067,13712.1,7279.36,389.409,1638.81,773.431,473.95,2138.9,783.834,1668.63,2776.11,447.01,356.841,489.186,1644.52,1204.52,270.504,577.785,1134.05,758.357,844.864,379.896,373.648,437.137,696.452,382.081,599.201,295.741,1160.61,1537.23,506.929,1075.91,1256.39,993.47,739.489,466.252,132.904,515.238,2210.44,1185.92,86.9281,242.152,2918.88,600.555,292.365,1206.82,550.95,26.923,473.441,1562.69,2698.29,1318.3,2023.31,787.456,758.68,2797.57,192.71,640.422,336.327,733.578,431.649,1772.83,2070.78,1354.46,263.367,164.714,67.5923,557.93,857.444,755.519,2140.49,439.338,21.2264,398.867,79.5533,1158.15,472.838,413.72,1146.33,1727.85,1226.82,859.133,501.269,667.67,582.088,345.08,1467.94,3557.29,634.061,1467.22,852.749,37.0159,86.9287,688.346,270.778,540.18,1756.11
167.926712018,1176.68,20.1462,530.597,344.488,569.342,291.708,1251.21,1251.58,1172.18,194.773,447.144,265.003,141.194,510.207,179.963,170.808,603.703,507.193,70.8939,27.1976,126.247,168.652,35.9764,309.27,806.348,571.441,1920.12,517.816,368.071,799.43,2151.88,517.255,1233.55,3734.84,3021.19,91.4397,572.164,6626.4,2221.35,504.808,2138.97,2536.34,2513.58,3673.79,2856.17,1733.4,193.997,885.245,1249.78,1166.52,903.342,553.101,742.065,519.093,527.91,566.196,312.844,260.356,175.819,385.017,238.403,60.098,1168.5,804.769,588.957,267.619,614.322,1114.5,2687.99,2085.05,126.865,624.055,1003.66,26.1733,735.626,1536.38,674.852,1525.64,1417.85,58.1635,492.357,2140.15,789.776,1896.1,2867.85,17252,9574.03,94.9534,2120.97,1285.36,233.578,2303.73,1465.81,1536.7,2678.26,1014.23,567.574,209.36,2270.4,1740.94,458.868,275.587,1497.92,1444.81,1277.88,501.493,330.462,352.953,746.358,570.428,562.325,547.409,1674.49,1868.7,488.883,988.626,1469.27,1101.76,761.69,518.354,232.963,554.617,2070.24,1551.75,290.268,245.441,3096.41,589.047,248.573,1529.46,1013.18,101.351,353.68,1317.36,2159.72,1293.1,2644.61,1126.71,597.415,2675.64,595.116,760.658,224.562,1203.64,834.264,1342.86,2149.26,1533.52,387.773,153.419,118.673,545.687,815.25,1057.4,2586.52,638.788,110.305,684.049,565.778,1545.86,640.495,205.601,1485.82,2517.16,1971.94,1101.83,485.197,634.431,909.696,463.414,1065.85,4402.56,1582.88,1259.12,897.208,53.8199,114.698,1050.93,749.53,338.358,2981.72
169.412789116,1614.73,27.0743,900.404,910.273,659.627,307.637,1723.89,1861.86,1529.23,444.832,608.667,606.81,313.735,684.463,100.255,307.051,760.351,538.311,67.5137,18.1319,159.953,133.112,21.0139,398.692,903.366,273.167,2317.81,840.987,608.935,1582.73,2430.95,772.701,932.091,4132.97,3348.4,153.793,932.922,6934.78,1774.59,756.239,2972.37,3118.61,1575.39,4114.71,4484.17,2010.74,274.412,1482.33,1670.57,1091.87,733.103,882.387,834.927,207.376,693.404,632.203,186.201,286.392,342.375,626.744,310.542,67.9059,1329.03,1372,997.617,729.662,1051.24,1718.28,3268.36,2274.78,136.237,783.673,1552.21,284.915,1573.95,2387.83,1098.1,836.282,1462.44,77.0002,674.589,2773.55,874.616,1852.08,6651.95,22219.6,12865.5,100,3108.85,2027.87,33.2054,2502.73,2198.68,1269.26,2257.56,1899.77,900.119,87.4962,2902.5,2304.92,593.291,143.734,1915.71,2311.22,1693.1,603.793,221.452,238.315,708.425,748.218,393.01,832.897,2388.97,2153.67,314.065,889.638,1434.32,1075.37,664.875,490.125,332.496,567.306,1640.21,2082.99,720.911,794.493,3318.33,607.506,234.138,1838.82,1530.35,480.745,476.918,1501.45,1639.4,985.715,3184.19,1635.02,288.414,2662.52,1588.55,1040.18,489.022,1803.88,1261.87,783.438,2030.39,1492.52,485.241,152.618,119.162,572.822,656.236,1205.06,2859.08,1183.71,376.407,1241.03,1446.26,1966.46,683.774,83.0548,1686.93,3251.7,2577.99,1280.33,374.338,532.536,1220.21,621.405,812.602,5327.46,2738.43,866.742,889.33,203.589,292.901,1621.12,1366.78,842.505,5029.81
170.898866213,2246.01,307.43,1357.8,1531.57,926.806,599.766,1909.3,2463.11,1759.25,667.011,797.451,939.603,658.607,1023.87,219.551,469.365,852.909,526.472,56.3562,10.0765,181.176,117,9.63793,487.635,1052.24,60.6324,2657.54,1522.95,1064.06,2334.97,2599.48,919.216,617.377,4108.15,3467.6,407.579,1475.8,7237.24,1902.47,1030.9,3943.31,3166.69,692.572,4261.54,5715.04,2480.45,676.543,2010.51,1903.26,903.889,492.2,1149.42,877.089,26.3478,818.929,591.229,115.941,250.379,599.829,836.67,449.959,150.927,1442.58,1832.07,1636.88,1302.33,1393.98,2303.43,3354.29,2376.35,231.602,935.536,2238.68,1057.18,2978.25,3441.55,1411.39,300.662,1560.21,154.779,845.312,3370.29,1194.72,2249.35,10610.9,27595.3,16417.9,943.275,4476.56,2956.56,125.229,2647.15,2701.08,849.177,1803.83,2702.06,1416.71,380.341,3495.64,2572.97,739.364,233.905,2198.08,3092.76,2007.01,594.928,121.414,136.711,572.086,892.701,170.987,1103.5,3069.9,2394.1,90.2155,773.65,1186.31,899.441,512.646,365.296,417.052,477.261,1152.75,2519.7,1410.35,1801.55,3481.2,660.06,243.023,2101.45,1994.56,1043.17,872.16,1886.95,1284.63,626.026,3505.29,2095.73,31.6928,2835.23,2815.94,1440.08,1105.35,2424.68,1587.16,290.475,1784.71,1242.27,523.995,148.613,101.752,531.743,501.803,1052.51,3062.14,1767.67,854.736,2128.57,2527.16,2212.36,674.108,56.2346,1696.37,3751.32,2813.09,1336.88,226.788,411.696,1389.58,875.057,1013.21,5997.61,3816,466.993,923.591,498.617,613.484,2282.76,2138.05,1923.93,7347.97
172.384943311,3088.96,1099.89,1751.5,1821.66,1489.03,1128.21,1603.96,2971.85,1890.87,656.414,1107.63,1083.75,971.462,1612.33,619.219,631.844,746.785,576.23,18.3169,0.0402332,253.462,106.305,7.32854,498.465,1362.34,212.708,2754.48,2252.09,1828.39,2778.72,2431.76,1070.56,417.975,3724.96,3244.74,830.465,2170.89,7101.52,2625.67,1567.85,4725.65,2686.3,116.238,4290.38,5992.99,2923.93,1442.3,2305.98,1788.54,758.335,295.956,1246.83,826.681,28.6076,992.926,395.158,124.649,242.893,968.74,841.708,625.075,438.231,1441.88,1895.36,2559.08,1831.23,1410.81,2829.97,2834.59,2342.24,511.158,944.157,2781.44,2640.71,4906.72,4217.81,1527.77,44.109,1816.4,341.702,795.014,3823.91,2135.75,2873.98,12948.8,32472.2,19278.7,2520.2,5707.18,4246.24,733.907,2427.49,2877.34,444.513,1653.26,2848.52,2055.78,1371.51,4098.35,2161.31,1045.42,588.462,2062.91,3633.56,2252.45,400.009,84.6327,120.71,338.435,1109.1,11.0414,1347.29,3284.77,2722.64,10.6196,606.26,890.075,612.535,400.142,166.593,521.454,263.253,780.837,2559.48,2412.64,2984.92,3371.16,776.395,287.152,2323.54,2187.14,1627.46,1530.38,2130.16,1094.92,523.094,3533.37,2232.6,67.1411,3237.12,3816.84,1807.25,1853.48,3008.05,1615.83,42.7035,1513.61,887.836,517.103,170.825,120.084,378.882,408.883,675.293,3278.66,2018.96,1426.77,3355.75,3613.71,2020.24,731.229,146.642,1394.38,4044.95,2557.43,1245.09,147.742,376.079,1206.78,1375.35,1864.4,6080.59,4345.5,388.31,1167.63,1003.61,870.245,2697.81,3291,3208.08,8830.77
173.871020408,3979.91,2389.21,1988.34,1667.08,2272.74,1781.23,963.104,3295.89,1984.18,438.104,1510.93,1012.69,1121.16,2404.21,1357.11,776.534,485,722.867,3.6442,37.1554,412.826,145.652,11.6365,525.431,1800.23,813.597,2569.32,2680.78,2769.55,2798.55,1930.93,1258.47,502.933,3153.95,2567.45,1420.81,2796.61,6331.65,3652.83,2560.93,4870.61,1993.39,25.5159,4166.59,5366.89,3036.27,2364.54,2371.65,1312.22,759.835,262.253,1151.91,679.601,247.287,1235.1,189.121,201.204,408.24,1375.49,648.649,780.642,988.067,1332.63,1573.85,3631.92,2222.45,1087.8,3199.59,1938.76,2141.17,1030.44,765.219,3023.84,4991.1,7081.6,4360.6,1441.02,175.713,2264.12,676.707,523.322,4149.65,3629.01,3378.46,12980.2,35250,21113.8,4024.85,6360.29,5933.68,1858.69,1787.58,2775.53,415.984,1741.24,2333.76,2648.31,3018.88,4670.87,1248.69,1509.53,1144.95,1527.21,3829.12,2470.26,143.244,168.099,180.263,219.027,1412.07,78.153,1480.74,2932.45,3078.33,297.659,439.202,676.52,393.626,338.998,26.2846,611.918,76.664,526.585,2180.73,3555.77,3999.5,2903.43,916.285,467.979,2424.3,1984.4,2119.29,2247.26,2045.93,994.695,812.467,3241.66,1983.16,467.42,3771.99,4336.18,1928.77,2465.84,3468.22,1334.72,15.5546,1345.67,615.352,498.912,273.139,205.901,181.167,360.609,399.064,3389.49,1867.33,1921.13,4700.97,4498.42,1439.09,845.696,333.248,898.629,4102.24,1993.02,1027.39,286.687,408.083,791.093,2140.6,3243.19,5437.18,4164.96,824.129,1729.96,1719.56,959.336,2737.76,4675.35,4271.31,8794.81
175.357097506,4708.6,3918.24,2020.65,1197.65,3100.23,2427.97,319.321,3434.37,2096.85,215.72,1900.32,823.607,1088.34,3248.37,2360.86,895.305,246.162,934.614,94.6084,178.571,657.43,286.573,43.9089,668.962,2332.47,1651.78,2137.18,2628.45,3617.2,2484.77,1246.22,1474.8,947.944,2473.55,1642.97,2030.83,3100.53,5023.99,4491.81,3866.62,4328.69,1287.23,347.69,3952.39,4147.93,2684.1,3168.52,2208.98,710.685,879.354,453.314,941.685,463.606,636.719,1527.36,158.831,342.703,797.39,1763.28,354.645,915.615,1720.17,1178.45,1121.98,4595.93,2476.47,591.099,3369.25,1053.45,1875.25,1671.9,462.813,3020.75,7582.3,9063.01,3832.64,1197.02,705.743,2834.43,1181.32,198.921,4386.32,5237.09,3431.49,11126.3,34892.8,21508.8,4636.03,6346.34,7715.47,3205.22,997.133,2477.39,974.039,1982.51,1435.25,3018.33,4989.01,5103.83,379.067,2011.8,1765.07,814.89,3716.69,2691.45,17.4948,396.308,319.425,371.991,1790.86,458.154,1446.64,2163.99,3361.7,963.361,380.575,614.337,397.733,358.36,34.5028,681.707,34.2289,339.724,1615.63,4488.92,4567.91,2162.25,989.708,849.041,2332.47,1457.78,2343.45,2816.52,1648.6,908.265,1333.52,2690.38,1468.79,1076.88,4283.53,4315.39,1675.73,2796.72,3634.43,939.946,115.17,1274.33,583.185,519.071,510.921,361.689,38.3343,352.256,440.854,3342.65,1407.36,2173.78,5880.97,4975.62,744.269,962.24,549.307,442.817,3928.62,1431.94,797.514,664.174,477.279,435.852,3041.41,4746.51,4229.68,3381.76,1782.27,2612.86,2516.5,842.487,2480.05,5946.54,4747.33,7305.99
176.843174603,5041.62,5302.43,1891.45,695.775,3735.2,2928.66,5.76042,3426.58,2264.78,193.183,2173.62,638.076,965.423,3941.99,3375.83,1027.57,179.353,1161.64,325.015,433.142,966.116,535.744,132.511,958.221,2844.29,2406.68,1548.4,2179.45,4052.59,2024.12,604.722,1713.75,1596.74,1772.4,808.47,2424.25,2968.33,3448.72,4777.3,4947.35,3450.61,661.495,842.824,3673.34,2785.1,1942.43,3600.86,1907.05,252.541,1031.72,801.183,730.562,250.123,1083.79,1808.18,376.324,552.485,1359.8,2043.95,139.961,1038.34,2423.69,1088.17,849.435,5173.5,2625.1,217.621,3298.8,561.362,1640.84,2248.93,181.833,2968.59,9616.56,10283.9,2981.9,856.625,1484.8,3401.17,1741.69,42.3788,4591.08,6425.34,2908.71,8453.91,31333.3,20245.3,3999.44,5867.54,8935.49,4447.73,382.303,2185.73,1937.39,2240.18,593.436,3086.26,6744.15,5311.36,12.0369,2420.81,2293.24,229.862,3406.82,2920.6,136.159,739.703,557.729,799.659,2179.58,1085.72,1244.1,1298.22,3457.61,1797.53,507.319,735.742,611.783,456.662,231.044,737.125,155.42,195.164,1132.31,4851.75,4591.62,1329.48,964.331,1309.89,2074.51,791.719,2284.45,3019.75,1131.29,762.583,1772.29,2073.22,862.84,1659.2,4520.03,3881.56,1105.63,2812.4,3407.71,622.317,227.685,1269.85,770.846,651.378,854.18,547.963,32.1213,391.202,805.242,3135.05,853.63,2135.2,6583.95,4963.79,239.449,1040.62,727.662,211.723,3565.21,1158,655.355,1188.93,576.135,371.796,3837,5870.8,2840.28,2353.52,2950.23,3604.26,3257.41,572.96,2175.9,6630.42,4556.58,4979.08
178.329251701,4923.93,6098.32,1725.61,409.954,3989.99,3177.61,177.846,3307.95,2434.32,461.514,2269.8,549.21,883.644,4282.57,4079.87,1208.3,321.964,1344.59,662.474,748.613,1259.52,846.528,301.792,1306.38,3189.49,2784.91,962.345,1551.9,3904.59,1592.14,249.949,1861.99,2138.01,1211.8,305.116,2404.31,2423.25,1992.72,4375.99,5301.99,2572.42,230.195,1231.92,3255.36,1664.37,1118.58,3493.15,1602.02,70.702,1138.52,1153.11,589.881,128.973,1418.77,2017.51,758.116,819.84,1928.84,2151.74,135.719,1156.45,2864.51,1133.74,929.687,5196.02,2683.44,202.228,2998.78,587.537,1542.46,2546.01,95.4695,2987.62,10435.4,10360.5,2216.56,532.319,2206.8,3843.75,2174.71,195.372,4690.83,6839,2003.7,6000.91,25515.7,17409.1,2540.35,5004.16,9211.45,5193.62,222.651,1981.68,2908.95,2395.91,139.233,2914.12,7687.56,5291.04,273.258,2659.61,2578.07,10.8686,3004.7,3106.03,491.556,1098.26,887.858,1343.34,2484.85,1737.46,951.249,632.738,3314.38,2462.56,813.484,975.8,908.203,619.837,542.501,779.289,368.715,103.3,848.419,4567.7,4054.6,674.771,820.136,1667.98,1684.64,261.858,1987.14,2786.22,693.412,566.063,1907.26,1508.96,367.284,1927.4,4404.94,3149.48,498.333,2493.77,2903.58,435.589,272.216,1279.24,1047.95,894.576,1192.85,723.839,174.981,477.493,1281.02,2811.82,434.506,1884.93,6577.14,4544.76,91.6692,1062.78,827.818,251.542,3106.3,1215.56,666.586,1672.45,723.554,616.699,4320.67,6192.57,1711.74,1444.77,3854.95,4458.79,3685.67,353.969,1945.57,6560.61,3774.29,2763.45
179.815328798,4496.92,5976.31,1650.22,449.855,3767,3156.34,721.697,3066,2514.41,939.078,2157.29,592.238,916.675,4157.01,4234.92,1421.31,588.982,1440.14,990.087,1034.42,1465.27,1091.64,548.926,1575.44,3222.95,2683.38,511.611,1000.68,3227.42,1303.82,216.519,1851.72,2300.01,882.582,156.272,2000.17,1641.8,934.009,3464.04,4719.9,1919.27,27.0319,1304.18,2702.36,945.072,532.938,2876.11,1384.9,140.852,1147.97,1344.23,536.031,141.421,1517.11,2088.4,1138.06,1103.5,2269.51,2096.98,333.8,1244.9,2922.35,1290.6,1271.41,4721.57,2607.52,544.747,2581.41,942.47,1573.22,2493.65,282.6,3024.05,9859.39,9219.28,1799.77,338.777,2586.49,3983.74,2380.64,658.038,4530.82,6391.37,1132.23,4286.5,18947.1,13437.5,1123.44,3888.96,8475.59,5195.91,521.489,1913.57,3433.85,2395.38,134.738,2647.65,7466.04,5054.68,951.944,2694.11,2544.73,189.197,2614.73,3097.15,975.449,1349.63,1233.05,1790.54,2612.14,2126.75,691.236,331.314,2897.42,2737.15,1184.59,1192.93,1151.62,801.683,800.287,830.838,533.303,78.5182,763.492,3767.83,3170.15,304.983,622.511,1722.99,1289.85,19.7702,1530.64,2247.48,427.254,376.192,1694.95,1067.31,84.1065,1800.95,3878.95,2356.62,89.1205,1930.58,2305.67,340.168,247.139,1229.95,1269.33,1146.7,1394.78,866.201,379.197,594.717,1628.52,2380.89,296.097,1592.23,5788.42,3910.39,266.285,1017.47,857.474,489.528,2592.73,1442.11,847.164,1884.6,934.175,1013.63,4366.04,5602.21,1096.04,906.349,4101.97,4905.96,3652.8,339.709,1811.84,5811.84,2695.38,1387.99
181.301405896,3900.39,4996.99,1667.7,705.982,3175.45,2866.97,1329.94,2686.89,2413.17,1400.9,1852.78,733.043,1021.32,3601.62,3791.35,1589.83,847.423,1400.06,1195.24,1193.34,1511.79,1181.29,796.087,1657.09,2884.1,2209.69,266.415,647.147,2296.01,1169.61,361.88,1649.97,2036.96,731.923,249.116,1408.04,927.166,322.123,2369.86,3498.49,1480.8,13.1727,1092.4,2032.39,596.288,333.071,1998.27,1246.66,312.731,1060.85,1285.74,534.411,259.25,1374.19,1968.73,1348.64,1333.96,2222.49,1915.46,598.476,1290.28,2580.86,1471.86,1638.9,3861.33,2424.67,1015.79,2125.28,1305.45,1639.22,2155.96,668.834,2948.47,8125.25,7278.96,1647.33,344.759,2501.25,3716.18,2333.14,1232.41,4076.35,5159.72,772.06,3297.96,12825.8,9204.12,459.402,2734.28,6916.07,4553.28,1048.22,1883.72,3312.97,2224.16,392.793,2420.21,6174.3,4586.47,1632.88,2544.5,2226.43,605.537,2237.03,2795.68,1401.76,1409.79,1494.15,1938.08,2533.38,2064.37,559.253,320.334,2289.42,2572.9,1449.96,1288.51,1226,932.679,894.435,854.491,571.626,114.176,762.895,2751.31,2218.94,189.463,447.028,1452.58,954.315,33.1047,1071.86,1608.24,303.073,258.918,1265.63,756.644,11.7554,1421.84,3004.99,1653.53,10.6688,1306.01,1715.35,294.481,204.909,1086.72,1318.2,1284.23,1380.4,941.223,527.736,721.551,1657.78,1914.86,378.188,1389.24,4428.46,3197.18,577.645,914.55,847.09,753.696,2086.13,1557.25,1098.87,1758.95,1148.22,1343.49,3946.58,4391.69,940.697,745.992,3657.64,4721.71,3191.87,561.89,1713.02,4566.28,1782.62,997.595
182.787482993,3105.08,3654.46,1619.1,971.017,2400.41,2380.16,1677.13,2172.01,2096.15,1580.13,1470.78,841.703,1105.58,2741.51,2956.94,1581.72,979.76,1224.84,1195.49,1186.86,1347.21,1117.31,919.693,1523.52,2243.71,1583.64,207.136,458.807,1471.08,1020.63,539.043,1291.48,1531.3,642.76,383.25,897.502,451.427,69.1354,1386.28,2234.79,1088.04,120.642,808.622,1325.62,478.334,359.225,1258.32,1035.55,478.185,872.308,1051.12,518.695,379.239,1117.42,1621.79,1342.97,1369.86,1874.83,1585.54,798.326,1236.94,2001.99,1519.14,1773.23,2840.01,2125.47,1326.29,1654.96,1448.51,1577.26,1699.42,1027.31,2655.59,5806.71,5114.34,1554.79,490.996,2077.15,3001.83,2120.48,1614.92,3324.47,3566.57,965.303,2774.13,7757.59,5694.35,576.621,1809.98,4854.93,3639.21,1437.43,1754.08,2703.32,1871.6,705.643,2130.21,4459.56,3744.24,2021.16,2173.08,1802.49,982.483,1806.58,2259.2,1552.4,1327.83,1501.31,1808.78,2151.86,1683.49,515.681,414.346,1651.41,2079.34,1472.37,1208.13,1123.31,924.626,844.618,776.122,514.874,180.999,711.543,1793.56,1420.05,211.194,326.003,1022.83,673.806,165.493,735.028,1013.97,264.734,218.908,827.846,522.549,79.2847,1012.21,1983.6,1109.12,160.699,844.186,1128.08,292.719,194.852,858.497,1169.62,1216.41,1191.4,893.863,587.802,764.03,1421.4,1406.25,548.083,1250.4,2976.04,2379.36,843.867,777.348,800.158,900.867,1567.39,1460.78,1207.28,1462.05,1196.71,1490.24,3101.46,3075.04,973.914,781.958,2841.32,3820.54,2547.73,826.287,1602.11,3083.36,1321.57,1213.04
184.273560091,2202.4,2341.55,1418.27,1070.97,1615.7,1780.74,1573,1607.93,1598.26,1379.84,1091.28,810.007,1059.03,1823.27,1988.29,1351.69,924.051,957.278,995.634,1006.9,1033.88,918.021,865.324,1209.32,1487.96,987.527,264.436,369.609,859.225,787.693,612.841,898.607,970.488,560.938,423.626,518.162,217.88,71.0366,717.847,1207.92,732.846,255.475,541.229,755.833,439.807,394.924,746.177,748.286,535.799,646.342,724.073,469.251,418.085,822.295,1148.14,1127.34,1178.01,1361.86,1168.61,835.327,1043.17,1373.37,1354.23,1553.89,1890.15,1668.05,1284.55,1232.31,1269.71,1324.82,1226.26,1152.63,2143.25,3556.45,3171.83,1361.5,652.368,1482.22,2087.04,1713.15,1637.73,2358.05,2178.81,1260.79,2284.11,4173.27,3211.99,945.974,1291.24,2864.53,2596.04,1485.36,1485.45,1876.82,1403.2,896.231,1693.88,2827.45,2679.07,1931.3,1644.01,1356.85,1080.05,1356.87,1608.57,1354.05,1135.77,1235.7,1458.8,1560.71,1166.34,499.915,467.725,1093.25,1433.02,1226.04,984.232,881.389,771.518,682.696,607.372,393.672,242.991,576.597,1038.49,827.491,260.831,272.454,593.052,465.106,267.654,489.118,569.487,258.988,224.175,473.017,348.762,185.089,662.016,1105.45,730.152,314.241,541.289,653.133,290.492,209.625,590.093,889.043,954.485,902.39,723.626,548.767,687.852,1021.7,942.133,641.462,1050.45,1763.45,1584.42,888.644,627.001,678.181,837.77,1095.37,1152.06,1087.32,1089.17,1050.26,1378.26,2077.89,1941.16,957.316,836.376,1924.65,2570.75,1826.12,963,1358.35,1808.43,1143.34,1406.63