TIME,A,Bb,B,C,C#,D,Eb,E,F,F#,G,Ab
0.000000000,0,0,0,0,0,0,0,0,0,0,0,0
0.046439909,0,0,0,0,0,0,0,0,0,0,0,0
0.092879819,0,0,0,0,0,0,0,0,0,0,0,0
0.139319728,0.159507,0.514292,0.234933,0.501383,0.803394,0.517049,0.617111,0.252574,0.536641,1.81956,0.836053,0.783668
0.185759637,0.529141,0.860592,0.862042,0.323756,0.917673,0.272378,0.877586,0.356122,0.332881,1.33886,1.03003,0.408147
0.232199546,0.6035,0.745885,0.835036,0.407878,0.994375,0.0595016,1.03699,0.433109,0.207129,1.31965,1.12401,0.480658
0.278639456,0.388364,0.635927,0.815038,0.451227,1.04617,0,0.912704,0.543085,0.125338,1.51026,1.23555,0.846334
0.325079365,0.0487452,0.834788,0.766883,0.698148,1.13709,0,0.697066,0.615595,0.210724,1.45432,1.17612,1.39361
0.371519274,0.00963673,1.43421,0.523718,1.09382,1.19435,0,0.684461,0.569666,0.126039,1.3613,1.06367,1.61705
0.417959184,0.371728,1.82893,0.0784872,0.987988,0.625261,0.0727905,1.09536,0.927224,0.230149,0.87829,0.911485,1.56148
0.464399093,0.201439,1.37895,0.240724,1.06102,0.669887,0.00206822,1.84484,1.02541,0.102267,0.529525,0.693929,1.04968
0.510839002,0.0198055,1.10959,0.190913,0.976486,0.534865,0,1.74719,1.03789,0.0925355,0.545354,0.716377,1.4414
0.557278912,0.441507,0.655462,1.00919,0.818397,0.442927,0.262334,0.901077,0.669667,0.785321,0.163619,0.832363,1.53448
0.603718821,1.13066,0.81397,1.05007,0.685749,0.467648,0.300052,0.719223,0.584836,0.62686,0.316338,0.915593,1.11274
0.650158730,1.68224,0.889554,1.18115,0.750232,0.447439,0.0994688,0.709505,1.18473,0.168586,0.310028,0.815834,0.310577
0.696598639,1.72004,0.727905,1.04825,0.446494,0.50325,0,0.653977,1.78524,0.189569,0.420389,0.601301,0
0.743038549,1.59632,0.220271,0.943326,0.346597,0.458893,0,0.361879,1.90496,0.425628,0.594372,0.266417,0.0849954
0.789478458,1.49025,0.167158,1.15916,0.285306,1.22448,0,0.208238,1.725,0.651548,0.642814,0.033334,0.426261
0.835918367,1.38945,0.209311,1.16801,0.1015,2.48429,0,0.287617,1.00027,0.57965,0.4935,0.0554561,0.851209
0.882358277,0.867317,0.0686968,0.831464,0.0968013,3.44931,0.00628522,0.498608,0.275344,1.17869,0.137361,0.0254719,1.71895
0.928798186,0,0,0.393639,0.0214179,3.74985,0.00896423,0.663312,0.0905517,1.64772,0.0712382,0.0029229,2.42653
0.975238095,0.0237665,0.0374462,0.294732,0.0873839,3.81727,0.00220005,0.665227,0.028921,2.09883,0.00939743,0,2.73832
1.021678005,0.386154,0.172724,0.162339,0.0718314,3.80126,0.00561365,0.503967,0.0592447,2.20341,0.00975744,0,2.57227
1.068117914,0.898335,0.236909,0.190996,0.0212707,3.65789,0.015012,0.579437,0.0592664,2.02329,0.0185251,0,1.72291
1.114557823,1.0444,0.564229,0.342412,0,3.25726,0.105394,0.639924,0.052654,1.7231,0.07358,0.000185646,1.27953
1.160997732,0.989345,0.428115,0.391495,0,3.14805,0.32231,0.744742,0.00985907,1.38169,0.0145866,0.000557904,2.27208
1.207437642,0.854226,0.182475,0.374995,0,3.0108,0.516715,1.07113,0.0543112,0.988876,0.0145217,5.23652e-05,2.84243
1.253877551,1.04008,0.219447,0.937334,0.23531,2.16116,0.44323,0.911659,0.293886,0.467349,0.0295488,0.0538238,2.63708
1.300317460,1.02033,0.176068,1.12859,0.503565,0.926217,0.583299,0.590893,0.605304,0.416509,0.0039083,0.0404944,1.88633
1.346757370,0.644195,0.635871,1.37066,0.188341,1.21714,0.720393,0.496039,0.866185,0.475891,0.356504,0.0841436,0.80868
1.393197279,0.0968313,1.26028,1.33175,0.0975958,1.40147,0.538046,0.689559,1.1789,0.216233,0.968887,0.0916492,0.201376
1.439637188,0.230986,1.34916,0.895225,0.178942,1.21229,0.292136,0.615752,1.70034,0.139748,1.60444,0.127316,0.143152
1.486077098,0.247359,1.36205,0.54731,0.193406,1.42587,0.135365,0.29516,1.70247,0.0784369,2.18754,0.138906,0.109153
1.532517007,0.203649,1.60417,0.407629,0.149914,1.76186,0.0242232,0.214159,1.27303,0.00707836,2.90534,0.0363968,0.00926578
1.578956916,0.00623756,1.96031,0.11065,0.121185,2.14963,0.0208159,0.187337,1.09701,0.0123013,3.34111,0.000764129,0
1.625396825,0.00583579,2.20171,0.0247866,0.0320568,2.40404,0,0.0951402,0.950378,0.0627803,3.60497,0.113494,0
1.671836735,0,2.17625,0.175769,0.0294194,2.45723,0,0.00041217,0.824384,0.0235552,3.42668,0.187537,0.0107136
1.718276644,0.122485,2.06943,0.21736,0.030619,2.19437,0,0.0179903,0.685859,0.0148,3.33314,0.244315,0.0632394
1.764716553,0.163508,2.1917,0.261195,0.0309508,1.94108,0.021404,0.0400751,0.898997,0.00505179,2.95563,0.271202,0.0693329
1.811156463,0.179475,1.97841,0.21842,0.0578242,1.51557,0.0286992,0.203515,1.08096,0.00682879,2.95241,0.312407,0
1.857596372,0.0991855,1.81951,0.354278,0.474144,1.63069,0.149505,0.0889099,1.02198,0.134094,2.57362,1.03225,0.172575
1.904036281,0.107511,1.39398,0.333403,0.353398,2.16582,0.115961,0.180877,0.614794,0.455418,1.8083,0.975001,1.20814
1.950476190,0.0703715,0.755596,0.260397,0.0579783,2.47758,0.0288766,0.696786,0.85397,0.672566,1.00815,0.373923,2.38005
1.996916100,0.000144414,0.222186,0.241237,0.0506037,3.03974,0.0190651,1.00145,0.920389,0.687463,0.332555,0.0710419,3.12234
2.043356009,5.80454e-05,0.00393074,0.151255,0.0997536,3.57656,0.0173207,1.08838,0.645588,0.606608,0.00785994,0.12581,3.12386
2.089795918,8.12693e-06,0.108032,0.0446145,0.137613,3.61001,0.020379,1.16465,0.284638,0.541221,0.0145422,0.193383,3.00493
2.136235828,0.000262918,0.185845,0.081568,0.237542,3.15957,0.0197134,1.35582,0.239355,0.155964,0.0216296,0.162971,3.04181
2.182675737,0.209062,0.31241,0.136418,0.448272,2.53453,0.0448433,1.37742,0.485108,0.0266409,0.0190931,0.00127753,2.89941
2.229115646,0.3706,0.502923,0.16507,0.696894,2.12301,0.0291968,1.32205,0.749552,0.0235936,0.105945,0,2.72781
2.275555556,0.2756,0.844423,0.254385,0.924106,1.90715,0.00717466,1.16835,1.00258,0.0313186,0.202866,0.00320158,2.69965
2.321995465,0.0445047,1.07159,0.447922,1.23508,1.37118,0.0218431,1.24298,0.934952,0.000223175,0.193835,0,3.30042
2.368435374,0.0645774,0.792932,0.222812,1.44646,0.326198,0.0113273,2.13542,0.415889,0.0438308,0.0752989,0.00674582,3.94253
2.414875283,0.511288,0.632941,0.527891,1.76076,0.697829,0.0379085,1.95779,0.34894,0.373849,0.182093,0.651035,2.81354
2.461315193,0.950423,0.154886,0.21979,1.96773,0.879872,0.309331,1.33475,0.36964,0.673677,0.0130506,0.478997,2.08605
2.507755102,0.707207,0.112235,0.170132,1.77928,0.725515,0.542498,0.827111,0.884748,1.00532,0.00828455,0.632679,2.0044
2.554195011,0.809467,0.32985,0.129896,1.42269,0.688519,0.451183,0.569117,1.03926,0.891382,0.0420652,0.496809,1.36679
2.600634921,0.967704,0.691639,0.0266722,1.28694,0.88849,0.107167,0.54475,1.13074,0.257634,0.969823,0.171399,0.615664
2.647074830,0.335345,0.850736,0.00411017,0.985007,1.10795,0.00624768,0.507342,1.48036,0,1.86165,0.248214,0.411872
2.693514739,0.112595,0.692378,0.0272629,0.534818,1.53055,0.0116138,0.497505,1.55139,0.00377017,2.48048,0.465096,0.328043
2.739954649,0.101679,0.493336,0.00472085,0.760518,1.91829,0.0233977,0.270571,1.492,0,2.78189,0.518463,0.366591
2.786394558,0.0338216,0.415926,0.00278409,0.862968,2.22085,0.0260942,0.180256,1.19782,0.0512188,2.55225,0.721339,0.636898
2.832834467,0.24121,0.279356,0.0242017,0.697594,2.19198,0.0329068,0.593427,0.781179,0.193076,1.934,0.974439,0.682377
2.879274376,0.350828,0.305116,0.637262,0.673058,1.43007,0.041992,1.32734,0.0995416,0.00467629,1.57086,1.06384,1.11373
2.925714286,0.161362,0.127916,0.602839,1.5981,0.496552,0,2.05506,0.0419172,0.0195187,1.09514,0.690194,1.98699
2.972154195,0.0857078,0.188624,0.265344,2.12084,0.0968182,0.0191188,2.23737,0.0245638,0.0430265,0.896862,0.0921929,2.71461
3.018594104,0.0736523,0.126983,0.217806,2.20725,0.245895,0.0327652,2.299,0.148051,0.0795693,0.586101,0.391156,2.75634
3.065034014,0.131577,0.000169184,0.160581,2.03295,0.142002,0.177871,2.01939,0.223398,0.147756,0.705241,0.0873426,3.53805
3.111473923,0.0876338,0.0248282,0.00637896,2.00174,0.137533,0.0677029,2.07472,0.24074,0.0639102,0.797773,0.0622612,3.74122
3.157913832,0.148395,0.00149783,0.00496348,1.40683,0.145235,0.0308065,1.72404,0.563673,0.473404,0.715024,0.0754521,3.76796
3.204353741,0.287894,0.00205321,0.00443596,0.680601,0.218721,0.000381699,1.51161,0.623919,0.376371,0.646554,0.0720335,3.59841
3.250793651,0.712802,0.0436385,0.0045786,0.315694,0.457786,0.0194814,1.51128,0.764424,0.0725595,0.583385,0.103018,2.75712
3.297233560,0.593289,0.149856,0.321627,0.219433,1.23523,0.00126159,0.990322,1.01503,0.072344,0.820046,0.314109,1.699
3.343673469,0.257928,0.110126,0.725085,0.470974,1.84616,0.039256,0.376442,0.91478,0.152924,0.693643,0.182194,1.75753
3.390113379,0.0576172,0.0352528,0.662058,0.340583,2.44472,0.0659407,0.334762,0.209716,1.3707,0.210599,0.0957208,1.96244
3.436553288,0,0.00306315,0.379626,0.33488,2.92534,0.11517,0.289153,0.0244314,1.93826,0.0320775,0.122369,2.3741
3.482993197,0,0.00351666,0.251234,0.438406,2.86474,0.113892,0.210453,0.0451316,2.19003,0.0659984,0.102306,2.52825
3.529433107,0,0.00279998,0.28369,0.524928,2.43544,0.109336,0.336206,0.0286604,2.32725,0.285996,0.0801108,2.59018
3.575873016,0.0475865,0.00209143,0.234455,0.364868,2.29463,0.0161409,0.606559,0,2.20604,0.0597122,0.100471,2.6174
3.622312925,0.0297692,0.12783,0.241199,0.20046,1.77895,0.240426,0.813578,0,2.21568,0,0.0834163,2.90158
3.668752834,0,0.214029,0.384191,0.163034,1.62352,0.307476,1.04716,0.0357838,2.28833,0.0555895,0.0652876,3.03917
3.715192744,0,0.147024,0.50914,0.347418,1.6284,0.245438,1.23381,0.00465237,1.95353,0.200534,0.0957694,3.07356
3.761632653,0.0354917,0.00321534,0.340871,0.948652,1.74462,0.0531303,1.22034,0.265406,0.685056,0.386969,0,2.88679
3.808072562,0.325283,0.00323155,0.308302,1.16468,1.47612,0.0379663,1.0715,0.640412,0.0930293,0.498484,0,2.30507
3.854512472,0.769774,0.132349,0.177373,1.3099,1.19981,0.0440842,1.08185,0.947277,0.0961929,0.695828,0,1.80924
3.900952381,1.1583,0.200918,0.212405,1.1076,1.13364,0,1.44792,0.932205,0.191078,0.730239,0.0370758,1.31531
3.947392290,1.02378,0.388107,0.494783,0.541387,1.0314,0.255027,1.44092,0.91439,0.750469,0.501002,0.354361,0.995447
3.993832200,0.505284,0.416014,0.634302,0.234875,1.23628,0.46259,0.513947,1.10439,0.91301,0.699815,0.595269,0.601054
4.040272109,0.0839105,0.704703,0.313589,0.192283,1.88062,0.292779,0.101796,1.12505,0.781114,1.37308,0.35588,0.40569
4.086712018,0,1.29838,0.0324327,0.293829,1.66436,0,0.21927,1.27154,0.517605,2.04696,0.352202,0.49001
4.133151927,0,1.33745,0.0263063,0.413782,1.61623,0.0199137,0.359819,1.29891,0.283479,2.14311,0.337842,0.517439
4.179591837,0,1.2894,0.0161731,0.760572,1.58433,0.0943008,0.427765,1.05935,0.2642,2.12872,0.389651,0.636316
4.226031746,0,1.10536,0.110812,0.738394,1.55213,0.098036,0.413283,0.92576,0.415371,1.83844,0.298458,0.927361
4.272471655,0,0.977424,0.220333,0.731254,1.71827,0.0840444,0.532492,0.937023,0.53357,1.39328,0.451326,0.956286
4.318911565,0,1.08883,0.26847,0.526846,1.50713,0.103403,0.536027,1.21504,0.5141,1.17725,0.672919,0.825159
4.365351474,0,1.02819,0.272209,0.947976,1.09023,0.220451,0.482444,1.1985,0.714345,1.20634,0.525099,0.559489
4.411791383,1.21741,0.538615,0.23942,1.38707,0.87542,0.556808,0.364262,0.754211,0.765352,0.856291,0.914334,0.469984
4.458231293,1.38849,0.422629,0.227082,1.58622,0.505516,0.256432,0.50468,0.7502,0.588662,0.614471,0.891539,0.455186
4.504671202,1.53513,0.191325,0.11041,1.74875,0.27002,0.155822,0.709563,0.40715,0.219032,0.838207,0.614175,0.672946
4.551111111,1.29744,0.279333,0.0946866,1.65247,0.715248,0.0941427,1.29689,0,0.917701,0.937436,0.19661,1.0737
4.597551020,0.651681,0.212106,0.451169,1.04724,2.04055,0.0539668,1.29207,0.0466936,1.55371,0.376583,0.32849,1.10272
4.643990930,0.338369,0.0961031,0.564773,0.52093,2.42992,0.0542318,0.936468,0.115356,1.8192,0.0652561,0.350586,1.5315
4.690430839,0.072303,0.0842956,0.51475,0.567661,2.02812,0.0166117,1.06531,0.108317,1.57573,0.681195,0.449953,2.17249
4.736870748,0,0.205851,0.382133,0.554157,1.78349,0.0347369,1.50094,0.192322,1.25022,0.658486,0.726159,2.42461
4.783310658,0,0.154632,0.323775,0.421812,1.1314,0.0361009,2.65881,0.122209,1.00743,0.144468,0.666309,2.80048
4.829750567,0,0.107639,0.324232,0.926847,0.302692,0.178695,2.86576,0.0448256,0.340319,0.458261,0.213128,2.90084
4.876190476,0.0212397,0,0.209,1.88633,0.0251992,0.215408,2.80582,0.0338356,0.154256,0.869097,0.0204579,2.8026
4.922630385,0.0301777,0.0436308,0.135418,2.17254,0.00295801,0.138021,2.77563,0.00550121,0.0725117,0.897437,0.141004,2.58929
4.969070295,0,0.0449937,0.226971,2.13988,0,0.200924,2.75209,0.0386754,0.0809819,0.690392,0.31053,2.95279
5.015510204,0.0133899,0.177488,0.118061,2.05553,0.00328229,0.146476,2.90275,0.162053,0.104739,0.549383,0.273992,3.15341
5.061950113,0.386316,0.271209,0.00801576,1.49099,0.0720479,0.338199,2.81203,0.132387,0.144728,0.693637,0.0497351,3.06031
5.108390023,1.28766,0.262799,0.0060896,0.929684,0.135369,0.506807,1.95255,0.146138,0.148522,0.622414,0,2.31408
5.154829932,1.59821,0.0915683,0.00469019,0.889675,0.170999,0.392557,1.45242,0.239303,0.0757508,0.457754,0.108423,1.93203
5.201269841,1.42782,0.00262941,0.0711164,0.875504,0.182917,0.262883,1.64364,0.454125,0.0114609,0.406999,0.216776,1.78965
5.247709751,1.10227,0.00294588,0.581925,0.605167,0.202047,0.28952,1.97732,0.42433,0.00355235,0.409436,0.423433,1.58336
5.294149660,1.14056,0.00275212,0.927228,0.655192,0.126347,0.909337,1.6563,0.742756,0.000532408,0.649626,0.471331,1.89936
5.340589569,1.23333,0.0017314,1.08355,0.717828,0.0933297,0.975771,1.48362,0.93771,0.00098607,0.89654,0.358256,2.04792
5.387029478,1.03263,0,1.1926,0.648362,0.0936587,0.751314,1.4029,0.960681,0.000236131,0.760672,0.372101,2.15098
5.433469388,0.647665,0.0279746,0.838143,0.902853,0.0710435,0.653598,1.32292,1.07746,0.0398207,0.654296,0.419587,2.34036
5.479909297,0.291916,0.0762043,0.384187,1.39608,0.0971863,0.724332,1.68414,0.392598,0.0746445,0.609483,0.176302,2.64437
5.526349206,0.138308,0,0.295516,1.43096,0.111399,0.445541,1.7807,0.133315,0.168715,0.834548,0.000778417,3.12786
5.572789116,0.0613833,0,0.190155,1.37335,0.119456,0.223602,1.93831,0.0738276,0.383243,0.753949,0.00631891,3.42587
5.619229025,0.0284581,0.000179884,0.24185,1.55919,0.110494,0.298193,1.88037,0.157616,0.389545,0.491235,0.0239968,3.30724
5.665668934,0,0.0254785,0.220127,1.81847,0.0952109,0.255604,1.90801,0.277207,0.319912,0.245793,0,3.15015
5.712108844,0.709368,0.0235079,0.00943668,1.37243,0.0552815,0.239901,1.72997,0.929895,0.0479848,0.18474,0.0959486,2.22963
5.758548753,1.30965,0.0040265,0.113983,1.43132,0.0595808,0.538437,1.88337,0.77102,0.0768605,0.155993,0.000348514,1.49169
5.804988662,1.34459,0.00236753,0.192131,1.20585,0.0993061,0.593715,1.55918,0.765128,0.13851,0.133143,0.121847,1.69577
5.851428571,0.682177,0.13212,0.555466,0.754381,0.593894,0.581666,1.18727,1.26645,0.433889,0.160652,0.328963,1.79501
5.897868481,0.397001,0.144796,0.550831,0.297048,1.42594,0.373409,0.971717,1.80062,0.543239,0.0245028,0.470865,1.82487
5.944308390,0.19148,0.276831,0.13054,0.687943,1.78138,0.0206403,0.849998,2.06175,0.544338,0.00537946,0.210005,2.00671
5.990748299,0.0224868,0.290845,0.31385,0.703733,2.34962,0.158981,0.701247,1.67255,0.482572,0.144737,0.049095,2.42011
6.037188209,0,0.118676,0.63074,0.316289,2.67282,0.233475,0.543821,0.195842,1.85755,0.0707159,0.000692295,2.8432
6.083628118,0,0.0207069,0.420823,0.272623,2.81628,0.0270634,0.617023,0.0673683,2.03896,0.100143,0.0417941,2.73095
6.130068027,0,0.00265912,0.311779,0.166038,2.77913,0.0297733,0.594144,0.0273903,2.06633,0.158164,0.189053,2.80839
6.176507937,0.0782374,0.00255032,0.275542,0.163506,2.86781,0.127723,0.598153,0.0361598,1.80687,0,0.35561,2.61919
6.222947846,0.0104845,0.0518118,0.454674,0.163139,2.70638,0.409655,0.482674,0.0558155,1.72364,0.0919675,0.153946,2.47754
6.269387755,0,0.0929338,0.628405,0.240322,2.76761,0.357213,0.500605,0.0695753,1.59079,0.2051,0.00251426,2.42561
6.315827664,0,0.0498848,0.794301,0.96396,2.18235,0.267032,0.559044,0.466396,1.24846,0.205613,6.98219e-05,2.85353
6.362267574,0,0.0130566,0.56961,1.43148,0.994032,0.397538,0.67884,1.06316,0.758497,0.493005,0,3.28277
6.408707483,0.35641,0.100369,0.305341,1.84501,0.691224,0.302264,0.78416,1.32341,0.104878,0.766831,0,2.72233
6.455147392,0.95489,0.171605,0.18375,1.38258,0.368426,0.306881,0.651755,2.02837,0.105327,0.71732,0.0909146,1.94553
6.501587302,1.1664,0.373183,0.398176,0.611321,0.173784,0.316363,0.439595,2.24431,0.0972403,0.368069,0.275546,1.74628
6.548027211,0.717592,0.353513,1.04583,0.0121632,0.911857,0.59369,0.515187,2.25846,0.107092,0.158155,0.599983,1.48149
6.594467120,0,0.401935,0.99191,0.0166566,1.62466,0.430395,0.563499,2.22851,0.258759,0.0297029,1.27518,1.1152
6.640907029,0,0.543189,0.458867,0.143564,2.15692,0.0911485,0.509089,1.65746,0.357465,0.800113,0.834753,0.8034
6.687346939,0,0.380863,0.162948,0.444509,2.56982,0.127059,0.337632,1.51279,0.40698,1.53045,0.212137,0.878709
6.733786848,0,0.508511,0.152814,0.557942,2.72984,0.127255,0.294054,1.52806,0.382181,1.8447,0.152606,1.09418
6.780226757,0.0211848,0.209185,0.158202,0.567842,2.40253,0.0907667,0.0546667,1.58249,0.480387,1.98019,0.0139187,1.33235
6.826666667,0.101744,0.00583324,0.14788,0.516428,2.15138,0.0718278,0.00375528,1.69031,0.313789,2.02014,0.00305617,1.28974
6.873106576,0.061452,0.230204,0.144804,0.801872,1.71197,0.0953923,0.013111,1.87894,0.0561426,1.91093,0.00888982,1.25459
6.919546485,0,0.9736,0.0685986,0.914336,1.55231,0.00443422,0.202897,1.99396,0,1.7602,0.078298,0.883527
6.965986395,0.18477,1.73048,0.0361776,0.662503,1.21716,0.0701239,0.277869,1.62104,0.151946,1.7624,0.069089,0.58418
7.012426304,0.786873,0.953022,0.0124517,0.904641,1.00131,0.488975,0.124103,0.975209,0.479793,1.47243,0.093487,0.708136
7.058866213,0.629961,0.745067,0.0121294,1.14609,0.895798,0.602303,0.0204782,1.13259,0.347638,1.27724,0.122789,1.2283
7.105306122,0.645037,0.310886,0.0203373,1.34266,0.961357,0.332358,0.155031,1.05037,0.251264,1.12034,0.196178,1.90397
7.151746032,0.545865,0,0.383873,1.59359,1.09047,0.120467,0.454856,0.327033,0.512283,1.03967,0.00192351,2.43122
7.198185941,0.367699,0.00112993,0.566319,0.809319,1.77129,0.00945417,0.739105,0.117619,1.24482,0.783805,0.115448,2.59705
7.244625850,0.400835,0.00102696,0.707674,0.52051,2.09658,0.0117015,0.85923,0.129923,1.33536,0.928179,0.108647,2.53194
7.291065760,0.374828,0.000548819,0.816109,0.596321,1.71724,0.0579603,0.969719,0.10313,1.16876,1.18105,0.0254786,2.256
7.337505669,0.0947206,0.0621569,0.885759,0.75454,1.51435,0.235424,1.43296,0.0780335,0.927954,1.11984,0.00297131,2.44252
7.383945578,0.0717368,0.102583,0.908674,0.713345,1.25349,0.415777,1.91856,0.0480196,0.713025,0.681982,0,2.71749
7.430385488,0.131169,0,0.825874,1.29553,0.695092,0.304714,2.1461,0.0376708,0.404581,0.271007,0.00111003,3.30376
7.476825397,0.143965,0.00145905,0.270648,2.1616,0.112875,0.0217449,2.25206,0.0131295,0.0989432,0.591904,0.0909623,3.32278
7.523265306,0.113898,0.00145462,0.176079,2.17458,0.0838888,0.0187824,2.46759,0.00172902,0.109163,1.01526,0.184016,3.26613
7.569705215,0,0.130631,0.170841,1.68542,0.0674005,0.0506531,2.77964,0.0891169,0.112412,1.11605,0.496834,2.92065
7.616145125,0.842615,0.371765,0.0551041,0.85079,0.0892903,0.2392,2.92725,0.0482169,0.0838854,1.20006,0.191076,2.2397
7.662585034,1.15574,0.421196,0.0468709,0.645887,0.27491,0.429872,2.39028,0.0439111,0.0634604,1.36934,0.051046,1.82936
7.709024943,1.25474,0.689015,0.0302905,0.887181,0.615913,0.59121,0.623669,0.309992,0.0387046,1.12925,0.0581053,1.14154
7.755464853,1.13594,0.498607,0.00682619,1.12561,0.846182,0.293024,0.204616,0.774861,0.30279,1.01263,0.148238,0.696553
7.801904762,0.34023,0.257107,0.0122219,1.0335,1.60374,0.21323,0.133924,0.837904,0.616258,0.715079,0.328605,0.549393
7.848344671,0.0425366,0.451404,0.0127735,0.501972,2.3666,0.0974589,0.0609343,1.00667,0.590251,0.93121,0.449829,0.656405
7.894784580,0.00877081,0.596711,0.00796669,0.673956,2.59101,0.0507301,0.0862137,1.0848,0.18852,1.09864,0.969253,0.594837
7.941224490,0,0.448178,0.12529,0.709379,2.12063,0,0.357576,1.14817,0.542371,0.898555,1.18213,0.94872
7.987664399,0.040209,0.100223,0.548752,0.501936,0.83525,0,0.808474,0.787383,0.775135,0.632505,1.33496,1.74603
8.034104308,0.0633654,0.03318,0.893325,1.02583,0.074472,0,2.01308,0.205288,0.443949,0.635532,0.82239,2.31957
8.080544218,0.135783,0.000672844,0.772198,1.46505,0,0.00523781,2.54033,0.0114394,0.0939216,0.578204,0.545606,2.46775
8.126984127,0.171859,0.00136545,0.233391,1.26084,0,0.0242326,2.50526,0.00632929,0.113712,0.823199,0.262177,2.55399
8.173424036,0.250156,0.0625096,0.302162,0.784314,0.0452257,0.167537,1.97637,0,0.114708,0.924364,0.0244132,3.08574
8.219863946,0.339012,0.0523128,0.183882,0.763255,0.118762,0.277424,1.90969,0.329584,0.105902,0.82256,0.0632532,3.62545
8.266303855,0.668322,0.0851726,0.40014,1.35243,0.124107,0.145376,2.36797,0.191437,0.0496446,0.795714,0.0959701,3.49625
8.312743764,0.855118,0.0304152,0.417656,1.45698,0.103841,0.243211,2.21146,0.122983,0.0437401,0.712529,0.0179974,3.27015
8.359183673,0.864424,0.0020324,0.459116,1.28053,0.0846773,0.618711,1.52308,0.0520357,0.165769,0.559459,0.000609636,2.77703
8.405623583,0.744962,0.00240299,0.464524,1.08706,0.215174,0.820246,0.783206,0.344572,0.66685,0.115164,0.375551,1.84517
8.452063492,0.783194,0.0340288,0.427754,0.951136,0.525282,0.441135,0.679176,0.467252,0.993626,0.13574,0.464228,1.65023
8.498503401,0.518533,0.0963093,0.755874,0.732885,1.61934,0.222252,0.480797,0.375055,1.51106,0.148708,0.43184,2.01279
8.544943311,0.0553432,0.0766309,0.931651,0.50414,2.24453,0.000832281,0.447548,0.297161,1.9043,0.210995,0.358819,2.2799
8.591383220,0,0.0303776,0.919988,0.361472,2.62157,0,0.374276,0.124951,2.00888,0.283456,0.503106,2.45386
8.637823129,0,0.00422692,0.776223,0.362592,3.0882,0.000585886,0.451744,0.0167077,1.9314,0.434619,0.720476,2.36415
8.684263039,0,0.00371182,0.557214,0.393224,3.26955,0.0190965,0.348527,0,1.99713,0.474854,0.745997,2.2905
8.730702948,0,0.00293406,0.481219,0.470817,3.26152,0.0966516,0.294836,0,2.2152,0.399077,0.641028,2.04403
8.777142857,0,0.0368519,0.458385,0.406945,2.97055,0.220717,0.399722,0.336469,2.23796,0.3468,0.191099,1.77292
8.823582766,0,0.157766,0.478656,0.456212,2.5363,0.368903,0.615002,0.554404,2.11812,0.34606,0.0318292,1.60033
8.870022676,0,0.139062,0.684808,0.5861,1.89358,0.273979,0.654509,0.219652,2.11342,0.330379,0.0317304,1.724
8.916462585,0.201978,0.0479571,0.383271,1.3185,1.64769,0.188245,0.566755,0.0676475,1.41851,0.614035,2.22125e-05,1.90557
8.962902494,0.677088,0.00261154,0.249281,1.37274,1.32081,0.00454276,0.724426,0.215669,1.26133,0.704237,0.0465853,1.51391
9.009342404,1.05852,0.00110651,0.0320478,1.34147,0.933392,0.0509992,0.857795,0.540404,0.954446,0.696084,0.13273,1.21449
9.055782313,1.08983,0.00105902,0.0395845,1.08524,0.788205,0.177968,1.1884,0.903254,0.593905,0.442642,0,1.37494
9.102222222,0.858931,0.209958,0.00089196,0.745259,0.568481,0.122898,1.30287,1.02782,0.412311,0.353093,0,2.04114
9.148662132,0.554759,0.377556,0.209765,0.298133,0.965833,0.133006,1.03305,1.3292,0.642834,0.83903,0.00039297,1.78779
9.195102041,0.671929,0.565343,0.167329,0.490594,1.09928,0.129113,0.576761,1.96737,0.29228,1.13151,0.0675066,0.747369
9.241541950,0.364276,0.597298,0.200889,0.708212,1.30533,0.165509,0.573168,2.21785,0.0894518,1.62545,0.136252,0.256665
9.287981859,0,1.26813,0.169925,0.678558,1.59191,0.104172,0.719533,2.03207,0.033859,2.01626,0.151078,0.11362
9.334421769,0.00296187,1.23804,0.149342,0.669866,1.77466,0.0937768,0.682683,1.61035,0,2.26259,0.124518,0.274154
9.380861678,0.00069393,1.11751,0.067203,0.669031,1.78677,0.048817,0.464565,1.30481,0,2.50079,0.321881,0.647237
9.427301587,0,0.816924,0.145578,0.505141,1.78529,0.0638148,0.477312,1.18955,0.0122328,2.27118,0.458869,0.777044
9.473741497,0.00365151,0.675493,0.244923,0.554464,1.6242,0.127491,0.372697,1.11047,0.00105126,1.91869,0.762864,0.802077
9.520181406,0,0.673407,0.224544,0.4933,1.64007,0.141292,0.31431,1.45476,0.0508975,1.73661,1.15076,0.63046
9.566621315,0.705556,0.199082,0.0595916,1.47527,0.855795,0.435313,0.217772,1.23475,0.0554275,1.4239,0.704706,1.1243
9.613061224,0.940929,0.0984831,0.0100107,1.41544,0.437145,0.853806,0.106615,0.682316,0.0898749,1.43293,0.456597,1.42709
9.659501134,0.985623,0.0245642,0.0353983,1.46869,0.441543,1.1149,0.318845,0.0927106,1.0573,1.17769,0.258399,1.18216
9.705941043,0.551727,0.0552205,0.0753436,1.50318,0.71568,1.0575,0.386483,0.0560704,1.58277,0.538244,0.0923868,2.08959
9.752380952,0.249165,0.0527505,0.401698,1.15647,1.56654,0.426937,0.375301,0.126575,1.75065,0.427434,0,2.16995
9.798820862,0.0637915,0.0759832,0.494378,0.745883,2.31352,0.0322705,0.407266,0.183829,1.69557,0.185699,0.18244,2.25156
9.845260771,0,0.0869855,0.237582,0.58997,2.67903,0.0646109,0.39725,0.0913315,1.67333,0.211878,0.310024,2.5473
9.891700680,0,0.0569258,0.019962,0.59139,2.57515,0.118911,0.956976,0.0657434,1.63841,0.158786,0.265877,2.73804
9.938140590,0,0.000908426,0.0304708,1.1216,1.95308,0.0239925,1.34939,0.0505338,1.34507,0.135142,0.085431,2.8754
9.984580499,0.0239738,0.0455566,0.0306118,2.04739,0.574627,0.0401566,1.8626,0.0387755,1.31007,0.187326,0,3.09489
10.031020408,0.024879,0.142114,0.158102,2.299,0.0617597,0.180903,2.20143,0.0185088,0.806734,0.766753,0.206514,2.98788
10.077460317,0.081411,0.460324,0.0861511,2.35076,0.0404639,0.488144,2.00953,0.00521809,0.0760486,0.914515,0.280844,3.22547
10.123900227,0.0752306,0.629129,0.134059,2.23757,0.03806,0.617043,1.71906,0,0.0658747,0.767817,0.585837,3.56764
10.170340136,0,0.697732,0.100546,2.06633,0.0489452,0.865168,1.45386,0.0400697,0.0692683,0.644306,0.35909,3.69957
10.216780045,0.0184836,0.385269,0.0155733,1.71018,0.0539844,1.05955,1.6763,0.0979433,0.10924,0.812172,0.241213,2.92292
10.263219955,0.822577,0.327322,0.124208,1.15219,0.0865666,1.23652,1.35508,0.359112,0.578416,0.851687,0.25909,2.0107
10.309659864,1.30034,0.423236,0.117119,0.919169,0.391352,1.05898,0.4885,1.12581,0.6515,0.809447,0.265777,1.15281
10.356099773,2.08283,0.0601721,0.0968238,1.1926,0.269816,0.842307,0.526466,1.15765,0.703869,0.68074,0.280052,0.145628
10.402539683,1.59217,0.00245151,0.07906,0.517006,0.449863,0.951508,0.826792,1.18598,0.394868,0.605941,0.661644,0.468632
10.448979592,0.622906,0.00165376,0.497059,0.57505,0.795285,0.926741,0.672152,1.42358,0.339988,0.671999,1.05187,1.15297
10.495419501,0.314679,0,0.496997,0.770582,0.510834,1.44555,0.534961,1.5894,0.0966417,0.783585,1.45261,1.2112
10.541859410,0.319736,0,1.20936,0.867002,0.404903,1.69935,0.682919,0.608776,0.0251816,0.629573,1.5771,1.30783
10.588299320,0.38672,0.165969,1.49819,0.864826,0.275146,1.23472,0.700323,0.248223,0.454722,0.558426,1.55639,1.24368
10.634739229,0.2252,0.211793,1.46161,0.665598,0.346366,1.30532,0.809735,0.398126,0.441118,0.457592,1.9546,1.15628
10.681179138,0.0867507,0.466256,0.65012,0.319923,0.22931,0.80412,1.58824,0.341029,0.337392,0.262533,1.83406,0.959997
10.727619048,0,1.02454,0.149706,0.00262526,0.160387,0.00575607,1.88625,0.383844,0.119655,0.0299621,1.24761,0.839333
10.774058957,0.0156027,0.937199,0.271492,0.00570616,0.146322,0.00870302,2.34149,0.253803,0.0771024,0.0441997,1.04074,0.65845
10.820498866,0.0258226,0.760948,0.137888,0.488639,0.23132,0.00455021,3.31431,0.323743,0,0.000801494,0.638046,0.109651
10.866938776,0.176725,1.23231,0.0311995,0.519717,0.159357,0.0144804,3.51933,0.271609,0.160666,4.4499e-05,0.73433,0.529951
10.913378685,0,1.34884,0.188063,0.117322,0.0534547,0.0836867,3.47641,0.140277,0.169292,0.0142393,1.03338,0.998034
10.959818594,0,1.31153,0.214724,0.0110904,0.090455,0,3.46004,0.0615515,0.144012,0.0347069,1.26962,1.1378
11.006258503,0,1.04356,0.158579,0.00432964,0.395804,0.0066764,3.25861,0.042723,0.106696,0.0452747,1.30729,1.16703
11.052698413,0.0819305,1.00549,0.146983,0.00425266,0.198325,0.558377,2.41749,0.583221,0.05164,0.0739439,1.20414,1.14158
11.099138322,0.705406,0.99607,0.143826,0.167458,0.131668,0.0486787,2.26101,0.73458,0.0190398,0.142543,0.977478,0.508934
11.145578231,0.821048,1.0021,0.139571,0.397572,0.105013,0.417355,2.37201,0.453698,0.0301177,0.0956847,0.54932,0.584613
11.192018141,1.06139,0.93054,0.0661447,0.496973,0.0879431,0.505142,2.81829,0.00296852,0.147828,0.0796704,0.658124,0.710211
11.238458050,1.08171,0.990156,0.138375,0.0128438,0.444674,0.492039,2.81669,0.0342078,0.30011,0.101961,0.649024,0.764858
11.284897959,0.852911,0.903946,0.136968,0.0114839,0.707114,0.524116,3.0806,0.0368159,0.204997,0.0526776,0.687498,0.628969
11.331337868,0.677777,0.78362,0.129508,0.0100394,0.630077,0.301831,3.37293,0.0548588,0.168556,0.0336752,1.05702,0.602785
11.377777778,0.491132,0.758162,0.140833,0.0287836,0.513121,0.107094,3.58894,0.0525209,0.144796,0.081352,1.43671,0.633714
11.424217687,0.410836,0.712916,0.237896,0.330199,0.0739948,0.0831355,3.6203,0.0433212,0.0240504,0.166547,1.15176,0.846996
11.470657596,0.274855,0.744178,0.16888,0.63669,0.283684,0,3.70094,0.0171641,0.0163994,0.0197945,0.772179,0.386264
11.517097506,0.250664,0.955306,0.172172,0.422457,0.221215,0,2.82846,0.166912,0.272733,0,1.16591,0.911811
11.563537415,0.0370691,1.0109,0.201961,0.0636402,0.790698,0.0532639,2.28268,0.186668,0.400719,0,1.28162,0.787559
11.609977324,0.123336,0.723277,0.144217,0.00965759,0.763745,0.0435824,2.40711,0.0723383,0.198221,0,1.31465,0.775418
11.656417234,0.252617,0.267791,0.129292,0.00534773,0.583205,0,2.20667,0.120288,0.175539,0.263208,1.29846,0.733853
11.702857143,0.321866,0.0602259,0.161836,0.422101,0.206323,0.0029879,1.74318,0.415669,0.502199,0.534053,0.934687,0.596752
11.749297052,0.217801,0.0154229,0.440214,1.01737,0,0.000330938,1.01843,0.601153,1.40968,0.445442,0.536157,0.348209
11.795736961,0.236274,0.177099,0.322095,1.16,0.0440494,0.0359182,0.522438,0.817839,2.50634,0.227415,0.408658,0.264039
11.842176871,0.21497,0.937769,0.16753,1.35885,0,0.518819,0.191127,0.183374,3.3573,0.0316357,0.61259,0.248232
11.888616780,0.203392,0.986331,0.160748,1.21456,0.330015,0.57747,0.231891,0.163644,3.36579,0.036679,0.762079,0.289942
11.935056689,0.1527,0.917551,0.121667,0.97849,0.484185,0.442204,0.374529,0.0517778,3.21395,0.0232184,0.86952,0.310205
11.981496599,0.155076,0.758226,0.0920014,0.762387,0.497973,0.0599898,0.555088,0.064212,3.07735,0.0307138,0.869029,0.36385
12.027936508,0.115333,0.524906,0.138645,0.706499,0.344701,0.264289,0.717022,0.077763,3.00279,0.0666394,0.55613,0.553044
12.074376417,0.616512,0.00344558,0.198643,0.688446,0.0175385,0.374006,0.560568,0.0424983,2.98964,0.139902,0.331832,0.543729
12.120816327,1.01697,0.0129178,0.338862,0.846315,0.0466137,0.374804,0.728441,0.0259013,2.51894,0.0318668,0.329928,0.315042
12.167256236,0.452637,0.430054,0.325505,0.236484,0.0228558,0.353434,1.47224,1.08068,0.336843,0.00619768,0.914429,0.960808
12.213696145,0.084045,0.8313,0.1552,0.371865,0.0461969,0.428466,1.59607,1.16943,0.0269822,0.013104,1.15095,1.04613
12.260136054,0,1.08952,0.108689,0.207135,0.205015,0.317394,1.40824,1.00513,0.0852174,0.0135022,1.25792,0.967814
12.306575964,0,1.16947,0.0912771,0.0246987,0.360311,0.0295264,1.75612,0.703858,0.0975083,0.0327137,1.31755,0.967714
12.353015873,0.00730127,1.18351,0.126216,0.0126276,0.216221,0.0910426,2.29236,0.0499613,0.100608,0.0741886,1.21736,1.00952
12.399455782,0.0574247,1.08358,0.187456,0.0247717,0.480254,0.249854,2.72519,0.0435392,0.0318192,0.163616,0.86517,0.37785
12.445895692,0.0710057,1.20105,0.139253,0.212651,0.777304,0.413429,1.91943,0.0602659,0.253412,0.0286123,0.77048,0.0197402
12.492335601,0.0390393,1.31059,0.216676,1.19243,0.447716,0.208719,0.947598,0.21741,0.505922,0.0167302,1.41757,0.179525
12.538775510,0.0164159,1.23582,0.216972,1.96627,0.0880041,0.239781,0.731692,0.490748,0.443905,0.0239182,1.71192,0.272505
12.585215420,0.00264141,0.863925,0.173159,2.76969,0,0.160342,0.49922,1.05366,0.270522,0.00772277,1.70107,0.248307
12.631655329,0,0.599224,0.152043,2.97126,0,0.0804373,0.703253,0.997508,0.101555,0.0165025,1.89567,0.334397
12.678095238,0,0.547538,0.209991,3.0192,0,0.0370426,0.680882,0.645112,0.0731625,0.0711975,1.88007,0.583618
12.724535147,0,0.456844,0.317138,3.26604,0,0.0884267,0.703812,0.59829,0.00608627,0.153612,1.34846,0.544781
12.770975057,0.960763,0.43204,0.160378,2.39779,0.225534,0.562235,0.735559,0.420863,0.0878117,0.24136,0.678456,0.798373
12.817414966,0.886058,0.697675,0.100204,1.70086,0.289892,0.908496,0.676927,0.37761,0.0571739,0.291359,0.270634,0.977967
12.863854875,0.710036,0.817592,0.179736,1.51782,0.267078,1.18801,0.703936,0.338619,0.0766569,0.316218,0.293749,0.97757
12.910294785,0.760996,0.998887,0.392917,1.39081,0.187765,0.882157,0.738495,0.198997,0.0579018,0.476896,0.303163,0.990565
12.956734694,0.636132,1.17831,0.552521,1.01148,0.10969,0.732734,1.21928,0.26626,0.0920789,0.661919,0.36844,1.20857
13.003174603,0.330352,0.747319,0.461847,0.253872,0.385755,0.854693,1.59101,1.02997,0.105891,0.698486,0.450319,1.30946
13.049614512,0.173801,0.996785,0.889961,0.226109,0.385609,0.993554,1.27409,1.09334,0.126241,0.48902,0.436297,1.33002
13.096054422,0.120692,1.01592,1.20082,0.41256,0.0671591,0.929153,1.98204,0.613043,0.0618024,0.715857,0.530376,1.62978
13.142494331,0.0954526,1.21108,0.670817,0.795426,0.0308929,0.899653,1.87315,0.385128,0.0677823,0.764514,0.411227,1.58905
13.188934240,0.0861616,1.18087,0.255312,1.13081,0.0541675,0.927861,2.183,0.300402,0.0878861,0.80153,0.401288,1.57809
13.235374150,0.102682,1.04923,0.129263,1.81417,0.0945662,0.750874,2.23239,0.120239,0.0992587,0.746082,0.404525,1.85465
13.281814059,0.12663,0.337925,0.176536,1.95308,0.107424,0.278204,1.71177,0.182816,0.121817,0.890875,0.175627,2.32481
13.328253968,0.15665,0,0.172101,1.75928,0.139639,0.121179,1.81203,0.334094,0.149161,0.818327,0.150734,2.55903
13.374693878,0.175589,0,0.290821,1.35016,0.148021,0.179111,2.22728,0.171173,0.151018,0.428314,0.0378419,2.76337
13.421133787,0.204364,0.0122492,0.250961,1.0549,0.148918,0.123578,2.42184,0.0997038,0.141025,0.136272,0,2.91601
13.467573696,0.306005,0,0.687807,1.04653,0.144011,0.0171572,2.36617,0.0882677,0.278908,0.0784782,0,2.72604
13.514013605,0.360147,0.00158219,0.61709,1.26061,0.0876497,0.0186497,1.9879,0.859913,0.731885,0.247834,0,1.91633
13.560453515,0.680381,0.00208181,0.562372,1.53009,0.135762,0.00541368,1.23518,1.12767,0.764081,0.274879,0.000624716,1.10667
13.606893424,0.618563,0.00137146,0.921791,1.42781,0.67952,0.0334179,0.904948,0.479109,0.837966,0.218967,0.00192459,0.928797
13.653333333,0.667454,0.148394,0.486545,0.661873,2.01861,0.164769,1.14594,0.397886,0.680706,0.319089,0.0217949,1.05703
13.699773243,0.267584,0.296973,0.313961,0.61898,2.38685,0.138857,0.864057,0.210729,1.11653,0.330207,0.00210961,1.77606
13.746213152,0,0.122688,0.654044,0.387191,2.63659,0.125613,0.65837,0.0834778,2.51544,0.164687,0.0214018,2.28289
13.792653061,0,0.00759598,0.762437,0.461214,2.59091,0.106794,0.538018,0.0709214,2.69628,0.106137,0.00613711,2.51892
13.839092971,0,0.00408941,0.661713,0.530679,2.4657,0.0785653,0.292159,0.0644916,2.69611,0.0543061,0.130343,2.45913
13.885532880,0.0489047,0.0743404,0.525863,0.586337,2.44386,0.114702,0.234079,0.0232676,2.58394,0.0335344,0.00174493,2.52293
13.931972789,0.209849,0.167502,0.636505,0.643889,2.01981,0.194481,0.340745,0.0168294,2.39755,0.0653805,0.000123425,2.73319
13.978412698,0.106926,0.253284,0.756222,0.602315,1.70457,0.66563,0.440825,0.00866116,1.97306,0.08717,0,3.03784
14.024852608,0,0.122509,0.756683,0.648454,1.74633,0.801333,0.679086,0.0242745,2.13879,0.0716901,0,3.07666
14.071292517,0,0.0308867,0.598962,1.15847,1.24067,0.508142,0.577633,0.209437,2.00703,0.0680735,0,3.04961
14.117732426,0.345018,0.00118193,0.290454,1.79296,0.997267,0.400363,0.446926,0.520117,1.0331,0.130674,0,2.61538
14.164172336,0.80454,0.069228,0.208918,1.70104,0.790991,0.539513,0.372,0.707934,0.536086,0.160308,0.0149023,2.48071
14.210612245,0.828914,0.319875,0.351056,1.17665,0.682864,0.474238,0.454297,1.08932,0.0935631,0.178415,0.279606,2.4935
14.257052154,0.836723,0.483385,0.650056,0.580836,0.594929,0.32582,0.558657,1.33445,0,0.258523,0.346903,2.41611
14.303492063,0.292244,0.355001,0.928925,0.000770474,0.849355,0.220363,0.393165,1.65182,0.0269071,0.204285,0.977783,2.30037
14.349931973,0.0801112,1.008,0.472674,0.251745,1.39466,0.149871,0.323882,1.9229,0,0.529304,1.18845,1.68465
14.396371882,0,1.14715,0.0757893,0.635402,1.46411,0.105488,0.59795,1.71987,0,1.16023,1.09188,0.921189
14.442811791,0,1.43677,0.0784323,0.647524,1.21259,0.0200992,0.611353,1.59411,0,1.54956,0.602866,0.995292
14.489251701,0,1.61754,0.153112,0.573729,1.22756,0.013124,0.577701,1.63218,0,1.71573,0.180848,1.08157
14.535691610,0.124259,1.66635,0.170475,0.331818,1.16225,0.0143621,0.523812,1.65907,0.0269325,1.70276,0.0548644,1.13797
14.582131519,0.171388,1.53567,0.136568,0.216243,1.11005,0,0.585145,1.62962,0.0250107,1.67129,0.0555266,1.05379
14.628571429,0.167271,1.5142,0.188777,0.264137,0.99555,0.237372,0.662171,1.62064,0.0587614,1.46411,0.0721744,0.728266
14.675011338,0.212306,1.03653,0.206376,0.774418,0.772942,0.155553,0.70587,1.67109,0.0682497,1.32408,0.208433,0.446198
14.721451247,1.0521,0.423434,0.128864,1.75395,0.669311,0.085152,0.672084,1.34492,0.129143,1.61371,0.125268,0.290081
14.767891156,1.34322,0.0267324,0.448071,1.75476,0.246784,0.0552321,0.547145,0.70506,0.875501,1.42823,0.0534558,0.734347
14.814331066,1.16553,0.0654361,0.592056,1.54974,0.632415,0.136827,0.945716,0.257105,1.00413,1.3024,0.0541601,0.716125
14.860770975,0.712249,0.0490828,0.724557,1.15415,1.05546,0.00970542,1.2216,0.193996,0.763833,0.973187,0.0204963,0.93257
14.907210884,0.20917,0.00726724,0.838776,0.598213,2.29178,0.00108126,1.09141,0.230319,1.28601,0.559321,0.00300128,1.28098
14.953650794,0.000333612,8.15981e-05,0.440949,0.18055,2.94846,0,0.606419,0.0997281,1.62868,0.574758,0.157494,2.04267
15.000090703,0.160549,0.0233795,0.274037,0.107932,2.81378,0,0.633095,0.0964731,1.64318,0.49597,0.0582527,2.48575
15.046530612,0.185971,0.0861277,0.303275,0.26563,2.57567,0.161525,0.711239,0.0623094,1.55452,0.371468,0.0255858,2.85
15.092970522,0.155358,0.155183,0.455459,0.157902,2.17273,0.137286,0.967838,0.0606049,1.36212,0.169965,0.10673,2.99355
15.139410431,0.120357,0.107117,0.502448,0.530242,1.18663,0.0716456,2.02254,0.071305,0.648108,0.541258,0.174356,3.26151
15.185850340,0.0755637,0.157437,0.1536,1.69624,0.247662,0.117745,2.4872,0.0648121,0.123454,0.933382,0.123231,3.05506
15.232290249,0.0581385,0.430024,0.093147,2.16856,0.0138685,0.29443,2.43553,0.0413324,0.0493142,1.06226,0.0855439,2.86797
15.278730159,0.00101649,0.412731,0.181651,2.37732,0,0.207233,2.38392,0.0185112,0.0839933,0.974552,0.0636164,3.08118
15.325170068,0,0.30042,0.116215,2.29987,0,0.17685,2.37062,0.018105,0.0882513,0.859161,0.0508977,3.37823
15.371609977,0.726349,0.135515,0.0492002,1.6275,0,0.537131,2.47331,0.0378983,0.0718481,0.87748,0.548004,2.43278
15.418049887,1.71454,0.512819,0.0129245,1.11688,0.0145475,0.502756,1.10527,0.890385,0.222723,0.674329,0.676572,1.70837
15.464489796,1.7657,0.58066,0.00784653,1.04203,0.508167,0.68457,0.71566,1.36569,0.242993,0.232122,0.359765,1.16275
15.510929705,1.17678,0.339923,0.00538536,0.942507,0.475465,0.517847,0.923416,1.36885,0.396167,0.328596,0.332959,0.602268
15.557369615,0.291736,0.43536,0.00831524,0.528746,0.410433,0.0642163,1.03613,1.62234,0.858921,0.830844,0.273633,0.71448
15.603809524,0.0338795,0.43633,0.00697286,0.12328,1.24621,0.0329219,0.510427,1.6511,1.09102,1.00162,0.20567,0.78034
15.650249433,0,0.024827,0.00362683,0.195298,1.78829,0.0122059,0.391631,1.5025,1.20805,1.49466,0.192573,1.06773
15.696689342,0,0,0.0017589,0.395867,1.85655,0.0142574,0.334637,0.82636,1.18454,2.0524,0.23728,1.07204
15.743129252,0,0,0.336615,0.486273,1.68159,0.139965,0.199324,0.250078,1.24517,1.99051,0.28539,1.52226
15.789569161,0,0,0.320694,0.247203,1.59594,0.415104,0.235853,0.108276,1.3539,1.74889,0.488221,1.68399
15.836009070,0,0.00620864,0.855446,0.257244,1.0109,0.186914,0.423546,0.495103,1.18476,1.0885,0.476356,1.76818
15.882448980,0,0.0842737,1.22345,0.59296,0.743925,0.0421038,0.853524,0.130971,0.030544,0.468127,1.56528,0.965429
15.928888889,0,0.0626505,0.994054,1.43253,0.355328,0.132312,1.23548,0.0752083,0.00972338,0.549105,1.08827,0.661627
15.975328798,0,0.0314157,0.753906,3.02626,0.0659409,0.284907,1.22073,0.0113468,0.000633074,0.48157,0.598181,0.420331
16.021768707,0.0856155,0.117744,0.404647,3.16924,0.0917577,0.234312,0.713968,0.0717853,0.313527,0.40207,0.774842,0.33373
16.068208617,0.00689054,0.309579,0.277316,3.15268,0.254908,0.28447,0.200887,0.207739,0.445526,0.403088,1.39595,0.360657
16.114648526,0,0.307453,0.241464,2.97499,0.451114,0.337594,0.267235,0.698054,0.304333,0.000887589,2.07033,0.301179
16.161088435,0,0.300153,0.15128,2.73032,0.514606,0.195219,0.34271,0.698511,0.236542,0.00367424,2.19078,0.282054
16.207528345,0,0.199282,0.134688,3.18838,0.571641,0.0210259,0.418973,0.588812,0.187165,0.0570451,2.07605,0.280469
16.253968254,0.000992779,0.149572,0.117708,3.78255,0.0845767,0.0294698,0.397649,0.479051,0.0653671,0.144707,1.67822,0.315642
16.300408163,0.00618857,0.146337,0.187496,3.80307,0.0836709,0.0358675,0.307031,0.308845,0.106957,0.184985,1.25138,0.0824788
16.346848073,0,0.16047,0.242605,3.55269,0.196156,0.0495425,0.280714,0.259087,0.495702,0,1.58918,0
16.393287982,0,0.473149,0.209785,3.21523,0.023031,0.155867,0.337216,0.382383,0.482016,0.00253933,1.67661,0.220292
16.439727891,0,0.631151,0.308449,2.9517,0.176676,0.0943127,0.448756,0.134701,0.376983,0,1.63453,0.318526
16.486167800,0,0.545104,0.551617,2.64266,0.167226,0.0511261,0.736132,0.116115,0.200122,0.00504166,1.713,0.355944
16.532607710,0.000800713,0.212461,0.501871,2.29204,0.516548,0.0336996,0.695058,0.306784,0.0730676,0.0464581,1.82034,0.249581
16.579047619,0.0112849,0.191594,0.130416,2.67482,0.165116,0.0485368,0.737779,0.381689,0.0131755,0.145439,0.994713,0.164841
16.625487528,0.0149504,0.192395,0.0872235,3.15457,0,0.127053,0.493976,0.312754,0,0.314763,0.439263,0.107663
16.671927438,0.0507392,0.516257,0.117071,2.774,0.0358054,0.172555,0.228927,0.45188,0.545514,0.00801991,0.897865,0.174598
16.718367347,0,0.588633,0.180735,2.47698,0.0286779,0.349014,0.159218,0.441506,0.63195,0.0170505,1.11655,0.311152
16.764807256,0,0.444681,0.136456,2.23629,0.0899005,0.20454,0.344385,0.208655,0.705612,0.00328327,1.40862,0.430675
16.811247166,0,0.308717,0.272438,2.14519,0.0435537,0.0441308,0.45468,0.198461,0.63448,0.0109818,1.59722,0.434016
16.857687075,0,0.143311,1.01742,2.19382,0.0769104,0.0284908,0.605966,0.184874,0.304201,0.0433026,1.67833,0.422
16.904126984,0,0.0527657,1.29553,0.982298,1.04925,0.354729,0.718275,0.0710701,0.247612,0.180315,1.37832,1.04155
16.950566893,0,0.0101473,0.900029,0.294104,1.98547,0.407698,0.474685,0.140159,0.497855,0.543219,0.657295,1.15949
16.997006803,0.0322034,0.0173787,0.215902,0.0140999,2.99374,0.371057,0.384044,0.394695,0.583682,0,0.625131,1.43637
17.043446712,0,0.246209,0.165427,0.0883323,3.21473,0.0994435,0.332065,0.313073,0.655314,0,0.967984,1.63328
17.089886621,0,0.231534,0.106897,0.150448,3.0717,0.0166899,0.467619,0.166041,0.525095,0.000135408,0.915071,1.53244
17.136326531,0,0.124001,0.0978257,0.121183,2.65267,0.00423084,0.607561,0.184887,0.345297,0.00754426,0.964361,1.30496
17.182766440,0,0.00336467,0.133471,0.0642122,2.53072,0.00322132,0.870872,0.0798362,0.118157,0.0506764,0.982828,1.2931
17.229206349,0,0.00282767,0.233072,0.0269791,2.38315,0.000190599,1.02269,0.040522,0.0774017,0.148812,0.732805,1.1336
17.275646259,0.0227248,0.00213207,0.176379,0.924195,2.4434,0.0857249,0.71387,0.077807,0.138505,0.0378078,0.225192,1.10752
17.322086168,0,0.0634741,0.119981,1.40604,1.91534,0,0.402817,0.229115,0.420274,0,0.253211,1.63215
17.368526077,0,0.230421,0.116958,2.06526,1.23777,0.0894456,0.267428,0.127946,0.417288,0,0.422242,2.04296
17.414965986,0.0163035,0.265562,0.106989,2.98477,0.478457,0.110905,0.548012,0.121501,0.112562,0,1.12125,1.44601
17.461405896,0.0124449,0.146302,0.122386,3.63246,0.00777592,0.061989,0.616434,0.101175,0.093983,5.6951e-05,1.68089,0.852856
17.507845805,0.00177922,0.0529772,0.175447,3.73758,0,0.0655315,0.743559,0.0861999,0.0610803,0.0452817,1.81635,0.365211
17.554285714,0,0.0517632,0.689629,3.18178,0,0.0590161,0.775567,0.141932,0.00948064,0.252134,1.82104,0.0339916
17.600725624,0.0394173,0.23664,0.527289,2.62714,0.0196485,0.0564067,0.646926,0.183277,0.00115483,0.132381,1.63939,0.0242848
17.647165533,0.0532079,0.893592,0.245841,1.79661,0.106617,0.141797,0.448475,0.251768,0.229752,0.118585,1.66358,0.133051
17.693605442,0.0164081,0.909799,0.440472,0.929442,0.144291,0.324085,0.445013,0.0795018,0.540352,0.509621,1.39936,0.190727
17.740045351,0,0.87004,0.624958,0.148209,0.128599,0.414782,0.565538,0.0970142,0.259426,1.00702,1.04037,0.186019
17.786485261,0,0.364226,0.69988,0.136594,0.144321,0.265424,0.698968,0.0918039,0.08797,0.749947,1.54707,0.440618
17.832925170,0,0.0691313,0.988195,0.721015,0.292051,0.447773,0.631839,0.0518879,0.0599164,0.166203,1.72875,1.63339
17.879365079,0,0.00255413,0.5313,1.69805,0.0819413,0.272085,1.19017,0.0363327,0.0723178,0.169052,1.12598,2.57997
17.925804989,0.306487,0.215397,0.013634,1.49916,0.304615,0.366499,0.628432,0.373886,0.00830899,0.457214,0.0701178,2.95685
17.972244898,1.02525,0.246866,0.0148955,1.23749,0.635116,0.604935,0.433086,0.544938,0.02941,0.477573,0.0466857,2.13606
18.018684807,1.03252,0.33001,0.14576,1.09333,0.924059,0.616252,0.787055,0.853209,0.0605053,0.304337,0,2.06015
18.065124717,0.787819,0.359586,0.0754524,1.06453,0.841747,0.54753,1.00831,1.11838,0.0314666,0.29795,0,2.39566
18.111564626,0.435218,0.165456,0.0256091,1.08354,0.516594,0.552879,1.11926,1.18107,0.0298989,0.592823,0.00031845,2.74366
18.158004535,0.00954462,0.0925475,0.0809077,0.795217,0.115485,0.852048,1.24158,1.31195,0.22912,0.696471,0.0018408,2.97764
18.204444444,0.0604351,0.172858,1.20759,0.629805,0.27366,0.92149,1.0819,1.20777,0.349679,0.404433,0.186618,3.05522
18.250884354,0.228638,0.093501,1.42625,0.442289,0.425406,0.92556,0.9812,1.17033,0.00323655,0.333307,0.309597,2.82691
18.297324263,0.193317,0.131131,1.52752,0.323865,0.302128,0.717551,1.23083,0.662569,0.00607544,0.27042,0.315102,2.51472
18.343764172,0.190661,0.168214,0.942834,1.16321,0,0.530216,1.76336,0,0.00798421,0.381984,0.403148,3.04303
18.390204082,0.107711,0.117393,0.0602927,2.27782,0.0114787,0.400503,2.25617,0.0410197,0.01242,0.425932,0.132634,2.99337
18.436643991,0.000623734,0.00300615,0.0351863,2.59754,0.0589306,0.152749,2.45791,0.0646992,0.0178641,0.379853,0.271585,2.51388
18.483083900,0.11242,0.00468315,0.00181169,2.57103,0.0991582,0.111695,2.42449,0.0655103,0.121766,0.441461,0.299256,2.18852
18.529523810,0,0.00467057,0.00356397,2.46154,0.109838,0.0813769,2.17104,0.0981526,0.0713696,0.733474,0.489936,2.07415
18.575963719,0.27898,0.00329064,0.0530029,2.51287,0.114605,0.185507,1.99786,0.0522112,0.0297039,0.793799,0.600348,2.1852
18.622403628,0.591015,0.00296345,0.259164,1.91202,0.113879,0.202556,1.90117,0.0534316,0.103141,0.44842,0.124674,2.89622
18.668843537,0.614045,0.046203,0.321461,1.47006,0.217329,0.168346,1.70581,0.351179,0.106749,0.377208,0.139736,3.01566
18.715283447,0.844474,0.0672778,0.346732,1.05414,0.163591,0.243155,1.31109,0.939185,0.186245,0.312985,0.166024,2.89512
18.761723356,0.804521,0.0128704,0.208619,0.803461,0.635528,0.371255,1.03267,1.54428,0.154811,0.145649,0.140107,2.1453
18.808163265,0.504122,0.279435,0.562248,0.0868176,1.44274,0.240864,0.458306,1.54626,0.399737,0.292048,0.509206,1.83993
18.854603175,0.219873,0.331003,0.906116,0.158326,2.17924,0.14854,0.243959,0.898394,0.777809,0.340593,0.599947,1.94237
18.901043084,0.0115849,0.152794,0.888284,0.159043,2.61412,0.0371208,0.189994,0.0700058,1.53819,0.377322,0.262562,2.46439
18.947482993,0,0.0233134,0.754289,0.336642,2.61123,0.0284831,0.504029,0.0210483,1.78884,0.321238,0.0375923,2.7712
18.993922902,0.0673403,0.00304043,0.709492,0.469174,2.25904,0.0127657,0.545919,0,2.19105,0.321183,0.0412306,2.97856
19.040362812,0.11405,0.00298834,0.629354,0.379387,2.01976,0.0677487,0.576091,0,2.21545,0.357359,0.348117,3.04855
19.086802721,0.128904,0.035947,0.655988,0.318433,1.97003,0.153659,0.608398,0.152444,2.0513,0.309238,0.35269,2.91771
19.133242630,0.165319,0.0903802,0.845282,0.646628,1.73312,0.165721,0.757854,0.149352,1.51634,0.209815,0,2.80838
19.179682540,0.235584,0.0472286,0.874293,0.687734,1.54061,0.115161,0.449537,0.0198081,1.68909,0.268106,0,3.02268
19.226122449,0.0574343,0.0190488,0.730408,0.837019,1.56193,0.0118309,0.337839,0.0619415,1.97674,0.302562,0,3.28275
19.272562358,0.0519317,0.00102967,0.551884,1.53135,0.873679,0.121999,0.29709,1.09434,1.48635,0.35788,0,3.47881
19.319002268,0.573563,0.00209204,0.423589,1.95285,0.75603,0.0352801,0.204582,1.35683,0.445754,0.448265,0,3.1535
19.365442177,1.18292,0.00228697,0.513494,1.77349,1.00919,0.106243,0.247749,1.33574,0.354828,0.317059,0,2.39773
19.411882086,1.56792,0.152099,0.863761,0.395025,0.825877,0.270003,0.316407,1.20961,0.298428,0.25306,0.023971,1.83924
19.458321995,1.19363,0.204946,1.35351,0.155038,0.912064,0.353755,0.180525,1.46236,0.262157,0.132627,0.591889,1.54439
19.504761905,0.185707,0.212072,0.74878,0.317564,1.86104,0.24464,0.0271793,1.97257,0.176514,0.285113,1.03047,0.982154
19.551201814,0,0.493261,0.186479,0.598078,2.1043,0.0603497,0.0656867,1.63561,0.358179,1.30914,0.736733,0.669939
19.597641723,0.00647257,0.7699,0.0395091,0.637016,2.03313,0,0.284433,1.18882,0.212367,2.25701,0.216917,0.521874
19.644081633,0.0184003,0.963472,0.00352804,0.613139,2.07104,0,0.401313,0.627449,0.303993,2.53903,0.253074,0.471697
19.690521542,0.166642,1.13183,0.00412936,0.3438,2.03765,0,0.13311,0.214455,0.503287,2.52508,0.28497,0.499121
19.736961451,0.174444,1.08281,0.0385577,0.0544961,1.99744,0,0.0258115,0.185253,0.580904,2.41039,0.386522,0.603973
19.783401361,0.0666187,0.948171,0.209186,0.0466274,2.04457,0,0.199501,0.432856,0.582149,2.03396,0.414198,0.576628
19.829841270,0,0.826075,0.204676,0.0247553,1.59403,0.0182858,0.223225,0.820403,0.500368,1.55959,0.447678,0.95597
19.876281179,0,0.335775,0.632212,0.383839,1.35302,0.0484325,0.424852,1.04498,0.5972,1.13805,0.287376,1.77483
19.922721088,0.7683,0.288418,0.691506,1.33578,0.83872,0.259482,0.600291,0.912972,0.222698,0.730458,0.125962,1.79804
19.969160998,0.774587,0.407618,0.553555,1.42439,0.892468,0.383517,0.926209,0.400967,0.141887,1.04565,0.0674232,1.4922
20.015600907,0.497876,0.151305,0.636379,1.04145,0.839938,0.411789,1.13357,0.0544765,1.11118,0.820755,0.194362,1.91442
20.062040816,0.321602,0.0658971,0.829024,0.728521,1.15519,0.152888,0.822365,0.162133,1.49947,0.449374,0.21098,2.43934
20.108480726,0.134414,0.0917845,0.7707,0.389834,2.42102,0.138442,0.461281,0.273152,1.50466,0.31678,0.0269308,2.68482
20.154920635,0.0694519,0.0927506,0.467278,0.277599,2.87871,0.284041,0.503457,0.425993,1.4166,0.217628,0.068144,2.80192
20.201360544,0.00032267,0.0476416,0.460606,0.260482,2.50567,0.242971,0.654676,0.0045379,1.61888,0.267137,0.146387,2.9601
20.247800454,0.0616921,0,0.196416,0.322644,1.79252,0.0586438,1.31482,0,1.28021,0.41691,0.120961,3.07027
20.294240363,0.065378,0.00189447,0.00422052,1.63566,0.435709,0.0038503,2.17805,0,1.03488,0.359455,0.0858641,3.23141
20.340680272,0.124327,0.00146908,0.140727,2.51597,0.0715063,0.163265,2.23862,0,0.123677,0.37662,0.100207,3.19615
20.387120181,0.125837,0.00148565,0.141512,2.44498,0.0138424,0.205652,2.40724,0.000853093,0.0735937,0.610238,0.236357,2.99967
20.433560091,0.0879827,0.0156682,0.198031,2.14007,0,0.225906,2.58751,0.0009851,0.0608379,0.587686,0.176651,3.03187
20.480000000,0.00959509,0.109514,0.259314,1.82656,0,0.43636,2.52157,0.130551,0.0682481,0.303724,0.000751757,3.49732
20.526439909,0.405983,0.155261,0.246154,1.35551,0,0.512807,2.45428,0.0331382,0.0679725,0.259124,0.000579648,3.55533
20.572879819,1.0555,0.0263848,0.179512,1.49695,0.111891,0.609107,2.17748,0.036257,0.17207,0.496003,0,2.75955
20.619319728,1.68674,0.00282032,0.0716225,1.53135,0.131583,0.516915,1.81077,0.760865,0.187791,0.586309,0.0806301,1.74849
20.665759637,2.257,0.00172244,0.205959,1.48443,0.146437,0.325893,1.26159,1.37252,0.209365,0.435046,0.0710666,0.919547
20.712199546,2.46776,0.00121243,0.122261,0.906357,0.146112,0.588514,0.730424,1.80449,0.183812,0.28294,0.377244,0.566621
20.758639456,2.1263,0.00209797,0.544066,0.398681,0.502632,1.00201,0.250665,2.29787,0,0.324024,0.904452,0.482249
20.805079365,2.08262,0.0130655,0.493124,0.44842,1.23412,0.997185,0.0255237,2.42495,0.0281048,0.445822,1.3737,0.366094
20.851519274,1.29843,0.173707,0.830203,0.195014,1.21951,1.32994,0.218524,2.56116,0.0401648,0.324438,1.61821,0.749782
20.897959184,0.820821,0.261166,0.759548,0.162722,0.914825,1.35322,0.410044,2.34894,0.110506,0.14267,1.70826,1.14752
20.944399093,0.725664,0.217728,0.42167,0.357335,0.593013,1.33605,0.364586,1.91088,0.220877,0.161379,1.72374,1.01479
20.990839002,0.726368,0.175182,0.198022,0.402643,0.184763,1.56536,0.356889,1.35078,0.432691,0.221089,1.81353,0.754453
21.037278912,0.450197,0.128126,0.15116,0.139208,0.0868207,1.27766,0.411487,0.248664,0.589607,0.369974,1.60409,0.562518
21.083718821,0.0105837,0.479532,0.83088,0.124255,0.290835,0.893315,1.81537,0.0611152,0.330955,0.255844,1.41208,0.920595
21.130158730,0,0.596177,1.20264,0.264815,0.0421408,0.835352,2.11789,0.0159209,0.072953,0.195949,1.36155,0.684083
21.176598639,0,0.98247,0.531395,0.75719,0.160379,0.551066,2.1594,0.0589642,0.115244,0,0.927904,0.0548092
21.223038549,0,1.68039,0.0918338,0.743226,0.181356,0.397855,2.10742,0.308108,0.194045,0,0.829476,0.382188
21.269478458,0,1.81324,0.149989,0.448462,0.12676,0.513516,2.04315,0.266365,0.291132,0,0.831959,0.592755
21.315918367,0,1.69944,0.153046,0.0328581,0.0980548,0.472926,2.31811,0.101431,0.29064,0.0246017,1.04414,0.718904
21.362358277,0,1.3517,0.211753,0.0186829,0.342644,0.166303,2.76517,0.0519433,0.107807,0.0636609,1.24366,0.674849
21.408798186,0,1.25258,0.498231,0.0482513,0.38608,0.176795,2.60803,0.0531602,0.0545243,0.186557,1.12512,0.596796
21.455238095,0,0.775577,0.499887,0.57123,0.136434,0.0945589,2.71022,0.0193646,0.0448188,0.141183,0.742904,0.395352
21.501678005,0,0.810516,0.306394,0.571558,0.165227,0.00699148,2.76088,0.218832,0.0321287,0.00996997,0.609273,0.697798
21.548117914,0,1.26034,0.167063,0.316955,0.1729,0.0516768,2.54452,0.475659,0.0603317,0,0.830209,1.00428
21.594557823,0,1.49254,0.138411,0.306644,0.198686,0.0478918,2.51491,0.528888,0.083876,0,0.761711,1.015
21.640997732,0,1.56868,0.127846,0.103819,0.381522,0,2.48977,0.517772,0.0973965,0.0110367,0.916996,0.945977
21.687437642,0,1.23414,0.140943,0.00405757,0.743622,0.0022027,2.82565,0.490219,0.0845914,0.0415805,0.910049,0.884341
21.733877551,0,0.875887,0.119843,0.0596846,0.601536,0.00438357,2.28185,0.672377,0.173459,0.131258,0.875988,0.39821
21.780317460,0.114028,0.849056,0.122513,0.635756,0.167667,0,2.15315,0.641169,0.231819,0.229479,0.667634,0.131391
21.826757370,0.080094,0.873162,0.112223,0.700196,0.0488225,0.0189519,2.35784,0.472033,0.0476697,0.000615587,1.06577,0.896284
21.873197279,0,1.31618,0.159481,0.274006,0.0310902,0.695763,1.93061,0.20269,0.246235,0.00199334,1.59424,0.91244
21.919637188,0,1.61831,0.11243,0.106583,0.0324198,1.04728,1.36392,0.0541515,0.21681,0,1.60649,0.870068
21.966077098,0.04029,1.53357,0.0966022,0.0136091,0.205783,1.09236,1.34678,0.0581754,0.499725,0.401684,1.38984,0.503953
22.012517007,0.191698,0.333984,0.0871101,0.38772,0.361383,0.917908,0.702687,0.03441,1.4508,1.01709,0.834411,0.468146
22.058956916,0.218737,0.00398359,0.0634566,0.570693,0.297149,0.0647972,0.711321,0.0224346,2.00409,1.07609,0.619794,0.385756
22.105396825,0.209125,0.00300226,0.164089,0.926871,0,0.0329451,0.59802,0,2.5554,0.911339,0.354964,0.085331
22.151836735,0.198529,0.147028,0.257417,0.834809,0.0506577,0.297105,0.237435,0.221356,3.21628,0.214588,0.600958,0.00800698
22.198276644,0.101129,0.366557,0.335149,0.796194,0,0.756146,0.169059,0.235421,3.46969,0,0.705639,0.343209
22.244716553,0.125598,0.344457,0.444246,0.655449,0.182394,0.620167,0.311482,0.136406,3.25647,0.000745436,0.784349,0.431402
22.291156463,0.163934,0.207319,0.386799,0.747049,0.390244,0.249459,0.591898,0.346343,2.74119,0.00553903,0.923246,0.34066
22.337596372,0.0530577,0.42644,0.144353,0.570776,0.603202,0.260598,0.976109,0.856084,1.60854,0.0379165,0.971729,0.375886
22.384036281,0.585837,0.963319,0.119275,0.331763,0.292024,0.287118,1.80355,0.625036,0.394358,0.135871,0.906272,0.163486
22.430476190,0.645143,0.843825,0.0748464,0.576861,0.19017,0.142291,2.69345,0.369138,0.0288686,0.234035,0.694214,0.078912
22.476916100,0.0283213,0.74251,0.12256,0.362817,0.100343,0.0248368,2.92029,0.36523,0.379655,0,1.07082,0.409712
22.523356009,0,1.05652,0.23838,0.0168415,0.0583972,0.174929,2.98384,0.265698,0.205207,0,1.42635,0.384834
22.569795918,0,1.08881,0.170623,0.0208258,0.144471,0.496014,2.70374,0.0618586,0.161532,0,1.49127,0.327301
22.616235828,0,0.967004,0.103552,0.0143065,0.293616,0.449255,2.85147,0.0496201,0.158098,0.0170333,1.46268,0.391119
22.662675737,0.0676348,0.744104,0.099754,0.015228,0.326424,0.00549558,3.17162,0.0304399,0.164644,0.0718498,1.31964,0.517289
22.709115646,0.15107,0.607875,0.0935598,0.124042,0.0849914,0.00443835,3.36998,0.0256631,0.0397375,0.140291,0.959349,0.579031
22.755555556,0.130053,0.531114,0.08694,0.495122,0.494222,0.0395313,3.43261,0.0163493,0.031782,0.126228,0.824873,0.964836
22.801995465,0.0830589,0.921945,0.107052,1.04176,1.21253,0.229707,1.58968,0.270803,0.28167,0.124261,0.967813,1.02419
22.848435374,0,0.859191,0.16879,0.839604,1.53562,0.412474,0.199384,0.566454,0.821781,0,1.15161,0.726774
22.894875283,0,0.652078,0.121509,0.942935,1.15323,0.315531,0.292741,0.26288,1.05933,0,1.49491,0.665785
22.941315193,0,0.43425,0.211519,1.71345,0.717797,0.0733989,0.346592,0.230182,1.08423,0.00912987,1.63251,0.574807
22.987755102,0,0.269214,0.588175,2.38976,0.0108895,0.0366051,0.630698,0.206637,1.02641,0.0501359,1.5283,0.527823
23.034195011,0,0.231669,0.704915,3.00754,0,0,0.88238,0.218594,0.160592,0.12025,1.47225,0.384269
23.080634921,0.53972,0.232019,0.626908,2.97236,0.00329696,0.294462,0.84681,0.213851,0.137694,0.153165,1.26661,0.202386
23.127074830,1.62061,0.278918,0.00902604,1.95736,0,0.975781,0.787564,0.32701,0.183498,1.03923,0.243491,0.355848
23.173514739,1.14204,0.816509,0.0970593,1.72543,0.0547484,0.963213,0.986888,0.685031,0.144877,0.925207,0.156752,0.356519
23.219954649,0.807281,1.16868,0.205052,1.80985,0.0962071,0.657527,1.34203,0.840734,0.0999201,0.764265,0.249524,0.180666
23.266394558,0.764692,1.13682,0.00254359,1.90755,0.0931198,0.503542,1.29469,0.976069,0.0373313,0.624907,0.414829,0.182098
23.312834467,0.635899,0.903269,0.0867326,1.50103,0.0702831,0.565001,1.18078,1.24075,0.0600223,0.675542,0.469381,0.253774
23.359274376,1.10937,0.846056,0.279569,0.682308,0.967985,0.029484,1.23606,1.49052,0.00128499,0.959193,0.78815,0.419482
23.405714286,1.20724,0.851021,0.0664017,0.740502,0.942144,0.0311772,0.909785,1.92067,0,1.02695,0.990315,0.241965
23.452154195,1.18031,0.752481,0.0216434,1.01544,0.51829,0.0933652,1.19312,1.71391,0,0.773624,0.725665,0.23401
23.498594104,0.620876,0.67261,0.00348144,1.27324,0.234394,0.411936,1.53094,1.33003,0,1.21755,0.406694,0.680806
23.545034014,0.0766072,0.621087,0.00406521,1.61788,0.142701,0.429578,1.96702,0.432561,0,1.85222,0.239608,1.5021
23.591473923,0.0300234,0.266767,0.00437936,1.72303,0.190185,0.184088,1.87334,0.00933556,0.039157,1.83858,0.241713,1.96489
23.637913832,0.0491896,0.0403095,0.138716,1.64281,0.21202,0.0235898,1.86201,0.0058231,0.0949761,1.44817,0.233694,2.03217
23.684353741,0.0880065,0.116372,0.282952,1.61654,0.121324,0.0234024,2.01214,0,0.235211,0.931491,0.566219,2.06202
23.730793651,0.197732,0.166881,0.302454,1.67712,0.0512863,0.00603461,2.49206,0.0164007,0.144185,0.902799,0.482877,2.27201
23.777233560,0.637197,0.07958,0.502646,1.67297,0,0.0324613,2.26909,0.0989352,0.147273,0.678017,0.129852,2.42827
23.823673469,0.809226,0.319012,0.569425,1.03441,0,0.123111,1.79828,0.373647,0.327882,0.355408,0.00253866,2.37274
23.870113379,0.865596,0.358849,0.286574,0.907552,0.283563,0.184328,0.956418,1.28289,0.195289,0.292665,0.011676,1.81863
23.916553288,0.685011,0.157828,0.133295,0.843303,0.620319,0.253717,0.773008,2.4008,0.19374,0.406643,0.00127051,1.12374
23.962993197,0.452585,0.210328,0.289256,0.320124,0.734219,0.343789,0.687647,2.47249,0.0941728,0.634085,0.00133617,1.0324
24.009433107,0.532776,0.277996,0.341367,0.168192,1.65332,0.332512,0.728978,1.37966,1.40344,0.527093,0.00270191,1.26302
24.055873016,0.280102,0.196325,0.618048,0.159623,2.31282,0.332196,0.606535,0.0846124,2.27574,0.301346,0.00345847,1.81367
24.102312925,0.0462145,0.00260416,0.894846,0.211789,2.31289,0.221204,0.60858,0.0194552,2.43903,0.333762,0.0180733,2.18773
24.148752834,0.0322684,0.00274161,0.795873,0.484331,2.42714,0.0661988,0.793934,0.00393613,2.36027,0.332453,0.0308267,2.07752
24.195192744,0,0.00233382,0.57507,0.352742,2.36865,0.0032904,1.13269,0.000708467,2.15738,0.387875,0.0382674,2.28114
24.241632653,0.000882723,0.000352649,0.389348,0.448116,2.07899,0.0130897,1.1527,0.000708851,1.81771,0.341306,0.013699,2.56846
24.288072562,0,0.00392029,0.444037,0.498587,1.72416,0.129458,1.04532,0.0367867,1.46783,0.178521,0,2.75762
24.334512472,0.0173407,0.164494,0.508296,0.690706,1.64077,0.175799,1.15426,0.194311,0.879259,0.0935072,0.0524657,2.34406
24.380952381,0.0243596,0.0658499,0.554713,1.09174,1.65025,0.00139262,1.32501,0.264293,0.476724,0.0875866,0.195206,2.2124
24.427392290,0.390667,0.00292644,0.607095,1.42088,1.02453,0.449153,1.43742,0.401434,0.136092,0.101709,0.205861,2.29252
24.473832200,0.988117,0.00194173,0.668913,1.37694,0.651381,0.643385,1.47707,0.623109,0.0669354,0.184873,0.130153,1.52347
24.520272109,0.977292,0.00166591,0.742065,1.08442,0.54418,0.423147,1.44027,1.13513,0.160928,0.424108,0.140787,1.29445
24.566712018,0.362349,0.00041263,0.808202,0.348653,0.368765,0.404465,1.20917,1.4874,0.514064,0.544021,0.332363,1.71592
24.613151927,0.0524634,0,0.944056,0.00849271,1.06544,0.686987,0.938035,1.47566,0.69753,0.450502,0.938564,1.78214
24.659591837,0.0452972,0.0496625,0.62438,0.142491,1.59199,0.430451,0.546317,1.80989,0.691667,0.376357,1.21065,1.28717
24.706031746,0.137004,0.119442,0.143765,0.399203,1.99924,0.0182988,0.21936,1.8877,0.809172,0.732726,0.926269,1.13253
24.752471655,0.0361255,0.819528,0.0438108,0.508429,1.96538,0.0021773,0.122983,1.88503,0.441742,1.21689,0.469429,1.09965
24.798911565,0,1.26875,0.151974,0.568833,1.74962,0.0592161,0.128313,1.80139,0.2447,1.47895,0.271911,0.938731
24.845351474,0.00533399,1.59424,0.194375,0.651419,1.78452,0,0.101531,1.69857,0.145874,1.58997,0.252184,0.674557
24.891791383,0.0779375,1.69633,0.0790758,0.664509,1.56178,0.011455,0.481478,1.72599,0.103197,1.48763,0.103812,0.536811
24.938231293,0.00773817,1.65247,0.251827,0.98124,1.26046,0.0525458,0.803249,1.90694,0.202718,0.880188,0.396346,0.514172
24.984671202,0,1.27377,0.200875,1.11723,1.42237,0.108978,0.840945,2.07598,0.162332,0.362758,0.498563,0.98517
25.031111111,0.808926,0.560405,0.151652,1.69688,0.909782,0.16976,0.549591,1.90271,0.0691316,0.730897,0.035821,1.21931
25.077551020,1.54231,0.390189,0.145408,1.88083,0.106852,0.0732017,0.258607,1.0533,0.313342,0.903188,0.109953,1.64749
25.123990930,1.45829,0.348095,0.0587369,1.69502,0.0973562,0.201146,0.786667,0.31508,0.702287,0.727112,0.258149,1.47153
25.170430839,1.12351,0.139994,0.0198901,1.52724,0.512447,0.31348,1.30676,0.330386,0.774528,0.507243,0.413629,1.4685
25.216870748,0.63748,0.11797,0.014587,1.1238,1.15001,0.315357,1.3181,0.783289,0.949772,0.368862,0.259486,1.94753
25.263310658,0.39784,0.0855942,0.163117,0.594194,2.34306,0.168323,1.00449,0.903413,0.940278,0.290484,0.187579,2.32505
25.309750567,0.489039,0.0824805,0.40216,0.53709,2.74391,0.00986752,0.822265,0.280016,1.30866,0.595339,0.0454442,2.43746
25.356190476,0.274079,0.0622769,0.369779,0.4451,2.82273,0.0119161,0.841734,0.0695768,1.60691,0.399092,0.050706,2.55749
25.402630385,0.375266,0.163489,0.077791,0.455055,2.89393,0.0770071,0.876672,0.176117,1.23089,0.337481,0.0538858,2.44853
25.449070295,0.190806,0.28608,0.0376217,1.10426,2.50062,0.419009,1.02923,0.307896,0.688921,0.381732,0.000425209,2.51624
25.495510204,0.0199565,0.482187,0.11589,1.79396,1.22677,0.670583,1.47213,0.0395288,0.493212,0.344074,0.0101633,3.11487
25.541950113,0.0342149,0.175665,0.153225,2.45666,0.0956222,0.321898,2.03454,0.0112003,0.123297,0.299923,0.106019,3.39887
25.588390023,0.0289631,0.3636,0.127631,2.54962,0,0.145694,2.00694,0.0409612,0.0883599,0.532,0.13797,3.33062
25.634829932,0,0.642626,0.171523,2.37621,0.0385026,0.211268,2.04574,0.0918558,0.110332,0.739737,0.125676,3.01806
25.681269841,0,0.729715,0.0940217,2.31909,0.0948867,0.166058,2.10658,0.19458,0.139787,0.826009,0.255134,2.37162
25.727709751,0.20923,0.832593,0.04889,1.6198,0.0794832,0.543876,1.52908,0.829591,0.145713,0.923553,0.313775,1.61252
25.774149660,1.06248,0.742227,0.0199288,0.484788,0.340901,0.654479,0.539801,1.34837,0.26027,0.778355,0.179584,1.28102
25.820589569,1.16497,0.579161,0.00669553,0.380604,0.575957,0.447808,0.407662,1.52451,0.324188,0.706936,0.204512,1.04369
25.867029478,0.850038,0.444743,0.00680395,0.120566,1.02497,0.129492,0.378669,1.68294,0.090335,0.979475,0.275686,0.780855
25.913469388,0.423853,0.631702,0.0040197,0.250182,1.19339,0.0112991,0.385224,1.79565,0.0145805,1.72824,0.354855,0.545956
25.959909297,0.185415,0.68073,0.0107015,0.47378,1.4696,0,0.413844,1.71772,0.00881114,2.04789,0.312717,0.989525
26.006349206,0.172268,0.676253,0,0.828505,1.51469,0.0276885,0.327709,1.5579,0.00345542,2.04432,0.151799,1.51827
26.052789116,0,0.759097,0.117687,0.902763,1.61131,0.335976,0.22264,1.01273,0.00203362,1.31848,0.431778,1.99385
26.099229025,0,0.766615,0.232285,0.774495,1.28941,0.686956,0.135886,1.17444,0.0599955,1.08296,0.60512,2.14244
26.145668934,0,0.687711,0.208924,0.528092,0.554539,0.793108,0.0210214,1.55361,0.216353,0.82492,0.669585,1.85268
26.192108844,0,0.157351,1.09583,0.942222,0,0.64682,0.110582,0.569665,0.314684,0.392098,1.5905,0.880272
26.238548753,0,0.00194017,1.19691,1.63815,0.0895514,0.139094,0.215159,0.129747,0.374137,0.337724,1.56333,0.629267
26.284988662,0,0.00168855,1.27685,2.17901,0,0.151349,0.760589,0.0306977,0.0857678,0.303716,1.33325,0.340003
26.331428571,0.0628295,0.0100624,0.854518,2.21429,0.083538,0.0485502,0.397377,0.248155,0.535066,0.13266,1.31188,0.0773255
26.377868481,0.0186203,0.358505,0.419494,1.92646,0.248403,0.239052,0.243821,0.376644,0.568045,0.0232854,1.44877,0.137201
26.424308390,0,0.33282,0.149188,1.27511,0.55231,0.536697,0.354759,0.460699,0.70241,0.0104562,1.70275,0.554266
26.470748299,0,0.19323,0.147684,1.58132,0.462561,0.528046,0.406761,0.551864,0.62933,0.0247026,1.85436,0.669443
26.517188209,0,0.0363904,0.165591,1.78241,0.42617,0.295218,0.406425,0.623503,0.433511,0.0557524,1.91076,0.586357
26.563628118,0,0.00240128,0.925006,2.097,0.370953,0.0287778,0.596675,0.463505,0.068257,0.124545,1.67511,0.423044
26.610068027,0.0133748,0.00231317,1.6914,1.83055,0.00235441,0,0.849106,0.40146,0.0375291,0.220559,1.27577,0.243125
26.656507937,0.00893506,0.443485,2.01824,1.01487,0.326559,0,0.659232,0.219448,0.495787,0.49807,0.878448,0.0770078
26.702947846,0,1.02739,0.278095,1.29419,0.256224,0.557041,0.167751,0.887692,0.816135,0.42188,1.11481,0.291433
26.749387755,0,0.661206,0.196036,2.02132,0.121862,0.494844,0.337536,0.890642,0.793677,0.0110514,1.45993,0.273769
26.795827664,0,0.207602,0.13567,2.49513,0.0747472,0.237636,0.695356,0.734,0.781704,0.0103089,1.59135,0.283642
26.842267574,0.00228508,0.0207212,0.139658,2.79351,0.157752,0.0026032,0.724802,0.695625,0.471126,0.0409258,1.73733,0.364956
26.888707483,0.0101852,0.0125322,0.148697,3.2973,0,0.00479743,0.7209,0.686175,0.0146478,0.126848,1.72902,0.367678
26.935147392,0.00795262,0.0135071,0.167882,3.94259,0,0,0.565481,0.651376,0.00768312,0.136913,1.36462,0.113653
26.981587302,0.0591668,0.0354665,0.0615262,3.91958,0.0234626,0.0963194,0.323698,0.739962,0.0156461,0.00155222,1.46167,0.175698
27.028027211,0.0073378,0.211247,0.151978,3.59393,0,0.26119,0.210983,0.875536,0.111517,0.000745,1.58954,0.265345
27.074467120,0.0110297,0.26966,0.150003,3.49115,0,0.414826,0.304228,0.42892,0.104503,0.000595593,1.59317,0.449985
27.120907029,0.00931233,0.145249,0.146586,3.463,0,0.279568,0.503407,0.193676,0.249358,0.0025735,1.72224,0.516687
27.167346939,0,0.0172996,0.313771,3.14443,0.595089,0.0755191,0.599828,0.156183,0.534091,0.0238115,1.82758,0.689337
27.213786848,0,0.00772577,0.530303,2.05318,2.13428,0.0717191,0.494127,0.0676459,0.453581,0.0991723,1.00706,1.33787
27.260226757,0.0420652,0.0129549,0.317233,0.890912,2.88784,0.0492569,0.225596,0.0468029,0.326556,0.142072,0.49081,1.31564
27.306666667,0,0.012934,0.09758,0.811366,3.28222,0.210302,0.291904,0.0590376,0.225913,0.00351519,0.820892,1.35763
27.353106576,0.0269396,0.240298,0.122258,0.469264,2.84418,0.224656,0.21248,0.259894,0.500996,0.0370519,1.01429,1.42631
27.399546485,0.0165795,0.270429,0.134998,0.414234,2.25157,0.37692,0.381163,0.194942,0.566473,0.0164737,1.10211,1.42081
27.445986395,0,0.181802,0.147992,0.24598,2.11939,0.235755,0.55435,0.0747802,0.701838,0.0121364,1.22024,1.59591
27.492426304,0,0.0367732,0.218317,0.162089,2.30227,0.0923999,0.500127,0.274157,0.778739,0.0508505,1.26011,1.63096
27.538866213,0,0.0210475,0.317173,0.166945,2.49492,0.0155553,0.588702,0.340263,0.327262,0.128796,1.04028,0.763496
27.585306122,0.0428118,0.0431464,0.329682,0.364285,2.93233,0.000230213,0.308344,0.347052,0.198888,0.124067,0.583936,0.283746
27.631746032,0.247854,0.0897881,0.133688,0.781378,2.86096,0,0.437134,0.60602,0.568515,0.00384702,0.891996,0.136993
27.678185941,0.0228554,0.448636,0.166952,0.808465,2.26146,0.210814,0.124851,0.749129,0.771688,0.00723666,1.25688,0.571841
27.724625850,0,0.55571,0.939963,0.767821,1.05549,0.351368,0.263324,0.627429,0.839914,0.007128,1.47793,0.605126
27.771065760,0,0.463067,0.601933,0.685836,0.638317,0.292137,0.453501,0.591628,0.927168,0.00587951,1.89744,0.581263
27.817505669,0,0.251691,0.162574,1.51814,0.381942,0.0408686,0.497364,0.603933,0.717701,0.040747,1.74055,0.473121
27.863945578,0,0.220254,0.249578,2.30011,0.242739,0,0.556654,0.580522,0.23721,0.136105,1.34507,0.201087
27.910385488,0,0.198658,1.12591,1.98395,0.178188,0.179214,0.254779,0.610352,0,0.128739,1.36836,0.0427155
27.956825397,0.107293,0.0512568,1.26297,1.59458,0.144209,0.759706,0.276556,0.956312,0.228471,0.0503386,1.50257,0
28.003265306,0.245196,0.176004,1.70647,1.23288,0.149378,0.460276,0.297772,0.955328,0.244195,0.362227,1.3114,0
28.049705215,0.229605,0.271339,2.7917,0.187884,0.191238,0.672982,0.288567,0.626852,0.105378,0.747861,1.31141,0.0786757
28.096145125,0.122636,0.232764,2.85538,0.00651315,0.211505,0.971192,0.380352,0.430568,0.0739308,0.423597,2.17145,0.099426
28.142585034,0,0.0905543,2.50965,0.00415092,0.159747,0.75578,0.629577,0.180906,0.0995611,0.207492,2.95346,0.176492
28.189024943,0,0.00441356,1.46954,0.00645572,0.142613,0.724907,0.90324,0.0830164,0.032817,0.122361,3.12737,0.199637
28.235464853,0.778153,0.0555909,0.756224,0.934295,0.161005,0.678834,0.753568,0.0584158,0.0278936,0.160884,1.96768,0.0658906
28.281904762,2.16084,0.229348,0.132137,1.80064,0.166721,0.609274,0.212379,0.376903,0.0686378,0.822798,0.186394,0.476142
28.328344671,2.54391,0.138677,0.135588,1.69127,0.189538,0.352997,0.0365983,0.959382,0.0700736,0.74964,0.286167,0.445774
28.374784580,2.30768,0.240066,0.132329,1.35138,0.283698,0.516288,0.11077,1.41938,0.0643319,0.923032,0.180296,0.495372
28.421224490,1.99697,0.0447836,0.172444,1.0966,0.0952663,0.740011,0.545505,1.4607,0.0993929,1.08244,0.0633881,0.899355
28.467664399,1.39842,4.80538e-05,0.132802,0.548551,0.205819,0.936932,1.07258,1.57036,0.00421877,0.685443,0.00059966,1.64853
28.514104308,0.644488,0.00312157,0.140626,0,0.795466,0.905399,1.04793,1.5067,0.015991,0.194498,0.000949753,2.58582
28.560544218,0.696761,0.0473394,0.122022,0,1.15672,0.836344,1.17208,1.44262,0.0100984,0.128226,0.313772,2.6695
28.606984127,0.628904,0.215084,0.246393,0.181781,0.866572,0.799084,1.27484,1.41121,0.0233612,0.137379,0.00172225,2.77956
28.653424036,0.232288,0.251838,0.220482,0.293814,0.150586,0.462941,2.03546,0.648897,0.0422389,0.452387,0.001146,2.86841
28.699863946,0.118618,0.188037,0.165099,1.26812,0.0400047,0.460522,2.41812,0.261622,0.0337567,0.29427,0.00739351,3.16777
28.746303855,0.0318944,0.0029567,0.167012,2.29995,0.0667083,0.465409,2.13138,0.0406252,0.0422734,0.105871,0.159327,3.17346
28.792743764,0.0221373,0.00189332,0.160017,2.33093,0.0823089,0.247258,1.76792,0.0682329,0.261647,0.0641995,0.371805,2.94229
28.839183673,0,0.0010448,0.249143,1.94404,0.150986,0.195867,1.80428,0.220416,0.470674,0.0180197,0.47713,2.62686
28.885623583,0.282175,0.01509,0.262656,2.1653,0.0465281,0.0636128,1.91738,0.349398,0.446904,0.0986805,0.146103,2.83682
28.932063492,1.04214,0.0120979,0.208663,1.86643,0.0315594,0.0518723,1.74443,0.112261,0.213674,0.387861,0.107414,2.89999
28.978503401,1.28054,0.00354317,0.182292,1.78112,0.0179948,0.0277685,1.44436,0.429509,0.331101,0.5483,0.0843014,2.64911
29.024943311,1.58893,0.00255422,0.170126,1.76737,0.155183,0.0991289,1.36787,1.04228,0.246187,0.61208,0.00218574,1.71286
29.071383220,1.51187,0.163575,0.134251,1.50317,0.190696,0.278578,0.774273,1.37143,0.0507296,0.420876,0.0925643,1.05957
29.117823129,0.89719,0.179127,0.676108,0.505782,1.57208,0.250607,0.979568,0.953904,0.381339,0.835281,0.114316,0.770008
29.164263039,0.477955,0.139674,0.94524,0.199693,2.33383,0.215459,0.620115,0.372104,0.641831,1.05634,0.111757,1.53274
29.210702948,0.245261,0.00267018,0.816708,0.293847,2.50896,0.243774,0.3505,0.090777,1.28343,0.644861,0.00739142,2.18216
29.257142857,0.117392,0.00274567,0.694329,0.324449,2.79452,0.229391,0.191773,0.0981212,1.7677,0.28919,0.00285404,2.37546
29.303582766,0.0728631,0.0024266,0.720705,0.468421,3.10797,0.0975065,0.220178,0.0747638,1.98664,0.468775,0.00345056,2.39465
29.350022676,0.0999588,0.00238507,0.689742,0.171564,3.06469,0,0.332979,0.0280376,2.29889,0.652433,0.00415414,2.39889
29.396462585,0.14468,0.00158092,0.651174,0.0314378,3.11216,0.00810566,0.421741,0,2.40642,0.250627,0.0268743,2.25206
29.442902494,0.163652,0.0625077,0.623813,0.0602497,2.79931,0.0703258,0.617786,0.00394629,2.37963,0.287401,0.0504506,2.18427
29.489342404,0.343155,0.249788,0.793762,0.0730989,2.71452,0.130203,0.579499,0.00175861,2.39039,0.217695,0.0410639,2.14678
29.535782313,0.0393557,0.124299,0.725727,0.218855,2.76069,0.176507,0.632425,0.00552221,2.33492,0.211494,0.0202799,2.36753
29.582222222,0.284411,0.0018552,0.497846,1.12324,1.81365,0.175639,0.524189,0.0210471,1.34317,0.310888,0,2.50834
29.628662132,1.35544,0.00224331,0.224963,1.33228,1.05373,0.112594,0.888719,0.23186,0.603513,0.628716,0.226414,1.6063
29.675102041,1.87524,0.00284858,0.131648,1.47245,0.510644,0.172101,1.14206,0.202439,0.510066,0.776869,0.15447,1.07148
29.721541950,1.70265,0.00268429,0.0744956,1.23723,0.756318,0.419497,1.25129,0.879585,0.00497798,0.731851,0.0751078,1.16026
29.767981859,1.29822,0.134119,0.264442,0.438323,1.10438,0.601182,0.879021,1.34846,0.000370798,0.678553,0.200487,1.14089
29.814421769,1.01099,0.198224,0.518173,0.10953,1.41665,0.463438,0.540884,1.57077,0,0.41308,0.6184,0.971525
29.860861678,0.73425,0.304585,0.181337,0.390774,1.62839,0.218723,0.353321,1.66002,0.114678,0.417438,0.617232,1.07334
29.907301587,0.45321,0.255156,0.151512,0.70386,1.77917,0.0626021,0.412823,1.69072,0.235938,1.06908,0.455833,0.852188
29.953741497,0.0872605,0.391739,0.161814,0.992503,1.92598,0.085706,0.305118,1.60824,0.136474,1.71453,0.443135,0.63352
30.000181406,0.0070827,0.842301,0.133267,1.02618,1.87834,0.0685637,0.249422,1.29914,0.109749,2.0017,0.349099,0.863887
30.046621315,0,1.13529,0.0586234,0.953612,2.03341,0.00126282,0.196259,1.03542,0.204084,2.03403,0.277704,1.04443
30.093061224,0,1.3332,0.245123,0.6221,2.16078,0,0.0704317,1.20651,0.631299,1.70278,0.339841,1.03342
30.139501134,0,1.75275,0.267827,0.475048,2.07191,0,0.188017,1.26079,0.850462,1.24368,0.1834,1.00159
30.185941043,0.450393,2.45932,0.00936605,0.272641,1.37277,0,0.404482,1.16557,0.956732,0.889469,0.461222,1.24379
30.232380952,1.29458,1.49671,0.00766019,0.64438,0.930329,0.010055,0.612898,1.1254,0.791292,0.930475,0.129024,0.952462
30.278820862,1.53691,0.310071,0.00454665,0.944833,0.704036,0.0500877,0.671632,0.846199,0.706611,0.624543,0.188574,0.884521
30.325260771,1.40444,0.168022,0.00571033,0.679139,0.706219,0.0198782,0.839048,0.822484,1.04491,0.431417,0.165847,0.818382
30.371700680,0.803079,0.215612,0.00677553,0.338419,1.33137,0.0201509,0.921063,1.00913,1.15637,0.275781,0.180264,1.14552
30.418140590,0.234864,0.235542,0.343128,0.234599,1.92719,0.01965,0.824735,1.01017,1.32538,0.0167725,0.300375,1.89756
30.464580499,0.105803,0.219066,0.476868,0.112923,2.16964,0.0185333,0.909,0.634311,1.85591,2.13511e-05,0.550438,2.18033
30.511020408,0.000304922,0.176503,0.296322,0.208113,2.15003,0.0308659,1.08516,0.172257,2.00904,0.0105133,0.52587,2.46469
30.557460317,0.118876,0.218613,0.206505,0.646468,1.48409,0.036243,1.89755,0.0324943,1.3715,0,0.263029,2.8097
30.603900227,0.39705,0.241273,0.435618,1.22302,0.497195,0.0247499,2.44742,0.0417158,0.380125,0.884804,0.697932,2.34946
30.650340136,0.522635,0.0490468,0.26771,1.33357,0.0854663,0.262643,2.59017,0.069633,0.409894,1.18272,0.609927,1.48971
30.696780045,0.180675,0.000369617,0.221351,1.91716,0.0860263,0.228279,2.12115,0.0342967,0.154034,1.11299,0.420493,2.03924
30.743219955,0.100317,0.000498583,0.164759,2.07696,0.0541441,0.181848,1.7156,0.00437484,0.101463,0.864619,0.384456,2.89277
30.789659864,0.0178414,0.000140128,0.281318,2.13152,0.0491021,0.148791,1.89534,0,0.0948721,0.574074,0.442746,3.26269
30.836099773,0.195793,0.0166253,0.272469,1.54377,0.0223383,0.193168,2.00331,0,0.389494,0.64307,0.0877209,3.17059
30.882539683,0.705178,0.00176535,0.492307,0.889191,0.0399344,0.250702,1.83205,0.129495,0.598346,0.600809,0.391778,2.51575
30.928979592,1.13348,0.00215357,0.691703,0.492721,0.0786234,0.226909,1.8052,0.205031,0.461299,0.427951,0.596264,2.1551
30.975419501,1.4336,0.188132,0.844914,0.170285,0.0926403,0.498254,1.58718,0.573375,0.282995,0.493808,0.359963,1.29024
31.021859410,1.42415,0.107943,0.865287,0.0964503,0.168959,0.363094,1.3281,0.751514,0.0559498,0.778238,0.561566,0.632615
31.068299320,1.09538,0,0.228067,0.549014,0.335519,0.371896,1.08442,0.521816,0.0502546,0.819597,0.87092,0.815568
31.114739229,0.914697,0,0.171732,0.812479,0.346704,0.284805,1.11083,0.917801,0.0919976,0.426339,1.26463,1.12943
31.161179138,0.696734,0.0285548,0.136104,0.463219,0.123511,0.617749,1.39855,0.80739,0.0981769,0.159824,1.38955,2.17829
31.207619048,0.620797,0.139703,0.345883,0.145404,0.213188,0.407429,1.26874,0.778132,0.193773,0.129049,1.26317,2.50848
31.254058957,0.464908,0.300892,0.741061,0.302853,0.56221,0.225906,1.00327,0.586898,0.165867,0.170167,0.680058,2.60294
31.300498866,0.356658,0.271176,1.05697,0.443593,1.33941,0.236189,0.74339,0.366892,0.544455,0.195221,0.126464,2.81427
31.346938776,0.18076,0.0331111,0.803189,0.655301,1.72439,0.255112,0.886085,0,0.645814,0.837076,0.0398471,2.98244
31.393378685,0.759286,0.00827042,0.792374,0.551753,1.67885,0.0975807,1.07139,0.0129857,1.12801,0.803668,0.197466,2.59279
31.439818594,0.906836,0.0696337,0.486736,0.479151,1.80197,0.0158961,1.1098,0.00975427,1.39725,0.627988,0.30032,2.01175
31.486258503,0.464821,0.0895587,0.174248,1.182,1.96735,0.0108898,1.03483,0,1.66998,0.110239,0.185642,1.95605
31.532698413,0.222092,0.0429449,0.0896973,1.54194,1.90418,0.0129605,0.68883,0.521658,1.51079,0.0847624,0.0999143,1.65746
31.579138322,0.543376,0.0908558,0,1.67419,1.71745,0.153809,0.630103,0.471656,1.4822,0.0861506,0.0814693,1.26175
31.625578231,0.616186,0.05184,0.00394323,1.64775,1.39526,0.314311,0.567191,0.402334,1.39624,0.0180417,0.0777974,1.28282
31.672018141,0.486328,0.00148653,0.00102528,1.48344,1.12982,0.293058,0.385049,0.243889,2.02801,0.0197868,0.0996137,2.13289
31.718458050,0.119507,0.00182148,0.000472983,0.784107,2.02827,0.101179,0.393709,0.112352,2.36703,0.0140613,0.128317,2.27527
31.764897959,0,0.000268129,0.15732,0.612773,2.358,0.0886765,0.49498,0,2.53624,0.00480597,0.131933,2.1956
31.811337868,0.0172736,0.00205806,0.185713,0.437083,2.10451,0.00726239,0.644632,0.0175858,2.38656,0.0595377,0.546673,2.39167
31.857777778,0.0646727,0.0051364,0.350588,0.237107,2.13524,0,0.77579,0.0191013,2.53674,0.0774559,0.33897,2.36434
31.904217687,0.170823,0,0.506967,0.485083,2.07371,0.00265106,0.628206,0.038141,2.52243,0.0604938,0.0840357,1.65549
31.950657596,0.214495,0,0.616442,0.32492,2.08693,0.0115117,0.425963,0.0463221,2.76721,0.003426,0.00118635,1.45708
31.997097506,0.240737,0.000953815,0.30086,0.0733997,2.32339,0.0963977,0.187837,0.0253773,2.97303,0.000547018,0.130699,1.49547
32.043537415,0.208497,0.137929,0.455117,0.143625,1.94475,0.147071,0.081673,0.0040267,3.15051,0,0.359036,1.42061
32.089977324,0.097454,0.155962,0.551947,0.320049,2.22259,0.205807,0.086486,0,3.17616,0,0.48262,0.880298
32.136417234,0.0615063,0.12883,0.659515,0.467499,2.3206,0.199939,0.147529,0.0292409,3.20882,0.0206697,0.385701,1.39247
32.182857143,0.314792,0.0259079,0.890785,0.630746,2.17727,0.0110317,0.146459,0.0511321,2.99273,0.0438508,0.0644248,1.52687
32.229297052,0.42105,0.00274884,1.06077,0.900103,1.62063,0.00535104,0.430127,0.0511625,2.09585,0.308447,0,1.75467
32.275736961,0.479964,0.00277581,1.02991,1.01887,1.53566,0.0774111,1.00113,0.140967,1.07615,0.015787,0,1.96566
32.322176871,0.581803,0.000325953,0.746019,0.520422,1.82691,0.0151046,1.69343,0.00432476,1.10749,0.00317553,0.0873378,2.29242
32.368616780,0.201849,0.0481374,0.525718,0.27101,1.68491,0.0101268,2.10559,0.000300897,0.998483,0.0955114,0,2.8475
32.415056689,0,0.00987019,0.953392,0.0487226,1.61489,0.0194311,1.92918,0.0467847,0.990356,0.076121,0.183751,2.88953
32.461496599,0.0266585,0.000472684,0.991612,0.0459979,2.0322,0.100604,1.28789,0.0360973,2.09342,0.0761483,0.292451,2.21131
32.507936508,0.0752868,0.00152238,0.840414,0.181533,2.19788,0,1.12206,0.0300199,2.52713,0.0718034,0.07916,1.81391
32.554376417,0.0972757,0.00210975,0.33502,0.293044,2.45463,0.00179391,0.882099,0.0151588,2.72137,0.108758,0.427032,1.89072
32.600816327,0.088752,0.00213579,0.233524,0.232056,2.70672,0.00101851,0.764369,0,2.61799,0.0810261,0.0328032,2.09925
32.647256236,0,0.00178872,0.301593,0.0633239,2.42766,0.146615,1.11255,0.0443529,1.99326,0.0122242,0.129738,2.63152
32.693696145,0,0.170512,0.475301,0.150725,1.63866,0.262085,1.38162,0.415252,0.720863,0.0713333,0.201142,2.84796
32.740136054,0,0.306146,0.671236,0.16492,1.2979,0.303916,1.20209,0.949435,0.207135,0.0524075,0.178538,2.58734
32.786575964,0.00915485,0.0914458,1.15429,0.280276,1.7162,0.316498,0.788689,1.04589,0.711531,0.0327112,0.0954036,2.5025
32.833015873,0.506156,0.0025448,1.25112,0.468933,1.68909,0.130622,0.412534,0.117189,2.34258,0.0164012,0.00536496,2.10767
32.879455782,0.383148,0.00304556,1.10304,0.735723,0.842121,0.512079,0.313714,0.106514,2.69776,0.0101646,0,2.23448
32.925895692,0.379853,0.00284964,0.92474,0.952455,0.976905,0.423133,0.371658,0.134581,2.58555,0.00400407,0.213283,1.61397
32.972335601,0.347202,0.0069711,0.840948,0.896953,1.79392,0.109566,0.520162,0.16013,2.0695,0.155188,0.256319,0.594975
33.018775510,0.282359,0.00278062,0.558429,0.890752,2.62922,0.0103818,0.576954,0.0274561,1.78395,0.305663,0.250062,0.699502
33.065215420,0.116993,0.000894505,0.473178,0.633678,2.69804,0,0.611462,0.116971,1.7789,0.277886,0.265604,1.43357
33.111655329,0,0.00916011,0.169652,0.653663,2.39218,0.0167544,0.752379,0.561704,1.68887,0.165707,0.292775,1.73219
33.158095238,0.00182714,0.0732413,0.199876,0.674775,2.01625,0.00949186,0.828538,1.46378,0.413268,0.178041,0.171469,2.22885
33.204535147,0.0732236,0.0981247,0.365314,0.465667,1.91721,0.00926046,0.7748,1.53699,0.495307,0.155905,0,2.38606
33.250975057,0.134784,0.125436,0.274356,0.478257,1.79804,0.100947,0.482264,1.3999,0.671249,0.0618304,0.000361072,2.63959
33.297414966,0.0849134,0.243289,0.469579,0.417976,1.57011,0.128002,0.359451,0.786646,1.15607,0,0.000848678,2.75136
33.343854875,0.0961394,0.264138,0.705264,0.454124,1.56542,0.168931,0.588196,0.226717,1.48962,0,0.000327825,2.61575
33.390294785,0.0323709,0.241412,0.926141,0.491806,1.57297,0.261522,0.999029,0.00171582,1.9283,0,0,2.79971
33.436734694,0,0.0415439,0.949355,0.306239,1.64435,0.832802,0.938012,0.0427108,2.05039,0.0939705,0,2.39283
33.483174603,0.148267,0,0.616468,0.755551,0.888708,1.61894,0.723114,0.127313,1.3325,0.239307,0,2.15203
33.529614512,0.220695,0,0.384151,0.966852,0.748112,1.92755,0.502963,0.285249,0.736776,0.394923,0.027201,2.35853
33.576054422,0.136588,0,0.31488,0.796515,1.31281,1.75409,0.347369,0.177686,0.583105,0.319336,0.136652,2.5062
33.622494331,0.693888,0.00305594,0.409715,0.470726,2.00558,1.46508,0.319627,0.371996,0.450895,0.0974203,0.0400929,2.20837
33.668934240,0.940064,0.00353638,0.279485,1.14655,2.11778,0.718407,0.352027,1.17419,0.313035,0.000917863,0.0176833,1.6241
33.715374150,0.983934,0.00210879,0.177367,1.46489,1.79919,0.545892,0.124657,1.35685,0.133323,0.00847077,0.00181826,1.44676
33.761814059,1.17124,0.00187825,0.346063,1.31273,1.47488,0.576979,0.126803,1.28191,0.151932,0.0382089,0.00204775,1.13032
33.808253968,0.902731,0.0200384,0.657837,0.998394,1.11158,0.549987,0.31878,0.814352,0.412037,0.368173,0.00124858,1.57796
33.854693878,0.519562,0.0599458,1.02376,0.719752,0.857982,0.179343,1.1301,0.0231125,0.440707,0.396665,0.440456,2.26297
33.901133787,0.152411,0.0342522,0.186273,0.806171,1.02375,0.00963753,1.23101,0.0348495,0.0603118,0.425975,0.660254,2.81309
33.947573696,0.00292108,0.0019601,0.117149,2.09385,0.490201,0.000391558,1.91545,0.0251077,0.00241139,0.384652,0.418889,3.38328
33.994013605,0,0.00201088,0.0573354,2.51539,0.0466942,0.0331657,1.96499,0.00322818,0.00755021,0.459542,0.327484,3.68021
34.040453515,0,0.00169396,0.0242544,2.80638,0.02494,0.016383,2.19689,0,0,0.770379,0.292837,3.68795
34.086893424,0.487893,8.44734e-05,0.00467362,2.12917,0.0572134,0.0731948,2.26356,0,0,1.03735,0.262405,3.19309
34.133333333,0.997479,0,0.0423201,1.37796,0.189034,0.100175,2.10889,0,0.0229143,1.02593,0.325949,2.81858
34.179773243,0.958252,0,0.132714,1.43647,0.322841,0.0727205,1.81216,0.00856519,0.0229737,0.994431,0.349582,2.45002
34.226213152,0.73197,0,0.231974,1.25188,0.321414,0.121674,1.97625,0.0550257,0.00253794,1.00264,0.197346,2.18682
34.272653061,0.326539,0,0.266173,1.17449,0.148528,0.0678146,2.15048,0,0.00564706,0.878167,0.286321,1.94067
34.319092971,0.00607586,0.346105,0.122007,0.823469,0.138011,0.0978366,2.06662,0.129456,0.0112482,0.462303,0.396601,2.07695
34.365532880,0.00516687,0.444743,0.118592,1.06143,0.326615,0.0316226,2.092,0.0732793,0.0129576,0.317331,0.297328,2.11611
34.411972789,0.0197549,0.482912,0.083095,1.46705,0.418182,0.126889,2.41923,0.0239101,0.0108408,0.387363,0.151224,2.20477
34.458412698,0.0717632,0.877981,0.0178725,1.14719,0.277468,0.173312,2.66939,0.0583769,0.0532806,0.569272,0.242942,2.13752
34.504852608,0,1.09403,0.159874,0.684608,0.0982234,0.118235,2.49935,0.145629,0.143,0.273882,0.496462,2.22376
34.551292517,0.0201177,0.902869,0.145904,0.763868,0.111821,0.0640954,2.28008,0.0601767,0.0649939,0.0135932,0.540523,2.47641
34.597732426,0.0264236,0.736272,0.126122,0.827592,0.206011,0.0529665,2.33126,0.0918192,0.0678443,0,0.511455,2.57669
34.644172336,0,0.805891,0.201737,0.747978,0.25967,0.205647,2.08893,0.242101,0.0852636,0.125225,0.490072,2.4252
34.690612245,0.00904367,0.870117,0.151671,0.96123,0.117184,0.39171,2.12248,0.412345,0.0666211,0.449607,0.335398,2.35154
34.737052154,0.000762146,0.849999,0.0148509,1.24824,0.0962778,0.443839,1.76092,0.468031,0.02737,0.663977,0.214451,2.38911
34.783492063,0.276442,0.667607,0.127716,1.2268,0.145289,0.0426277,1.4261,0.471828,0.00141772,0.830536,0,2.29055
34.829931973,0.482562,0.510355,0.282313,0.931524,0.440513,0.0301718,1.56778,0.448144,0.00216115,0.801539,0.11678,1.56345
34.876371882,0.513315,0.481976,0.242693,0.725828,0.339934,0.123579,1.61454,0.508372,0.00875325,0.793931,0.106212,1.37776
34.922811791,0.363836,0.39139,0.00441625,0.693091,0.404585,0.487948,1.55617,0.358288,0.0247011,0.440544,0.0510551,1.34902
34.969251701,0.180996,0.161559,0.0108816,0.476817,0.274682,0.517569,1.96097,0.264934,0.0495308,0.194917,0.60533,1.24839
35.015691610,0.090821,0.337349,0.102591,0.140462,0.18369,0.449813,1.78625,0.0593323,0.0875363,0.330629,0.762486,1.52667
35.062131519,0,0.446494,0.157239,0.352897,0.199709,0.270262,1.72122,0.0722,0.557131,0.441649,0.393423,2.15897
35.108571429,0,0.253475,0.219419,1.23794,0.182411,0.15971,1.75242,0.0447885,0.946869,0.598371,0.0926714,2.42423
35.155011338,0.177411,0.288867,0.229658,1.95648,0.0310123,0,1.57941,0.011496,1.33436,0.492462,0.00160208,2.17597
35.201451247,0.255439,0.393754,0.0600964,2.12484,0.0600839,0.0578736,1.35857,0.0334784,1.7283,0.207581,0.000286534,1.8344
35.247891156,0.264781,0.231231,0.167665,1.7498,0.0024749,0.090072,1.14872,0.0276503,2.11388,0.05625,0.0570095,1.74937
35.294331066,0.252879,0.145954,0.183355,1.29443,0.00827312,0.0430246,1.4115,0.108534,2.68506,0.0452073,0.342584,1.37154
35.340770975,0.24704,0.204932,0.0924253,1.03018,0.0050997,0.000609797,1.99674,0.0286625,3.05638,0.011142,0.484358,1.33564
35.387210884,1.28939,0.109943,0.264002,1.20582,0,0,1.83883,0.0426119,2.09252,0,0.476086,1.36617
35.433650794,1.37863,0.449475,0.306151,0.973065,0,0.00182195,1.48811,0.119535,1.28704,0,0.854787,1.41696
35.480090703,1.30111,0.716294,0.176227,0.747387,0,0.0341422,1.72557,0.129686,0.740481,0,0.797656,1.44159
35.526530612,1.00126,0.915059,0.0877163,0.573208,0.00454654,0.0426922,2.25297,0.0916978,0,0,0.660898,1.59634
35.572970522,0.291305,1.03892,0.0521295,0.196082,0.0695987,0.00506166,2.61773,0.0755274,0,0,0.55027,1.85953
35.619410431,0.0805691,1.28977,0.187496,0.0129648,0.0727324,0.103467,2.58251,0,0,0.448089,0.511506,1.77556
35.665850340,2.20362e-05,1.34175,0.00305521,0.0203521,0.211978,0.212431,2.71277,0.143754,0,0.891991,0.493837,1.47313
35.712290249,0,1.17702,0.0644221,0.181662,0.315845,0.761635,2.72358,0.167702,0,1.02248,0.508652,1.59589
35.758730159,0,0.222332,0.309748,0.487282,0.525355,1.41492,2.086,0.16932,0.0194731,0.837361,0.186901,1.64075
35.805170068,0.00739263,0.0662649,0.778648,0.473493,0.389862,1.7439,1.29458,0.165831,0.0600847,0.743856,0.0374734,2.12846
35.851609977,0.0664783,0.184848,1.02798,0.387686,0.320787,1.49373,0.717384,0.151979,0.109559,0.861271,0.358712,2.36799
35.898049887,0.0859846,0.335328,0.358695,1.64074,0.0845824,0.391879,1.18066,0.262713,0.083954,1.15617,0.871003,2.36784
35.944489796,0.0465614,0.000453629,0.214208,2.55169,0.0933862,0.466106,1.26352,0.202395,0.153932,0.528185,0.929124,2.50736
35.990929705,0,0.0556442,0.130733,2.65915,0.0674647,0.320305,1.36811,0.273676,0.0510742,0.234415,0.857432,2.18943
36.037369615,0.345314,0.0659264,0.00559797,2.58524,0.0504328,0.0486683,1.80133,0.251221,0.0239678,0.468265,0.995003,0.968037
36.083809524,0.606905,0.0223372,0.0971269,2.51235,0.113475,0.0214547,1.88405,0.311279,0,0.488319,1.31095,0.667772
36.130249433,0.674684,0.00358236,0.0684478,2.81595,0.169144,0,1.94962,0.272704,0,0.496719,1.57887,0.432367
36.176689342,0.427648,0.000200881,0.00349235,2.91088,0.180332,0.00792922,2.17938,0.140383,0.029704,0.584564,1.38716,0.532882
36.223129252,0.214403,0,0.3799,2.73745,0.0603982,0,1.77322,0.55203,0.20437,0.471982,1.11823,1.11682
36.269569161,0.088354,0,0.356603,2.71092,0.0298667,0,1.03292,1.48868,0.139562,0.237657,1.14149,1.64824
36.316009070,0.131094,0.121045,0.236366,2.53463,0.0318407,0,0.602936,1.62994,0.0895342,0.0232404,1.35815,1.57411
36.362448980,0.376023,0.212509,0.146363,2.03094,0.101117,0.0231382,0.368506,1.16374,0.0330391,0.047092,1.99465,1.06501
36.408888889,0.353082,1.06355,0.341771,0.651305,0.15158,0.611013,0.184081,0.581649,0.593939,0.13642,1.96958,0.998246
36.455328798,0.248649,1.6383,0.147425,0.00472965,0.160888,0.72138,0.972662,0.578939,1.22964,0.0672602,1.11482,0.725664
36.501768707,0.152123,2.54163,0.1282,0.00439038,0.144788,0.514503,1.78995,0.541384,1.07143,0.000232312,0.838317,0.329408
36.548208617,0.0840209,2.48927,0.10944,0.00426496,0.116924,0.475686,2.50663,0.451,0.966225,0.0738515,0.725661,0.134209
36.594648526,0.116015,2.25347,0.176389,0.0719746,0.092304,0.374242,2.94319,0.126113,1.06419,0.124599,0.587129,0.167662
36.641088435,0.517965,2.03674,0.236804,0.0669942,0.0568032,0.372488,2.88129,0,1.38478,0.0923479,0.328769,0.375103
36.687528345,0.921318,1.63898,0.0963546,0.0900088,0.0288755,0.484629,1.82977,0.00730449,2.12053,0.00180467,0.348514,0.697407
36.733968254,0.54161,2.00362,0.0532748,0.105146,0.0628569,0.541459,1.4378,0.384301,1.8599,0.000745483,0.306483,0.551314
36.780408163,0.268418,1.98746,0.025342,0.161448,0.128994,0.626629,1.26351,0.833642,1.51801,0.0510167,0.345153,0.298198
36.826848073,0.10564,2.02401,0.0797312,0.0890913,0.140171,0.600117,1.64271,0.972327,1.10413,0.0302517,0.816518,0.159622
36.873287982,0.628228,2.43601,0.237334,0.091675,0.0662378,0.554563,2.02986,0.575907,0.659071,0,1.16966,0.0870365
36.919727891,0.644338,2.767,0.15837,0.0551365,0.0140772,0.429461,2.51317,0.0709204,0.626803,0,1.03775,0.126424
36.966167800,0.390687,2.8519,0.0195003,0.011355,0,0.521933,2.78073,0.0709561,0.684242,0.0144401,0.825767,0.146571
37.012607710,0.00454344,2.74505,0.44259,0.00371581,0,0.594401,2.45793,0.077381,0.702805,0.178105,0.958371,0.201294
37.059047619,0.0513895,2.22478,0.567337,0.154809,0,0.520095,1.79977,0.549637,0.448413,0.0388646,1.02342,0.36484
37.105487528,0.129738,2.26273,0.362222,0.218242,0,0.611899,1.36801,0.691254,0.162201,0.0409369,1.02917,0.354235
37.151927438,0.280127,2.2397,0.138549,0.207663,0.000333286,0.759683,1.79238,0.307451,0.433918,0.0751788,0.909203,0.333271
37.198367347,0.251259,2.81063,0.0934455,0.189371,0.00589565,0.834158,1.69375,0.0673046,0.742802,0,1.02585,0.25588
37.244807256,0.138722,3.27959,0.0995196,0.168603,0.0733986,0.582948,1.58666,0.45147,0.755584,0,1.02328,0.21752
37.291247166,0.495527,3.13007,0.0209299,0.0944969,0.103785,0.385288,1.93416,0.472863,0.715562,0.029613,0.933637,0.640011
37.337687075,1.47537,2.02281,0.007362,0.256229,0.182815,0.250591,2.01448,0.0312384,0.631472,0.0503351,0.780272,0.928674
37.384126984,1.89653,0.747463,0.00532611,0.733476,0.635469,0.0627818,1.87127,0.0454267,0.622596,0.086632,1.08619,0.96765
37.430566893,1.1694,0.491708,0.00606562,1.28445,1.11849,0.0374157,2.04351,0.279261,0.216638,0.0393847,1.27418,1.2621
37.477006803,0.830627,0.205456,0.053225,0.905851,1.45524,0.0323103,2.33278,0.0345575,0.392617,0.0168815,1.2254,1.24013
37.523446712,0.174848,0.716111,0.0106579,0.574218,1.3575,0.222151,1.88446,0.0118147,0.4927,0.0329644,1.25184,1.29984
37.569886621,0.0140478,0.998813,0.162102,0.208485,1.88621,0.12937,1.42563,0.0254484,0.703799,0.0415388,1.53032,1.30644
37.616326531,0.0132503,1.36253,0.13592,0.0367818,2.46328,0.343334,1.21115,0.0365218,0.422809,0.0579038,1.40898,1.32751
37.662766440,0,1.45808,0.0552421,0.00406995,2.29349,0.428835,1.08023,0.0369609,0.329604,0.0754252,1.4233,1.45832
37.709206349,0.341421,1.54077,0.0484161,0.217308,1.62314,0.418597,1.40545,0.0239129,0.36395,0.0949683,1.30372,1.44153
37.755646259,0.550159,1.90656,0.0146946,0.429427,1.14535,0.296502,2.53004,0.00399347,0.409229,0.0662373,1.5963,0.712444
37.802086168,0.0716331,2.32886,0.0261662,0.416813,1.30572,0.0910878,3.05727,0.0505172,0.260346,0.0420785,1.97821,0.0198644
37.848526077,0,2.48959,0.123793,0.630386,1.38285,0.0184425,3.01693,0.227444,0.136921,0.0435666,2.18439,0.11423
37.894965986,0,2.04848,0.156423,0.477844,1.44201,0.226222,2.68505,0.150481,0.105751,0.103927,1.87037,0.385122
37.941405896,0.810194,1.63277,0.110989,0.351715,1.17527,0.626094,2.33955,0.103302,0.273863,0.335041,1.14611,0.312167
37.987845805,1.58153,1.27913,0.190046,0.430811,0.472467,0.600906,2.31204,0.0680778,0.489809,0.193109,0.61752,0.221088
38.034285714,1.75127,1.33181,0.056089,0.537382,0.0702925,0.354271,2.11878,0.0557745,0.546734,0.0599428,0.540871,0.304161
38.080725624,1.39304,1.51737,0.00526442,0.172427,0.075305,0.435372,1.67292,0.605849,0.663785,0.0161528,0.749357,0.413656
38.127165533,1.04527,1.82192,0.00498545,0.162757,0.178389,0.539018,0.910971,0.831042,0.680271,0.0756908,0.898579,0.376385
38.173605442,0.628496,2.09839,0.0121245,0.22428,0.353093,0.482408,0.664141,1.19278,0.606675,0.104028,1.38271,0.381309
38.220045351,0.0168948,2.93131,0.0554552,0.0459424,0.267845,0.660227,0.915873,1.21726,0.707937,0.0749843,1.28129,0.527697
38.266485261,0,3.16981,0.137288,0.0977814,0.211909,0.561653,1.58621,0.715463,0.755831,0.062925,1.0248,0.61943
38.312925170,0.00938515,2.89931,0.175208,0.171805,0.01605,0.397374,2.12578,0.022216,0.834766,0.0317106,0.996921,0.488502
38.359365079,0.5303,2.54768,0.121429,0.19507,0,0.377309,2.32017,0.00301736,0.819788,0.0252046,0.931473,0.289643
38.405804989,0.628643,2.33958,0.00636472,0.19835,0.00591237,0.327489,2.65927,0.00323891,0.827998,0,0.659135,0.215774
38.452244898,0.420437,1.96389,0.00770779,0.186751,0,0.476712,3.14964,0.00366604,0.748036,0,0.448549,0.490049
38.498684807,0.546133,1.33895,0.141218,0.400932,0,0.357778,3.27251,0.120679,0.703209,0,0.674432,0.676649
38.545124717,0.527133,1.17863,0.123367,0.902328,0.00970742,0.577806,2.33539,0.17006,0.520057,0.0213432,0.818908,0.555791
38.591564626,0.721413,1.1844,0.0277172,0.876272,0.0398395,0.380487,1.77681,0.0927496,0.781494,0.0191789,0.975137,0.654565
38.638004535,0.91873,1.04108,0.0063758,1.15703,0.0766486,0.0585478,1.52063,0.665191,0.931859,0,0.871119,0.64762
38.684444444,1.19974,0.949424,0.199581,1.3546,0.14378,0.0621386,1.94218,0.559083,0.972661,0.0018391,0.249272,0.409231
38.730884354,1.068,1.07795,0.552696,0.506625,0.104018,0.141677,3.15599,0.143538,0.53808,0,0.187243,0.285972
38.777324263,0.648852,1.01105,0.862161,0.170714,0.0615299,0.595525,3.37972,0.0244606,0.108727,0,0.332747,0.244857
38.823764172,0.54552,1.03584,1.67584,0.140198,0.853506,0.986868,2.0643,0.0611016,0.110379,0.00104734,0.225249,0.742663
38.870204082,0.601353,0.916513,1.98133,0,1.0065,1.08291,0.905012,0.453205,0,0.0912044,0.0784058,1.21941
38.916643991,0.773428,0.358509,1.9702,0.00629282,0.726083,0.889332,1.43157,0.878752,0.0157324,0.127574,0.435243,1.37492
38.963083900,0.248309,0.383295,1.06424,0.131057,0.601249,0.518223,1.93849,0.229874,0.0200602,0.102593,0.626446,1.6079
39.009523810,0.0135623,0.549794,0.200264,0.372467,0.38178,0.463115,1.8591,0.288455,0.018683,0.106146,0.584992,1.65682
39.055963719,0,0.678456,0.159279,0.760295,0.0923843,0.152395,2.0297,0.226432,0.0449012,0.234649,0.696118,1.86078
39.102403628,0,0.819336,0.0344228,1.21211,0.0225434,0.0357257,2.72236,0.0431705,0.0299319,0.410588,0.419986,2.45975
39.148843537,0,0.897028,0.00551176,1.17306,0.025652,0.0367037,2.90686,0.0360251,0.00832955,0.582622,0.353629,2.61612
39.195283447,0,0.978068,0.00443438,0.890401,0.0801475,0.0163517,2.99011,0.107932,0.000838652,0.53404,0.382855,2.59026
39.241723356,0.0159222,0.971843,0.182914,0.751178,0.0475546,0.00148989,2.98543,0.0158641,0.0109585,0.491211,0.388731,2.55722
39.288163265,0.391964,0.917095,0.23785,1.09138,0.0160989,0.00222122,3.06329,0.00835193,0.0143595,0.634019,0.469686,1.91075
39.334603175,0.698934,0.852787,0.191158,1.44027,0.00311024,0.0463695,3.31777,0,0.011023,0.904745,0.552028,1.18835
39.381043084,0.561188,0.844244,0.257731,1.48618,0.00325173,0.0478785,3.25909,0.00587234,0,0.988698,0.308855,1.56335
39.427482993,0.231264,0.703608,0.292287,1.13656,0.174344,0.0147328,3.22152,0.0058675,0,0.82596,0.284991,2.03334
39.473922902,0.0337693,0.525647,0.14946,0.0841146,1.24729,0.152933,2.89688,0.00346872,0,0.319545,0.298986,2.66331
39.520362812,0.0831679,0.0275701,0.00101428,0.0966411,1.33397,0.139929,2.84858,0.00185989,0,0.485557,0.220711,3.0283
39.566802721,0.148155,0.0643032,0,0.844447,1.3593,0.0778534,2.62462,0.00502016,0.00782534,0.772287,0.0547642,3.24101
39.613242630,0.112679,0.105068,0.0552149,1.76903,0.857088,0.0295666,2.46153,0.0469582,0.113428,0.973253,0.00253007,2.97503
39.659682540,0.231561,0.0924491,0.11514,2.79158,0.0970578,0.0127525,2.26753,0.046263,0.100966,0.889079,0.282271,2.6079
39.706122449,0.248846,0,0.187854,3.18958,0.0886548,0.0419951,2.26796,0.0371602,0.0822864,0.7629,0.540309,2.34378
39.752562358,0.223322,0.0124215,0.11581,3.2704,0.0325342,0.0429096,2.18073,0.021709,0.0634848,0.706098,0.47644,2.31828
39.799002268,0.190121,0.00687686,0.195829,3.33189,0.000624591,0.00886438,1.82245,0.260082,0.0762371,0.668344,0.426902,1.95518
39.845442177,0.143875,0.0467075,0.19355,3.36054,0,0,1.43132,0.286204,0.0940932,0.681882,0.824127,1.81481
39.891882086,0.475532,0.0476302,0.0427306,2.99439,0.109443,0,1.46204,0.0696286,0.092398,0.931328,0.873817,1.49931
39.938321995,0.286131,0.45811,0.0272116,2.52928,0,0.147042,1.06346,0.156088,0.0879208,0.657048,0.891787,1.70273
39.984761905,0.199898,0.561816,0.0484943,2.27137,0,0.291061,1.09943,0.0709025,0.0679982,0.525727,0.42064,2.23066
40.031201814,0.241068,0.370357,0.083003,1.89775,0.0323026,0.205007,1.47863,0,0.00957774,0.52238,0.106701,2.60979
40.077641723,0.233362,0.0190026,0.163657,1.86679,0.0554629,0.246926,2.08019,0,0.0344022,0.544066,0.0666231,2.80504
40.124081633,0.280701,0,0.15533,1.92816,0.157585,0.14141,2.17371,0,0.0150397,0.596247,0.0530029,2.84925
40.170521542,0.0358041,0.0726816,0.194319,2.51256,0.171651,0.0928378,1.95838,0.00329933,0.106116,0.693571,0.0801244,2.59972
40.216961451,0.0750582,0.0831124,0.155354,2.67528,0.0719051,0.0401094,2.0709,0.0133431,0.0443189,0.593122,0.000675532,3.18275
40.263401361,0.046905,0.00200966,0.130477,2.66208,0.0321753,0.0373727,2.0962,0.0186057,0.0202795,0.469974,0,3.56962
40.309841270,1.99304e-05,0.00259731,0.124691,2.46225,0.0146564,0.114598,1.84393,0,0.0172404,0.60386,0,3.79604
40.356281179,0,0.00194239,0.129827,2.24917,0.237145,0.205237,1.79049,0,0.0201733,0.723499,0,3.85631
40.402721088,0,0,0.167605,1.97722,0.0670954,0.310369,1.8463,0.153059,0.0538257,0.687707,0,4.00496
40.449160998,0,0.0993825,0.190701,1.74784,0.0785344,0.161905,1.86974,0.237135,0.0775749,0.779206,0.302269,3.67139
40.495600907,0,0.329695,0.112749,2.07096,0.0581925,0,2.1648,0.0944885,0.0777662,0.891954,0.560522,2.85062
40.542040816,0.642087,0.401077,0.00595008,2.06682,0.0193607,0.136722,2.20596,0.0401821,0.0629518,0.929014,0.324441,1.76519
40.588480726,0.843263,0.380311,0.0317244,1.67551,0.00161311,0.156055,2.09876,0.0414002,0.147396,0.863239,0.127429,1.60611
40.634920635,0.806043,0.147213,0.075934,1.30694,0.0499683,0.296417,2.10622,0.0182255,0.180743,0.838986,0.124088,1.73632
40.681360544,0.966942,5.16196e-05,0.00653455,1.17419,0.177959,0.0756212,2.11887,0.233026,0,0.922695,0.0587231,1.96399
40.727800454,0.864215,0.00184751,0.306862,0.790348,0.293575,0.0604185,2.07403,0.317775,0,0.504656,0.141625,2.04522
40.774240363,1.07701,0.0017989,0.422045,1.10629,0.229315,0.0337379,1.79653,0.536885,0.00110166,0.0864558,0.195205,2.34125
40.820680272,0.953919,0.00223217,0.447943,1.39471,0.346552,0.0222613,1.69196,0.378098,7.94383e-05,0.00323705,0.425696,2.34937
40.867120181,0.794629,0.00268145,0.010612,1.90067,0.374882,0.0306267,1.92232,0.343928,0.0047517,0.283141,0.318624,2.32163
40.913560091,0.611422,0.0106661,0.00226216,2.10805,0.456459,0,2.04279,0.376562,0.154413,0.342295,0.0999955,2.46592
40.960000000,0.41871,0.0492362,0.138227,1.7205,0.427811,0,1.85002,0.449335,0.182366,0.229342,0.225817,2.86893
41.006439909,0.115477,0,0.101173,1.54303,0.169228,0.0117625,1.91558,0.61119,0.182103,0.304475,0.208754,3.04934
41.052879819,0.0917238,0.0255024,0.412384,1.442,0.0711633,0.0240847,2.00247,0.17112,0.109727,0.259978,0.0330948,3.20307
41.099319728,0,0,0.590501,1.68749,0.0909287,0.132858,1.91175,0.0812704,0.157847,0.37897,0.0552678,3.26119
41.145759637,0,0.0437149,0.209455,2.03503,0.14448,0.110817,2.17606,0.0825282,0.127176,0.804537,0.352201,2.98324
41.192199546,0.572292,0.00319673,0.134953,2.05375,0.123811,0.184107,2.1825,0.0845248,0.229611,0.621071,0.0223663,2.62562
41.238639456,0.729663,0.00451993,0.165695,2.07915,0.0799519,0.111954,1.6609,0.695798,0.337529,0.233701,0,2.59516
41.285079365,0.745953,0.0189039,0.145699,2.21598,0.113823,0.0396635,1.3604,0.939527,0.424795,0.0958096,0.326119,2.53769
41.331519274,0.429912,0.147381,0.150791,2.36457,0.154442,0.0665526,1.42431,0.903679,0.264337,0,0.608626,2.19983
41.377959184,0.270629,0.0946826,0.306454,2.12013,0.171609,0.0785771,1.71167,0.528158,0.0955702,0,0.65702,2.25875
41.424399093,0.552466,0.047065,0.284623,1.25162,0.628716,0.191953,1.74754,0.936256,0.104767,0.0649221,0.463025,2.24322
41.470839002,0.792561,0.304573,0.716132,0.608682,0.898143,0.394907,1.20368,1.24491,0.0924365,0.250024,0.180961,2.25196
41.517278912,0.807668,0.391163,0.905845,0.64434,0.961252,0.532273,0.855431,0.907619,0.122252,0.1883,0.303081,2.26035
41.563718821,0.35319,0.207064,0.745701,0.64424,1.3618,0.377725,0.811053,0.46498,0.512899,0.176524,0.671169,2.37597
41.610158730,0.0595155,0.120169,0.130994,0.466362,2.16813,0.21223,0.644043,0.594904,1.07196,0.169028,0.883323,2.43739
41.656598639,0.0253267,0.00497112,0.085021,0.311767,2.66824,0.0230709,0.293694,1.31805,1.68112,0.217418,0.808252,2.39836
41.703038549,0,0.0553623,0.0824907,0.39532,2.66736,0.00592243,0.397686,1.62989,1.71334,0.157503,0.453545,2.37526
41.749478458,0,0.127713,0.103713,0.419606,2.51378,0.0192626,0.520747,1.52558,1.83059,0.107396,0.148362,2.45645
41.795918367,0,0.232399,0.129762,0.120262,2.43163,0.0120303,0.484884,1.17974,1.91144,0.052701,0.171574,2.777
41.842358277,0,0.0701467,0.0319316,0.662239,2.06569,0.537269,0.449084,0.31811,1.93578,0.000539105,0.177117,3.00122
41.888798186,0.0301264,0.196043,0.0226306,0.724379,1.56605,0.604446,0.344184,0.014658,1.71382,0.0182768,0.154482,2.98589
41.935238095,0,0.115852,0.0113364,0.996957,1.03331,0.592655,0.440434,0.263221,1.78635,0.0588586,0.124738,2.63066
41.981678005,0.0800705,0.144668,0.130458,1.14652,1.0016,0.539328,0.0845342,0.691921,1.91595,0.049147,0.0574666,1.70105
42.028117914,0.234974,0,0.52091,0.912875,1.19597,0.224741,0.0952987,0.612898,2.21123,0.020694,0.000835918,1.19047
42.074557823,0.115603,0,0.332862,0.754994,1.82296,0.126638,0.135973,0.441979,2.35588,0.00666738,0.197505,1.34698
42.120997732,0.0158825,0,0,0.90409,2.17389,0.00872237,0.074203,0.351432,2.28948,0.0943436,0.566822,1.85718
42.167437642,0.0637484,0.0550963,0,1.23085,2.30999,0.215974,0.124024,0.151259,2.427,0.0900482,0.635758,2.32057
42.213877551,0.0411022,0.162314,0.216402,1.00568,2.28173,0.252297,0.273769,0.0769044,2.50343,0.0738761,0.658512,2.30568
42.260317460,0.0863261,0.0940748,0.278666,0.645298,2.6351,0.208506,0.300331,0.142005,2.4346,0.00941336,0.527064,2.11447
42.306757370,0.150368,0.00208829,0.27688,0.645321,2.92118,0.0608211,0.314443,0.104671,2.54108,0,0.419469,2.25397
42.353197279,0.240335,0.00206486,0.130087,0.598698,3.02662,0.0127008,0.416477,0.0346184,2.79139,0,0.127799,1.84651
42.399637188,0.243136,0.14668,0.124684,0.622804,3.00125,0.00339596,0.331886,0,2.94233,0,0,1.55886
42.446077098,0.192807,0.0715953,0.126581,0.829808,2.64226,0.00444031,0.190825,0.00178326,3.10329,0.0197556,0,1.95398
42.492517007,0.237785,0.0880049,0.277368,1.18511,1.98378,0.0509401,0.0158214,0.0698578,2.87499,0.0446459,0.049516,2.15341
42.538956916,0.529659,0.0320314,0.199608,1.43306,1.21522,0.434609,0,0.293509,2.02892,0.0733216,0.15331,2.16869
42.585396825,0.423186,0.00242944,0.137392,1.56217,0.799822,0.423311,0,0.38634,1.6721,0.133797,0.305191,2.41704
42.631836735,0.328194,0.00125937,0.268756,1.32976,1.41889,0.352194,0.218145,0.52297,1.43442,0.093679,0.179179,2.74877
42.678276644,0.15602,0.0840091,0.85381,0.253101,1.41316,0.176803,0.437279,1.58205,1.26114,0.0204047,0.0013039,2.98701
42.724716553,0.101995,0.358452,1.29195,0.0590404,1.29263,0.00531396,0.508096,1.99307,1.20691,0.0278272,0.0304384,2.59508
42.771156463,0.0146044,0.407952,1.1948,0.0869763,1.78906,0.0826851,0.54771,1.95199,1.38122,0.0381106,0.0568398,2.10389
42.817596372,0.0259054,0.518147,0.590462,0.423305,2.41092,0,0.724889,1.52658,1.8397,0.100682,0,1.79806
42.864036281,0,0.389644,0.182105,0.661608,2.65107,0.000381935,0.639966,0.519554,2.32246,0.151042,0.252728,1.64312
42.910476190,0.0327038,0.0414693,0.109675,0.694575,2.74661,0,0.313945,0.0155513,2.67285,0.197779,0.35287,1.80253
42.956916100,0.188946,0.00165535,0.0856111,0.934843,2.70673,0,0.264228,0.291615,2.4531,0.293164,0.0399465,2.22458
43.003356009,0.110813,0.0514559,0.365342,1.20323,2.29355,0,0.336058,1.17045,1.19439,0.0474705,0.078477,2.64831
43.049795918,0,0.577202,0.556231,0.554827,1.78859,0.000648842,0.484818,1.57234,0.389975,0.0133675,0.585452,2.58728
43.096235828,0,0.686437,0.378899,0.734299,1.4399,0,0.821267,1.68329,0.313473,0.0157801,0.635461,2.18782
43.142675737,0.325024,0.846544,0.156758,1.16346,1.32231,0,0.555567,0.987668,1.17166,0.00116688,0.712198,1.72376
43.189115646,0.479061,0.729602,0.115035,1.10326,1.31467,0.277458,0.315503,0.025268,1.8641,0.000499769,0.608415,1.33968
43.235555556,0.393576,0.121334,0.161141,1.08995,1.47835,0.464042,0.220207,0.29605,2.27119,0.00280336,0,1.63751
43.281995465,0.217533,0.00181469,0.251544,1.16978,1.58679,0.139643,0.347524,0.193695,2.22768,0.0010684,0.0340082,2.22703
43.328435374,0.0874935,0.00250395,0.594941,0.883049,1.62083,0.0359531,0.362626,0.457568,2.39696,0,0.0341487,2.6373
43.374875283,0,0.00187329,0.731725,0.825535,1.53627,0.062094,0.0220717,0.712308,2.66432,0,0.0356456,2.50684
43.421315193,0.0106057,0.00161987,0.674495,0.560751,1.90007,0.0615768,0.00313489,0.534038,2.82688,0.00514328,0.0479163,2.28728
43.467755102,0.148598,0.0207971,0.464205,0.244573,2.19203,0.0263116,0.259844,0.250323,2.58042,0.0228119,0.00193938,2.14877
43.514195011,0.294305,0.622047,0.226734,0.0966021,2.30421,0.00231745,0.71187,0.351893,1.60923,0.038924,0.0639554,2.13931
43.560634921,0.114672,0.856585,0.233961,0.0521703,2.29122,0,0.903488,0.410772,1.30075,0,0.422691,2.20126
43.607074830,0.111797,0.842238,0.254009,0.132938,2.0814,0.0890231,0.72753,0.0279407,1.0051,0.000188884,0.515194,2.30249
43.653514739,0.238324,0.731712,0.146636,0.562963,1.92589,0.0720954,0.667918,0.163988,0.516206,0.00010524,0.589745,2.26121
43.699954649,0.339658,0.428261,0.121507,0.609055,2.00296,0.0874274,0.471165,0.248265,0.678609,0,0.558976,2.42652
43.746394558,0.194515,0.13019,0.00468367,0.632332,2.6439,0.0499607,0.585824,0.165232,0.754954,0,0.397407,2.36154
43.792834467,0.638002,0.0039813,0.00437829,0.615412,3.13867,0,0.395037,0.557676,0.619509,0.0254364,0.0217581,2.38672
43.839274376,0.540124,0.00351267,0.00338557,0.442458,3.12399,0.331968,0.153265,1.05062,0.55268,0.00535427,0.00183278,2.24722
43.885714286,0.478682,0.00203543,0.00295418,0.419873,2.68795,0.382918,0.152353,1.12794,0.352568,0.108164,0.0019596,2.10866
43.932154195,0.690072,0.0379281,0.0042142,0.372043,2.96483,0.107549,0.203361,0.911304,0.204388,0.0181498,0.0497245,1.70974
43.978594104,0.71948,0.000587032,0.0145632,0.297559,2.59561,0.0754116,0.0346879,1.11239,0.223586,0.181443,0.17683,1.97493
44.025034014,0.802201,0.000849061,0.0776075,0.174368,2.01267,0.303688,0.0451659,1.11419,0.251739,0.0294741,0.0636836,2.17971
44.071473923,1.34412,0.233103,0.0648211,0.209944,1.64415,0.131544,0.112181,1.1664,0.368438,0.0556481,0.00205575,1.78183
44.117913832,1.3089,0.28286,0.0105759,0.531985,1.44084,0.0489956,0.104572,0.610848,0.210236,0.100124,0.103569,1.67534
44.164353741,0.914754,0.334203,0.108512,0.847292,0.908643,0.123194,0.967704,0.171656,0.119959,0.227211,0.172962,1.60763
44.210793651,0.47684,0.169388,0.21167,1.25446,0.586873,0.227259,2.07748,0.0943473,0.113447,0.3349,0.387951,2.26478
44.257233560,0.0800122,0.0937712,0.155424,1.91077,0.112483,0.155882,2.1211,0.0565056,0.0833881,0.481547,0.2836,3.20356
44.303673469,0.0455589,0.282349,0.0748499,2.13837,0.0738779,0.125136,2.26752,0.0428236,0.0070827,0.559464,0.226859,3.12761
44.350113379,0.0538224,0.368945,0.0705466,2.15831,0.00806341,0.0297676,2.42108,0.0140277,0.009118,0.385474,0.433024,2.66629
44.396553288,0.923863,0.439602,0.00451589,2.08312,0,0.0270548,2.17058,0.0184046,0.19348,0.522991,0.652699,1.86916
44.442993197,1.18858,0.357836,0.0049253,1.82623,0.00552526,0.200047,2.02551,0.0112771,0.211348,0.582496,0.831486,1.63427
44.489433107,0.993956,0.245701,0.247689,1.44339,0.0218983,0.270023,1.98087,0.0191994,0.296831,0.664373,0.64091,1.32384
44.535873016,0.784963,0.121277,0.30246,1.23544,0.0292429,0.225556,1.86199,0.0165312,0.333361,0.718824,0.329769,1.46937
44.582312925,0.472995,0.166701,0.160949,0.937833,0.0299124,0.434823,2.021,0.0771752,0.136977,0.49257,0.624126,2.02276
44.628752834,0.14796,0.303374,0.00395942,0.67094,0.0943104,0.500279,2.51088,0.00428967,0.0163682,0.0235767,0.640223,2.51373
44.675192744,0.00883302,0.896621,0.0260533,0.662691,0.0950444,0.26587,2.77689,0,0,0.0199305,0.550222,2.49994
44.721632653,0.0310515,1.25917,0.0430786,1.10507,0.140831,0.0324489,2.70999,0.163521,0,0.116906,0.555933,1.91663
44.768072562,0.101873,1.14597,0.0365228,1.25853,0.130907,0.021497,2.21367,0.783464,0,0.0365903,0.684286,1.66959
44.814512472,0.163781,1.04214,0.0846253,1.26178,0.13367,0.00913513,2.07467,1.27149,0.0930767,0.0766172,0.635062,1.84467
44.860952381,0.185345,0.611197,0.256914,1.02858,0.133277,0.112279,2.89441,0.397694,0.106168,0.205924,0.601808,2.16583
44.907392290,0.154436,0.679956,0.244446,0.55017,0.1465,0.17458,3.00183,0.0164471,0.0949863,0.211451,0.658122,2.28815
44.953832200,0.125022,0.912149,0.256481,0.453239,0.128357,0.151308,2.73189,0,0.109149,0.142551,0.789927,2.2454
45.000272109,0.0508125,0.825574,0.174799,1.22413,0.0895887,0.217168,2.43213,0.403617,0.10831,0.0739672,0.513112,2.53777
45.046712018,0.283768,0.452663,0.00772023,1.64708,0.0587373,0.0127837,2.17625,0.878059,0.0777277,0.0787716,0.412307,3.25942
45.093151927,0.476596,0.43376,0.00450315,1.51818,0.0483792,0.0849614,2.23473,0.783274,0.0212185,0.0931228,0.291738,2.98862
45.139591837,0.521893,0.61485,0.0032998,1.13814,0.0736973,0.0867107,2.45927,0.651342,0,0.119246,0.147234,2.44943
45.186031746,0.486992,0.566607,0.00479593,0.854974,0.0897902,0.112289,2.96513,0.164739,0,0.174081,0.190871,2.09985
45.232471655,0.426052,0.641522,0.0686538,0.504315,0.0430444,0.0931953,3.01028,0.0057522,0.0034171,0.472422,0.10007,2.10922
45.278911565,0.159712,0.648576,0.364481,0.0558302,0.0138696,0.229226,3.16461,0.0153157,0.0271623,0.309601,0.0412412,2.11508
45.325351474,0.104243,0.786719,0.122788,0.209931,0.0380622,0.0888583,3.28953,0.0407699,0.455363,0.146003,0.0877951,1.83299
45.371791383,0.0483437,0.966,0.187182,0.5337,0.0502905,0.0109146,2.71881,0.0641801,1.52559,0.187296,0.00253071,2.15835
45.418231293,0.0541786,1.18856,0.165443,0.879485,0.0899235,0.0607657,1.99052,0.0771037,2.08697,0.162607,0.00166151,2.1065
45.464671202,0.0393285,0.923133,0.153796,0.93348,0.127742,0.0753249,1.50798,0.0592485,2.20031,0.163385,0.000334486,2.10859
45.511111111,0,0.573918,0.0414931,1.02547,0.387454,0.115187,1.45401,0.178492,2.06876,0.153339,0,2.20978
45.557551020,0.0401367,0.398864,0.0707246,1.10421,0.292674,0.119389,1.31193,0.264956,2.06623,9.9793e-05,0,2.5781
45.603990930,0.14292,0.544752,0.111196,1.03949,0.207947,0.115052,0.592848,0.287042,1.43015,0,0.0590899,2.48455
45.650430839,0.127018,0.458083,0.0596437,0.846834,0.220633,0.145085,0.620139,0.610719,1.48326,0,0.0329245,2.22524
45.696870748,0.0833477,0.590989,0.0585001,0.910217,0.155554,0.144595,1.1229,0.708375,0.845429,0,0.0748821,2.48115
45.743310658,0.186077,0.616318,0.011767,0.783672,0.114794,0.146292,1.73507,0.687113,0.132897,0.0676412,0.171268,2.41099
45.789750567,0.283936,0.584476,0.00624453,0.65253,0.128253,0.142656,2.08125,0.512692,0.0476115,0.331991,0.105234,2.21132
45.836190476,0.25581,0.467771,0.00455061,0.73399,0.242365,0.179685,1.77173,0.127241,0,0.573088,0.183078,2.03463
45.882630385,0.164226,0.490746,0.00478061,0.773568,0.0908656,0.133414,0.961272,0.653523,0.218808,0.446088,0.0921988,2.14925
45.929070295,0.161504,0.695888,0.0976345,0.666561,0.0834159,0.0907416,1.07248,1.07102,0.512387,0.00582174,0.070891,2.5244
45.975510204,0.135321,0.749863,0.484367,0.218989,0.105951,0.112931,1.41716,1.09278,0.23115,0.00517311,0.168025,2.6944
46.021950113,0.11785,0.0922404,0.691281,0.0649055,0.405012,0.792818,1.37476,0.815802,0.0576111,0,0.0634917,3.20916
46.068390023,0.133268,0.0608546,0.152786,0.236515,0.808137,1.79289,0.789951,0.380657,0.15786,0,0.0505084,3.07397
46.114829932,0.13196,0.00673042,0.178569,0.793268,0.823282,1.769,0.712653,0.0634992,0.228439,0,0.00137407,3.31352
46.161269841,0.00966629,0,0.205106,1.45496,0.832308,0.791684,1.0356,0.0318054,0.291068,0.00651037,0.0196085,3.7386
46.207709751,0.00240368,0.000487247,0.127795,1.93035,0.703413,0.133963,1.31903,0.11977,0.183893,0.277681,0.0606043,3.82548
46.254149660,0.000278149,0.000277264,0.159686,2.63502,0.631919,0.122688,1.34565,0.692611,0.0723736,0.422673,0.411257,3.06825
46.300589569,0.00845758,0.0617665,0.113205,3.20915,0.120663,0.0968152,1.18514,0.884234,0.0491251,0.448412,0.493084,2.54202
46.347029478,0.50657,0.0429956,0.0079343,3.26461,0.132465,0.0617029,1.19937,0.671191,0.0284488,0.600188,0.510151,1.85947
46.393469388,0.64358,0.00359479,0.0042729,2.61289,0.13798,0.0248114,1.47521,0.376698,0.00426101,0.356702,0.721489,1.84572
46.439909297,0.49578,0.00299947,0.0117891,2.37409,0.117649,0.0199232,1.41071,0.395781,0.0158141,0.141964,0.623836,2.20829
46.486349206,0.287212,0.0354573,0.0077403,2.67233,0.110365,0.0341625,1.04581,0.543897,0,0.093592,0.589028,2.48422
46.532789116,0.067858,0.00141662,0.00348183,3.2303,0.0849552,0.372232,0.412755,0.8501,0.0654057,0.00890077,0.575254,2.31811
46.579229025,0.216977,0.00185741,0.00480171,3.37901,0,0.738959,0.449366,0.967666,0.458053,0.00202851,0.528337,1.86788
46.625668934,0.367851,0,0.0275811,3.22196,0.00802247,0.874559,0.588232,0.999751,0.3432,0.00420761,0.450167,1.04003
46.672108844,0.772,0.00927368,0.170339,2.72969,0.119325,0.913105,0.507946,1.0256,0.422113,0.00642876,0.397148,0.433919
46.718548753,0.85636,0.293963,0.304029,2.0133,0.188229,0.853444,0.571002,0.716887,0.504128,0.0742566,0.655113,0.326789
46.764988662,0.623,1.64685,0.610902,0.734046,0.19778,0.55608,1.38793,0.360537,0.575068,0.0837688,0.774226,0.289536
46.811428571,0.218283,2.51682,0.516454,0.0190095,0.19557,0.020643,1.71839,0.452597,0.445231,0.0775315,0.920621,0.236251
46.857868481,0.438743,2.33258,0.200312,0.0250742,0.185518,0.0592077,1.99027,0.637826,0.433944,0.0546843,0.626072,0.20437
46.904308390,0.843287,1.82913,0.0988875,0.023942,0.170853,0.0971432,2.93707,0.111552,0.512369,0.0276288,0.467179,0.228879
46.950748299,0.794964,1.61416,0.0280677,0.0196094,0.151588,0.147816,3.58778,0.0452716,0.613677,0.00360023,0.663091,0.223161
46.997188209,0.423163,1.36332,0.465046,0.0188081,0.125676,0.172755,3.67049,0.0527095,0.782137,0.00388867,0.722231,0.427375
47.043628118,0.717768,1.46621,0.363594,0.0100842,0.0563927,0.404185,3.15706,0.0339655,1.12484,0.00125696,0.322123,0.497074
47.090068027,0.75511,1.81702,0.242374,0.00776943,0.0686796,0.5107,2.6845,0.032941,1.06951,0.0439013,0.327905,0.309017
47.136507937,0.620076,2.42936,0.0557309,0,0.0970577,0.487984,2.70976,0.0455241,0.817065,0.096438,0.389552,0.17119
47.182947846,0.264359,2.80165,0.0011154,0.0278513,0.101012,0.579852,2.65798,0.164021,0.604681,0.210065,0.606642,0.1292
47.229387755,0.112735,2.72297,0.00139093,0,0.144444,0.731284,2.13936,0.696428,0.723532,0.143042,0.73669,0.126179
47.275827664,0.333043,2.55408,0.00314034,0.00629228,0.223788,0.624856,1.83004,0.589134,0.939234,0.00208547,0.707258,0.195811
47.322267574,0.500282,2.45004,0.00113993,0.012983,0.279977,0.382078,2.04174,0.306217,0.937134,0.0367571,0.782489,0.212813
47.368707483,0.493348,2.3483,0.536369,0.0879423,0.201083,0.361773,1.90241,0.358762,0.342637,0.0585609,1.03832,0.181332
47.415147392,0.0830164,2.20078,0.996242,0.0343896,0.155444,0.417487,2.04423,0.209957,0.113089,0.0015044,1.23684,0.194812
47.461587302,0.12179,1.82136,0.541144,0.00053787,0.111821,0.436688,2.16171,0.0325591,0.110581,0.0872704,1.41668,0.366604
47.508027211,0.100281,1.50356,0.439431,0.0076647,0.590369,0.434768,2.108,0.0157518,0.224568,0.120043,1.69141,0.629488
47.554467120,0.0108225,1.38866,0.506923,0.695982,0.522268,0.305107,1.86964,0.00930393,0.299833,0.000845172,1.92063,1.04942
47.600907029,0.0737735,1.18205,0.345599,0.89228,0.201539,0.337425,1.92109,0.0250365,0.326227,0.00159562,1.73345,0.995099
47.647346939,0.562072,0.718481,0.205297,1.20745,0.246173,0.419393,1.90514,0.0501982,0.307964,0.00905224,1.76688,1.05653
47.693786848,0.507473,0.549847,0.00597981,1.2915,0.26457,0.506365,1.79796,0.0547296,0.167179,0.00422635,1.83767,0.818018
47.740226757,0.402281,0.77611,0.00730284,1.26644,0.149987,0.633077,1.82169,0.040233,0.0867197,0.0202389,1.84147,0.51945
47.786666667,0.816344,0.7665,0.406992,0.937925,0.169639,0.0858985,2.1994,0.0243695,0.0229435,0.000544826,2.10268,0.318124
47.833106576,0.816771,0.583142,1.21832,0.465304,0.537104,0.452544,2.20606,0.03968,0.0455861,0,1.94703,0.213895
47.879546485,0.242013,0.212355,1.41039,0.0368996,1.16634,0.644733,1.91096,0.105178,0.137486,0.0137716,1.42513,0.543152
47.925986395,0.0861529,0.456342,1.19775,0.0269839,1.40985,0.630427,1.7986,0.114617,0.176327,0.0178535,1.04314,1.1752
47.972426304,0.0317533,0.888066,0.188755,0.0155523,1.40167,0.523375,2.06311,0.0251409,0.151406,0.0322973,1.21778,1.58599
48.018866213,0.0207883,0.31183,0.130815,0.38565,1.07405,0.512464,2.5025,0.0042006,0.142069,0.0321836,1.41025,2.00784
48.065306122,0.0434122,0.45642,0.0500417,0.753006,0.29551,0.330779,3.1672,0,0.12476,0.0645849,1.6351,1.79121
48.111746032,0.12193,1.28309,0.00737609,0.347241,0.531832,0.468709,3.65189,0.0039147,0.0613371,0.0361747,2.0216,0.804733
48.158185941,0.0341849,1.45189,0.199038,0.0290442,1.26218,0.657573,3.41481,0.00387908,0.0706282,0.0483819,2.01679,0.114458
48.204625850,0.193195,1.49674,0.34962,0.0120298,1.43651,0.621485,2.90765,0.00693071,0.143512,0.0103437,2.06462,0.237451
48.251065760,1.23019,1.938,0.255399,0.00741439,1.52424,0.451906,2.70688,0.0387325,0.159657,0.0473678,1.71557,0.260317
48.297505669,1.69533,1.56201,0.158331,0.0128019,1.23596,0.229074,3.03649,0.0323862,0.200073,0.076509,0.985319,0.466896
48.343945578,1.33244,1.6136,0.0366256,0.0128787,0.63602,0.219177,2.96319,0.0221749,0.437068,0.105499,0.768399,0.49702
48.390385488,0.796957,2.14404,0.0303249,0.00824188,0.318297,0.323533,2.21968,0.0907653,0.697497,0.0780476,0.791173,0.71867
48.436825397,0.279336,2.56867,0.0232583,0.0154806,0.175562,0.622142,2.07582,0.118059,0.72878,0.0422879,0.704488,0.591396
48.483265306,0.134561,2.8103,0.0246325,0.0152171,0.190539,0.498059,2.09547,0.254169,0.567137,0.059821,0.528532,0.742174
48.529705215,0.0572137,2.82719,0.105869,0.00953988,0.36293,0.286617,1.73607,0.618253,0.40677,0.0412754,0.863426,0.588166
48.576145125,0.097794,2.77526,0.137818,0.0289778,0.333519,0.293036,1.31302,0.992867,0.537474,0.0540286,1.12169,0.337738
48.622585034,0.0530279,2.72617,0.15294,0,0.401318,0.438534,1.47323,0.920169,0.692435,0.0635856,0.7327,0.148776
48.669024943,0.227239,2.29077,0.200755,0,0.391258,0.551762,1.38146,0.955877,0.939923,0.0779214,0.621117,0.0857434
48.715464853,0.219719,2.18924,0.119753,0.00386557,0.158621,0.471141,1.3673,1.12924,0.9858,0.132653,0.73744,0.167682
48.761904762,0.183127,2.52297,0.060599,0.0147878,0.262316,0.337483,1.83445,0.844832,0.742943,0.0053937,1.03186,0.394208
48.808344671,0.0971256,2.45868,0.0658342,0.0124078,0.181682,0.232162,2.46271,0.535507,0.467481,0.0398675,1.07085,0.561159
48.854784580,0,1.99456,0.18199,0.0116186,0.178007,0.121395,2.64176,0.52373,0.367638,0.0525392,1.15105,0.658867
48.901224490,0.0303742,2.39353,0.130591,0.00362201,0.142226,0,2.9334,0.530949,0.257875,0.0701892,1.15771,0.795672
48.947664399,0.973829,1.67894,0.0174573,0.128542,0.105399,0.0488681,2.81612,0.262789,0.376352,0.0487256,1.26143,0.797737
48.994104308,0.93231,1.64705,0.0060355,0.209518,0.104018,0.198161,2.92605,0.493055,0.308398,0.0409944,1.28633,0.78988
49.040544218,0.738007,1.75452,0.149204,0.107972,0.108455,0.340637,3.12612,0.476969,0.0630271,0.0607485,1.65068,0.670376
49.086984127,0.672276,1.72589,0.238061,0.0212278,0.105957,0.340819,3.63531,0.302475,0.0170585,0.0710586,2.01082,0.122447
49.133424036,0.360989,1.93598,0.00575708,0.0163976,0.116752,0.127153,4.02453,0.303399,0.234168,0.0926538,2.11708,0.125359
49.179863946,0.169233,1.66475,0.00570523,0.010606,0.12827,0.010196,4.00242,0.213495,0.398828,0.195913,1.87703,0.0802348
49.226303855,0.331845,1.36641,0.0027848,0,0.171707,0.123082,3.73844,0.102904,0.407152,0.180533,1.57119,0.149688
49.272743764,0.316887,1.08372,0.338914,0.0306911,0.149284,0.032217,3.34462,0.062141,0.869068,0.0255223,1.01596,0.123266
49.319183673,0.392131,0.825959,0.508134,0.283779,0.147055,0.0293392,3.08907,0.0929101,0.761049,0.000364527,0.808326,0.0590983
49.365623583,0.448267,0.571196,0.580219,0.37702,0.121666,0.315718,3.01746,0.0858196,0.529253,0,0.468573,0.206671
49.412063492,0.400628,0.393285,0.78055,0.339576,0.072018,0.32969,3.11488,0.257537,0.216365,0,0.381939,0.263111
49.458503401,0.990476,0.123241,1.52015,0.455307,0.0230945,0.551173,2.86742,0.401295,0.416939,0,0.84339,0.925066
49.504943311,0.170194,0.675875,0.645475,0.611739,0,0.652716,2.50701,1.2207,0.288584,0.610518,0.92,0.737104
49.551383220,0.0434778,0.905679,0.451082,0.192971,0.0200664,0.755929,2.46159,1.48975,0.1023,0.498808,0.990804,0.000194391
49.597823129,0.0688657,1.01404,0.355511,0.260924,0.0792572,0.553536,1.74357,1.34996,0.309223,0.158453,0.571924,0.73241
49.644263039,0.149032,1.06722,0.360383,0.432286,0.258736,0.35002,1.10347,1.35653,0.483728,0.26644,0.470501,0.989803
49.690702948,0.286606,0.997824,0.390892,0.428498,0.111268,0.269634,0.276842,1.4773,0.556937,0.719397,0.376742,1.20013
49.737142857,0.934835,0.731916,0.459544,1.12627,0,0.354062,0.0584434,1.24788,0.478972,0.848541,0.135375,1.12343
49.783582766,1.19303,0.863392,0.405883,1.21958,0.0060913,0.38099,0.6627,0.4098,0.573649,0.834592,1.06906,1.00616
49.830022676,1.00676,0.868729,0.870595,0.966274,0,0.245492,0.6587,0.3348,0.635364,0.434493,1.4271,1.0324
49.876462585,0.694204,1.06372,1.30339,0.583813,0,0.105663,0.651797,0.6492,0.62944,0.272435,1.60635,0.546229
49.922902494,0.118618,1.54194,1.53555,0,0.0344225,0.270535,0.653262,1.30243,0.495001,0.216877,1.81986,0.11779
49.969342404,0.112962,1.70456,1.39906,0,0.169723,0.536218,0.811267,1.24778,0.818637,0.256807,1.20813,0.37609
50.015782313,0.177033,1.26609,1.05511,0,0.385794,0.730054,0.313136,1.21058,0.857241,0.822977,0.937425,0.207651
50.062222222,0.315048,0.665335,1.01661,0.389301,0.863625,0.699174,0.270465,1.0017,0.153172,0.790288,1.17824,0.0429752
50.108662132,0.403853,0.328494,0.826294,0.479102,1.17399,0.124553,0.710773,0.902263,0.160862,0.774551,1.1874,0.364283
50.155102041,0.923859,0.314982,0.090523,1.07512,1.28811,0.146141,0.940919,0.512718,0.254936,1.02844,1.06718,0.382176
50.201541950,1.22925,0.484598,0.357464,0.930737,0.406564,0.314257,0.608034,0.151681,0.599499,0.81458,0.540102,0.525023
50.247981859,1.6594,0.357107,0.241007,1.17219,0.333252,0.214314,0.561658,0.78192,0.479428,0.725069,0.288085,0.195889
50.294421769,1.57841,0.234862,0.230795,1.0975,0.0850383,0.387604,0.328113,0.966805,0.542835,0.50736,0.163615,0.0174009
50.340861678,1.42746,0.175768,0.244086,0.92386,0.225212,0.717336,0.162562,1.03865,0.789098,0.336984,0.0165092,0.0909755
50.387301587,1.08643,0.0375499,0.28815,0.72922,0.33174,0.85829,0.258842,1.2859,0.6299,0.156744,0,0.25166
50.433741497,0.620569,0.00144387,0.4411,0.480235,0.385883,0.935167,0.640014,1.34883,0.258317,0.0718591,0,0.220891
50.480181406,0.290192,0.0250135,0.542883,1.2731,0.78253,1.0025,0.538546,1.4323,0.291214,0,0.00113597,0.540745
50.526621315,0.412274,0.15321,0.437472,1.48811,0.777758,1.07506,0.366799,1.52229,0.203452,0.0523219,0.109361,0.687438
50.573061224,0.827519,0.130023,0.292608,1.35882,0.240979,0.492542,0.487066,1.27055,0.119753,0.16505,0.444773,0.539243
50.619501134,0.866776,0.12807,0.593288,1.08772,0.0278188,0.4139,0.544918,1.06826,0.278147,0.109714,0.95257,0.316373
50.665941043,0.355805,0.236491,0.992304,0.587461,0.144193,0.66363,0.527324,0.467203,0.660288,0.0038994,1.34063,0.133848
50.712380952,0.231961,0.364358,0.72443,1.67895,0.0633442,0.750567,0.407768,0.0650773,1.14932,0.0119005,0.897826,0.3916
50.758820862,0.0619602,0.142636,0.684057,2.14237,0.459136,0.72931,0.497961,0.0624409,1.85084,0.126293,0.497788,0.215549
50.805260771,6.26682e-05,0.178411,0.876964,2.06344,0.471526,0.80522,0.111371,0.0727106,1.96828,0.081455,0.713587,0.225898
50.851700680,0.364745,0.187408,0.734038,1.09388,0.32063,1.24154,0.00786391,0.146034,1.81613,0.143176,0.779702,0.155936
50.898140590,0.591617,0.268461,0.684311,0.91705,0.759199,1.06086,0.260793,0.602579,0.916699,0.366357,0.498842,0.170417
50.944580499,0.669798,0.301268,0.930297,0.931242,0.722264,1.22145,0.572918,0.563973,0.772913,0.240571,0.544008,0.199186
50.991020408,0.743924,0.213205,1.17144,0.94896,0.483227,1.1919,0.613706,0.652985,0.727779,0.205591,0.357502,0.129424
51.037460317,1.06961,0.210543,1.17489,0.779471,0.53845,0.871884,0.627125,0.770554,0.844148,0.082098,0.692275,0.0565252
51.083900227,1.11522,0.183465,1.12135,0.268104,0.288276,0.726816,0.267693,1.29086,1.42955,0.0814408,1.10508,0.0819152
51.130340136,0.926997,0.173448,1.29081,0.198299,0.183327,0.755164,0.365217,1.31025,1.39768,0.261115,0.971918,0.485924
51.176780045,1.02818,0.184325,1.96566,0.0204908,0.191207,0.336665,0.595672,0.649969,1.38115,0.458292,0.43505,1.15098
51.223219955,0.997646,0.194675,1.94912,0.156631,0.0689633,0.487373,0.971898,0.384444,1.52291,0.281044,0.157318,1.60785
51.269659864,0.756051,0.164365,1.33682,0.504163,0.00440629,0.439652,0.915779,0.667331,1.37981,0.290195,0.432636,1.46012
51.316099773,0.35583,0.0339057,1.45403,0.425096,0.447762,0.477395,0.739053,0.862609,1.44208,0.257107,0.631785,0.972741
51.362539683,0.135245,0.0439088,1.41626,0.522708,0.747656,0.473672,0.596577,0.900604,1.26482,0.213549,0.800909,0.506368
51.408979592,0.218979,0.52441,1.04529,0.565432,1.22092,0.653321,0.255099,0.839944,1.25783,0.190861,0.875074,0.556474
51.455419501,0.303861,0.904134,1.09629,0.00650978,0.39249,0.918186,0.0687379,0.840443,1.24383,0.23701,1.06817,0.80797
51.501859410,0.271322,0.775055,0.776486,0.465142,0.204542,1.03656,0.0398777,0.807095,0.221097,0.83955,0.303876,1.07184
51.548299320,0.60507,0.391823,0.741854,0.659114,0.123959,1.01261,0.388607,0.501589,0.0894109,0.859517,0.164105,1.30847
51.594739229,0.778129,0.162866,0.726936,0.727884,0.0134514,0.947911,0.638189,0.394615,0.07569,0.840304,0.159936,1.32696
51.641179138,1.08338,0.139759,1.14556,0.636689,0.0750078,0.78126,0.623183,0.620853,0.047525,0.537275,0.243429,1.11596
51.687619048,1.41177,0.022186,1.80558,0.19941,0.116011,0.709676,0.908845,1.37279,0.0514898,0.000594982,0.291596,0.868509
51.734058957,1.86248,0.00281626,2.03374,0.0047679,0.412769,0.41824,0.71945,2.29875,0,0.102984,0.725642,0.792263
51.780498866,2.33646,0.00297583,1.79804,0.170548,0.713324,0.728343,0.606466,2.44617,0,0.0178116,1.17646,0.385188
51.826938776,2.65684,0,1.27639,0.0464807,0.821613,0.718674,0.750883,2.049,0.136862,0.0418711,1.00739,0.197576
51.873378685,2.60963,0.0441126,0.858853,0.485746,1.08786,0.507707,1.20531,1.07119,0.252426,0.196153,0.346465,0.309373
51.919818594,1.6225,0.058259,0.261826,0.90283,0.781652,0.728386,2.25922,0.0278455,0,0.844184,0.178198,0.70731
51.966258503,0.377453,0.209788,0.265077,1.66381,0.367859,0.504787,2.37045,0.0232073,0.0411647,1.27096,0.291558,1.24402
52.012698413,0.0101806,0.252023,0.229867,1.78227,0.0914403,0.122777,2.3626,0.00739841,0.060065,1.55409,0.617627,1.61303
52.059138322,0.0111748,0.231406,0.264419,1.30724,0.0144368,0.0404151,2.40816,0.0932482,0.0815841,1.57565,0.760573,1.84883
52.105578231,0.0152987,0.133168,0.189147,0.804023,0.0817489,0.0532573,2.36179,0.0206872,0.090794,1.29437,0.572004,2.79554
52.152018141,0.821576,0.00111513,0.121039,0.990776,0.108778,0.0664414,2.28062,0.031024,0.0870637,1.0603,0.182462,2.86863
52.198458050,1.1818,0.00291314,0.119259,1.26799,0.102508,0.0183624,1.86624,0.640147,0.155158,0.99794,0.0982147,2.17483
52.244897959,1.79875,0.020409,0.0798924,1.21388,0.0831647,0.094615,1.34726,0.687609,0.332031,0.793041,0.0406131,1.67605
52.291337868,1.97054,0.00277867,0.0113696,0.782754,0.114806,0.65632,0.781354,1.20596,0.683257,0.00868227,0.0970066,1.43527
52.337777778,1.5555,0.0448377,0.330352,0.181401,0.300929,0.607037,0.73657,1.4443,0.622209,0.10189,0.484387,1.77058
52.384217687,0.875759,0.180448,0.598785,0.22085,1.25955,0.240248,0.516638,0.913181,0.322557,0.109284,0.633906,1.94243
52.430657596,0,0.137681,0.808869,0.375232,2.02533,0.173415,0.715079,0.0315474,1.22971,0.127241,0.449758,2.62411
52.477097506,0,0.0302047,0.677678,0.408576,2.3102,0.253359,0.773148,0.0194627,1.69739,0.135906,0.276443,3.02516
52.523537415,0,0.0018398,0.174965,0.535049,2.62937,0.0193974,0.84171,0.0298518,1.621,0.194966,0.343214,2.88665
52.569977324,0,0.00221946,0.190212,0.374334,2.71348,0.0168729,0.796811,0,1.80781,0.24689,0.327488,2.9911
52.616417234,0.00685325,0.00131529,0.218845,0.183968,3.16034,0.00679043,0.755549,0.0121712,1.89508,0,0.468137,2.76641
52.662857143,0,0.0962022,0.371576,0.193061,2.98956,0.206077,0.66821,0.195024,1.97379,0.00506994,0.432235,2.76384
52.709297052,0,0.108555,0.601661,0.391807,2.23564,0.477579,0.752432,0.171695,2.00565,0.0293855,0.640223,2.55738
52.755736961,0,0.0951035,0.793421,0.445819,1.08283,0.923745,0.83894,0.0679887,1.7864,0.0281285,0.823359,3.05125
52.802176871,0.247848,0.00256176,0.405827,1.154,0.654126,0.888154,1.00219,0.0114388,1.3553,0.11591,0.584949,3.14231
52.848616780,0.725351,0.00336724,0.452886,1.50319,0.755971,0.576577,1.0004,0,1.12133,0.150125,0.345487,2.40294
52.895056689,1.0586,0.00303965,0.621539,1.2953,0.727914,0.553663,0.778315,0.31603,0.656597,0.159349,0,1.74336
52.941496599,1.08329,0.0877277,0.819178,0.457396,0.462058,0.541045,0.832613,0.681724,0.31251,0.754293,0.0723161,1.324
52.987936508,0.784134,0.205437,1.05985,0.215437,0.522293,0.154973,1.1365,0.906933,0.219444,0.776204,0.171221,0.699596
53.034376417,0.242411,0.264635,1.70222,0.176049,0.779455,0.0632329,0.906668,0.652293,0.262278,0.714351,0.712848,0.364465
53.080816327,0,0.687182,1.58365,0.209334,0.900339,0,0.780886,0.937098,0.464563,1.18516,0.917273,0.236606
53.127256236,0,0.851883,0.284001,0.177777,1.29474,0,0.99173,0.978635,0.350191,1.9954,0.768214,0.225838
53.173696145,0.00237545,0.768848,0.321528,0.213282,1.31198,0,0.944416,0.845799,0.190378,2.57946,0.435455,0.524512
53.220136054,0.0105776,0.81271,0.17271,0.228724,1.3507,0,0.709423,0.679313,0,2.96783,0.348573,0.481896
53.266575964,0.0167676,0.850822,0.107078,0.294213,1.40928,0.0178417,0.445948,0.430217,0,2.94692,0.401781,0.716425
53.313015873,0.0232282,0.849564,0.14656,0.216167,1.31314,0,0.355894,0.57593,0,2.73779,0.436381,0.857599
53.359455782,0.0176833,0.901406,0.184503,0.159275,1.44663,0.00223213,0.407596,1.04782,0,2.47761,0.591765,0.962611
53.405895692,0.455696,1.23242,0.167437,0.808298,1.48684,0.00586864,0.409696,1.17261,0.118103,1.98307,0.611792,0.840914
53.452335601,0.923072,0.404234,0.00647129,1.28914,1.05504,0.265698,0.434196,0.773198,0.508833,1.79371,0.353398,0.985773
53.498775510,0.917715,0.00438385,0.003909,1.32736,0.35428,0.533628,0.59409,0.403431,0.631141,1.54052,0.344794,1.22402
53.545215420,0.649257,0.00290504,0.00454272,1.48205,0.534277,0.294957,0.657823,0.379554,0.998859,0.586291,0.215063,1.81878
53.591655329,0.186674,0.00134381,0.00631772,1.3157,1.3077,0.0211841,0.587407,0.540609,1.42518,0.470271,0.285857,2.10085
53.638095238,0.270077,9.231e-05,0.002027,0.775621,2.87022,0.00770934,0.479582,0.504963,1.76381,0.112691,0.363118,2.10208
53.684535147,0.39421,0,0.125846,0.722419,3.19887,0.0113926,0.396832,0.118548,1.64178,0.202972,0.26637,2.42824
53.730975057,0,0,0.0778004,0.845131,2.85426,0.00415301,0.478938,0.0855203,1.65637,0.28909,0.362962,2.58582
53.777414966,3.30523e-05,0,0.320512,0.935561,2.02151,0.0688659,0.511578,0.0200818,1.75368,0.297429,0.26097,2.87616
53.823854875,0,0.0429403,0.31197,1.09717,1.16041,0.522923,0.983649,0.0800327,1.67251,0.137857,0.491698,2.93788
53.870294785,0,0.384361,0.129294,1.92493,0.604371,0.0854811,1.8387,0.0110228,1.16165,0.261248,0.624614,2.76723
53.916734694,0.0504034,0.432622,0.13657,2.00901,0.129602,0.00170901,1.84588,0.0123984,0.500873,0.683827,0.483252,3.01728
53.963174603,0.0711272,0.259691,0.0818837,2.17178,0.154442,0.0136833,1.80182,0,0.0748109,1.01769,0.350761,3.26021
54.009614512,0.0561438,0.2258,0.164999,2.02971,0.13642,0.170746,1.2846,0.0563942,0.0654916,1.07316,0.263774,3.4765
54.056054422,0,0.191754,0.0928903,1.67165,0.097661,0.367718,1.11503,0.0563451,0.261473,0.915359,0.0683467,3.56192
54.102494331,0.387328,0.0621695,0.0175429,1.23866,0.0142137,0.334871,1.04518,0.0399121,0.429638,1.03145,0.218531,3.05738
54.148934240,1.11057,0.00175939,0.0117894,1.36045,0.516886,0.41623,0.499979,0.0371917,0.447326,0.965202,0.156432,1.90313
54.195374150,1.24567,0.0433794,0.00600844,1.77514,0.843621,0.34345,0.182743,1.09442,0.447304,0.869836,0.0905299,0.77169
54.241814059,0.751468,0.0348781,0.00543613,1.95294,0.586644,0.409585,0.162576,1.40617,0.627754,1.10277,0.182784,0.450857
54.288253968,0.133082,0.265504,0.00711635,0.788171,0.850693,0.568656,0.0950544,1.34374,0.621208,1.87834,0.32165,0.760548
54.334693878,0,0.568549,0.0376449,0.0920838,1.24443,0.471064,0.0893832,1.14762,0.555929,2.19061,0.329895,0.861208
54.381133787,0.0656522,0.770998,0.060664,0.199993,1.33249,0.407979,0.0849852,1.1398,0.556578,1.96401,0.377973,0.980589
54.427573696,0.749844,0.465941,0.74141,0.124295,1.00012,0.174528,0.14904,0.859797,0.703373,1.36585,0.529174,0.96148
54.474013605,0.911121,0.0401892,0.774456,0.375812,0.413627,0.0904985,0.994589,0.414892,0.830588,0.728879,0.412349,1.65668
54.520453515,0.238446,0.12837,0.304316,0.910417,0.00747277,0.146067,1.42448,0.0118833,0.22699,0.73816,0.157657,2.93401
54.566893424,0.0423061,0.346584,0.168508,1.18737,0,0.191208,1.48389,0.0236104,0.137368,0.74987,0.038152,3.81415
54.613333333,0.0591069,0.466425,0.116776,1.35224,0,0.1798,1.50534,0.0205193,0.136536,0.727798,0.00326623,3.77246
54.659773243,0.0258094,0.546582,0.158903,1.40205,0,0.431717,1.65841,0.0570493,0.128795,0.769385,0.0090821,3.49585
54.706213152,0,0.64529,0.180867,1.44582,0,0.489309,1.89913,0.0711325,0.25958,0.789636,0.0348343,3.02293
54.752653061,0.748581,0.101504,0.434165,1.2199,0.0208845,0.308511,2.39457,0.0368184,0.0530513,0.728206,0.00131831,1.99486
54.799092971,1.55944,0.0339199,0.290975,0.897505,0.112356,0.132041,2.27243,0.122786,0.148086,0.7471,0.0746038,1.20746
54.845532880,1.88494,0.0951009,0.24831,0.931276,0.0711841,0.0897927,1.6675,0.215787,0.143131,0.643368,0.49697,0.945345
54.891972789,1.73896,0.128304,0.625438,0.89134,0.327001,0.0443149,1.12853,0.40319,0.10251,0.310736,0.608756,1.5782
54.938412698,0.671765,0.263118,0.543355,0.532526,1.381,0.0206677,0.979326,0.758864,0.136267,0.239013,0.458016,2.3483
54.984852608,0,0.0804335,0.379143,0.501282,1.61256,0.146362,0.69295,0.653203,0.814676,0.355869,0.332539,2.7939
55.031292517,0,0.0414441,0.458068,0.38686,1.66646,0.303153,0.498952,0.169173,1.40228,0.351046,0.289993,3.09909
55.077732426,0,0.00211129,0.671542,0.364286,2.56082,0.0390746,0.43863,0.00771956,1.6592,0.328394,0.297529,2.69529
55.124172336,0,0.00296307,0.488584,0.459056,2.63482,0.0595621,0.791443,0.00781241,1.67509,0.35002,0.447445,2.50796
55.170612245,0.0176586,0.00290165,0.396887,0.453329,2.48948,0.0909824,1.03497,0,1.54516,0.272215,0.301279,2.49681
55.217052154,0.146492,0.00237648,0.401807,0.425325,2.50369,0.172817,1.11672,0.0313512,1.76592,0.129181,0.0824843,2.28544
55.263492063,0,0.0454209,0.554613,0.367268,2.46428,0.101912,1.07058,0.109646,1.96283,0.0805508,0.0211291,2.36765
55.309931973,0,0.0733643,0.613946,0.300366,2.14332,0.153869,0.969425,0.164048,1.72284,0.143284,0.44772,2.62435
55.356371882,0.00637184,0.00632515,0.475656,1.26643,0.995313,0.300505,1.18114,0.209595,1.70621,0.285346,0.239177,3.08381
55.402811791,0.486164,0.11939,0.467249,1.59983,0.683469,0.198198,1.20556,0.0808116,1.30032,0.585719,0,2.5284
55.449251701,1.06542,0.134136,0.132043,1.89379,0.446371,0.160683,1.32112,0.542692,0.665031,0.939196,0,1.62196
55.495691610,1.28553,0.128555,0.0189074,1.66051,0.156565,0.170875,1.07858,1.3953,0.386404,0.835497,0,1.27265
55.542131519,1.13226,0.001838,0.307969,1.24292,0,0.411928,0.794478,1.52281,0.505703,0.551394,0,1.31483
55.588571429,0.338707,0.0793563,1.05385,0.645267,1.22579,0.564776,0.674844,1.50478,0.298599,0.567271,0.0815159,1.23301
55.635011338,0.114807,0.114175,1.11753,0.838308,1.67488,0.350635,0.69957,1.2411,0.136458,1.19588,0.354969,0.524498
55.681451247,0.165749,0.324217,0.789499,1.02006,1.48977,0.200317,0.649868,0.928522,0.0128732,1.89135,0.0652587,0.6
55.727891156,0.0956251,0.43256,0.162665,0.80674,1.57201,0.0153419,0.594402,1.11884,0.152594,2.0879,0.0759482,0.925137
55.774331066,0.018794,1.33641,0.128501,0.66028,1.67429,0.0127502,0.475765,1.1956,0.137553,2.17558,0.160768,1.14473
55.820770975,0,1.57026,0.145519,0.671171,1.64934,0,0.364944,0.956393,0.42915,2.02655,0.0850585,1.2722
55.867210884,0.0820249,1.55124,0.068814,0.586123,1.71221,0.0261512,0.5161,0.524141,0.392583,2.14016,0.0764101,1.00372
55.913650794,0.0420071,1.33243,0.191114,0.296535,1.40226,0.10037,0.585965,0.682989,0.40335,1.88468,0.484319,0.839093
55.960090703,0.0806896,0.893892,0.171084,0.145722,0.831544,0.33027,0.556202,1.12433,0.539663,1.52201,0.830386,0.818351
56.006530612,0.84034,0.72344,0.0297696,0.750693,0.942064,0.642034,0.640441,1.1087,0.485175,1.01046,0.68191,0.474507
56.052970522,1.66515,0.158313,0.00747661,0.881392,0.889177,0.785539,1.04396,0.687762,0.570724,0.766565,0.352343,0.784098
56.099410431,1.58708,0.0816686,0.00707042,1.08009,0.632026,0.870107,1.19799,0.675243,0.177221,0.283077,0.235355,1.22328
56.145850340,1.40913,0.00102701,0.0781773,0.821997,0.902764,0.609763,0.74667,0.384496,0.591327,0.582287,0.0910475,1.54554
56.192290249,0.719328,0.00133257,0.438179,0.713603,1.43769,0.130724,0.476491,0.0454534,1.45244,0.749481,0.000763561,1.66134
56.238730159,0.0202149,0.00230243,0.607775,0.374046,2.81631,0.058968,0.741394,0.1039,1.55267,0.237044,0.130179,1.90244
56.285170068,0.0448451,0.00246418,0.335177,0.453004,3.08075,0.048488,0.738019,0.108205,1.42265,0.248606,0.0528009,2.61957
56.331609977,0.205711,0.0596796,0.225498,0.668165,2.557,0.0502033,0.78773,0.0978836,1.22794,0.436382,0.0581729,3.06877
56.378049887,0.280933,0.037629,0.190114,0.717764,2.01058,0.0329302,0.877877,0.0798268,0.907002,0.335297,0.0961932,3.29654
56.424489796,0.301258,0.0133203,0.212281,0.764149,1.17802,0.00607346,2.04802,0.0568589,0.181181,0.407307,0.110159,3.49863
56.470929705,0.0365501,0,0.200621,1.68962,0.398654,0.00917164,2.26317,0.0463398,0.114989,0.764566,0.095396,3.60466
56.517369615,0.0595014,0.000143787,0.129247,2.04726,0.0272919,0.18974,2.28645,0.0143387,0.0687623,0.693043,0.0703028,3.36468
56.563809524,0.068407,0.000672965,0.111344,1.89991,0.0250018,0.215803,2.46702,0.00636335,0.069605,0.51798,0.0311022,3.48357
56.610249433,0.00870508,0.000475307,0.205737,1.7199,0.0192938,0.200145,2.50722,0.0603477,0.0926155,0.3997,0,3.84791
56.656689342,0.0228131,0.000635781,0.119523,1.52376,0.102117,0.230353,1.97511,0.45595,0.203354,0.199264,0,4.19949
56.703129252,0.600518,0.00966462,0.0110716,1.49005,0.406877,0.343184,0.86316,1.18981,0.236143,0.343696,0,3.40455
56.749569161,1.16879,0.00327281,0.00794527,1.24588,0.489606,0.445619,0.728248,1.30058,0.128577,0.541539,0.0001505,2.52297
56.796009070,1.44934,0.00346746,0.00582195,0.865199,0.405033,0.76305,0.630637,1.57054,0.082458,0.84129,0.110426,1.39632
56.842448980,1.62238,0.00401497,0.10312,0.558775,0.529007,1.4364,0.636355,1.68379,0.0916394,1.04326,0.274095,0.566512
56.888888889,1.87885,0.00223049,0.489115,0.353843,0.456333,1.40655,0.596733,1.65649,0.0655889,1.23609,0.69009,0.446356
56.935328798,2.11315,0,1.1224,0.467356,0.414841,1.18997,0.759367,1.25814,0.0384385,0.759382,1.13199,0.536859
56.981768707,1.55946,0.0846215,1.32618,0.35199,0.208244,1.31281,0.616829,1.82742,0.0463506,0.593651,1.95169,0.786122
57.028208617,1.49581,0.156562,1.10952,0.714955,0.0148462,1.30462,0.754072,1.81626,0.0202884,0.623679,2.10158,0.770021
57.074648526,1.53183,0.103258,0.799975,0.596051,0.168694,1.09195,0.914418,1.12812,0.364006,0.675111,1.69637,0.670218
57.121088435,0.847651,0.0129047,0.244743,0.496421,0.336308,1.00524,1.03063,0.610153,0.37574,0.325881,1.09797,1.32021
57.167528345,1.05267,0.285576,0.454763,0.0794617,0.166108,0.179925,1.25071,0.586121,0.0799434,0.101006,1.02755,1.48302
57.213968254,0.757129,0.493011,0.791691,0.0687782,0.214486,0.00596211,2.26651,0.38925,0.0558425,0.239055,0.918431,0.942189
57.260408163,0.549523,0.378572,0.966208,0.149929,0.0582633,0.103192,3.04455,0.128282,0.0435326,0.197747,0.698205,0.800483
57.306848073,0.19614,0.627543,0.417539,0.0291912,0.0218354,0.274674,3.48337,0.0171205,0.175472,0.146992,0.765757,0.442083
57.353287982,0.185971,0.785462,0.29018,0.0186959,0.00520064,0.393556,3.45942,0.0248382,0.276671,0.188665,0.605378,0.560879
57.399727891,0.324233,1.01388,0.24708,0.219354,0.00781513,0.358349,3.38391,0.19106,0.120589,0.151209,0.596695,0.696649
57.446167800,0.433929,1.12417,0.17813,0.0828691,0.0269351,0.0724609,3.38677,0.407453,0.0941458,0.0655973,0.66875,0.721968
57.492607710,0.400685,1.08839,0.18567,0.00454034,0.0877193,0.0235771,3.3717,0.208678,0.0688436,0.0511945,0.77765,0.744745
57.539047619,0.20069,0.805318,0.515803,0.0547137,0.11978,0.0126149,3.11616,0.256481,0.00295126,0.124266,0.735245,0.639637
57.585487528,0.0803641,0.456268,0.604949,0.233328,0.112688,0,3.15576,0.237312,0.0056409,0.15565,0.707144,0.333583
57.631927438,0.0978526,1.18569,0.167264,0.399434,0.114482,0,3.36855,0.137393,0.0184513,0,0.710867,0.519254
57.678367347,0,1.54782,0.174441,0.552754,0.140926,0.0604963,3.01849,0.146465,0.0575474,0,0.700344,0.845522
57.724807256,0,1.82819,0.124098,0.355437,0.119768,0.034832,2.76172,0.220161,0.0981237,0,0.878362,0.932277
57.771247166,0,2.02824,0.117692,0.104085,0.264541,0,2.38102,0.394295,0.094869,0.0257305,1.02528,0.916488
57.817687075,0,1.97095,0.138246,0.0215746,0.149974,0.0403464,2.68814,0.178862,0.0697859,0.0612207,1.16355,0.907436
57.864126984,0,1.5069,0.213521,0.0113669,0.0571349,0.0041325,3.6278,0.0316492,0.0115038,0.138593,1.13792,0.585794
57.910566893,0.000931694,1.2475,0.178725,0.186729,0.0501038,0,3.60174,0.0615166,0.00228038,0.161025,0.90354,0.262707
57.957006803,0.109625,1.32252,0.175155,0.0219991,0.0793961,0.276168,3.24546,0.45781,0.0395869,0,0.976071,0.132872
58.003446712,0.00893041,1.28821,0.16928,0.241745,0.100761,0.444905,2.19663,0.838633,0.230323,0.00275099,1.11068,0.47148
58.049886621,0,1.16169,0.106145,0.175782,0.146827,0.461608,1.28036,0.845077,0.179565,0.0105597,1.38824,0.609557
58.096326531,0,1.18358,0.0766045,0.00422386,0.159642,0.523255,0.71365,0.27889,0.500029,0.0182397,1.78566,0.52752
58.142766440,0.188153,0.803771,0.0742953,0.41443,0.0501697,0.561928,0.529291,0.040782,1.59217,0.480781,1.47171,0.505875
58.189206349,0.22035,0.201365,0.0544835,0.715813,0.015926,0.330977,0.592896,0.0238863,2.313,0.533756,0.843508,0.635607
58.235646259,0.227348,0.0274176,0.16227,1.04141,0.013978,0.215799,0.569873,0,2.97265,0.172926,0.411435,0.429895
58.282086168,0.162915,0.146854,0.125178,1.04822,0.114191,0.310776,0.497866,0.0554182,3.29823,0.0756683,0.392957,0.197148
58.328526077,0.188017,0.537729,0.161564,1.00101,0.175938,0.56924,0.46701,0.037884,3.41506,0.0168735,0.508843,0.892983
58.374965986,0.202367,0.588041,0.194244,0.801429,0.292116,0.491226,0.477887,0.313367,3.00272,0.0351921,0.715325,0.966026
58.421405896,0.100524,0.639417,0.119175,0.799458,0.39527,0.552843,0.489022,0.555188,2.62049,0.0273906,0.621413,0.887454
58.467845805,0.0607578,0.59665,0.665674,0.809387,0.168269,0.367121,1.00937,0.666783,2.22366,0.059564,0.536391,0.961019
58.514285714,0.384804,1.04259,0.855899,0.256957,0.163773,0.0114631,2.31407,0.408116,0.436355,0.097386,0.806679,0.633056
58.560725624,0.600358,1.15309,0.403913,0.427478,0.147947,0,3.04446,0.357106,0.00972505,0.103042,0.29347,0.186783
58.607165533,0,1.47604,0.00152222,0.818152,0.147005,0.615204,2.87342,0.418852,0.020368,0.0364426,0.26223,0.976332
58.653605442,0,1.74636,0.119548,0.690494,0.26759,0.541028,2.86275,0.315283,0.166142,0.0486252,0.425852,1.14208
58.700045351,0,1.91846,0.139213,0.329963,0.4182,0.463575,2.38869,0.0636373,0.292011,0.0226237,0.754919,1.06906
58.746485261,0,1.73032,0.102444,0.0337096,0.503511,0.278351,2.26942,0.129446,0.178016,0.0273163,1.05041,1.00253
58.792925170,0,1.53115,0.0944488,0.00308936,0.451467,0.26643,2.2959,0.27971,0.0877851,0.0619431,0.991241,0.868013
58.839365079,0,1.34423,0.0834525,0.110967,0.897106,0.00987353,2.2542,0.241507,0.0301009,0.136412,1.06103,0.465691
58.885804989,0,1.196,0.0768996,0.815158,0.896715,0,2.36549,0.360557,0.0197635,0.0941208,0.798749,0
58.932244898,0.0387376,1.36066,0.569395,0.46682,0.636022,0,1.67668,0.46525,0.0369279,0.00304428,0.793579,0.706551
58.978684807,0.188318,1.10644,0.732706,0.384444,0.391556,0.173522,1.20817,0.349357,0.0960683,0.156689,0.964611,1.01673
59.025124717,0.160784,0.561617,0.653451,1.11206,0.161496,0.218769,0.743804,0.261661,0.270278,0.0264844,1.24993,1.0785
59.071564626,0.0965238,0.191001,0.50209,1.97449,0.00213455,0.128043,0.641587,0.211045,0.314653,0.00439938,1.69115,0.997396
59.118004535,0.0273819,0.085303,0.241956,2.76913,0,0.204482,0.610577,0.186577,0.147941,0.0366991,2.04841,0.654828
59.164444444,0.00500729,0.0927929,0.302643,3.51001,0,0.103777,0.780647,0.140518,0.0953164,0.124143,1.82738,0.323646
59.210884354,0.915041,0.100396,0.260855,3.33009,0,0.0710891,0.509583,0.0243579,0.037565,0.130319,1.38562,0.392516
59.257324263,1.7064,0.304759,0.0110123,2.1009,0.143222,0.397278,1.21886,0.594754,0.0892067,0.0963654,1.13761,0.643786
59.303764172,1.39148,0.305322,0.0218029,1.57736,0.268845,0.867652,1.45316,0.762471,0.207448,0.000447495,0,1.29004
59.350204082,1.28189,0.271662,0.111946,1.55692,0.367213,0.94591,1.72698,0.589647,0.238339,0.036949,0.0120621,1.00563
59.396643991,0.95887,0.229241,0.0742851,1.39672,0.311115,1.35195,1.92181,0.403719,0.266518,0.272646,0.178436,0.478509
59.443083900,1.00407,0.39179,0.0183102,1.05041,0.184252,1.41162,1.85155,0.155887,0.0994124,0.665966,0.351494,0.419676
59.489523810,0.568239,0.714393,0.819547,0.170443,0.833322,1.14398,1.46794,0.120153,0,0.663473,0.670111,0.352425
59.535963719,0.673491,0.854283,0.661841,0.201978,1.03983,0.811229,1.75358,0.28902,0.0803633,1.27351,1.01421,0.415534
59.582403628,0.850178,0.699847,0.246264,0.321302,0.918953,0.625107,1.83692,0.14086,0.0962427,1.32993,0.809019,0.522939
59.628843537,0.583356,0.487764,0.328266,0.691495,0.37268,0.554856,1.97946,0.0334315,0.117966,1.02151,0.752949,0.859845
59.675283447,0.528129,0.0881156,0.318741,1.61864,0.025338,0.399566,2.34558,0.110427,0.114592,1.04361,0.706658,1.53903
59.721723356,0.347315,0.00338997,0.307905,2.25795,0.0458773,0.384805,2.22226,0.0235032,0.0840851,1.03583,0.207334,2.73803
59.768163265,0.145931,0.00294756,0.141268,2.17143,0.0807419,0.448167,1.98307,0.00295552,0.0446268,1.13948,0.323564,2.82209
59.814603175,0.112935,0.0014737,0.1632,2.04,0.138126,0.676787,1.84302,0,0.0606751,0.947778,0.277139,2.77405
59.861043084,0.0637768,0.0512262,0.132139,1.9361,0.118982,0.71968,2.00506,0,0.0697289,0.965557,0.0846648,2.91665
59.907482993,0.0298877,0.1946,0.0775309,1.72705,0.137179,0.451193,1.84834,0.0236025,0.0794154,0.793011,0.0181814,3.13716
59.953922902,0.606293,0.197062,0.40644,1.32927,0.176938,0.294997,1.7259,0.187217,0.0674722,0.462595,0.00182965,2.71388
60.000362812,0.860711,0.214025,0.348694,0.988522,0.414115,0.411654,1.41778,0.923195,0.0652997,0.0665188,0,1.73752
60.046802721,0.586951,0.164636,0.306773,0.944115,0.337954,0.449187,1.07111,1.47463,0.208139,0.154668,0.0679124,1.16808
60.093242630,0.320639,0.099139,0.700572,0.881319,0.500376,0.335205,1.8085,1.14036,0.561414,0.0371594,0.101633,1.65199
60.139682540,0.400133,0.096918,0.650844,0.619431,2.07192,0.0382562,1.00024,0.672797,1.0876,0.00789723,0.122687,2.04853
60.186122449,0.126258,0.00116239,0.365615,0.637593,3.00292,0.00744684,0.589348,0.0653997,1.72177,0.208913,0.044742,2.2589
60.232562358,0,0.00179082,0.35513,0.621784,3.22047,0.00612499,0.494155,0.051518,1.84746,0.204265,0.0932324,2.34897
60.279002268,0,0.00265814,0.260122,0.46011,3.27794,0.00708441,0.512209,0.0366431,1.92721,0.2168,0.148624,2.35617
60.325442177,0,0.00280413,0.244305,0.264566,3.33126,0.0166546,0.467787,0.0254542,2.03961,0.215558,0.0763015,2.47318
60.371882086,0.017982,0.00120742,0.387321,0.155214,3.46988,0.0147244,0.504112,0.0339334,1.84508,0.098896,0.0694295,2.30273
60.418321995,0,0.164657,0.5129,0.108462,3.13142,0.102797,0.581026,0.12734,1.74324,0.00947178,0.0813887,2.31066
60.464761905,0,0.258126,0.532107,0.194748,2.75034,0.414676,0.752403,0.0246841,1.33646,0.000193664,0.272471,2.35192
60.511201814,0.162026,0.200645,0.335279,0.646195,2.47345,0.133789,1.08356,0.0466999,0.712431,0.332276,0.711126,1.82081
60.557641723,0.796939,0.172528,0.0182032,1.15975,1.88227,0.0761211,1.03779,0.568457,0.414724,0.753679,0.0524465,1.23605
60.604081633,1.26561,0.346207,0.00377499,1.12322,1.4502,0.056176,1.1089,1.10194,0.397188,0.733834,0,0.797768
60.650521542,1.47913,0.390555,0.00508734,0.963696,1.34205,0.115615,1.09726,1.45579,0.393533,0.472605,0,0.353789
60.696961451,1.00381,0.507783,0.00607226,0.594713,0.922582,0.784274,0.685824,1.94247,0.188326,0.561308,0.0554647,0.561272
60.743401361,0.155693,0.698296,0.0901192,0.100862,0.724992,0.959239,0.387555,2.48816,0.0225928,0.437863,0.284774,0.882867
60.789841270,0,1.36233,0.0616315,0.227183,1.27797,0.630914,0.195403,2.51015,0.0374631,0.677222,0.901695,0.563421
60.836281179,0,1.80338,0.201522,0.591566,1.40397,0.0705504,0.0770057,2.03823,0.0401818,1.43579,0.459564,0.323491
60.882721088,0,1.63621,0.238846,0.8447,1.5093,0,0.0481264,1.66801,0.00837359,2.05338,0.314786,0.467401
60.929160998,0,1.39886,0.262855,0.811664,1.53377,0.00158202,0.206052,1.22687,0,1.97618,0.300246,0.694264
60.975600907,0,1.36911,0.26036,0.741782,1.48171,0,0.199939,1.05463,0.00103668,1.79958,0.342859,0.88951
61.022040816,0,1.16124,0.286486,0.633952,1.07223,0.604021,0.340865,0.868557,0.00972493,1.62884,0.197722,1.29754
61.068480726,0,1.04256,0.333907,0.270339,0.996706,0.907194,0.496905,0.806008,0.176558,1.28927,0.346529,1.37572
61.114920635,0,1.11504,0.329831,0.349532,1.23002,0.771353,0.485685,0.887575,0.445191,1.11988,0.474614,1.22431
61.161360544,0,0.956824,0.194044,1.05574,1.12268,0.660408,0.157314,1.10816,0.362582,1.60328,0.273592,1.44467
61.207800454,1.13004,0.276226,0.0452808,1.47069,0.928243,0.322749,0.303631,0.525733,0.462558,1.7216,0.272804,1.00953
61.254240363,1.67691,0.211531,0.00844156,1.54743,0.680463,0.057958,0.306341,0.387876,0.383775,1.40275,0.237018,0.600295
61.300680272,1.26599,0.131634,0.00489513,1.59992,1.08083,0.114955,0.108927,0.651972,0.441039,1.00319,0.134569,1.2876
61.347120181,0.359784,0.13383,0.0742082,1.39556,2.21205,0.0469595,0.198145,0.532336,0.771898,0.490478,0.00175704,2.35036
61.393560091,0.425549,0.149722,0.199137,0.625724,3.03517,0.0213972,0.378774,0.179957,1.23919,0.492499,0.0615115,2.36331
61.440000000,0.254248,0.210346,0.452709,0.355871,3.052,0.0211583,0.418039,0.0697703,1.57176,0.576206,0.0461644,2.45112
61.486439909,0,0.157421,0.42069,0.0901553,3.25962,0.230119,0.510015,0.0735378,1.75218,0.20365,0.389082,2.48976
61.532879819,0,0.0759055,0.395066,0.178133,3.09991,0.282567,0.593753,0.189976,1.73276,0.0797124,0.266093,2.6394
61.579319728,0,0.0660258,0.201968,0.422374,2.80905,0.295532,0.658209,0.504466,1.10922,0.483027,0.101841,2.55168
61.625759637,0,0.137768,0.196162,0.677779,1.93711,0.228025,1.50831,0.140959,0.250443,0.796428,0.00836355,2.57938
61.672199546,0,0.0389025,0.157469,1.43771,0.164206,0.0538938,2.09871,0.0287437,0.0595893,0.755516,0.0714221,3.35104
61.718639456,0,0.116746,0.181693,1.28007,0.0131256,0.00334293,2.39231,0.110594,0.137396,0.687822,0.0908286,3.44304
61.765079365,0,0.317079,0.122144,1.00922,0.0251884,0.171627,2.58863,0.167934,0.0835854,0.575028,0.38546,3.44749
61.811519274,0,0.634607,0.00506975,0.584262,0.35225,1.09205,2.33355,0.0869398,0.0694674,0.396609,0.448781,3.05135
61.857959184,0.795542,0.449768,0.00464188,0.644592,1.02362,1.31666,1.80681,0.557052,0.143825,0.457511,0.620203,1.40799
61.904399093,1.3895,0.431765,0.00384088,0.497265,0.774104,0.902988,0.861798,1.30283,0.176298,0.397928,0.230601,1.09266
61.950839002,1.25876,0.432546,0.00601293,0.401182,0.647201,0.241071,0.497506,1.63764,0.152114,0.428131,0.287309,0.374537
61.997278912,0.533424,0.408972,0.0703603,0.416897,1.5801,0.0222136,0.183042,2.02462,0.0201958,0.797889,0.195142,0.405218
62.043718821,0.176341,0.403324,0.0573501,0.122211,1.79128,0.0197847,0.350007,1.92463,0.00784376,1.30001,0.23172,0.667845
62.090158730,0.0495462,0.151902,0.00222919,0.4959,1.70866,0.12079,0.366528,1.41282,0.0327667,1.80287,0.287516,0.983114
62.136598639,0.00200415,0.0628202,0.0121864,0.714121,1.60926,0.14252,0.358684,1.28213,0.0980861,2.06917,0.380368,1.24161
62.183038549,0,0.105193,0.0306127,0.789507,1.61992,0.0711242,0.377026,1.06377,0.211852,2.10394,0.434974,1.48342
62.229478458,0,0.1484,0.167228,0.441076,1.78193,0.105912,0.442375,0.885702,0.457676,1.66903,0.522633,1.95543
62.275918367,0,0.359803,0.200068,0.079957,1.96086,0.156522,0.568648,0.807691,0.842163,0.614607,0.814617,1.99249
62.322358277,0.337965,0.437682,0.16937,0.0836121,1.13205,0.41821,0.670234,0.523838,1.0936,0.313324,0.883401,1.2441
62.368798186,0.468275,0.107302,0.276952,1.03588,0.239142,0.224246,0.823966,0.659973,0.0446049,1.10779,1.65867,0.591046
62.415238095,0.0491818,0.0940205,0.677808,1.7589,0,0.117118,0.716007,0.822957,0.0129364,0.792805,1.71625,0
62.461678005,0,0.353935,0.259235,1.86091,0.0212322,0.419508,0.29805,0.846084,0.010251,0.674733,1.85189,0.039522
62.508117914,0,0.465172,0.290416,1.53931,0.667573,0.365844,0.220152,0.973303,0.00323729,0.027114,1.67607,0.630239
62.554557823,0,0.344379,0.206117,1.39157,1.05253,0.18715,0.397909,0.888104,0.0723256,0.0146328,1.53642,1.02107
62.600997732,0,0.197273,0.167653,1.99741,0.868213,0.00961696,0.565356,0.69128,0.0949311,0.0202421,1.74386,0.976194
62.647437642,0,0.0846133,0.153666,2.62571,0.594931,0.00142897,0.514454,0.597029,0.086658,0.0338035,1.82187,0.737753
62.693877551,0,0.0559366,0.193781,3.02134,0.282671,0.00210581,0.702324,0.422372,0.0318995,0.119249,1.70154,0.348242
62.740317460,0,0.0572187,0.221679,3.15977,0.182204,0,0.818375,0.174684,0.000382206,0.338569,1.45491,0.234804
62.786757370,0.0640983,0.0624853,0.195557,2.85663,0.152883,0,0.415494,0.428653,0.0112229,0.0871344,1.98231,0.538973
62.833197279,0,0.436554,0.290408,2.374,0.0255048,0.179823,0.160374,0.66489,0.178139,0,2.05294,0.91871
62.879637188,0,0.304925,0.119431,2.25004,0.00264329,0.329581,0.324111,0.558163,0.358859,0.000566898,1.93733,1.11195
62.926077098,0,0.238131,0.0827578,2.4253,0.0309481,0.210769,0.427225,0.515451,0.35988,0.00700602,1.93448,1.05564
62.972517007,0,0.13522,0.0844284,2.76078,0.0107832,0.356084,0.493212,0.478696,0.316895,0.0226653,1.86477,0.890525
63.018956916,0.00882646,0.0504918,0.0968544,3.31277,0,0.158195,0.570639,0.470121,0.0543831,0.0614603,1.68706,0.556332
63.065396825,0.161682,0.0529158,0.0985057,3.75932,0,0.0616217,0.684522,0.532122,0.0489947,0.104796,1.49004,0.424168
63.111836735,0.127479,0.201458,0.0131913,3.67787,0.141158,0.0276152,0.59267,0.637872,0,0,1.47995,0
63.158276644,0.0479422,0.340711,0.084917,2.92196,0.206573,0.404094,0.197718,0.757907,0.0265095,0,2.12454,0.198926
63.204716553,0,0.299316,0.113644,2.2461,0.28527,0.316628,0.40622,0.747029,0.0907756,0,2.14503,0.350491
63.251156463,0,0.190257,0.377813,1.73872,0.40902,0.109146,0.475394,0.66886,0.0966201,0.000245211,2.09574,0.459731
63.297596372,0.04125,0.0287695,0.713313,1.29038,0.835806,0.0937651,0.499446,0.459584,0.23014,0.0372228,1.76993,0.589528
63.344036281,0.021503,0.00359813,0.769742,0.954485,1.56535,0.195841,0.652944,0.304118,0.223478,0.194565,1.11056,0.969251
63.390476190,0,0.0092845,0.732768,0.301636,1.79309,0.629353,0.640749,0.32788,0.0386832,0.225584,0.810682,0.950847
63.436916100,0.0729475,0.524809,0.127173,0.301741,1.78496,0.552737,0.647131,0.195218,0.0832742,0.127998,1.11707,1.07205
63.483356009,0.00825756,0.512348,0.222578,0.547992,2.4166,0.737119,0.240689,0.36911,0.268702,0.0419882,1.10653,1.16193
63.529795918,0,0.3226,0.308745,0.654103,2.34001,0.701892,0.416361,0.193697,0.453543,0,0.989512,1.10968
63.576235828,0.144466,0.192613,0.404154,0.9152,2.17569,0.309379,0.461811,0.340766,0.354421,0,1.00773,1.08233
63.622675737,0.302038,0.067158,0.344682,0.844582,2.06929,0.00637917,0.542215,0.288724,0.21698,0.0302209,1.06064,1.11442
63.669115646,0.17355,0.0745729,0.230014,0.982978,2.19087,0.00686499,0.668452,0.101179,0.0585774,0.116026,1.09701,0.617744
63.715555556,0.203797,0.107282,0.222039,1.17549,2.34241,0.00128609,0.50551,0.32558,0.011034,0.134052,0.876134,0.219589
63.761995465,0.304156,0.308145,0.0624913,0.808432,2.43147,0.0100626,0.276527,0.657142,0.0152641,0.00555274,1.74843,0.162295
63.808435374,0.182733,0.474581,0.15673,0.36901,1.8992,0.58478,0.364968,1.19213,0.0740182,0.00673144,2.20768,0.142624
63.854875283,0.0518142,0.472275,0.379196,0.952484,0.943583,0.604689,0.653034,1.1283,0.0673842,0.00503876,2.28638,0.247865
63.901315193,0,0.278335,0.17986,0.180509,1.99446,0.368387,0.771889,0.84854,0.191983,0.00823478,2.34326,0.347876
63.947755102,0,0.232615,0.107737,0.0206404,2.83571,0.296776,0.532855,0.256122,0.380297,0.0346577,0.984902,1.17852
63.994195011,0.0299582,0.196186,0.0875447,0.0249605,2.78589,0.00171058,0.614571,0.215326,0.341207,0.102043,0.780016,1.3311
64.040634921,0.0818207,0.174153,0.19457,0.0815327,2.69145,0,0.614181,0.241525,0.302957,0.137545,0.76505,1.18684
64.087074830,0.113109,0.237375,0.231916,0.336097,2.69694,0,0.483279,0.240818,0.128341,0.112865,0.948572,1.06974
64.133514739,0.0459219,0.241978,0.333528,1.00646,2.09737,0.0331115,0.450337,0.545829,0.128205,0.25622,1.07583,0.987118
64.179954649,0.0378423,0.396211,0.294988,1.28192,0.735294,0.0521765,0.495457,0.586083,0.63663,0.999198,1.13402,0.000134025
64.226394558,0.200779,0.296365,0.745855,1.19894,0.358857,0.0457708,0.460226,0.452034,0.731648,0.66006,1.34096,0.0888171
64.272834467,0.205217,0.12948,0.889842,1.0074,0.0775274,0.533244,0.384614,0.302464,0.749085,0.364961,1.57131,0.297737
64.319274376,0.165127,0.0511978,0.789223,0.568839,0.0426576,1.55977,0.391102,0.257225,0.660146,0.107129,0.891151,1.65443
64.365714286,0.254717,0.160834,0.430599,0.351248,0.0979406,1.45596,0.345638,0.795585,0.17662,0.0116475,0.364977,2.47517
64.412154195,1.59805,0.686261,0.23928,0.981158,0.180389,0.555496,0.452644,0.955768,0.00158558,0.60543,0.000307076,1.55545
64.458594104,1.83617,0.95678,0.232145,0.976617,0.135763,0.537238,0.396393,1.17611,0.0476054,0.604196,0.0504182,0.991937
64.505034014,1.78586,0.711793,0.254713,0.816852,0.111195,0.425078,0.751303,1.3818,0.381708,0.423368,0.101399,1.21289
64.551473923,1.4246,0.328358,0.321115,0.715403,0,0.41656,1.19387,1.65473,0.467705,0.16531,0.103711,1.83826
64.597913832,0.447677,0,0.242518,0.638693,0.0606891,0.55935,1.34933,2.08476,0.221375,0.0404115,0.0874399,2.89856
64.644353741,0.524273,0.00312974,0.573796,0.481478,0.0262734,0.613138,1.39815,1.87538,0.0411871,0.128829,0.0476974,3.12739
64.690793651,0.389574,0.0715305,0.425382,0.234449,0.0221665,0.545867,1.30702,1.80536,0.0399865,0.27259,0.195403,3.16382
64.737233560,0.568502,0.169161,0.0544547,0.755681,0.118313,0.987411,1.13419,1.07676,0.0500295,0.272119,0.0406516,3.18149
64.783673469,0.441876,0.139375,0.144794,0.780119,0.0283366,0.863665,1.596,0.56244,0.0748628,0.108415,0.0244167,3.03824
64.830113379,0.22799,0.0919194,0.1491,0.744199,0.0106894,0.448853,1.88126,0.115678,0.110542,0.15278,0.00501294,3.43338
64.876553288,0.102876,0.000709989,0.204595,0.960258,0,0.107698,1.94108,0.05442,0.114328,0.806145,0.0111098,3.42881
64.922993197,0.13383,0.00120686,0.164092,1.13123,0,0.0639467,2.30482,0.00292913,0.175936,1.17398,0.21695,3.35348
64.969433107,0.110808,0.00102781,0.214444,1.30085,0.0692124,0.0362574,2.21827,0.0976992,0.449054,1.21836,0.468663,3.23536
65.015873016,0,0.000913308,0.127338,1.6222,0.152593,0.0238631,1.93887,0.163857,0.482765,0.984025,0.159931,3.41346
65.062312925,0.430443,0.00159736,0.372347,1.44288,0.0889146,0.0169738,1.73977,0.0845278,0.198473,0.749542,0.05859,3.47401
65.108752834,1.28854,0.00199736,0.438698,1.12957,0.0704592,0.00445203,1.55867,0.159996,0.0332267,0.81769,0.0787928,2.65081
65.155192744,1.56276,0.00199885,0.272574,1.05278,0.485017,0.304493,1.14427,0.5882,0,0.91548,0.108893,2.15556
65.201632653,1.24983,0.00400007,0.322834,1.19744,0.388014,0.472103,1.19784,0.828167,0.022953,0.630869,0.0544582,2.35687
65.248072562,0.455118,0.198777,0.599849,0.877707,0.675073,0.397052,1.33851,1.0906,0.115114,0.520096,0.17239,2.46263
65.294512472,0.056875,0.213851,0.479002,0.775135,1.09972,0.542058,1.26188,0.975684,0.539066,0.666681,0.498344,2.34204
65.340952381,0,0.109883,0.382867,0.559175,1.705,0.484493,0.891735,0.0533605,1.32007,0.661811,0.186175,2.68706
65.387392290,0,0.032728,0.673619,0.404349,2.29012,0.186508,0.492618,0.0425959,1.63729,0.397899,0.0902506,2.74016
65.433832200,0,0.00237934,0.627264,0.417212,2.61085,0,0.48964,0.0290576,1.58804,0.319463,0.344546,2.56515
65.480272109,0,0.00224718,0.532231,0.2983,2.78495,0,0.453674,0.00169171,1.69904,0.285892,0.267236,2.57483
65.526712018,0,0.00107705,0.388202,0.175972,2.51878,0.00479164,0.519441,0.0462729,1.89198,0.523726,0.0341436,2.55302
65.573151927,0,0.0524427,0.408519,0.10439,2.46199,0.0285592,0.57741,0.276821,1.9973,0.365111,0.0230757,2.59198
65.619591837,0,0.0300044,0.605759,0.0116818,2.23399,0.0606808,0.544582,0.16272,1.84714,0.130619,0.00358474,2.63025
65.666031746,0,0.0050662,0.44051,0.690633,1.85731,0.0829193,0.762962,0.0694726,1.71231,0.175416,0.000889365,2.7919
65.712471655,0.453074,0.00102322,0.167674,1.26064,1.50409,0.454009,1.11416,0.0622876,1.12151,0.359792,0.000673867,2.51879
65.758911565,1.04052,0.00152535,0.0654316,1.43705,1.18155,0.574443,1.09864,0.0752392,0.908999,0.579442,0.0011217,2.03974
65.805351474,1.33941,0.00218602,0.0356269,1.39653,0.936046,0.415777,1.01488,0.126652,0.668861,0.432913,0.0013662,1.87005
65.851791383,0.975233,0.0188942,0.036582,1.08849,0.867645,0.243016,0.68331,0.717512,0.61459,0.436669,0.155338,2.05335
65.898231293,0.738947,0.288338,0.119219,0.53017,1.1104,0.0946068,0.509722,1.09752,0.28291,0.711141,0.20725,1.83494
65.944671202,0.0918471,0.33063,0.115578,0.483545,1.36945,0.233584,0.391437,1.34072,0.587865,0.808339,0.513683,1.76923
65.991111111,0.0192844,0.810385,0.165436,0.471255,1.73764,0.0358525,0.668976,1.44675,0.414071,1.39722,0.573166,0.558159
66.037551020,0,1.14277,0.171717,0.73716,1.98949,0.0209258,0.80958,1.59243,0.0952764,1.542,0.328802,0.162889
66.083990930,0.134717,1.30597,0.157225,0.848941,1.92228,0,0.752752,1.51972,0,1.60751,0.337403,0.152462
66.130430839,0.260228,1.23206,0.172532,0.879012,1.65431,0.0203816,0.553578,1.21366,0,1.74848,0.419592,0.261308
66.176870748,0.0808881,1.18083,0.0258085,0.872544,1.39984,0.160499,0.525178,0.875059,0,2.08759,0.505594,0.198754
66.223310658,0.084639,0.956443,0.116021,0.230115,1.39254,0.250232,0.714095,0.909816,0.366803,1.64291,0.63315,0.138598
66.269750567,0,1.38369,0.155757,0.0960015,1.22901,0.199791,0.703588,1.15212,0.493823,1.52442,0.819949,0.132425
66.316190476,0.421969,1.11095,0.133074,1.22192,0.948807,0.578866,0.5965,0.886775,0.499002,1.46348,0.644487,0.222332
66.362630385,1.29339,0.938506,0.0493637,1.5035,0.408904,0.657277,0.360902,0.225693,0.510706,1.60819,0.17759,0.467526
66.409070295,1.65069,0.795846,0.00642891,1.3839,0.259857,0.650677,0.288838,0,0.435361,1.56383,0.269179,1.04604
66.455510204,1.56626,0.30332,0.00511608,1.19994,0.563328,0.291181,0.318042,0,0.440131,1.00533,0.547597,1.69332
66.501950113,0.846236,0.236678,0.00573318,1.03024,1.02805,0.0415515,0.413925,0.00373168,1.01215,0.279598,0.589154,2.38066
66.548390023,0.372571,0.205155,0.181473,0.395195,1.86576,0.0237371,0.654669,0.0783372,1.35725,0.421482,0.729062,2.54408
66.594829932,0.28329,0.187332,0.32956,0.422318,1.81954,0.0455871,0.742712,0.090512,1.38741,0.464748,0.595095,2.55562
66.641269841,0.000354462,0.131121,0.187155,0.522537,1.50128,0.0377003,0.946638,0.0821447,1.4841,0.515632,0.750495,2.74319
66.687709751,0,0.014636,0.0746052,0.525684,1.36512,0.0142095,1.44015,0.123527,1.50202,0.22548,0.670544,2.95271
66.734149660,0.00483913,0,0,1.1344,0.935194,0.0167461,2.07988,0.0786856,1.06124,0,0.452513,2.9202
66.780589569,0.0570183,0,0.00161746,2.01584,0.566655,0.431694,2.38476,0.0653955,0.564428,0.312694,0.14637,2.74938
66.827029478,0.0434819,0.382742,0.101639,2.34335,0.0920412,0.212525,2.03555,0.026882,0.107721,0.712439,0.120409,2.86234
66.873469388,0.0287387,0.384968,0.145787,2.27981,0.000416785,0.0683284,2.05852,0,0.1212,0.749855,0.773482,2.75065
66.919909297,0,0.561082,0.208763,1.93957,0.002958,0.107344,2.20183,0,0.133037,0.686471,0.807616,2.87226
66.966349206,0.0152938,0.82317,0.10381,1.8664,0.045542,0.199853,2.44126,0,0.0792259,0.600055,0.479696,2.62947
67.012789116,0.965031,0.468795,0.0264228,1.27542,0.148621,0.0873788,2.21293,0,0.0196648,0.546054,0.398929,2.19963
67.059229025,1.90962,0.0441537,0.104688,0.693493,0.155417,0.405492,1.68951,0,0.0730304,0.372916,0.235296,1.53598
67.105668934,1.95089,0.00202043,0.169728,0.279689,0.211057,0.964326,1.103,0.0949255,0.261684,0.540117,0.205598,1.07521
67.152108844,1.79904,0.00177792,0.318519,0.211612,0.629309,1.19533,1.06973,0.402866,0.277731,0.959661,0.327581,0.762658
67.198548753,2.04374,0.229489,0.418795,0.046285,0.848195,1.06568,0.681219,1.71993,0.24418,1.30442,0.45134,0.623803
67.244988662,2.18934,0.172049,1.5879,0,0.87474,1.03885,0.434253,2.58499,0.221017,0.388695,0.578148,0.234058
67.291428571,2.36967,0.0701722,1.99487,0.0776125,0.764722,0.860178,0.210139,2.59243,0.0103439,0.197737,0.811595,0.154759
67.337868481,1.72049,0.183627,1.4273,0.0368691,0.74257,0.737688,0.219057,2.75115,0.00136119,0.0730839,1.56749,0.412992
67.384308390,0.972162,0.208334,1.07741,0.0279548,0.696294,0.738723,0.405848,2.22923,0.0654187,0.00281399,1.46967,0.553197
67.430748299,0.347082,0.208354,0.741021,0.0205039,0.329882,0.822638,0.487756,1.75347,0.127821,0.0516987,1.08855,1.0692
67.477188209,0.0454475,0.922805,0.552603,0.0151213,0.0642568,0.480138,2.62831,0.0938733,0.178833,0.00786638,1.24356,0.517385
67.523628118,0.392695,0.785229,0.70952,0.103555,0.0586432,0.0845856,3.14145,0.0318782,0.0544211,0.0399333,1.19278,0.241358
67.570068027,0.509278,0.783283,0.661137,0.515263,0.0819431,0.011169,3.33033,0.0338467,0.167175,0.113932,0.668379,0.160414
67.616507937,1.75676,0.829765,0.22693,0.5598,0.106339,0.103675,3.2023,0.00203686,0.308445,0.0497534,0.234535,0.430363
67.662947846,1.72979,1.08354,0.0360846,0.824312,0.11544,0.0919583,2.28205,0.223296,0.234048,0.0603574,0.25387,0.311289
67.709387755,1.66827,1.03108,0.00987442,0.930807,0.0942974,0.163263,2.18046,0.386537,0.269221,0.0928437,0.279666,0.303149
67.755827664,1.69919,1.1472,0.0277831,0.945019,0.194432,0.416637,1.94685,0.479933,0.29218,0.255518,0.298351,0.216322
67.802267574,1.32427,0.808756,0.102215,0.737111,0.313486,0.788401,1.38447,0.659166,0.168342,0.422331,0.372213,0.251986
67.848707483,0.209558,0.185939,0.368439,0.412946,0.393233,0.607486,0.86516,1.27405,0.0430348,0.223667,0.691277,0.286141
67.895147392,0.0100868,0.0829486,0.987504,0.667202,0.25353,0.710307,0.574062,1.41336,0.324429,0.0939328,0.211318,0.655699
67.941587302,0.140908,0.628285,0.575478,1.25732,0.108178,0.652754,1.28502,2.14449,0.00225991,0.0495145,0.0031613,0.49048
67.988027211,0,1.28412,0.323457,0.791303,0.0191168,0.421903,1.4471,1.78768,0.104647,0.000462622,0.411503,1.24166
68.034467120,0,2.18327,0.220531,0.375417,0.0310306,0.376509,0.911336,1.63013,0.115403,0.0014259,0.90318,1.2105
68.080907029,0,2.27257,0.167332,0.109084,0.0280875,0.299882,1.21247,1.54824,0.146359,0.0107435,1.04588,1.22642
68.127346939,0,1.88389,0.145174,0.00335753,0.0851422,0.317178,1.4589,1.57103,0.176403,0.0318504,0.997221,1.28425
68.173786848,0.104533,1.12196,0.137021,0.00640829,0.0897647,0.00607841,2.43557,0.91157,0.0673971,0.0980094,0.960275,1.03508
68.220226757,0.300836,0.816482,0.0639552,0.60661,0.0733085,0.00391382,3.23987,0.0690964,0.040257,0.154223,0.700117,0
68.266666667,1.24946,0.830389,0.0637822,1.67757,0.0570184,0,2.84963,0,0.244155,0.516063,0.130423,0.676704
68.313106576,1.03397,0.469017,0.00824782,1.49887,0.0607505,0.00662374,0.870223,0.552027,0.900694,0.788709,0.00513146,1.33188
68.359546485,0.956671,0.328087,0.00843685,1.28871,0.125359,0,0.88365,1.18073,0.893839,0.818338,0,1.24717
68.405986395,1.07384,0.229926,0.0396009,1.22992,0.0264324,0.138979,0.874822,1.25073,0.894677,0.895121,0.0200721,0.947398
68.452426304,0.765928,0.00156358,0.313401,1.42175,0.126512,0.617193,0.722232,1.29475,0.805313,0.76173,0.0387853,0.507248
68.498866213,0.296831,0.171423,0.6299,1.24342,0.0703032,1.17066,0.0717967,0.359012,1.42224,0.673853,0,0.698628
68.545306122,0.188956,0.113258,0.371949,1.29333,0.199958,1.08849,0.048787,0.296778,2.75258,0.418538,0.19368,0.783572
68.591746032,0.164526,0.00131683,0.242785,1.24609,0.395126,0.872297,0.0434491,0.290871,3.47499,0.170619,0.606702,0.508475
68.638185941,0.120047,0.402021,0.146312,1.01337,0.579835,0.799004,0.0503506,0.373067,3.70024,0.0972922,0.825332,0
68.684625850,0.640422,0.578349,0.177552,0.586283,0.492292,0.620097,0.0491517,0.327129,3.86651,0.230752,0.695044,0.0123864
68.731065760,0.727628,0.503035,0.166441,0.635704,0.870389,0.36911,0.016417,0.0866097,3.98793,0.124989,0.485775,0.0105254
68.777505669,0.436881,0.340286,0.183923,0.693464,1.25411,0.0515947,0.0191749,0.0709342,3.75332,0,0.331519,0
68.823945578,0.340213,0.208628,0.183406,0.545392,1.09505,0,0.0236519,0.110428,3.52163,0.0135551,0.367738,0.00178015
68.870385488,0.50508,0.415911,0.164027,0.890926,0.63302,0.17498,0,0.113234,3.35704,0.0636253,0.425843,0.372047
68.916825397,0.912137,1.38133,0.201573,1.30874,0.383136,0.419771,0.0523527,0.159777,1.9665,0.103855,0.148246,0.443488
68.963265306,0.613723,0.861879,0.00881438,1.10799,0.129184,0.467746,1.73586,0.446904,0.332492,0.374477,0.305154,0.302458
69.009705215,0.605323,0.691967,0.00623146,1.0515,0.121182,0.358367,1.97549,0.349739,0.0455132,0.646987,0.342051,0.258844
69.056145125,0.512728,0.700589,0.00655775,0.989081,0.219794,0.0199312,2.26365,0.254104,0.292936,0.687035,0.399472,0.0543712
69.102585034,0.32447,0.936286,0.401563,0.675927,0.0858059,0.105278,2.3421,0.0268647,0.337964,0.339344,0.480079,0.440561
69.149024943,0.111312,1.10301,0.662513,0.049588,0.246411,0.564268,1.55468,0.0596635,0.259476,0.290821,1.38792,0.478919
69.195464853,0.122547,0.468643,0.640127,0.0840201,0.323424,0.504268,1.29256,0.328831,0.171547,0.31568,0.966864,0.649607
69.241904762,0.226161,0.398577,0.174682,0.134958,0.421931,0.198457,1.54335,0.568613,0.0727099,0.049934,0.589162,1.35003
69.288344671,0,0.222537,0.00518272,0.763113,1.06048,0.2321,1.77457,0.675591,0.169068,0.314802,0.813572,0.739052
69.334784580,0.0521332,0.00762886,0.00483521,1.24367,0.891833,0.272932,1.29212,0.522866,0.307329,0.422698,1.44849,0.0109658
69.381224490,0.18115,0.0708594,0.00745486,2.05037,0.490485,0.208397,1.11833,0.948209,0.187496,0.110124,1.6289,0.0669128
69.427664399,0.130207,0.153751,0.225636,3.31378,0.0780204,0.238772,0.796457,0.910369,0.131097,0.340636,1.29748,0.0711151
69.474104308,0.00915282,0.204781,0.306459,3.78061,0.0337672,0.390626,0.0240683,0.813958,0.310104,0.333699,1.14227,0.0853189
69.520544218,0.0127451,0.217424,0.462931,3.46845,0.0304439,0.627406,0,0.661521,0.335708,0.0890685,1.14746,0.336178
69.566984127,0.00807191,0.607932,0.439008,2.29594,0.0510583,0.64056,0,1.53729,0.17561,0.118914,1.25313,0.749026
69.613424036,0.534934,0.646034,0.0831927,1.30883,0.0917275,0.6925,0.0115796,1.65475,0.0821385,0.109121,0.676096,0.728413
69.659863946,0.755617,0.637105,0.00690083,1.46831,0.100372,0.691969,0.280752,1.27834,0,0.265083,0.427779,0.529477
69.706303855,1.00704,0.611446,0.0173247,1.3238,0.129578,0.499627,0.7592,0.91673,0.0873077,0.41777,0.336283,0.806971
69.752743764,1.30432,0.627368,0.0531094,0.908489,0.991972,0.613799,0.809038,1.27199,0.134832,0.422332,0.302042,0.607433
69.799183673,1.45154,0.692941,0.0171224,0.0345298,1.46615,0.333658,1.31702,1.35231,0.0984567,0.562908,0.638732,0.580966
69.845623583,1.41521,0.844195,0.012153,0.0234807,1.42545,0.00550325,1.46583,1.38063,0.0712562,0.947137,0.483348,0.870263
69.892063492,0.996677,1.10972,0.0557971,0.607438,0.658018,0.153301,1.37094,1.22756,0.0594941,0.86748,0.359955,1.25292
69.938503401,0.334467,1.15615,0.102769,1.44102,0.0516738,0.432548,1.00008,1.08446,0.522418,0.97166,0.254282,1.28509
69.984943311,0.0393141,0.984144,0.118513,1.87906,0.056071,0.438561,0.800841,0.184109,0.674932,1.35083,0.149073,1.12069
70.031383220,0.0907679,0.599377,0.169928,2.1875,0.0690714,0.22924,0.863126,0.0571661,0.353907,1.46064,0.0623167,1.77602
70.077823129,0.195864,0.00945371,0.195899,2.32619,0.232642,0.112679,1.87031,0.0136733,0.0985402,1.27566,0.266479,1.75588
70.124263039,0.0883366,0.137196,0.263401,2.05394,0.156318,0.199064,1.88017,0,0.0918075,1.0053,0.513802,2.16876
70.170702948,0,0.147269,0.134535,2.11625,0.133253,0.270103,1.86189,0,0.105921,0.753139,0.609129,2.5991
70.217142857,0.462287,0.23679,0.0062514,1.99543,0.0788637,0.214542,2.09256,0.0189596,0.224773,0.535213,0.0199408,2.62208
70.263582766,0.580729,0.270072,0.00626747,1.79846,0.0686972,0.183328,1.76303,0.569418,0.339462,0.566367,0,1.97862
70.310022676,0.627146,0.0942465,0.00624629,1.62391,0.313279,0.182767,1.28286,0.950449,0.406651,0.34891,0.313347,1.45498
70.356462585,0.717777,0.00400056,0.00329889,1.37592,0.1614,0.377006,1.21556,1.27605,0.496886,0.185607,0.491538,1.38389
70.402902494,1.09967,0.18089,0.196355,1.09821,0.506642,0.419366,1.07043,1.22647,0.341238,0.104871,0.264101,1.46553
70.449342404,1.00257,0.192333,0.322579,0.746181,1.71315,0.393646,1.00493,0.639074,0.867218,0.132362,0.242985,1.45222
70.495782313,0.22972,0.0940816,0.354217,0.713877,2.49731,0.429813,0.601941,0.462406,1.16618,0.0956006,0.108397,1.8349
70.542222222,0.0387203,0.000469086,0.495757,0.363873,3.01703,0.128747,0.363491,0.0940827,1.69713,0.172503,0.0645413,2.1785
70.588662132,0.0267563,0.00201787,0.446216,0.240515,2.75968,0.006377,0.381811,0.073535,1.60554,0.106286,0.166648,2.58092
70.635102041,0.0256134,0.00234577,0.260539,0.556416,2.79104,0.0347165,0.350246,0,1.58198,0.182714,0.333341,2.66436
70.681541950,0.0333363,0.00145892,0.361772,0.752225,2.88468,0.070495,0.266142,0.0066611,1.6748,0.0911081,0.218573,2.61309
70.727981859,0.00953639,0,0.682174,0.841296,2.20168,0.069872,0.319574,0.0172991,1.5967,0.124434,0.235837,2.82154
70.774421769,0,0.0131234,0.913299,0.733466,1.73475,0.132579,0.19743,0.0479766,1.65569,0.135517,0.137721,3.01072
70.820861678,0,0.0253047,0.635637,0.60143,1.92733,0.598191,0.184173,0.0313065,1.85953,0.227097,0.224926,3.18469
70.867301587,0.1639,0.0719825,0.0569923,1.39502,1.54443,0.486903,0.0319366,0.339525,1.3901,0.342125,0.240047,3.19585
70.913741497,1.10087,0.157189,0.00294379,1.82011,1.02675,0.0477247,0.0276767,1.18588,0.491506,0.578228,0.495054,2.5727
70.960181406,1.30944,0.301324,0.00388299,1.58398,0.58653,0.254092,0.15245,1.46311,0.118293,0.699097,0.314953,1.96403
71.006621315,1.11112,0.308526,0.0164717,1.08155,0.690049,0.313725,0.339783,1.13319,0.414317,0.863261,0.0447965,1.92236
71.053061224,0.405319,0.22289,0.831168,0.13352,1.03637,0.387297,0.491832,1.22983,0.232272,0.754114,0.141141,1.85768
71.099501134,0.0492097,0.424636,0.543595,0.426703,1.43373,0.0530197,0.0866353,2.22175,0.303413,0.574866,0.306676,1.14819
71.145941043,0.0563365,0.807347,0.154947,0.643643,1.77884,0.0821309,0.361379,2.09246,0.0898093,0.827776,0.59711,0.573193
71.192380952,0.321907,0.942259,0.186954,0.974596,1.7385,0.16687,0.515191,1.52263,0.0285318,1.37309,0.181658,0.46512
71.238820862,0.128917,0.916265,0.149617,0.989954,1.7757,0.126529,0.529007,1.30833,0.00122148,1.81183,0.11048,0.694451
71.285260771,0,0.829688,0.15775,0.956653,1.88661,0.00826844,0.537796,1.01529,0.057382,2.15109,0.24638,0.809739
71.331700680,0.0698348,0.455525,0.0699613,0.886421,1.94557,0.0178995,0.415523,0.800543,0.164064,2.373,0.274784,0.924229
71.378140590,0,0.263493,0.122412,0.778905,2.17403,0.233887,0.539591,0.998568,0.510269,1.89557,0.501598,1.03339
71.424580499,0,0.856822,0.147181,0.73009,1.931,0.368589,0.719712,1.10638,0.479547,1.3609,0.627446,1.12378
71.471020408,0,1.1835,0.109458,1.20346,1.08204,0.185405,0.72595,0.993376,0.121005,1.58626,0.160826,1.13346
71.517460317,0.901499,0.14755,0.0457097,1.62162,1.21852,0.244922,0.334098,0.642796,0.00520135,1.16726,0.0875781,1.22993
71.563900227,1.18174,0.00458764,0.00557368,1.75622,1.2656,0.343614,0.0654473,0.474964,0.0316913,0.754656,0.0539322,1.63381
71.610340136,1.11936,0.00385178,0.0572832,2.05965,1.1813,0.0334378,0.514003,0.331277,0.0614187,0.625248,0.00573266,1.82147
71.656780045,0.483346,0.0026562,0.117652,1.93596,1.50127,0.0124682,0.937107,0.274121,0.155953,0.474352,0.102944,2.16811
71.703219955,0.102917,0.00241604,0.444136,1.11092,2.4893,0.00451549,1.03502,0.241345,0.643884,0.759471,0.144054,2.19831
71.749659864,0.00046014,0.00155636,0.522708,0.682709,2.79668,0.0314625,0.967495,0.0988322,1.17725,0.76242,0,2.22193
71.796099773,0.000415063,0.0192028,0.390283,0.558887,2.97348,0.0449795,1.05044,0.0962769,1.3211,0.569451,0.164682,2.24215
71.842539683,0,0,0.313976,0.542147,2.88932,0.132413,1.15635,0.140858,0.937787,0.175589,0.266928,2.50407
71.888979592,0,0.00804911,0.126474,0.641411,2.25962,0.149063,1.73907,0.24312,0.322717,0.376228,0.223232,2.73968
71.935419501,0.0350527,0.13873,0.333402,1.6195,1.26903,0.370703,1.80038,0.0394717,0.11898,0.753413,0.0313663,2.97186
71.981859410,0.0718657,0.153631,0.334175,1.8414,0.348086,0.585318,1.48582,0.00698241,0.0569035,0.884392,0.284116,3.24187
72.028299320,0.0631278,0.0718773,0.251631,1.84285,0.307977,0.629194,1.77577,0.0910724,0.0768104,0.689495,0.482321,3.21418
72.074739229,0.0378895,0.360295,0.250485,1.64103,0.651332,0.64137,1.69126,0.231675,0.0888162,0.47186,0.659171,2.91129
72.121179138,0.398227,0.480344,0.120515,1.2088,0.976394,0.18044,1.75254,0.10212,0.240111,0.242845,0.529976,2.71642
72.167619048,1.16666,0.00263236,0.00804718,1.18005,0.422843,0.66999,1.4467,0.0817682,0.404502,0.232061,0.529164,2.54519
72.214058957,1.20118,0.025389,0.00698159,1.49092,0.140122,1.41169,0.510122,0.050668,0.967508,0.317963,0.283141,2.22326
72.260498866,1.09632,0.0365137,0.00629924,1.78198,0.163501,1.33438,0.303596,0.897593,0.798168,0.721843,0.00235074,1.5094
72.306938776,0.912038,0.0469007,0.00650823,1.69948,0.722954,0.31831,0.45981,1.33607,0.608398,1.3113,0.00136408,0.630412
72.353378685,0.495002,0.0022354,0.00767162,1.08735,1.5525,0.0385236,0.331001,1.11832,0.760115,1.729,0.0246587,0.744696
72.399818594,0.192422,0.145894,0.00445289,0.689128,1.68583,0.0284553,0.274497,0.86376,0.675792,2.13156,0.137814,1.11283
72.446258503,0.000326093,0.472211,0.00561904,0.583158,1.61247,0.051507,0.288201,0.608832,0.615269,2.47892,0.148471,1.36057
72.492698413,0,0.465747,0.0663506,0.370467,1.75143,0.131358,0.4375,0.518108,0.678958,2.50232,0.0669912,1.34428
72.539138322,0.00416621,0.624125,0.232881,0.0408971,1.58576,0.138819,0.578355,0.710491,0.684202,2.23711,0.00698507,1.58014
72.585578231,0.122929,0.716229,0.629831,0.00956495,0.916458,0.047427,0.96328,0.931819,0.611871,1.94944,0.311066,1.49
72.632018141,0.280812,0.691496,0.743435,0.161197,0.52675,0.243164,0.831507,1.17607,0.100421,1.28236,0.379697,1.22083
72.678458050,0.212673,0.319433,0.957998,1.31884,0.044819,0.474923,0.826925,0.489182,0.195287,0.367222,0.376644,0.702681
72.724897959,0.117598,0.229944,0.235039,2.15675,0.026202,0.473276,0.978734,0.767748,0.78153,0.606752,0.369064,0.00052159
72.771337868,1.30708,0.38302,0.00470717,1.88882,0.0178427,0,0.752645,0.994643,0.550214,0.707806,0.491725,0
72.817777778,1.48407,0.341864,0.00526254,1.25948,0.341891,0.0960782,0.756399,1.01368,0.207324,0.725543,0.535587,0.546593
72.864217687,1.26739,0.108187,0.156542,1.2025,0.609367,0.350635,0.747289,1.0759,0.234623,0.42721,0.176449,1.31424
72.910657596,1.1706,0.00242276,0.171446,1.01629,0.665182,0.0828155,0.671259,1.15051,0.24432,0.619569,0.166945,1.40397
72.957097506,0.742145,0.00130711,0.00236445,0.803494,0.77611,0.225089,0.539143,1.40429,0.319356,0.687635,0.275411,1.21984
73.003537415,3.50571e-05,0.114695,0.00171486,0.797619,0.725619,0.785364,0.185827,1.78806,0.13314,0.534839,0.65898,0.527837
73.049977324,0,0.367376,0,1.28148,0.319403,0.902764,0.217353,1.86514,0.0082746,0.259895,0.761329,0.294659
73.096417234,0.413144,0.160782,0.00133188,1.94148,0.456482,0.350579,0.154379,1.56457,0.30156,0.196639,0.400822,0.153355
73.142857143,0.559251,0.0783047,0.0862572,2.28342,0.471338,0,0.184197,0.868169,0.914565,0.850233,0.364466,0.259576
73.189297052,0.35586,0.0188219,0.160521,2.36898,0.257618,0,0.211606,1.33929,0.954587,0.238768,0.949229,0.498458
73.235736961,0.0701186,0.148387,0.00105611,2.57682,0.0866406,0.164053,0.11939,1.58655,0.686332,0.105894,1.48394,0.574846
73.282176871,0,0.201018,0.00208477,2.81168,0,0.311273,0.0851168,1.33753,0.440587,0.103636,1.59355,0.502931
73.328616780,0,0.328194,0.229871,2.87692,0.0391034,0.389996,0.0943326,0.931227,0.631131,0.0857736,1.83572,0.0765733
73.375056689,0,0.455203,0.244395,3.02505,0.178027,0.331393,0.0372608,0.530561,0.673549,0.0806443,1.88674,0.00806588
73.421496599,0,0.4299,0.345695,3.07113,0,0.442493,0.0538557,0.47813,0.423692,0.0292112,1.85302,0.00430036
73.467936508,0.0600816,0.52917,0.280539,2.67453,0.0950971,0.578121,0.0772218,0.849235,0.188405,0.545351,1.12383,0.0931869
73.514376417,0.688353,0.405494,0.138156,2.33776,0.344983,0.366026,0.284116,0.973123,0.286076,0.739319,0.394182,0.441994
73.560816327,0.965259,0.346147,0.134215,1.98769,0.332203,0.0335256,0.599977,1.00692,0.423131,0.773237,0.329847,0.476441
73.607256236,0.485695,0.21962,0.158573,1.75106,0.358647,0.00737557,0.847535,1.20027,0.769314,0.374481,0.275279,0.546546
73.653696145,0.107271,0.207531,0.618193,1.00285,0.454089,0.152245,0.621434,1.14824,1.23126,0.155658,0.28895,0.906378
73.700136054,0.00931112,0.266091,0.742726,0.426218,1.34425,0.226427,0.384022,0.623675,1.22063,0.00226041,0.316857,1.44375
73.746575964,0,0.251961,0.709893,0.17501,2.15046,0.0893472,0.70583,0.0684828,1.29607,0.259566,0.420541,1.63372
73.793015873,0,0.134419,0.888686,0.340038,1.43757,0.0718328,0.848521,0.29692,1.32493,1.28228,0.728726,1.36798
73.839455782,0,0.0902212,1.14626,0.652976,1.11837,0.18105,0.549374,0.0584901,1.64983,1.01781,0.952003,1.24888
73.885895692,0.0584387,0.00552664,1.476,0.58432,0.954105,0.117239,0.475959,0.0130617,2.07723,0.393513,1.10241,1.25292
73.932335601,0,0.0107466,1.10012,0.418181,0.636849,0.980406,0.221058,0.425026,1.82215,0.0379368,1.21967,1.13317
73.978775510,0,0.170272,0.188742,0.0350442,0.594419,2.11081,0.181017,0.400296,1.50332,0.00499107,0.729644,0.716909
74.025215420,0,0.375285,0.121149,0.0324264,0.612054,2.19023,0.203478,0.150984,1.33365,0,0.45507,0.772724
74.071655329,1.30086,0.374777,0.124648,0.107724,0.4362,1.64749,0.312757,0.0582481,0.818439,0.459076,0.226421,0.408561
74.118095238,1.33662,0.255506,0.0615433,0.669661,0.420793,0.790238,0.441789,0.750126,0.865697,1.36685,0.000649869,0.287345
74.164535147,1.108,0.26687,0.0787567,1.5976,0.238587,0.426066,0.801929,1.05114,0.659315,1.12802,0.520067,0.230312
74.210975057,0.898008,0.185602,0.213538,2.40509,0.0379339,0.531824,0.829726,1.3626,0.350592,0.307789,1.02848,0.43583
74.257414966,0.388566,0.168498,0.00648408,2.98078,0.000799943,0.710595,0.751371,1.59633,0.224381,0,1.29026,0.435206
74.303854875,0.11224,0.139633,0.00473021,3.23785,0,0.949916,0.430109,1.5108,0.0884298,0,1.55861,0.184273
74.350294785,0.123103,0.0426252,0.00483556,2.73048,0.274681,0.577317,0.283043,1.38907,0.198045,0.3333,1.61597,0.193153
74.396734694,0.0947558,0.113572,1.0338,2.0399,0.680538,0.116215,0.433883,0.712846,0.00203716,0.65826,1.75907,0.081781
74.443174603,0.0554007,0.177167,1.81325,1.32833,0.563253,0.108738,0.637219,0.174271,0,0.249227,1.88399,0.241802
74.489614512,0.0626011,0.14597,2.10397,0.810095,0.713476,0.0763935,1.53005,0.0389738,0.21278,0.143737,1.18459,0.516674
74.536054422,0.0736955,0.0627725,1.93827,0.606493,0.988824,0.0136728,1.8346,0.182073,0.266241,0.236794,0.180887,1.55294
74.582494331,0.111991,0.405051,1.20538,0.526995,0.750567,0.427036,1.21008,0.710749,0.091462,0.197243,0.0106079,2.85819
74.628934240,0.1087,0.638121,0.195363,0.530824,0.610268,1.10465,1.12599,0.713845,0.0816628,0.181089,0,3.38934
74.675374150,0,0.787794,0.154466,0.597678,0.534336,1.29131,0.964537,0.709613,0.0915341,0.188916,0.0182183,3.55531
74.721814059,0,0.696804,0.131329,1.24936,0.0517742,1.21765,0.831546,0.893015,0.0830778,0.200174,0.000186297,3.56811
74.768253968,0.405303,0.60377,0.172487,1.21925,0.0392159,1.07403,1.24028,1.07703,0.104063,0.17249,0.00165447,1.53725
74.814693878,0.581892,0.37927,0.122864,1.67746,0.0359319,0.813971,1.59614,0.989703,0.143257,0.281476,0.00205962,1.21561
74.861133787,0.906358,0.129011,0.0235742,1.71616,0.0433795,0.453352,1.84469,0.914813,0.11255,0.379834,0.0603814,1.43783
74.907573696,1.00032,0.0636106,0.0877707,1.49758,0.0647146,0.345259,2.00523,1.24392,0.0127488,0.196722,0.0145042,1.64688
74.954013605,0.795326,0.0413404,0.839406,0.270401,0.269438,0.425482,1.7482,1.76484,0.0541072,0.0314471,0.238582,2.47331
75.000453515,0.271928,0.290834,1.23467,0.0184014,0.717637,0.506417,1.05314,2.067,0.0338603,0.298636,0.374626,2.77078
75.046893424,0.101056,0.304592,1.07921,0.535449,0.459649,0.82216,0.67399,1.92107,0.0505893,0.780335,0.261314,2.5366
75.093333333,0.0430517,0.23116,0.440882,1.02394,0.0384009,1.19268,0.189618,1.78886,0.104423,1.27841,0.16259,2.53315
75.139773243,0.0229632,0.131221,0.0316001,1.60151,0.0428109,0.761414,0.739317,1.05923,0.13858,1.82945,0.186549,2.69384
75.186213152,0.0477497,0.00139088,0.155988,1.74745,0.049026,0.257506,1.49952,0.423133,0.157397,1.9075,0.265223,3.11213
75.232653061,0.107793,0.00132114,0.180072,1.93165,0.0522493,0.0936078,1.8017,0.28541,0.129119,1.744,0.373006,2.66002
75.279092971,0.102114,0.00114852,0.232746,2.00402,0.00599711,0.0774793,1.76824,0.183152,0.103708,1.38444,0.29713,2.41454
75.325532880,0.015875,0.000929528,0.189265,2.37842,0.00294354,0.129981,1.78528,0.0414203,0.167114,1.08017,0.197715,2.3314
75.371972789,0.901509,0.0645287,0.216584,2.08026,0,0,1.71268,0.0321658,0.164011,1.20109,0.642697,1.82711
75.418412698,1.18607,0.202804,0.194612,1.32612,0,0,1.94594,0.287567,0.102518,1.24925,0.836528,0.977668
75.464852608,1.21144,0.161449,0.229471,1.08693,0.0743072,0.14907,1.97141,0.399089,0.0900941,1.14841,0.813968,0.526821
75.511292517,1.28704,0.182749,0.385614,1.24695,0.183858,0.233092,1.07858,0.59475,0.0249507,0.507085,0.640691,0.260836
75.557732426,0.947626,0.105664,0.84354,0.70682,0.84499,0.534218,0.863301,1.2397,0.00326284,0.137698,0.487082,0.766983
75.604172336,0.377244,0.173043,1.25829,0.118678,1.73259,0.338066,0.587483,1.03843,0.0215119,0,0.577831,2.12008
75.650612245,0.130647,0.0923259,1.01726,0.151569,1.86118,0.251273,0.48375,0.422682,0.996178,0,0.387355,2.57062
75.697052154,0.0531855,0.0280443,0.842547,0.178575,2.29908,0.0297755,0.569029,0.0651218,1.41102,0.00378411,0.402997,2.57315
75.743492063,0,0.00141518,0.433899,0.174672,2.56584,0.0100735,0.611587,0.0225043,1.6907,0.0768035,0.483512,2.68063
75.789931973,0,0.00220505,0.249449,0.188917,2.47443,0,0.652713,0.0169209,1.79203,0.166211,0.386857,2.96377
75.836371882,0,0.00251533,0.209141,0.182377,2.49496,0.0647651,0.692133,0.163365,1.72668,0.118343,0.085261,3.09313
75.882811791,0,0.0290521,0.326824,0.241464,2.37444,0.314907,0.709534,0.229325,1.83695,0.166819,0,3.27414
75.929251701,0,0.178874,0.53821,0.263937,2.18655,0.65664,0.485163,0.189691,2.13762,0.139142,0,3.36153
75.975691610,0.145312,0.193102,0.816873,0.39364,1.6663,0.773986,0.312244,0.0209503,2.39822,0.0673206,0.111479,3.48903
76.022131519,0,0.0392874,0.450126,1.58321,0.998105,0.573172,0.557971,0.0154234,2.07669,0.0862114,0,3.67054
76.068571429,0.907674,0.00497544,0.0103643,2.19421,0.960274,0.162545,0.741209,0.2507,0.923416,0.113226,0,3.45247
76.115011338,1.28521,0.117793,0.00601634,2.32745,0.938464,0.256724,0.805762,0.449059,0.222794,0.137205,0.0224279,2.993
76.161451247,1.3178,0.342284,0.0095624,1.83295,0.357198,0.937595,0.869435,0.67863,0.357779,0.110446,0.0097485,2.55751
76.207891156,0.887485,0.240342,0.278097,1.29634,0.41428,0.768773,0.563507,0.861491,0.572298,0.0562811,0.0187921,2.27351
76.254331066,0.568025,0.257451,0.969982,0.178335,1.8766,0.127505,0.271057,0.770461,0.62037,0.173484,0.0830394,1.5749
76.300770975,0.00515672,0.226577,0.248934,0.192777,1.93858,0.00106051,0.45953,0.90596,0.236388,1.04454,0.266504,1.20499
76.347210884,0.00119233,0.392056,0.152023,0.437727,1.98184,0.0228048,0.914574,0.956835,0.0263174,1.4018,0.0387516,0.722245
76.393650794,0,0.533471,0.121977,0.556463,1.93573,0.0197926,0.830555,0.63951,0,1.78557,0.0163163,0.591478
76.440090703,0,0.705863,0.08834,0.64185,1.97714,0,0.527512,0.887476,0.136226,2.1202,0.115371,0.402619
76.486530612,0.0567376,0.379267,0.0796286,0.778624,1.79861,0.017491,0.41281,1.03258,0.304761,2.17924,0.0595368,0.555264
76.532970522,0.0506165,0.215952,0.504305,0.799306,1.61539,0,0.406691,1.0504,0.349503,1.71404,0.254902,1.12186
76.579410431,0.00812505,0.180571,0.66175,0.847362,1.7468,0.0541111,0.372162,0.979035,0.342099,1.55733,0.349579,1.14851
76.625850340,0.00539065,0.164601,0.441989,0.96565,1.70163,0.137925,0.185942,0.837496,0.374995,1.68561,0.247183,0.757562
76.672290249,0.819691,0.253293,0.207866,1.67164,1.04746,0.447603,0.0784302,0,0.603987,1.9183,0.0699592,0.6735
76.718730159,1.07228,0.198187,0.434268,1.56459,0.685011,0.869057,0.162696,0,1.03947,1.43335,0.0183476,0.546867
76.765170068,1.29301,0.173051,0.298446,1.52708,0.697125,0.731195,0.260006,0,1.46601,1.29339,0.0830893,0.657276
76.811609977,0.961859,0.140875,0.427586,1.36938,1.46002,0.0378571,0.329718,0.152885,1.69438,0.670181,0.304824,1.20444
76.858049887,0.410913,0.0459469,0.927822,0.566644,2.18714,0.0377879,0.356798,0.330624,1.69568,0.286664,0.130645,1.62666
76.904489796,0.125597,0,0.789337,0.14296,2.72925,0.0356199,0.504188,0.276183,1.90681,0.479803,0.00323753,1.68004
76.950929705,0.000179478,0.0269129,0.925722,0.10496,2.78113,0.0109385,0.643775,0.197162,2.22143,0.344126,0.024877,1.6053
76.997369615,0.0411584,0.0843888,0.68413,0.093744,2.4933,0.0299002,0.708185,0.273899,2.20114,0.361317,0.310494,1.41069
77.043809524,0.0977266,0.507078,0.0399082,0.188207,1.79923,0.0937798,0.786385,0.280948,1.63656,0.492886,0.708916,1.09517
77.090249433,0.0142454,0.16765,0.02392,0.859232,0.78242,0.132821,2.43079,0.236247,1.35496,0.899189,0.502433,1.61143
77.136689342,0.0471242,0.0419581,0.151293,1.28463,0.0174487,0.0895806,2.33096,0.169123,0.457364,0.917827,0.257097,3.06744
77.183129252,0.0542331,0.210678,0.104772,1.62285,0.0441181,0.138072,2.28191,0.0466291,0.212795,0.919942,0.297482,3.31997
77.229569161,0.0348371,0.362015,0.188881,1.80484,0,0.177167,2.28934,0,0.320764,0.646846,0.485237,3.52506
77.276009070,0,0.0675061,0.211745,1.92457,0,0.128082,2.27717,0.022675,0.356039,0.627378,0.263304,3.64726
77.322448980,0.450549,0.135318,0.122839,1.00083,0,0.237199,1.97459,0.052538,0.344488,0.945891,0.0479199,3.42092
77.368888889,0.738382,0.16106,0.0683171,0.96746,0,0.216838,1.36279,0.419472,0.372618,1.11678,0.0210055,2.90243
77.415328798,1.08607,0.114674,0.0273005,1.06427,0,0.432083,1.43506,0.916896,0.355999,0.76566,0.271289,1.26708
77.461768707,0.992593,0.044653,0.0379552,0.798457,0.0800233,1.30638,0.969568,1.71393,0.168514,0.604135,0.807821,0.95228
77.508208617,0.525065,0.0028515,0.599857,0.539765,0.102376,1.45979,0.297401,1.94889,0.125336,0.12324,0.982394,0.785397
77.554648526,0.347382,0.000733653,0.82617,0.642884,0.174703,1.4084,1.03298,1.43085,0.134559,0.136698,0.634378,0.770868
77.601088435,0.664523,0.0856434,0.475577,1.08442,0.311123,0.913741,1.12269,1.18252,0.213495,0.0143601,0.229362,1.17351
77.647528345,0.202505,0,0.356572,0.811813,0.367772,0.727553,0.895774,1.43704,0.86675,0.0303237,0.367102,2.09559
77.693968254,0.0347026,0,0.447353,0.781125,0.272163,0.769222,0.523228,1.45416,0.883702,0.0586842,0.404958,2.94539
77.740408163,0.0431332,0,0.629179,0.811442,0.945247,0.308275,0.384501,1.12319,0.77349,0.0645456,0.334812,3.05586
77.786848073,0.000471376,0.0133936,0.755898,0.668702,1.26478,0.643623,0.435051,0.0149197,0.797755,0.45861,0.154078,3.13508
77.833287982,0,0.00148719,1.04267,0.634107,1.37619,0.912679,0.445047,0.0154398,1.23805,0.233697,0.180527,3.05547
77.879727891,0,0.0448154,0.514705,0.48211,1.22947,0.83226,0.443056,0.0122902,1.57543,0.106032,0.287103,2.87782
77.926167800,0,0.358188,0.238036,0.359149,1.24949,0.634918,0.325405,0.00267845,1.98396,0,0.269936,2.87806
77.972607710,0.0537951,0.460558,0.520006,0.523931,1.06824,0.3759,0.33318,0.0145606,2.28104,0,0.293975,2.56041
78.019047619,0.404105,0.231473,0.556404,0.720861,0.877657,0.16905,0.417928,0.14778,2.22358,0.253388,0.370363,1.97292
78.065487528,0.507016,0.0524736,0.484371,0.554014,0.695476,0.349479,0.307603,0.212134,2.50335,0.276425,0.42884,1.58892
78.111927438,0.400241,0.0405481,0.371961,0.720322,0.873277,0.726386,0.300521,0.201394,2.45058,0.0685865,0.345044,1.68784
78.158367347,0.128659,0.0423043,0.29906,0.718348,1.0403,0.530151,0.379961,0.137985,2.66211,0.0763131,0.414281,1.90757
78.204807256,1.23255e-06,0.0189925,0.565011,0.643314,1.4399,0.346186,0.491567,0.0384784,2.59041,0.038229,0.456654,2.29735
78.251247166,5.27777e-05,0.0150478,0.421572,0.538192,1.86444,0.476343,0.527969,0.10208,2.1321,0.0395612,0.345996,2.67425
78.297687075,0,0.0481444,0.123966,0.503529,2.01309,0.509274,0.46659,0.192934,1.9853,0.0171709,0.232246,2.95118
78.344126984,0.0695439,0.0862615,0.15274,0.520356,1.70718,0.252664,0.168145,0.191135,2.39824,0.072011,0.1101,2.86852
78.390566893,0.160308,0.0669157,0.421346,0.49468,2.08407,0.352842,0.010972,0.0678303,2.57912,0.0289176,0.0244129,1.93086
78.437006803,0.181321,0.00210753,0.607631,0.340211,2.46948,0.289715,0.0408181,0.0442463,2.84553,0.022837,0.0383403,1.57623
78.483446712,0.164495,0.0023591,0.69039,0.225855,2.40712,0.203226,0.0470695,0.018437,3.09351,0.126161,0.049376,1.43007
78.529886621,0.107287,0.00169609,0.764551,0.221263,2.22834,0.109584,0.265457,0.00141109,3.17758,0.0231835,0.10418,1.37932
78.576326531,0.0489951,0.0974321,0.412104,0.296208,2.06488,0.0320935,0.13711,0.0234495,3.11467,0.0703344,0.246524,1.43258
78.622766440,0.0739978,0.0396852,0.153874,0.5954,1.88428,0,0.0148025,0.0298545,2.92414,0.106775,0.413552,1.79223
78.669206349,0.131054,0.00167568,0.537311,0.684487,1.05561,0.308611,0.0275141,0.0179143,2.50374,0.0949635,0.349546,2.31199
78.715646259,0.217246,0.00137987,0.793162,1.00143,0.725003,0.375487,0.551085,0.00665141,1.54679,0.0636709,0.250689,2.71258
78.762086168,0.147885,0.0025319,0.834723,1.0613,0.986043,0.204405,1.15644,0.14675,1.1786,0.0921323,0.148659,2.54322
78.808526077,0.0401616,0.0103344,0.783684,0.558577,1.17779,0.0404507,1.74102,0.132303,1.24114,0.135963,0,2.72828
78.854965986,0.0433172,0.14263,0.317763,0.536146,1.29054,0,1.75016,0.313433,0.85682,0.229762,0,2.63077
78.901405896,0.067289,0.0917139,0.410725,0.354567,1.22458,0,1.04417,0.220033,2.07473,0.307837,0,2.5598
78.947845805,0.0707177,0.00232174,0.601602,0.303502,1.73628,0.0348306,0.303965,0.0548103,2.79504,0.292905,0,2.45598
78.994285714,0.0621775,0.00258513,0.456687,0.367699,1.89146,0.0824953,0.201488,0.0150422,2.90493,0.297048,0.18289,2.29726
79.040725624,0.0694921,0.00261876,0.327452,0.421846,2.1804,0.205548,0.0669167,0,2.76757,0.251164,0.273374,2.31811
79.087165533,0.0239177,0.00147845,0.331317,0.371052,2.54366,0.211777,0.338184,0.127136,2.53987,0.164831,0.0373903,2.27417
79.133605442,0.00941686,0,0.282668,0.18861,2.4435,0.0183895,0.796768,0.240063,1.83273,0.0888906,0.100276,2.37573
79.180045351,0.0678683,0.0143625,0.457691,0.21595,2.38375,0.0204505,0.77631,0.225025,0.978069,0.0533338,0.147077,2.31133
79.226485261,0.0206377,0.0240616,0.651465,0.241047,2.46759,0.118886,0.405748,0.528954,1.07456,0.0707643,0.0749725,2.30107
79.272925170,0.127551,0.00268024,0.792627,0.507486,2.06242,0.00776945,0.064989,0.836943,2.02888,0.080554,0.0456347,2.12139
79.319365079,0.26951,0.00221215,0.787778,0.962597,1.32394,0.0180868,0.0575422,0.819682,2.21625,0.0866672,0.0015165,2.02808
79.365804989,0.264813,0.0328569,0.668426,1.15967,0.746439,0.0485589,0.0351076,0.800598,2.40193,0.111279,0.00795082,2.32895
79.412244898,0.275227,0.00013175,0.467187,1.07682,0.787739,0.173894,0.149588,0.125949,2.61579,0.0589217,0.0679802,2.4014
79.458684807,0.142988,0.00090712,0.365271,0.638783,1.10937,0.360243,0.332012,0.0394729,2.63168,0.26732,0,2.15868
79.505124717,0.0632761,0.000229041,0.28414,0.464022,1.52088,0.336461,0.426383,0.0195393,2.76715,0.3519,0.0957273,2.40291
79.551564626,0.0175874,0.0467445,0.332996,0.330615,1.95215,0.104059,0.36619,0.000221566,2.61091,0.0037079,0.631425,2.67152
79.598004535,0.000171878,0.0748265,0.604,0.127189,2.27255,0.147594,0.603432,0,2.08079,0.00068869,0.560291,2.84985
79.644444444,0.040198,0.134367,0.578869,0.152684,2.08807,0.30047,0.671186,1.02628,0.780615,0.020546,0.505069,2.69848
79.690884354,0.148906,0.0246749,0.152387,0.475407,2.36177,0.429919,0.601989,1.0424,0.750949,0,0.241562,2.36786
79.737324263,0.230663,0.0659492,0.221161,0.661533,2.51622,0.0702264,0.409781,0.688606,0.801319,0.000485784,0.167756,2.47975
79.783764172,0.0853556,0.130529,0.243375,0.737212,2.29731,0.201874,0.358976,0.24676,1.25835,0.00147466,0.359904,2.63052
79.830204082,0,0.252696,0.229578,0.906905,2.05846,0.238101,0.316166,0,1.83843,0.0717114,0.371542,2.85483
79.876643991,0,0.0608539,0.387946,1.13343,1.74449,0.161931,0.398032,0.00138809,2.06559,0.14308,0.311716,3.02648
79.923083900,0.151041,0.000588694,0.74385,1.2689,1.53514,0.0883861,0.50164,0.00438489,1.69607,0.149769,0.232916,2.29721
79.969523810,0.339093,0,0.938453,1.08804,1.60251,0.739091,0.272406,0,0.68064,0.198743,0.00605761,1.8222
80.015963719,0.184728,0,1.11023,0.399515,1.66609,0.955952,0.260801,0.084247,0.358362,0.239549,0.0896565,2.30216
80.062403628,0.393938,0.00159722,0.956693,0.525994,2.06854,0.672078,0.528269,0.369035,0.245153,0.160119,0.0896503,2.68869
80.108843537,0.93455,0.00383218,0.311498,0.245803,2.39216,0,0.231279,0.907645,0.34867,0.138307,0.0746475,2.70477
80.155283447,1.22772,0,0.253776,0.784264,1.67226,0.354622,0.109745,1.04772,0.728992,0.031306,0.0783796,2.04532
80.201723356,1.37722,0,0.238124,1.28166,0.823184,0.861803,0.926317,1.25668,0.343896,0.131088,0.0409909,1.40622
80.248163265,1.05633,0.0624569,0.400383,1.35954,0.498169,0.901766,0.970844,1.32138,0.146603,0.0879792,0.007976,1.485
80.294603175,0.440449,0.148802,0.830402,1.38228,0.26853,0.628922,1.60393,0.483356,0.0521387,0.587164,0.00197797,1.80691
80.341043084,0.0134827,0.124547,0.917604,1.64786,0.0494607,0.303983,2.39443,0.352396,0.0794989,0.828601,0.0199505,2.90106
80.387482993,0,0.00495277,0.112893,1.95846,0.0400089,0.0177319,2.44584,0.294875,0.0758862,0.808971,0.0179998,3.2116
80.433922902,0.00195993,0.00248088,0.0606526,2.08629,0.0856728,0.00692868,2.32802,0.155294,0.0439628,0.582086,0.00192606,3.55592
80.480362812,0,0.0024134,0.0566044,1.83345,0.134148,0.00539921,2.25808,0.0477181,0.000461256,0.505273,0.00185707,3.89814
80.526802721,0.674064,0.00172067,0.00634239,1.29282,0.115595,0.0169811,2.47972,0.0563736,0.00104482,0.646003,0.0725658,3.29011
80.573242630,0.825815,0.00213297,0.285762,1.20265,0.135564,0.125558,2.29266,0.075035,0,0.379878,0.22888,2.6907
80.619682540,0.672223,0.0932494,0.531,1.2717,0.298541,0.142918,1.97537,0.344083,0.00562549,0.275392,0.298808,2.29712
80.666122449,0.452923,0.0947832,0.392643,0.995742,0.744285,0.0634388,1.8996,0.342817,0.00363783,0.345552,0.765579,2.38385
80.712562358,0.289566,0.0517115,0.038757,0.874036,0.519448,0.0652234,2.64289,0.101092,0.00822297,0.468628,0.813508,2.59509
80.759002268,0.188734,0.414025,0.00594776,0.851809,0.222242,0.0530274,2.83947,0.0599146,0,0.371862,0.361228,2.73164
80.805442177,0.00346737,0.574628,0.00619986,1.65788,0.00700485,0.170076,2.82588,0.0253229,0,0.46641,0.216267,2.5162
80.851882086,0.0419566,0.594061,0.2455,2.41962,0.0335142,0.166598,2.48531,0.0132554,0,0.663451,0.123733,2.52874
80.898321995,0.125668,0.590745,0.21359,2.23645,0.128853,0.0271818,1.98165,0.433874,0.0100722,0.345963,0.0939165,2.64257
80.944761905,0.00578574,0.830486,0.180171,1.66918,0.262563,0.118822,2.07052,0.520478,0.0683033,0.355423,0.263273,2.31646
80.991201814,0.146268,0.688175,0.199588,1.36043,0.185411,0.158275,2.1223,0.436219,0.079777,0.385432,0.334776,2.55395
81.037641723,0.154943,0.713347,0.0978725,1.21096,0.098357,0.0639103,2.62038,0.314277,0.0977693,0.397456,0.38825,2.61664
81.084081633,0.172868,0.668087,0.14212,1.1086,0,0.024151,2.94525,0.13614,0.105416,0.478188,0.538701,2.55347
81.130521542,0.107213,0.720417,0.140669,1.01451,0,0.00108786,3.00908,0.12267,0.0856529,0.681837,0.582758,2.6316
81.176961451,0.0624357,0.773657,0.0641383,1.06408,0.0259534,0,2.7175,0.0786254,0.0741141,0.740167,0.595709,2.79264
81.223401361,0.140012,0.155861,0.111473,1.18574,0.108407,0.0128911,2.58745,0,0.0708019,0.585415,0.656219,2.52625
81.269841270,0.438798,0.0903732,0.032847,1.18703,0.131242,0.0110238,2.76469,0,0.0497152,0.431965,0.622162,2.12152
81.316281179,0.527664,0.144684,0.0239827,1.22466,0.602877,0.0788475,2.41074,0.0458859,0.0219838,0.0579069,0.367185,2.37383
81.362721088,0.330501,0.145652,0.00570615,1.32915,0.748078,0.130969,2.21064,0.155917,0.105009,0,0.318067,2.53802
81.409160998,0.402478,0.090365,0.108446,1.22389,0.587439,0.0761678,2.05927,0.199429,0.104683,0.129163,0.198194,2.84739
81.455600907,0.343189,0.066716,0.194245,0.909023,0.160162,0.091987,2.35718,0.059118,0.0699878,0.525924,0.0854919,2.70712
81.502040816,0,0.42604,0.196826,0.886423,0.145747,0.117968,2.2081,0.0940785,0.677106,0.635602,0.139911,2.36036
81.548480726,0,0.26072,0.165359,1.65728,0.0970113,0.106797,1.99252,0.0174676,1.23811,0.495945,0.147778,2.24806
81.594920635,0.00601255,0.123807,0.154864,2.28266,0.00284555,0.0510813,1.74967,0,1.42829,0.46094,0.0666775,2.2788
81.641360544,0.0972362,0.243775,0.0677333,2.4426,0.219389,0.074825,1.3854,0.0179593,1.60652,0.449704,0.00191987,2.18662
81.687800454,0.145781,0.35692,0.00549577,2.20766,0.0697738,0.0951766,1.14781,0.0395613,2.04308,0.419492,0.00172174,2.3577
81.734240363,0.29356,0.681348,0.19331,2.03938,0,0.0285051,0.920603,0.0200805,2.48948,0.0768137,0.067786,2.33271
81.780680272,0.486083,0.765034,0.160354,1.88139,0,0,1.46432,0.0294973,2.69549,0.0108677,0.125197,1.8487
81.827120181,0.800548,0.922732,0.147019,1.31714,0,0.0467886,2.17239,0.0315934,1.9623,0.0835881,0.0392867,1.52692
81.873560091,0.611993,0.682853,0.45485,0.920606,0,0.098888,2.12188,0.0471283,0.948391,0.0805443,0.0212075,1.53664
81.920000000,0.326168,0.960212,0.441621,1.01802,0.00312041,0.180936,2.1752,0.109709,0.39927,0.0443191,0.310517,1.79973
81.966439909,0.077937,0.947161,0.3201,0.94396,0.0327369,0.259177,2.58134,0.06892,0,0.262543,0.277047,2.10704
82.012879819,0.137118,1.17563,0.0807495,0.821328,0.0835526,0.0783031,2.97978,0.0404766,0.0129955,0.646967,0.409174,2.31707
82.059319728,0.0604806,1.29945,0.0992216,0.804681,0.0564367,0.0824392,2.70155,0.0621768,0.0421797,0.667093,0.49517,2.62396
82.105759637,0.0044624,1.34199,0.0641154,0.658319,0.0302457,0.860097,2.01349,0.0623865,0.0606265,0.53377,0.373724,2.89373
82.152199546,0,0.872133,0.0306282,0.952347,0.0224844,1.1914,1.60508,0.032967,0.0513357,0.662537,0.34548,3.00093
82.198639456,0,0.28831,0.161237,1.19891,0.676042,0.717326,1.50702,0.0462214,0.00997956,0.83827,0.20493,3.07312
82.245079365,0.00211302,0.21067,0.538209,0.75354,1.18442,0.333969,1.22024,0.034309,0.0803796,1.10517,0.0630098,2.77428
82.291519274,0.132866,0.301242,0.166567,1.06652,0.984657,0.0658302,1.40229,0.0234914,0.0517149,1.69445,0.128823,2.3932
82.337959184,0.133077,0.547296,0.00292445,1.73564,0.687456,0.0728824,1.73107,0.00463377,0.0071992,1.30348,0.608633,2.26758
82.384399093,0,0.447967,0.0608053,2.15351,0.663703,0.0364483,1.45419,0.0921908,0,0.0544644,0.303134,2.84118
82.430839002,0,0.177845,0.124673,2.17871,0.585714,0,1.36405,0.234684,0.0135953,0.100626,0.274394,2.98824
82.477278912,0.0115988,0.128753,0.0831675,1.71569,0.549176,0.0029477,1.46932,0.0560646,0.0280278,0.0688194,0.666024,2.97047
82.523718821,0.233875,0.0520808,0.00646313,1.6174,0.506444,0.0101872,1.58261,0,0.00575971,0.0707976,0.906619,2.84427
82.570158730,0.232353,0.0149577,0.445806,1.86323,0.203389,0.0211722,1.55145,0.0643811,0.112322,0.0731211,1.1169,2.54013
82.616598639,0.240469,0.00095053,0.230594,2.25196,0.159131,0.11917,1.30674,0.197669,0.155802,0.226158,1.14536,1.93253
82.663038549,0.184554,0.00138076,0.0023546,2.69826,0.161232,0.194044,0.936209,0.557389,0.136956,0.334102,1.10176,1.32452
82.709478458,0.179685,0.0188217,0.021754,2.90919,0.181691,0.00315781,0.785146,1.44977,0.101974,0.199383,1.20352,0.895848
82.755918367,0.467642,0.0011658,0,2.9161,0.196149,0.0385972,1.12626,1.16575,0.129186,0.109776,1.12948,0.75409
82.802358277,0.704218,0.102059,0.0128926,2.39897,0.159241,0.178897,2.27147,0.853745,0.341201,0.133936,1.11051,0.155817
82.848798186,0.496128,0.826566,0.026836,1.23116,0.288856,0.183006,2.21662,1.07202,0.632334,0.145068,1.22873,0.145143
82.895238095,0.448259,2.29898,0.0377761,0.232347,0.480237,0.21115,2.00601,0.691237,1.28587,0.0857977,0.97616,0
82.941678005,0,2.95104,0.0610128,0.0181412,0.297554,0.335265,1.83776,0.973114,1.23018,0.0590531,0.616987,0
82.988117914,0,2.92857,0.0451075,0.0190121,0.0861484,0.591918,2.08557,0.944313,1.07768,0.0695523,0.615406,0.0989977
83.034557823,0,2.70316,0.00882613,0.0360155,0.0360501,0.602531,2.45191,0.677386,1.03397,0.0964158,0.773479,0.0808186
83.080997732,0,2.71938,0.0111242,0.00429767,0.0583472,0.498401,2.8814,0.312074,0.920821,0.0598965,0.760491,0.139086
83.127437642,0.408574,2.72316,0.0124067,0.00247526,0.141476,0.235878,2.78708,0.00575773,0.900817,0.00325181,0.755118,0.39539
83.173877551,0.614268,2.20114,0.00448484,0.152367,0.190182,0.0552986,2.54952,0.0215515,1.097,0.0256676,0.819369,0.498098
83.220317460,0.647768,2.11625,0.00434268,0.20838,0.193692,0.321927,1.75292,0.318811,1.13584,0.0491875,1.03546,0.413551
83.266757370,0.622522,1.48858,0.272989,0.00814565,0.21415,0.553466,1.99093,0.396211,0.964055,0.0673223,1.04216,0.335783
83.313197279,0.500303,1.73527,0.581018,0.06975,0.157523,0.745851,2.1358,0.265157,0.849496,0.0684061,0.851719,0.272601
83.359637188,0.365279,2.34743,0.58207,0.121512,0.114901,0.608477,2.33234,0.108788,0.773829,0.00142703,0.863963,0.155155
83.406077098,0.435482,2.44622,0.532933,0.132182,0.0664147,0.407056,2.70804,0.0238907,0.557956,0.00440609,1.14604,0.158492
83.452517007,0.471143,2.53209,0.287108,0.069215,0.050471,0.367705,3.18386,0.0269129,0.38117,0.014835,1.25298,0.0678143
83.498956916,0.121831,2.85278,0.0657818,0.0505101,0.0315811,0.433278,2.90111,0.13473,0.357152,0.0713959,1.07869,0.163312
83.545396825,0.0854819,3.1817,0.14963,0.118784,0.105958,0.740174,2.31937,0.127645,0.338676,0.00225577,0.847797,0.296645
83.591836735,0.0919277,2.95847,0.125663,0.181044,0.0439352,0.79869,2.08721,0.11491,0.387494,0.00023594,0.914493,0.319682
83.638276644,0.112914,2.67366,0.0720681,0.16038,0.033297,0.516148,2.04366,0.0934536,0.479873,0,1.26315,0.274992
83.684716553,0.0911495,2.47579,0.128759,0.161593,0.0249865,0.324283,2.06959,0.0992951,0.512549,0,1.40696,0.324726
83.731156463,0.6239,1.92949,0.0350281,0.145507,0.0265168,0.383381,3.01405,0.0823292,0.514707,0.00414899,1.23929,0.659896
83.777596372,0.877357,1.73385,0.00469357,0.0785981,0.292018,0.346782,3.07577,0.0384846,0.529276,0.0143512,1.31661,0.732547
83.824036281,0.834575,1.28835,0.00498521,0.0285255,0.52069,0.366847,2.68911,0.0819242,0.39403,0.0216042,1.85001,0.482841
83.870476190,0.282898,1.02201,0.00532649,0.103432,0.651676,0.396339,2.00334,0.606534,0.104949,0.0478739,2.17748,0.404315
83.916916100,0.349019,1.24637,0.00751125,0.16365,1.18414,0.112904,1.64727,0.603423,0.0190837,0.00992322,2.24001,0.285316
83.963356009,0.330585,1.35689,0.00696467,0.225802,1.42028,0.129794,1.87126,0.135367,0.124262,0.0075719,1.81298,0.215347
84.009795918,0.26137,1.34895,0.103195,0.115266,1.6916,0.489879,1.76572,0.0494054,0.171787,0.0300996,1.72237,0.22333
84.056235828,0.30187,1.34713,0.0957727,0.0885089,1.93303,0.384648,1.45942,0.0598333,0.130807,0.0375355,1.53455,0.615827
84.102675737,0.386742,1.2982,0.042686,0.316366,1.80947,0.432971,1.31865,0.0584917,0.0896849,0.0359419,1.48302,0.973959
84.149115646,0.351509,1.41738,0.00843964,0.566856,1.55785,0.486402,1.37335,0.0534871,0.0358964,0.0489645,1.6535,1.15275
84.195555556,0.0149972,1.88565,0.00723417,0.630316,1.2959,0.543563,1.65037,0,0.00407659,0.0604023,1.77914,1.02987
84.241995465,0.272489,2.31849,0.00660961,0.401226,0.905045,0.448459,2.33701,0.00664372,0,0.00212769,1.96048,0.384076
84.288435374,0.388922,2.26517,0.0155507,0.207254,0.622221,0.408126,2.7824,0,0.00952657,0.0317103,2.02963,0.0750943
84.334875283,0.309168,1.65339,0.0511732,0.525064,0.437938,0.531231,2.39862,0.0193599,0.0840565,0.0440082,1.72499,0.571387
84.381315193,0.211301,1.33476,0.0680802,0.411898,0.547682,0.60913,1.89799,0.0228924,0.247837,0.0517697,1.44117,0.621216
84.427755102,0.380612,1.14732,0.0517927,0.187969,0.46056,0.56314,1.23441,0.926987,0.466435,0.0390257,1.14006,1.14644
84.474195011,0.516192,0.865499,0.189095,0.311743,0.404072,0.505132,1.21332,1.1817,0.721464,0.0276126,0.627696,1.05143
84.520634921,0.537297,0.699644,0.428474,0.519985,0.350806,0.4588,1.23501,1.22942,0.958795,0.0463196,0.478611,0.732046
84.567074830,0.441826,0.704818,0.239598,0.0954418,0.340788,0.410382,1.7655,0.971962,1.06117,0,0.442291,0.968383
84.613514739,0.313587,1.32461,0.00665968,0.022796,0.391012,0.701322,2.30426,0.366613,0.939909,0.0139382,0.488878,0.981393
84.659954649,0.0920522,1.78295,0.0139903,0.0393716,0.338652,0.780092,2.3096,0.140129,0.786423,0,0.693703,0.886475
84.706394558,0.00246911,2.47277,0.0577766,0.045544,0.00149753,0.534767,2.52866,0.149287,0.627044,0.0256356,0.87514,0.75794
84.752834467,0.0153044,2.59133,0.099258,0.0838455,0,0.390461,2.7909,0.0750794,0.630065,0.0558139,0.986768,0.673143
84.799274376,0.0756556,2.51792,0.216629,0.137328,0.0868646,0.328641,2.84298,0.0151078,0.533523,0.0766331,0.850334,0.576629
84.845714286,0.237292,2.46819,0.175489,0.153013,0.175851,0.377578,2.81227,0.000381017,0.458366,0.0724692,0.804065,0.311967
84.892154195,0.146222,2.35417,0.116454,0.105684,0.183587,0.502029,2.94384,0.00635437,0.369478,0,0.845368,0.0325531
84.938594104,0.331884,2.08891,0.252693,0.0125901,0.0382315,0.551982,2.74551,0.00986454,0.531927,0,1.17475,0.378792
84.985034014,0.667634,1.33005,0.330769,0.436536,0.0532843,0.397063,2.57592,0.0381304,0.402359,0.0232204,1.2964,0.699537
85.031473923,0.802018,1.16096,0.178024,0.806108,0.068278,0.0708287,2.78728,0.0610257,0.711346,0.0757898,1.25724,0.724348
85.077913832,0.825091,1.04968,0.00964264,1.15412,0.0875715,0.157257,2.87658,0.0460344,1.04237,0.0819699,1.6287,0.503689
85.124353741,0.899639,1.18014,0.0592081,0.983583,0.0793298,0.332317,2.97781,0.0448173,0.982926,0.0677384,1.36372,0.591974
85.170793651,0.891196,1.49078,0.00354479,0.423707,0.095897,0.340237,3.37852,0.0876136,0.450413,0.0745277,0.948837,0.466469
85.217233560,0.645189,2.36407,0.00326577,0.00531534,0.104294,0.510625,2.99101,0.0221351,0.110349,0.0436978,0.628634,0.590312
85.263673469,0.833702,2.41492,0.00307494,0.0246705,0.0664943,0.843699,2.35248,0.288538,0.0937878,0.205861,0.330534,0.885614
85.310113379,1.19857,1.48222,0.189396,0.0270041,0.0703865,0.874669,1.88788,0.787901,0.0916809,0.219169,0.211754,1.199
85.356553288,1.20565,0.777186,0.539173,0.0390499,0.162929,0.713957,1.3872,1.33496,0.203166,0.436809,0.0115945,1.51629
85.402993197,0.994379,0.29911,1.08151,0.106568,0.0567169,0.546082,1.32182,1.14632,1.53323,0.0696877,0.0174931,1.64857
85.449433107,0.337225,0.606281,1.41996,0.362409,0.0195784,0.0408701,1.07977,0.398264,1.71755,0.000787401,0.216277,1.95776
85.495873016,0,0.91042,0.783748,0.778964,0,0.0258184,1.22829,0.285377,1.25879,0.392407,0.198278,2.34348
85.542312925,0,0.93824,0.179823,1.16182,0,0.0216394,2.34609,0.0563053,0.39038,1.08944,0.289682,2.43917
85.588752834,0,1.03518,0.0930714,1.38613,0,0.0498953,2.93867,0.0333498,0.0287001,1.33342,0.397781,2.46482
85.635192744,0,1.01146,0.00641152,1.39865,0.0232457,0.202664,3.1059,0.00698651,0,1.06983,0.377055,2.41168
85.681632653,0.0517486,0.928588,0.00357054,1.38865,0.126578,0.0288506,3.28809,0,0,0.813107,0.371762,2.19231
85.728072562,0.168309,0.928021,0.226565,1.14841,0.0561115,0,3.35772,0,0,0.751167,0.394424,1.90168
85.774512472,0.494596,0.90154,0.633768,0.750549,0.0524532,0.00212003,3.36404,0.260503,0,0.652869,0.356234,1.32994
85.820952381,0.498981,0.948573,0.785235,0.440843,0.0442058,0.0299183,3.11496,0.534487,0.00643199,0.685298,0.358928,1.09916
85.867392290,0.388678,0.807548,0.802716,0.27079,0.0528425,0.044564,3.08641,0.00928269,0.0986602,0.754503,0.353668,1.33205
85.913832200,0.179956,0.850048,0.146399,0.785966,0.0847501,0.0632214,2.85519,0,0.00739899,0.723514,0.306223,1.90743
85.960272109,0.0462534,0.540659,0.000835569,1.56074,0.111912,0.412161,2.32388,0,0,0.81704,0.184841,2.27353
86.006712018,0.076526,0.552208,0.0825007,2.10967,0.256532,0.207,1.64305,0,0.0297359,0.958182,0.117228,2.77979
86.053151927,0.156605,0.655747,0.210581,2.49743,0.317765,0.0018199,1.71348,0.00493523,0.148113,0.866779,0.0830827,2.89579
86.099591837,0.208997,0.50637,0.129473,2.74247,0.159064,0.095069,1.64562,0.292805,0.0825447,0.705253,0.0172084,2.27753
86.146031746,0.194582,0.230456,0.0991582,2.88512,0.0455783,0.12658,1.5683,0.483668,0.0552109,0.3426,0.300428,2.07742
86.192471655,0.117887,0.163915,0.113708,2.96909,0.029818,0.106149,1.65456,0.118188,0.0438457,0.278125,0.527908,2.29075
86.238911565,0.314484,0.115593,0.125322,2.88786,0.0438465,0.0269351,1.4021,0.0109733,0.0345801,0.150056,0.710558,2.43743
86.285351474,0.438532,0.0808087,0.146757,3.18339,0.0228875,0,1.25693,0.0937876,0.0560915,0.072729,0.535305,2.50691
86.331791383,0.164005,0.101307,0.00591003,3.11333,0,0,1.5648,0.0878083,0,0.421444,0.374386,2.29098
86.378231293,0.377753,0.123069,0.00818823,2.61338,0,0.0156751,1.47786,0.0806176,0.00031149,1.04329,0.208479,2.21139
86.424671202,0.563852,0.190248,0.0433198,2.2114,0,0.0869415,1.28145,0.0980049,0.292544,1.04308,0.0187168,2.12968
86.471111111,0.57304,0.126184,0.249935,1.96902,0.178454,0.0617968,1.45044,0.0265734,0.409576,0.723073,0,1.63469
86.517551020,0.211134,0.00551693,0.41643,1.83485,0.0758185,0.0583277,1.92239,0.0866917,0.431843,0.527834,0,2.05592
86.563990930,0,0,0.24493,1.94041,0.106755,0.39485,1.79691,0.275689,0.349577,0.353325,0.000221026,2.64967
86.610430839,0,0.606528,0.219648,1.84789,0.147923,0.527576,1.30959,0.329008,0.0708974,0.254707,0.0488622,2.97198
86.656870748,0,0.540995,0.148983,2.04591,0.144193,0.331513,1.52255,0.222423,0.0857025,0.499404,0.00911259,3.02662
86.703310658,0.00779928,0.208329,0.159551,2.19479,0.128928,0.063106,1.85094,0.0129546,0.0630039,0.83964,0.00129298,3.19456
86.749750567,0.00851411,0.181519,0.19177,2.309,0.12767,0.0108595,1.95228,0,0.0256223,0.803829,0,3.40937
86.796190476,0.059618,0.169522,0.106358,2.07974,0.131074,0.194938,2.29131,0,0,0.617821,0,3.5211
86.842630385,0.139736,0.235056,0.21434,1.59452,0.0919946,0.180385,2.42247,0.0130829,0.0541079,0.456422,0,3.33536
86.889070295,0.123187,0.302991,0.309527,1.14634,0.00362034,0.323411,2.25239,0.0876603,0.0479097,0.674379,0,2.90523
86.935510204,0.0256375,0.532897,0.1609,1.18342,0.025707,0.440729,1.91809,0.194408,0.0502193,1.04999,0.078521,2.44981
86.981950113,0.883683,0.284098,0.0298562,1.98025,0.213518,0.457518,1.53458,0.0681683,0.00392404,1.29397,0.0553812,1.80443
87.028390023,1.41333,0.23609,0.00741271,1.77183,0.228596,0.409908,1.35129,0.0856227,0,0.994441,0.0257479,1.8365
87.074829932,1.51594,0.212332,0.0050752,1.37315,0.285742,0.274963,1.98168,0.0352277,0,0.806879,0,1.5356
87.121269841,1.22836,0.25982,0.00443113,1.22097,0.519474,0.108948,2.18478,0.00351293,0.0303187,0.843908,0.0325313,1.35976
87.167709751,0.995888,0.192941,0.00417329,1.21652,0.593843,0.0617601,2.19636,0.00536959,0.111256,0.92953,0.0766866,1.74289
87.214149660,1.11404,0.0108334,0.127266,1.25035,0.384032,0.00748357,2.15125,0,0.187653,0.986269,0.184282,1.87942
87.260589569,1.20242,0,0.273254,1.4301,0.0101104,0.00935586,2.39876,0,0.316149,0.930595,0.147126,1.97622
87.307029478,0.79914,0.00175582,0.401457,1.35926,0.0204711,0.0529246,2.72695,0,0.178993,0.459717,0.272839,2.50335
87.353469388,0.332979,0.00304499,0.231771,1.44294,0.0927615,0.0751932,2.60421,0.0088486,0.0076275,0.0213539,0.52564,2.84926
87.399909297,0.162497,0.0935931,0.0778701,2.20145,0.099947,0.126766,2.31447,0.029286,0.0515504,0.0115816,0.746404,2.70385
87.446349206,0.0829452,0.00186864,0.12892,2.32093,0.0772126,0.12245,2.09119,0.0225967,0.0777442,0,0.775433,2.92919
87.492789116,0.119255,0.00202486,0.121029,2.30024,0.0438304,0.0360039,2.29494,0.0533162,0.0772654,0.13774,0.772927,3.09536
87.539229025,0.209246,0.00124523,0.108471,2.34013,0.0462367,0.0342074,2.62799,0.100481,0.0606742,0.463249,0.644944,2.95409
87.585668934,0.0791993,0.000544179,0.124347,2.15111,0.0697791,0.00432789,2.58783,0.0399743,0.0548606,0.370028,0.552306,3.06232
87.632108844,0.0558072,0.00135526,0.128794,1.66226,0.0550017,0.151255,2.4894,0.047352,0.0301583,0.049373,0.643162,3.10503
87.678548753,0.393235,0.00171599,0.203379,1.31864,0.103053,0.673363,2.20786,0.0574676,0.0823871,0.0642975,0.487323,2.42619
87.724988662,0.557863,0.00220252,0.0878397,1.23338,0.320522,1.02409,1.77548,0.00545998,0.428611,0.487945,0.15865,1.64325
87.771428571,0.470888,0.341901,0.155937,1.64889,0.326233,0.900811,1.52156,0.00222647,0.321504,0.691071,0.0556561,1.77286
87.817868481,0.180516,0.421448,0.634293,1.01479,0.178559,0.484618,1.48988,0.0386359,0.238932,0.586229,0.337474,1.95761
87.864308390,0.133229,0.242545,0.690003,0.734491,0.723338,0.612314,0.910699,0.394667,0.242905,0.444693,0.589761,1.72529
87.910748299,0.353136,0.0845696,0.694789,0.732849,0.801469,0.728558,0.557927,1.016,0.0889393,0.123159,0.833739,1.82352
87.957188209,0.669929,0,1.11498,0.56119,0.697402,0.710496,0.53722,1.16777,0.0791846,0.0916856,0.893004,2.02488
88.003628118,0.421012,0,1.62834,0.437666,0.460637,0.36553,0.896377,0.852628,0.220951,0.121401,0.754121,2.5405
88.050068027,0.169013,0.0393878,1.19984,0.652009,1.31477,0.242069,0.94542,0.726225,0.462215,0.097373,0.357233,2.33195
88.096507937,0.44307,0.100644,0.536957,0.64076,2.01581,0.275176,0.637487,0.01452,0.360855,0.153027,0.229696,2.17276
88.142947846,0.912547,0.00185766,0.317565,0.571844,2.16866,0.214187,0.761706,0,0.245224,0.679172,0.226074,2.10958
88.189387755,1.05986,0.00297038,0.0432511,0.666659,2.23151,0.099894,1.21327,0.00380579,0.393545,0.948427,0.264567,2.07484
88.235827664,0.948873,0.00258417,0.0298785,0.792784,2.06906,0.0147544,1.59986,0,0.61178,0.695077,0.210214,2.29724
88.282267574,0.652108,0.0785456,0.0495571,0.902897,1.09494,0.0135468,1.48285,0.00111876,0.999793,0.469486,0.0161569,2.7391
88.328707483,0.106334,0.237424,0.10009,1.11276,1.06725,0.123431,0.713502,0.0258358,1.22642,0.0779328,0,3.01824
88.375147392,0.216222,0.0981631,0.142097,1.20032,1.11397,0.224388,0.262253,0.0280646,1.81248,0.0959846,0.0664211,2.60546
88.421587302,0.394063,0,0.154685,1.08613,1.34705,0.0830319,0.018678,0.125647,2.48693,0.294319,0.0767641,1.82694
88.468027211,0.228064,4.63799e-05,0.0839825,0.772156,2.40686,0.0355442,0.0422075,0.275968,2.46744,0.24768,0.0378775,1.72164
88.514467120,0.0155756,0.00182103,0.000263821,0.623391,2.78441,0.0206707,0.0459627,0.329671,2.52229,0,0.343698,2.29598
88.560907029,0.030885,0.0201277,0,0.524609,2.85559,0,0.0324882,0.355251,2.43982,0.112409,0.13614,2.34834
88.607346939,0.136573,0.108112,0.0193238,0.370875,2.93036,0.203539,0.183126,0.0591054,2.53939,0.431268,0.0718394,1.93472
88.653786848,0.182331,0.178967,0.0695331,0.303413,2.75092,0.270342,0.192621,0.0157153,2.88431,0.342398,0.0572114,1.87819
88.700226757,0.203988,0.186156,0.0441483,0.371935,2.15764,0.259918,0.0712973,0.0407638,3.06424,0.0623337,0.0255724,2.15607
88.746666667,0.265802,0.0909185,0.219939,0.471873,1.73464,0.0114854,0.0810879,0.0325334,2.99497,0,0.0407674,2.23631
88.793106576,0.221798,0.0374866,0.342936,0.483227,1.67542,0.0642444,0.0445532,0.0104701,2.88521,0,0.0530009,1.8879
88.839546485,0.187724,0.000976256,0.38728,0.439145,1.55222,0.106681,0.302331,0.00379529,3.00233,0,0.00810086,1.74449
88.885986395,0.144904,0.000946779,0.534519,0.537165,1.24915,0.192886,0.448154,0.0131211,3.15893,0,0.00257725,1.80245
88.932426304,0.157874,0.002321,0.284408,0.925535,1.09726,0.196187,0.307606,0.0698867,3.26337,0.0373603,0.0032511,2.38883
88.978866213,0.601972,0.15357,0.221059,1.41136,1.05196,0.0260559,0.191765,0.346702,2.74061,0.032041,0.00251181,2.45481
89.025306122,0.643979,0.0975518,0.370594,1.49583,1.2412,0.0211693,0.26625,0.693668,2.03551,0.0195574,0.00257622,2.5341
89.071746032,0.373857,0.00217234,0.505067,1.12377,1.74799,0.034455,0.721036,0.554494,1.44335,0.107819,0.00267756,2.55415
89.118185941,0.0881496,0.310967,0.311793,0.21066,2.25142,0.0151115,1.45252,0.415241,1.24244,0.018037,0.219082,2.55767
89.164625850,0.0404155,0.882678,0.130652,0.1519,2.1502,0.007168,1.6371,0.603128,0.969109,0,0.329902,2.45304
89.211065760,0,0.950932,0.0907286,0.361286,1.53678,0,1.84928,0.486995,1.26117,0.0551663,0.322461,2.45877
89.257505669,0,0.689586,0.0588377,0.310873,1.34391,0,1.61569,0.0457463,2.5654,0.0779533,0.306662,2.22278
89.303945578,0,0.254336,0.135159,0.529064,1.82428,0.000612971,0.945337,0.0248991,2.78747,0.0953076,0.575205,1.72332
89.350385488,0,0.00231003,0.0569256,0.577949,1.36553,0.056617,0.58533,0.00267728,2.8252,0.14341,0.478754,1.88139
89.396825397,0,0.0018263,0.163146,0.566634,1.39222,0.256365,0.672448,0.042892,2.62714,0.0560081,0.111437,2.14516
89.443265306,0,0.191172,0.250486,0.227012,1.39563,0.174571,0.576355,0.837553,1.66401,0.0914796,0.235837,2.25598
89.489705215,0,0.539843,0.164254,0.156618,1.11373,0.249857,0.956782,1.78376,0.258181,0.0954185,0.680009,1.63008
89.536145125,0.0177781,0.444527,0.391255,0.136257,0.891261,0.277554,0.950214,1.5584,0.778404,0.113097,0.75386,1.51104
89.582585034,0.0193384,0.536347,0.793965,0.428674,0.589286,0.271953,0.413308,0.568634,2.04324,0.114468,0.141747,2.08256
89.629024943,0.285672,0.449797,0.718271,0.712616,0.577766,0.237354,0.274876,0.199879,2.5112,0.0795221,0.0492532,1.88446
89.675464853,0.443038,0.0511744,0.717334,0.96342,0.630736,0.155025,0.149892,0.331254,2.5819,0.100297,0.0811348,1.71504
89.721904762,0.33536,0.0980794,0.852029,0.807775,0.921782,0.0323593,0.138916,0.18188,2.51712,0.0559559,0.164606,1.89574
89.768344671,0.0969546,0.091813,0.973823,0.468787,1.39025,0.169308,0.45974,0.0417993,2.52918,0.0888113,0.0953146,1.76071
89.814784580,0.000666564,0.000701866,0.719305,0.581328,1.76448,0.300524,0.123275,0,2.63032,0.0168946,0.0530748,1.93687
89.861224490,0.000337493,0,0.589339,0.658645,2.10176,0.0816868,0.092475,0,2.51173,0.0195879,0,1.95872
89.907664399,0.196482,0.147994,0.592335,0.68188,1.91104,0.00316933,0.620574,0.549777,1.9624,0.056274,0.00135377,2.21139
89.954104308,0,0.652861,0.607643,0.452603,1.58367,0.013643,0.87263,0.969339,1.04821,0.113028,0.000584404,2.55839
90.000544218,0.00878928,0.917811,0.557868,0.127134,1.16434,0.201231,0.901642,0.900589,0.5979,0.0368579,0.028964,2.55864
90.046984127,0.093177,1.11465,0.272927,0.0509211,1.28913,0.420356,0.778543,0.532288,0.376239,0,0.043424,2.57118
90.093424036,0.135903,1.24961,0.00828365,0.0610752,2.53388,0.0272235,1.21709,0.0211363,0.324535,0.00763877,0.0211202,2.3221
90.139863946,0.164582,1.02572,0.00587515,0.158849,2.90499,0.012752,0.994354,0.0340866,0.554414,0,0.076726,2.05278
90.186303855,0.322287,0.310149,0.00387706,0.198571,2.95069,0,0.512869,0.0223701,1.2212,0.0835639,0.101696,2.13353
90.232743764,0.613906,0.127031,0.0746633,0.173906,2.73472,0.569951,0.268958,0.055345,1.63432,0.0754199,0.0254579,2.329
90.279183673,0.940022,0.140105,0.0804285,0.280618,2.61353,0.742138,0.493337,0.0490653,1.36502,0.024075,0.0681996,1.7529
90.325623583,0.654992,0.0843697,0.0318567,0.50001,2.30559,0.767002,0.49093,0.0503348,0.875742,0.00319445,0.310485,1.67161
90.372063492,0.266785,0.0540399,0.000664009,0.368025,2.49376,0.817748,0.141619,0.130392,0.690899,0,0.313037,1.83748
90.418503401,0.699163,0.0555005,0,0.230444,2.87952,0.593398,0.0760115,0.9658,0.457347,0.0486762,0.0047614,1.85378
90.464943311,1.13701,0.0406032,0.00308097,0.219244,2.50235,0.428001,0.0561607,1.01984,0.395741,0.00204294,0.00293818,1.45782
90.511383220,1.31271,0.0114914,0.00867285,0.743079,1.97906,0.243044,0.0580159,1.06574,0.374712,0.00312334,0.0464987,1.00655
90.557823129,1.22245,0.0968746,0.0673721,1.15675,1.40598,0.143681,0.179357,0.784775,0.16457,0.00619008,0.142064,1.30753
90.604263039,0.891196,0.0901025,0.140894,1.49284,0.762644,0.193371,0.87659,0.881772,0.148521,1.2082,0.268271,1.71096
90.650702948,0.455813,0.0738982,0.120534,1.71574,0.301452,0.12204,1.50248,0.587379,0.115276,1.40913,0.241697,2.13521
90.697142857,0.0221461,0.000512227,0.101218,1.87663,0,0.0118435,2.193,0.0937933,0.0895952,1.32635,0.0278015,2.93754
90.743582766,0.0351939,0.00141955,0.0809569,1.94563,0,0.0810633,2.11732,0.0412647,0.0753973,1.21268,0.0480019,3.18363
90.790022676,0.0407465,0.00235008,0.0653286,1.94501,0,0.0887008,2.0216,0.0130448,0.0199272,1.10488,0.254181,3.21544
90.836462585,0.0854207,0.00128843,0.512474,1.67477,0,0.0867345,2.18457,0.021034,0.000670325,0.780244,0.199438,3.35275
90.882902494,0.115606,0,0.680793,1.396,0.0819283,0.0468752,2.03829,0,0.0373029,0.209189,0.291482,3.2032
90.929342404,0.368397,0,0.852869,1.3397,0.177606,0.118027,2.0118,0,0.0611629,0,0.477072,2.28822
90.975782313,0.357208,0.0167801,0.716931,1.63007,0.165749,0.301236,2.08666,0.0458925,0.0598015,0.066403,0.634669,1.71758
91.022222222,0.0898035,0.0372848,0.369347,1.76706,0.525075,0.421534,2.36768,0.0760614,0.0376748,0.193232,0.487967,2.02702
91.068662132,0.0157962,0.344439,0.0999881,1.05297,0.395226,0.0726266,2.74455,0,0.00994936,0.21816,0.427294,2.21779
91.115102041,0.00460604,0.479952,0.0865076,0.869688,0.173647,0.0150101,2.72528,0.0682367,0.00214935,0,0.314104,2.50122
91.161541950,0,0.485296,0.0617442,1.00309,0.173871,0.0336222,2.71708,0.103887,0,0,0.411087,2.69534
91.207981859,0,0.651475,0.095892,0.870601,0.11924,0.0136264,2.63439,0.155162,0,0,0.490383,2.51591
91.254421769,0,0.777031,0.12674,0.636864,0.104389,0.00122965,2.48309,0.183823,0,0.00112845,0.495312,2.20638
91.300861678,0,1.01931,0.124339,0.817407,0.0965468,0.00418409,2.3044,0.256949,0.00640937,0.148929,0.519263,2.0916
91.347301587,0.00145321,1.1651,0.0885289,1.10318,0.113939,0.0312683,2.53944,0.167113,0.0271343,0.434928,0.476889,2.28056
91.393741497,0.0305497,1.29914,0.183648,1.29679,0.122744,0.0154251,2.55015,0.00296004,0.0518802,0.656722,0.453732,2.35626
91.440181406,0.34909,1.35564,0.186179,1.49854,0.102195,0.00174659,2.50781,0.00260492,0.0884652,0.622301,0.664922,2.06503
91.486621315,0.696182,1.1369,0.0605091,1.60473,0.106743,0.102425,3.09924,0.0311633,0.0919467,0.849315,0.400196,1.42588
91.533061224,0.895657,0.529389,0.152372,1.39804,0.0946302,0.363188,3.16406,0.0468014,0.0783754,0.686075,0.10954,1.49824
91.579501134,0.899004,0.567726,0.167341,0.965447,0.0971222,0.299152,3.09538,0.046626,0.0598982,0.328845,0.000942894,1.77566
91.625941043,0.939076,0.55654,0.171849,0.590542,0.200143,0.129441,3.20447,0,0,0.104167,0.0839552,2.18827
91.672380952,0.791941,0.457703,0.00352627,0.462487,0.161171,0.100431,3.22638,0.0233453,0,0.0159525,0.159185,2.38757
91.718820862,0.450599,0.604873,0.0137566,0.302967,0.200012,0.0715733,2.89107,0.119153,0.024901,0,0.259119,2.52629
91.765260771,0,0.808124,0.168204,0.297773,0.170756,0.275715,2.198,0.338668,0.370493,0.0555541,0.256645,2.73106
91.811700680,0,0.733643,0.185888,1.15472,0.225877,0.0428675,1.95632,0.260392,1.17964,0.0509474,0.019838,2.60485
91.858140590,0.104192,0.489667,0.110004,1.83578,0.282469,0.041665,1.65709,0.138188,1.49096,0.187608,0.00267106,2.44944
91.904580499,0.126524,0.345901,0.00561208,1.96813,0.242706,0.032662,1.38287,0.213055,1.88077,0.194693,0.00357651,2.47196
91.951020408,0.12865,0.0490585,0.00413045,2.05766,0.273292,0.00151716,1.62084,0.174203,1.83784,0.352225,0.00955749,2.40814
91.997460317,0.0463337,0.000863253,0.0129101,1.70831,0.132563,0.0552583,2.04067,0,2.08584,0.40412,0.0293434,2.4342
92.043900227,0.312971,0.0787234,0.143973,1.4359,0.161814,0.088702,1.9214,0,2.12718,0.179903,0.0825369,2.11418
92.090340136,0.476886,0.105505,0.214587,1.36691,0.166884,0.0718127,1.68072,0,2.19,0,0.0539898,2.12116
92.136780045,0.123181,0.0461854,0.12032,1.33552,0.159356,0.024144,1.55622,0.138407,1.6615,0.0246205,0,2.63843
92.183219955,0.125953,0.0336477,0.00640483,1.15395,0.0854824,0.029406,1.69469,0.62822,0.68184,0.0349455,0,2.99825
92.229659864,0.388992,0.00339162,0.100451,1.15281,0.0796579,0.0195111,1.81855,0.531461,0.103703,0.088318,0.282954,2.85474
92.276099773,0.53057,0.180241,0.181974,1.16254,0.188943,0,2.13269,0.0383046,0.0198335,0.0403377,0.614322,2.60473
92.322539683,0.338625,0.154107,0.231819,0.949358,0.162772,0.0162249,2.56373,0.085803,0.0213615,0.0349224,0.587557,2.54415
92.368979592,0.447858,0.205728,0.1083,0.768899,0.175005,0.279112,2.46181,0.00386188,0.01452,0.0541071,0.462548,2.66738
92.415419501,0.198764,0.168213,0.185239,1.00222,0.180487,0.466063,2.09528,0.0117611,0.116251,0.040149,0.16455,3.06832
92.461859410,0.0647505,0.0935476,0.209318,0.897641,0.235869,0.456314,1.75892,0.000376998,0.281561,0.34497,0,3.54155
92.508299320,0.113448,0.00268473,0.186883,0.234645,0.579414,0.894002,1.07522,0.163029,0.362069,0.926245,0,2.83115
92.554739229,0.23344,0.00414906,0.117965,0.146791,1.15156,0.901958,0.861832,0.237203,0.363958,1.20671,0.00098045,2.27253
92.601179138,0.134866,0.0136638,0.0503556,0.230634,1.50424,0.662447,1.08374,0.18606,0.232422,1.29336,0.282332,2.1418
92.647619048,0.00370401,0.0775821,0.237782,0.541696,1.18947,0.225667,1.29745,0.120691,0.157228,1.07613,0.420172,2.53297
92.694058957,0.10134,0.0797499,0.477688,2.26273,0.529497,0.0125785,1.59982,0.25057,0.0695423,0.844677,0.571219,2.39426
92.740498866,0.137712,0.106215,0.35333,2.98407,0.0751496,0.141931,1.50607,0.583706,0.0329222,0.863531,0.864509,1.6112
92.786938776,0.735551,0.0869335,0.147894,2.9996,0.0781637,0.170119,1.64571,0.490471,0.0862947,0.773118,0.442489,1.39494
92.833378685,1.13,0.0721339,0.0255046,2.52147,0.15075,0.0601521,1.80544,0.41873,0.0716995,0.67553,0.635811,1.19915
92.879818594,1.24946,0.0642036,0.0232721,2.33299,0.153587,0.0238686,1.73059,0.405558,0.0586092,0.374503,0.801908,1.27943
92.926258503,1.14426,0.0759087,0.00830553,2.75983,0.180331,0,1.5007,0.520497,0,0.091169,0.84401,1.09786
92.972698413,0.465156,0.000535722,0.00247344,3.0132,0.184141,0,0.926121,0.776098,0,0.00114919,0.748098,1.50422
93.019138322,0.1921,0.00163039,0.00124338,2.73143,0.130128,0,0.502366,1.28091,0.153122,0.000288997,0.850468,1.86928
93.065578231,0.249085,0.0569007,0.161744,2.22492,0.150218,0.0061655,0.372794,1.59753,0.111208,0.012487,0.972762,1.60822
93.112018141,0.73614,0.426821,0.457275,1.44832,0.764496,0.00140686,0.5235,1.70058,0.126622,0.0165164,1.10496,0.564537
93.158458050,0.49236,1.21359,0.672741,1.09744,0.704727,0.0174805,0.536139,1.77661,0.47884,0.066254,0.752743,0.40766
93.204897959,0.10331,2.44115,0.479673,0.352207,0.489474,0.0511405,0.643481,1.81986,0.433607,0.071301,0.498711,0.442534
93.251337868,0.150538,3.30967,0.365698,0.111676,0.23046,0.0340251,0.63621,1.66313,0.430224,0.0814199,1.13318,0.282681
93.297777778,0.165688,3.29855,0.308694,0.0582525,0.126918,0.0761262,0.970795,1.66104,0.395035,0.0782721,1.34682,0.0954373
93.344217687,0.143814,2.92608,0.0463396,0.253718,0.0888961,0.110176,1.65945,1.58363,0.538478,0.10163,1.32207,0.042965
93.390657596,0.38405,2.35913,0.00426412,0.472331,0.0758284,0.0938752,3.1019,0.925594,0.620518,0.0616299,1.44537,0.306201
93.437097506,0.535375,2.24359,0.00476801,0.159055,0.0645236,0.0746136,3.50509,0.268755,0.377044,0.00680042,2.04283,0.48656
93.483537415,0.520102,1.80893,0.276894,0.224125,0.0724003,0.144372,3.23372,0.265165,0.812413,0.00458359,1.45772,0.527288
93.529977324,0.420193,2.45571,0.185768,0.192776,0.119248,0.19115,2.35262,0.344589,1.00264,0.00277205,0.565959,0.451369
93.576417234,0.223141,2.96242,0,0.0648951,0.139893,0.168754,1.75705,0.815116,0.858549,0,0.625607,0.310402
93.622857143,0.19266,2.89104,0,0.0184428,0.1571,0.0568413,1.78848,0.980124,0.882407,0.00752902,0.677442,0.172681
93.669297052,0.246703,2.87322,0,0,0.213115,0.0286851,1.68251,1.01638,0.957632,0,0.303522,0.215849
93.715736961,0.366845,2.34064,0,0,0.177288,0.0808326,1.94942,0.730482,1.12794,0,0.240755,0.368858
93.762176871,0.411777,1.58678,0.150706,0.0103231,0.171002,0.313949,2.30052,0.259774,1.42775,0.00702462,0.265193,0.219321
93.808616780,0.388026,1.20983,0.713616,0.349972,0.153299,0.699184,1.91611,0.00493231,1.06623,0.197092,0.337952,0.0752376
93.855056689,0.0452528,1.29263,0.990495,0.229011,0.208022,0.80448,1.66499,0.191503,0.412382,0.227507,0.952841,0.00585938
93.901496599,0.0555678,1.48384,1.025,0.221559,0.25604,0.680689,1.82097,0.472811,0.269315,0.0584086,1.41291,0.0486377
93.947936508,0.102381,1.57012,0.702678,0.233556,1.01133,0.618993,2.05193,0.428234,0.157153,0,1.32011,0.197021
93.994376417,0.10809,1.58024,0.138029,0.340794,1.27412,0.494526,1.73669,0.295323,0.557529,0,1.74743,0.376659
94.040816327,0.36418,1.36448,0.0984045,0.75826,1.23076,0.213694,1.26032,0.0950288,0.509384,0.00529141,2.10952,0.357122
94.087256236,0.517133,1.00681,0.038623,0.980248,0.995376,0.385909,1.32114,0.0221958,0.422681,0.0180775,2.31432,0.922681
94.133696145,0.592912,0.799308,0.206861,1.64187,0.375919,0.312093,1.70663,0.231062,0.25939,0.0133687,2.13079,0.780154
94.180136054,0.328749,0.55162,0.415572,1.79313,0.0907711,0.786983,1.96614,0.549632,0.200271,0.030031,1.76285,0.638343
94.226575964,0.703836,0.537953,0.38194,1.62189,0.160163,0.860275,2.03742,0.448262,0.236438,0.00280022,1.22471,0.449162
94.273015873,0.826675,0.554947,0.322983,1.40737,0.294052,0.896637,2.00481,0.133165,0.417773,0.000653933,0.866793,0.865619
94.319455782,0.635067,0.768792,0.267516,0.614464,0.175923,1.68777,1.19937,0.0199753,0.21843,0,1.13006,1.67012
94.365895692,0.406334,0.764809,0.246816,0.57565,0.536859,1.61845,0.950597,0.0203997,0.109178,0.0205423,1.35147,1.69987
94.412335601,0.0778515,1.15996,0.308357,0.330075,1.02333,1.44971,1.11492,0,0.0769507,0.0565841,1.25564,1.43784
94.458775510,0,1.34005,0.734629,0,0.65484,0.928529,1.90101,0.0617196,0.133966,0.131204,1.33838,1.30535
94.505215420,0,1.80475,0.697914,0.0244479,0.332163,0.455034,2.36357,0.520248,0.298266,0.19858,1.44846,1.12696
94.551655329,0.464408,2.20098,0.235868,0.0955435,0.596448,0.380506,2.67829,0.178125,0.260406,0.298461,1.65252,0.595676
94.598095238,0.664566,2.33371,0.0554944,0.135285,1.41632,0.203182,2.16631,0.00245057,0.394786,0.108682,2.07029,0.0307714
94.644535147,0.674657,1.71774,0.0642596,0.339477,1.57489,0.417992,1.39119,0.164925,0.366862,0.0337211,1.97062,0.347896
94.690975057,0.376843,1.40184,0.119722,0.460689,1.82733,0.43875,1.40708,0.479166,0.0439357,0.0593427,1.25444,0.472066
94.737414966,0.572326,1.35557,0.1134,0.350203,1.25569,0.340381,1.41763,0.361404,0.404151,0.0800609,0.540731,0.968192
94.783854875,0.712271,1.85929,0.0527416,0.0472812,0.22172,0.273268,1.40744,0.17114,1.14114,0.122461,0.411611,1.12384
94.830294785,0.425765,2.57364,0.00668569,0.00558542,0.139054,0.510826,1.59881,0.5513,1.13621,0.138548,0.508538,0.903211
94.876734694,0.235567,2.75367,0.00470704,0.00618202,0.119561,0.612902,1.70751,0.988084,0.822783,0.0491637,0.898981,0.485118
94.923174603,0.108113,2.79342,0.0380961,0.00661443,0.132225,0.450154,1.83952,1.11107,0.550556,0.0726106,0.984369,0.331042
94.969614512,0.118216,3.00634,0.155001,0.0404779,0.186156,0.285895,1.38299,0.947827,0.451107,0.0597231,1.19268,0.0758342
95.016054422,0.53146,3.16509,0.169755,0.0265274,0.124087,0.229293,1.15087,0.594582,0.736866,0.0579412,1.43621,0.105989
95.062494331,0.581806,3.1388,0.119516,0.00895852,0.0849608,0.26804,1.06778,0.581566,0.88183,0.0523978,1.48975,0.148452
95.108934240,0.940119,2.6894,0.0148983,0.122452,0.0901658,0.197365,0.946549,0.539175,0.906368,0.0303718,1.60443,0.490542
95.155374150,1.18775,2.42578,0.00711974,0.0589866,0.161712,0.229078,0.770663,0.675835,0.885379,0,1.36223,0.714287
95.201814059,1.44016,2.04832,0.00471969,0.0112959,0.331043,0.146521,2.18811,0.504545,0.779389,0.0347424,1.0387,0.631604
95.248253968,1.04145,2.3013,0.00347249,0.0267425,0.324243,0.2422,3.15325,0.50941,0.00731266,0.0891738,1.02683,0.323519
95.294693878,0.38904,2.18754,0.00806167,0.0979028,0.17582,0.248916,2.93814,0.218098,0.0181642,0.0971409,1.34587,0.832272
95.341133787,0,2.00676,0.0452241,0.0195574,0.221513,0.415937,2.92783,0.0763233,0.0833393,0.0669475,1.93535,1.16343
95.387573696,0.409441,1.53162,0.0121179,0.0261301,0.0635843,0.405317,3.25883,0.0041287,0.10156,0.0643769,2.19217,0.689891
95.434013605,0.579985,1.18994,0.051331,0.133877,0.0232936,0.259568,3.22516,0,0.0839718,0.101144,1.97943,0.671867
95.480453515,0.597263,1.01654,0.0322498,0.0909083,0.0632312,0.290917,3.19508,0.0879532,0.121691,0.106033,2.00224,0.70191
95.526893424,0.641097,1.00413,0.0902964,0.00916485,0.088222,0.383659,3.11996,0.107384,0.0916468,0.0669882,2.00115,0.64046
95.573333333,0.152541,1.1752,0.157914,0.0110484,0.0858449,0.279897,3.24768,0.286217,0.0406069,0.274079,2.2993,0.611442
95.619773243,0.0489987,1.72158,0.230334,0.00809535,0.108215,0.0445486,3.85575,0.103265,0.0527213,0.363525,2.18261,0.411673
95.666213152,0.0437424,1.82342,0.0466023,0.0303422,0.108327,0,4.12,0,0.263433,0.170353,1.84745,0.16753
95.712653061,0.0893856,1.92875,0.00491767,0.0779741,0.121483,0.143483,3.7509,0.497695,0.406416,0.14529,1.91339,0.22555
95.759092971,0.175839,1.78582,0.109065,0.161827,0.0858052,0.469345,3.39649,0.833724,0.471992,0.00725492,1.75855,0.183468
95.805532880,0.390713,1.64352,0.0896079,0.351442,0.021059,0.728217,3.12518,0.788391,0.568884,0.217668,1.1544,0.0525602
95.851972789,0.258347,1.32029,0.0625111,0.44338,0.0213183,0.868408,2.94839,1.14993,0.345392,0.297832,0.793077,0.412707
95.898412698,0.115969,1.01362,0.394939,0.816639,0.720039,0.728358,2.43732,1.46952,0.30542,0.215455,0.131722,0.47383
95.944852608,0.000202177,1.10435,0.590788,0.253253,0.653898,0.872355,2.15976,0.281248,0.605593,0.204578,0.879408,0.176865
95.991292517,0,1.14455,0.699283,0.0123055,0.924455,0.871088,2.03126,0.336954,0.556523,0.0249169,1.12424,0.0160904
96.037732426,1.04162,0.609546,0.466368,0.360458,0.992567,0.823187,1.87872,0.30775,0.760307,0,1.07312,0.000304275
96.084172336,1.19677,0.265489,0.971324,0.780027,0.672033,0.617098,1.48397,0.315731,1.16082,0,0.533419,0.00172315
96.130612245,1.14039,0.287258,1.17506,0.730801,0.445969,0.421901,1.28983,0.527846,1.1438,0,0.60461,0.0171154
96.177052154,0.884992,0.57703,1.04488,0.618028,0.332291,0.506259,0.888152,0.757193,0.986662,0,0.85139,0.0288159
96.223492063,0.632534,1.4356,0.181695,0.374239,0.376704,0.472025,1.0179,1.29354,0.735257,0.474881,0.426994,0.000353214
96.269931973,0.447749,1.34965,0.0959499,0.557612,0.55032,0.48893,0.794284,1.11683,1.21303,0.483935,0.755837,0.000244417
96.316371882,0.631344,0.919867,0.123341,0.3144,0.533593,0.232323,0.736208,1.04189,1.24792,0.184215,1.38508,0.167303
96.362811791,0.959707,1.01901,0.294185,0.0136818,0.436678,0.0534262,1.04601,1.12353,0.953813,0.303214,1.54453,0.215843
96.409251701,0.607906,0.52106,0.397487,0.178947,0.575412,0.0549182,1.15071,1.28278,0.5879,0.345444,1.6224,0.214811
96.455691610,0.221018,0.0839144,0.530138,0.550639,0.912011,0.210541,1.10795,0.902955,0.549174,0.301028,1.54487,0.118266
96.502131519,0.324109,0.0750527,0.33768,1.28859,0.887472,0.158381,0.949011,1.17834,0.467787,0.187021,0.958275,0.214333
96.548571429,0.157952,0.0044898,0.238224,1.99063,0.431065,0.346424,0.847353,1.47893,0.101708,0.107802,0.446259,0.565643
96.595011338,0.171403,0.179778,0.326482,1.71901,0.305847,0.506733,0.603185,1.79267,0.167794,0.131197,0.382906,0.714598
96.641451247,1.09578,1.25594,0.486437,0.411873,0.294205,0.459964,1.2506,0.553735,0.725456,0.361172,0.265441,0.372386
96.687891156,1.36154,1.15353,0.370971,0.0915874,0.371503,0.23927,1.16761,0.54843,0.816572,1.14086,0.194812,0.594684
96.734331066,1.28365,0.952258,0.238915,0.0382573,0.368096,0.403608,1.11178,0.60537,0.999768,1.06702,0.247082,0.414174
96.780770975,0.833989,0.612617,0.0921506,0.0462909,0.463544,0.926196,1.00989,0.916788,1.23573,0.848654,0.29948,0.50984
96.827210884,0.439665,0.210122,0.0506381,0.169616,1.34311,0.712184,0.855508,1.32217,1.14061,0.442908,0.386824,0.322483
96.873650794,0.678517,0.000808931,0.0046569,0.790518,1.9705,0.491547,0.766868,1.52761,0.550914,0.27166,0.354724,0.00934287
96.920090703,0.763087,0.00584758,0.083467,0.422514,1.8273,0.620895,0.788167,1.59723,0.340073,0.254603,0.214058,0.000300576
96.966530612,0.735007,0,0.238051,0.386065,1.40188,0.0906411,0.604585,1.95953,0.342643,0.261242,0.264892,0.000348577
97.012970522,0.642537,0.0867705,0.555339,0.517013,1.09017,0.098529,0.596643,1.73687,0.730905,0.0699042,0.145411,0.288921
97.059410431,0.577657,0.352911,0.92777,0.710668,1.00822,0.281559,0.721186,1.16188,0.598981,0.112448,0.649741,0.182512
97.105850340,0.294356,0.276389,0.928149,0.467914,0.647049,0.292271,0.993815,0.91027,0.650893,0.229099,1.02474,0.399109
97.152290249,0.422279,0.151198,0.905854,0.173469,0.396553,0.215439,1.31347,0.413202,1.0324,0.215035,0.934248,0.597805
97.198730159,0.875507,0.277221,0.523925,0.155844,0.312698,0.333507,1.02452,0.184148,1.60292,0.271487,0.442958,0.793877
97.245170068,0.751843,0.492471,0.209808,0.696876,0.718071,0.048488,0.818745,0.361278,1.05718,0.761328,0.608083,0.697193
97.291609977,1.24018,0.206584,0.16583,0.861098,0.705321,1.19762,0.862547,0.100712,0.682745,0.322887,0.788466,0.970358
97.338049887,1.27756,0.374776,0.0735579,0.678411,0.677128,1.45766,0.606185,0.723237,0.527175,0.0864474,1.07726,0.89428
97.384489796,1.35339,0.393337,0.00560954,0.608881,0.67723,1.14245,0.460046,0.926255,0.583016,0.0782376,1.26202,0.730057
97.430929705,1.54233,0.504152,0.00543178,0.795535,0.552964,0.9559,0.717239,1.03675,0.602106,0.320284,1.41931,0.293632
97.477369615,1.33719,0.973719,0.00618158,0.652729,0.230042,1.10646,0.781895,1.00575,0.506771,0.53714,1.46069,0.0339772
97.523809524,0.705014,1.3628,0.230697,0.0436686,0,1.35421,0.226701,0.990779,0.702323,1.03636,0.867393,0.850423
97.570249433,0.678292,1.20459,0.237444,0.136673,0,1.47755,0.249185,0.956276,0.739402,1.15908,0.825755,1.20668
97.616689342,0.477225,0.893291,0.192246,0.16819,0.148704,0.867659,0.235164,1.26589,0.737559,1.3359,0.752914,1.38638
97.663129252,0.0937901,0.88454,0.6363,0.428667,0.126574,0.609601,0.214441,1.49505,0.61856,0.879455,0.71166,1.65823
97.709569161,0.0912418,0.529781,0.882676,0.810873,0.37305,0.660458,0.287323,1.25456,0.642091,0.303547,0.132061,2.08962
97.756009070,0.0857527,0.408786,0.887613,1.01001,1.02381,0.668542,0.238667,1.13514,0.822914,0.0218401,0.491126,1.4828
97.802448980,0.0820546,0.275744,0.848024,1.16991,1.22448,0.330536,0.0202379,1.5277,0.846654,0,1.02133,1.26631
97.848888889,0.414024,0.229256,0.85278,0.917011,0.982982,0.458281,0.142009,0.694395,0.903998,0.0312308,1.26656,0.667319
97.895328798,0.27138,0.244246,1.09663,0.677743,0.512888,1.01345,0.809631,0.0619105,0.633709,0.410771,1.60097,0.496752
97.941768707,0.931936,0.594443,0.506459,1.44204,0.598888,0.925937,1.0306,0.0934699,0.158898,0.66948,1.33436,0.0972007
97.988208617,0.877384,0.603203,0.279538,1.60997,0.615382,0.8108,0.95703,0.708029,0.153135,0.452192,1.06197,0.182853
98.034648526,0.901646,0.390515,0.202683,1.782,0.687794,0.809744,1.25387,1.11614,0.0814828,0.434151,0.892178,0.294616
98.081088435,1.01091,0.188452,0.168652,1.81176,0.607438,0.6332,1.25196,1.34693,0.0647137,0.696764,0.615072,0.444113
98.127528345,1.24811,0.401902,0.339331,1.39041,0.154553,0.735874,0.944518,1.71105,0,0.786842,0.51751,0.612923
98.173968254,1.24103,0.361066,1.01825,0.304195,0.914663,1.09414,0.423151,1.93564,0,0.618114,1.10136,0.630353
98.220408163,1.25552,0.200272,1.38787,0.528359,1.16424,1.09309,0.461779,1.80748,0,0.586614,1.48983,0.1319
98.266848073,1.22802,0.14973,1.97714,0.280335,0.926722,0.62062,0.279344,1.389,0.204618,0.643404,1.76328,0.713391
98.313287982,0.967987,0.201888,1.99661,0.353578,0.482553,0.543362,0.680624,0.793146,0.310679,0.571226,1.51646,1.03009
98.359727891,0.585708,0.190503,1.42,0.939122,0.0801293,0.303879,2.04743,0.131248,0.490907,0.731175,0.65353,1.31331
98.406167800,0.122311,0,0.324438,1.50217,0.0944296,0.0165663,2.33136,0.0153182,0.4918,1.01403,0.479865,2.41312
98.452607710,0.216815,0.00020526,0.159964,1.82363,0.104032,0.0344153,2.67608,0.0475973,0.125107,1.03862,0.15726,2.54442
98.499047619,0.483965,0.000372587,0.236312,1.54845,0.0661766,0.0676401,2.73363,0.062918,0.115952,1.03775,0.135862,2.43987
98.545487528,0.580881,0.170821,0.285733,1.22158,0.0349055,0.180102,2.51181,0.0771872,0.104983,0.835456,0.225553,2.5198
98.591927438,0.812017,0.26678,0.0961894,1.14587,0.0188907,0.134071,2.22921,0.0642102,0.108225,0.79127,0.226452,2.53896
98.638367347,0.884272,0.36166,0.00458328,1.45029,0.0196214,0.105332,1.91693,0.16253,0.226247,0.889527,0.145879,1.85108
98.684807256,1.28695,0.186462,0.00569479,1.68536,0,0.0601649,1.30928,0.666648,0.409891,0.9111,0.0521329,1.63388
98.731247166,1.50504,0.0168746,0.00620731,1.32496,0.0133985,0.212984,0.895744,1.37513,0.320694,0.819405,0.0732142,1.93824
98.777687075,1.01661,0.189105,0.114768,0.743949,0.447848,0.301821,0.862759,2.10361,0.0187013,0.790118,0.141072,1.63873
98.824126984,0.412846,0.239675,0.738329,0.483161,1.5316,0.241919,1.00662,1.78092,0.209866,0.673935,0.280132,1.27787
98.870566893,0.172103,0.150564,0.79538,0.329028,2.06578,0.256204,1.00342,0.656736,1.07497,0.316384,0.67287,1.80107
98.917006803,0,0.044089,0.862937,0.283927,2.2832,0.25186,0.685482,0.0697647,1.69803,0.0614359,0.264282,2.69013
98.963446712,0,0.00210232,0.752617,0.481031,2.46068,0.0182383,0.627454,0.0301564,1.97129,0.0588723,0.026811,2.88371
99.009886621,0.00849985,0.00258942,0.649964,0.496222,2.63683,0.0126413,0.696628,0.0144868,1.99714,0.123691,0.0275368,2.82646
99.056326531,0.108928,0.00308841,0.589584,0.511495,2.83198,0.00638382,0.661765,0.00547899,1.89618,0.00270616,0.0384315,2.65411
99.102766440,0.05652,0.00218928,0.794964,0.453114,2.56717,0.498503,0.619522,0.015339,2.11189,0.000332533,0.0441068,2.98294
99.149206349,0,0.119806,1.07042,0.417652,2.21826,0.470353,0.698345,0.0234805,2.15021,0.0216337,0.0378877,2.8804
99.195646259,0,0.0779761,1.09664,0.338001,1.87933,0.304567,0.686463,0.0310131,2.02154,0.114622,0.134649,3.09488
99.242086168,0,0.0305881,0.637696,0.693805,1.29261,0.0954121,0.749227,0.170788,1.47103,0.278969,0.0688201,3.08079
99.288526077,0.183754,0.00383912,0.231463,0.959234,0.895669,0.0453986,0.94494,1.34917,0.873845,0.556486,0.0174544,2.10086
99.334965986,0.303658,0.00315416,0.0189199,1.02033,1.02464,0.0423867,1.05147,2.02791,0.201634,0.579589,0.0250475,1.50942
99.381405896,0.302689,0.00407798,0.275692,0.911378,1.07462,0.245149,0.839242,2.09727,0.0992405,0.437019,0.122969,1.46678
99.427845805,0.332918,0.234583,0.795042,0.340265,1.03065,0.237499,0.661638,1.93967,0.165188,0.4689,0.597316,1.30416
99.474285714,0.369397,0.373407,0.682076,0.05799,1.78232,0.0975465,0.443801,1.91105,0.0846174,1.21155,1.04527,0.490713
99.520725624,0.161186,0.526678,0.141054,0.0319509,2.11922,0.00284592,0.325937,1.49389,0.62096,1.45938,1.28017,0.304165
99.567165533,0.015726,0.517315,0.105592,0.00489822,1.79077,0.0132631,0.250619,0.797659,0.813538,1.94527,0.766135,0.298447
99.613605442,0,0.497498,0.0782791,0.14541,1.78892,0.0171082,0.38076,0.683003,0.760963,2.23855,0.567279,0.276281
99.660045351,0.0826349,0.757476,0.0219323,0.29405,1.8381,0.0107446,0.540817,0.642123,0.61718,2.44924,0.408525,0.300992
99.706485261,0.00381553,0.81791,0.00535872,0.366943,1.61298,0,0.535933,0.636572,0.642296,2.70779,0.310203,0.482003
99.752925170,0.0144607,1.00144,0.00395647,0.332275,1.29317,0.0779756,0.687976,0.557544,0.641932,2.55356,0.431684,0.564092
99.799365079,0.0173323,1.23128,0.0945941,0.433807,1.47459,0.0118697,0.876488,0.547577,0.511647,1.71617,0.831148,0.539089
99.845804989,0,0.762746,0.121328,0.665086,1.33735,0,0.911733,0.815789,0.289052,1.42381,0.867875,0.491878
99.892244898,0.286988,0.0406025,0.466664,1.1996,0.95864,0,0.728284,1.47847,0.257889,0.926872,0.849519,1.38072
99.938684807,1.17674,0.00343852,0.433287,1.189,0.823755,0.0375642,0.526765,1.4862,0.233507,0.752365,0.986363,1.17778
99.985124717,1.38108,0.042004,0.225105,1.13025,0.586868,0.0311913,0.589167,1.30523,0.343048,0.763196,0.484747,1.04887
100.031564626,0.915399,0.00973645,0.616845,1.07455,0.856481,0.00923894,0.590645,0.848774,0.551764,0.642633,0.235943,1.51458
100.078004535,0.428418,0.00055955,0.797728,0.708853,1.55757,0.064751,0.938392,0.478529,1.3743,0.340974,0.33399,1.85605
100.124444444,0.252858,0,0.77743,0.685502,2.16495,0.0648525,0.757463,0.194987,1.89892,0.215596,0.152304,1.99743
100.170884354,0,0.000699836,0.580286,0.705247,2.34171,0.00806051,0.438253,0.143614,2.08009,0.24547,0.0187348,2.52855
100.217324263,0,0.0810144,0.380832,0.745484,1.74324,0,0.647046,0.0657784,2.05734,0.589768,0.0545074,3.16684
100.263764172,0.0264069,0.15241,0.0228908,0.776576,1.40658,0.166458,1.26637,0.36224,1.72823,0.383592,0.319066,3.48332
100.310204082,0.0499812,0.10184,0.195337,1.56253,0.68253,0.105079,1.69908,0.440223,1.03487,0.0238888,0.455541,3.7872
100.356643991,0.131294,0.00063394,0.254194,2.20512,0.152643,0.127043,1.86922,0.239708,0.155571,0.457189,0.360514,3.75245
100.403083900,0.128345,0.00102523,0.171936,2.40416,0.158979,0.202629,2.07227,0,0.150257,0.724854,0.209434,3.25738
100.449523810,0.0747364,0.0265465,0.193739,2.48575,0.125641,0.17152,2.30527,0.105655,0.142732,0.639063,0.407959,3.04023
100.495963719,0.104257,0.115304,0.125044,2.32851,0.0833357,0.129059,2.20891,0.0926559,0.113751,0.672779,0.586775,2.72172
100.542403628,0.315779,0.067823,0.0622769,2.33702,0.181764,0.172937,1.49028,0,0.284198,0.942044,0.473466,2.27805
100.588843537,0.72793,0.0238821,0.00712115,1.81789,0.489172,0.177101,1.03819,0.0308203,0.296861,0.953063,0.287252,2.02222
100.635283447,0.698852,0.117513,0.00657284,1.51253,0.65892,0.269153,0.346971,0.387446,0.207649,1.29561,0.0412336,1.17816
100.681723356,0.278794,0.347509,0.100465,1.39832,0.595026,0.117399,0.193168,0.605074,0.180731,1.55814,0.157215,0.838693
100.728163265,0.0311791,0.340112,0.316965,0.793582,0.86496,0.0491607,0.0796036,0.74312,0.0482872,1.91962,0.36058,0.974913
100.774603175,0.0333642,0.237278,0.125054,0.231543,1.34994,0.0123131,0.237661,0.973617,0.018496,2.13691,0.374064,1.38515
100.821043084,0.0313669,0.231555,0.0030225,0.244744,1.30365,0.041748,0.492908,0.954153,0.0264921,2.21259,0.322591,1.89058
100.867482993,0.0239647,0.0699133,0.237242,0.221124,0.85577,0.42303,0.765319,0.680194,0.436043,1.62344,0.290535,2.29496
100.913922902,0.0160417,0.0826001,0.434162,0.701308,0.151329,0.527689,1.41921,0,0.926313,1.04932,0.547752,2.56313
100.960362812,0.00501173,0.0470428,0.147131,1.51166,0.0928672,0.302576,1.98972,0,0.504795,1.03843,0.939981,2.81067
101.006802721,0.276003,0.103782,0.14955,1.69576,0.0975731,0.247457,2.12437,0.00217859,0.0993887,1.03966,0.941683,3.10031
101.053242630,0.458809,0.00294393,0.36831,0.917209,0.124263,0.0918141,1.63188,0,0.078139,0.951424,0.630142,3.19368
101.099682540,0.474824,0.00123809,0.398619,0.590714,0.154444,0.105939,1.62083,0.00961968,0.0868045,0.971634,0.266904,3.07932
101.146122449,0.453173,0.000992774,0.172156,0.877163,0.272828,0.0388196,2.00506,0.0203126,0.0873462,0.991849,0.271513,3.14257
101.192562358,1.05898,0.00150968,0.143559,1.05111,0.207811,0.0526163,2.26456,0,0.0757366,1.1587,0.232103,2.50912
101.239002268,1.51235,0.00208847,0.233187,0.789382,0.15742,0.100264,1.73251,0.467441,0.108119,1.20057,0.0745706,1.92374
101.285442177,1.57199,0.180617,0.296679,0.664317,0.238346,0.249306,1.20401,0.956926,0.132108,1.02536,0.00108393,1.84835
101.331882086,1.30443,0.056955,0.438868,0.51393,0.700063,0.532988,1.35685,1.17169,0.140953,0.46314,0.0839371,1.87706
101.378321995,0.747238,0.0399156,0.659956,0.426754,0.759832,0.482392,1.28728,1.33593,0.0764739,0,0.12356,2.29836
101.424761905,0.142223,0.0762913,0.423534,0.577176,0.764292,0.47511,0.807716,1.58346,0.435504,0.124804,0.0359933,2.3836
101.471201814,0,0.136709,0.496546,0.440794,1.57416,0.103685,0.339913,0.916591,2.10728,0.134531,0.00157605,2.50888
101.517641723,0,0.0973771,0.675392,0.493676,2.95318,0.0562788,0.130092,0.318624,2.32744,0.114783,0.00217215,2.47097
101.564081633,0,0.0614518,0.623213,0.538405,3.24606,0.00425209,0.0710817,0.0410078,2.30873,0.197142,0.0199874,2.4138
101.610521542,0,0.0604299,0.56158,0.399318,3.17578,0.00897877,0.254666,0.00644688,2.29471,0.318922,0.124621,2.46828
101.656961451,0,0.12109,0.584088,0.210179,3.32353,0.216069,0.462611,0.1075,2.08949,0.170534,0.0360658,2.21162
101.703401361,0.0485627,0.191365,0.853055,0.15587,2.75349,0.386435,0.573025,0.273398,2.12763,0.16753,0.0495458,2.29668
101.749841270,0.10265,0.204127,1.07641,0.251085,2.23387,0.619431,0.601656,0.172457,2.04194,0.152559,0.239425,2.45303
101.796281179,0.022438,0.0793936,1.0395,0.430513,1.97787,0.629024,0.702483,0.0365252,1.80394,0.188391,0.360433,2.86817
101.842721088,0.25506,0.00393274,0.821922,0.920708,1.36423,0.81621,1.01634,0.138769,1.00469,0.208732,0,2.96086
101.889160998,0.75243,0.213877,0.662625,1.1192,0.838934,0.972871,0.897123,0.868395,0.26495,0.223639,0,2.2888
101.935600907,0.949274,0.594036,0.637211,0.772414,0.64409,0.854545,0.447777,1.39502,0.0664637,0.193305,0,1.6025
101.982040816,0.756836,0.775806,0.812476,0.18455,0.605399,0.988578,0.191686,1.90587,0.123544,0.031052,0.112052,1.22412
102.028480726,0.113185,0.74172,0.708518,0.543546,0.793614,0.960268,0.320887,2.05843,0.0950636,0.267881,0.0867794,0.974132
102.074920635,0,1.10218,0.611776,0.778285,0.969312,0.728774,0.616787,1.69376,0.0704792,0.422527,0.654998,0.494798
102.121360544,0,1.30266,0.133745,0.723995,1.45611,0.102754,0.992598,1.15002,0.0555491,1.27016,0.784586,0.374169
102.167800454,0,1.2108,0.0106942,0.613132,1.73305,0.0225242,0.857988,0.91078,0.0140525,2.06036,0.824762,0.572584
102.214240363,0,0.956941,0.0108481,0.312074,1.81817,0.0487994,0.548495,0.948222,0.45246,2.12053,0.272004,1.0171
102.260680272,0,0.811911,0.076156,0.238155,1.60693,0.0669623,0.507663,0.789281,0.592231,2.18523,0.133444,1.24152
102.307120181,0,0.75754,0.200601,0.296605,1.68548,0.0504775,0.620395,0.6311,0.709326,2.15168,0.00193086,1.18324
102.353560091,0,0.722782,0.287449,0.376109,1.74008,0,0.69138,0.670144,0.901033,1.74078,0.127562,0.911581
102.400000000,0.00582313,0.712784,0.261534,0.353765,1.65031,0.0649566,0.638041,0.824235,0.84593,0.963295,0.677016,0.818475
102.446439909,0.59485,0.300211,0.295724,0.912556,0.65593,0.126794,0.548448,1.42881,0.690846,0.62294,0.459468,1.68946
102.492879819,0.810516,0.431583,0.143269,1.37497,0.357619,0.00512176,0.494326,1.63951,0.185415,1.18976,0.255467,1.64564
102.539319728,0.832692,0.366017,0.113498,1.2641,0.388298,0.132843,0.543322,1.49174,0.0208216,1.3715,0.312918,1.44086
102.585759637,0.618879,0.270333,0.230518,1.16682,0.688924,0.346077,0.449627,1.1441,0.157644,1.41182,0.17569,1.86518
102.632199546,0.121049,0.120074,0.420627,1.08518,1.37795,0.315694,0.673811,0.920827,0.165185,0.76711,0.0906886,2.38348
102.678639456,0.0245677,0.0805888,0.780689,0.758971,2.06567,0.0815631,1.03727,0.700328,0.328321,0.00824465,0.101988,2.43442
102.725079365,0.000149162,0.105561,0.723087,0.754191,2.08111,0.0603491,1.1812,0.56942,0.611654,0.0996836,0.099119,2.59267
102.771519274,0.0971709,0.000421057,0.839831,0.813816,1.84989,0.0385956,1.14664,0.330073,0.763757,0.0193952,0.0913214,3.03756
102.817959184,0.133005,0.0686454,0.750869,0.973679,0.998587,0.0383868,0.961436,0.178211,0.726366,0.0249534,0.105607,3.5779
102.864399093,0.189085,0.120049,0.174947,1.36049,0.375623,0.0721138,0.740513,0.222787,0.172687,0.60212,0.228506,3.67136
102.910839002,0.0664722,0.321668,0.159067,1.96643,0.0967621,0.00884994,1.33083,0.0528096,0.133889,1.03994,0.225354,3.40275
102.957278912,0.0371453,0.397101,0.121471,2.03847,0.00603906,0.0415352,2.29386,0.0381939,0.0840737,1.08915,0.252634,2.83037
103.003718821,0.0293857,0.393106,0.172267,1.98211,0.0418805,0.0133954,2.62442,0.0188036,0.0398399,0.974946,0.322881,2.86828
103.050158730,0,0.44464,0.257433,1.82942,0.0700967,0.103386,2.83887,0.133115,0.0576011,0.738807,0.469755,2.7201
103.096598639,0.0587687,0.51827,0.152221,1.72508,0.0844697,0.215636,2.85635,0.17171,0,0.749518,0.209004,2.86102
103.143038549,0.314043,0.444895,0.450087,1.65988,0.0583503,0.0401818,2.32111,0.153929,0,0.760374,0.264596,2.96435
103.189478458,0.836688,0.437516,0.301208,1.56033,0.033928,0.0651318,1.81169,0.238552,0,0.912109,0.393628,2.43353
103.235918367,1.30182,0.388751,0.297385,1.38804,0,1.19614,0.940208,0.18645,0.0101594,1.06903,0.482032,1.5867
103.282358277,1.38872,0.267688,0.337158,1.1647,0,1.87711,0.444378,0.638395,0.0812878,0.721255,0.411293,1.14502
103.328798186,1.32356,0.226267,0.931124,0.402424,0.170089,2.44357,0.570585,0.996672,0.0860906,0.4377,0.431895,0.890298
103.375238095,1.30093,0.0858689,0.779402,0.4121,0.703021,2.55044,0.649303,0.927303,0.100381,0.462706,0.658268,0.702381
103.421678005,1.68841,0.00085674,0.55582,0.299622,0.638517,2.38825,0.495134,0.6868,0.519549,0.455948,0.824224,0.973864
103.468117914,2.21912,0.000439662,0.241752,0.0733714,0.390886,1.75462,1.25004,0.328183,0.777323,0,0.882541,1.21821
103.514557823,1.42174,0.0267377,0.250792,0.717277,0.0426586,0.747054,1.95081,0.288615,0.416203,0.520057,0.66594,1.48254
103.560997732,0.301938,0,0.270407,1.14273,0.0963528,0.149976,2.10931,0.198462,0.313139,1.15057,0.208487,1.57721
103.607437642,0.0158976,0.112516,0.311658,0.876248,0.0794192,0.161694,2.15439,0.0183529,0.197653,1.38389,0.171319,1.85974
103.653877551,0.0363001,0.16546,0.30834,0.686399,0.0258523,0.11904,2.1836,0.0496773,0.120488,1.41067,0.178348,2.00794
103.700317460,0.110091,0.0527554,0.524861,1.02934,0,0.0944818,2.17231,0.013761,0.0960432,1.27666,0.374503,2.37905
103.746757370,0.129409,0.00111699,0.739433,1.86444,0,0.150609,2.15816,0,0.0512622,1.11008,0.559322,2.53925
103.793197279,0.272768,0.00110508,0.671833,1.79286,0,0.417042,1.59684,0.086352,0.338178,1.10253,0.4701,2.49615
103.839637188,0.650688,0.00115501,0.545191,1.18333,0,0.645702,1.50858,0.493183,0.597259,1.15785,0.056962,2.34938
103.886077098,1.11707,0.000998158,0.625315,0.793042,0.0587833,0.67374,1.47706,0.953237,0.499963,0.553859,0,2.18935
103.932517007,1.16387,0.146809,0.976245,0.573717,0.576714,1.09296,1.32388,1.09417,0.114852,0.146976,0,1.95512
103.978956916,1.20255,0.100212,1.00285,0.242694,1.32198,0.803919,1.05363,0.757722,0.790919,0.15513,0.29374,1.74457
104.025396825,0.623679,0.198634,0.4028,0.042467,2.00444,0.401863,0.424402,0.0378433,1.97127,0.261543,0.38352,2.18997
104.071836735,0,0.0390252,0.390607,0.00990559,2.87435,0.108794,0.362548,0.0111011,2.17542,0.209323,0.320636,2.30914
104.118276644,0,0.00397394,0.423666,0.0411524,3.222,0.0115901,0.317366,0,2.08155,0.241208,0.181575,2.44793
104.164716553,0,0.00297187,0.344421,0.0879637,3.2598,0.0206621,0.372029,0,1.98735,0.19252,0.347622,2.62717
104.211156463,0,0.00241229,0.356074,0.00654788,3.46109,0.0166727,0.443393,0.00169289,2.00625,0.108694,0.352338,2.60354
104.257596372,0,0.0015691,0.3064,0.0276424,3.50421,0.17534,0.450184,0.0353679,2.11997,0.0856469,0.0795051,2.7021
104.304036281,0,0.0945511,0.384864,0.0371524,3.35423,0.332439,0.385344,0.0768812,2.04338,0.0567598,0.0642629,2.89172
104.350476190,0,0.105195,0.484253,0.12042,3.00427,0.420033,0.338068,0.0878472,1.5513,0,0.111939,3.08661
104.396916100,0,0.00193034,0.461434,0.619793,2.22658,0.210143,0.29019,0.0808673,0.917022,0,0.12144,3.24175
104.443356009,0.0351023,0.00196207,0.606007,1.29655,1.31636,0.0275333,0.0429128,0.432064,0.714648,0,0.262087,3.35024
104.489795918,0.225652,0.00267271,0.655713,1.41282,0.98386,0.161298,0.0408959,1.09701,0.270188,0.0950018,0.276332,2.8929
104.536235828,0.449365,0.00240175,0.780455,1.19952,0.410096,0.409167,0,1.4329,0.25657,0.499096,0.141086,2.74308
104.582675737,0.762988,0.0872352,1.06969,0.419174,0.0530773,0.496135,0.247409,1.4434,0.267901,0.480358,0.17671,2.56686
104.629115646,0.488514,0.261492,1.44212,0.102796,0.559234,0.441903,0.17864,1.19032,0.42644,0.250181,0.188153,2.11964
104.675555556,0.465988,0.704062,0.927345,0.355705,1.10513,0.0613989,0.334962,1.20739,0.445582,0.913264,0.0802352,1.04334
104.721995465,0.029598,0.982871,0.465762,0.481821,1.23509,0,0.435913,1.71722,0.348341,1.43365,0.0744445,0.883757
104.768435374,0.117154,0.950095,0.122002,0.349022,1.2174,0,0.394859,1.87252,0.130346,1.7304,0.144741,1.19224
104.814875283,0.153704,1.06559,0.0948058,0.361172,0.987427,0.0112037,0.149718,1.76791,0,2.20649,0.27994,0.756758
104.861315193,0,1.07315,0.0269379,0.45471,0.850556,0.124993,0.163398,1.58271,0,2.40289,0.335992,0.76582
104.907755102,0.000154132,0.866086,0.0588306,0.550326,0.731903,0.282103,0.30417,1.59478,0,2.27495,0.268854,0.826581
104.954195011,0.0017743,0.866195,0.188382,0.4987,1.00508,0.583345,0.345508,1.65377,0.0253261,1.77737,0.175761,1.06204
105.000634921,0,1.06465,0.156228,0.243714,1.56523,0.281444,0.580966,1.73239,0.126428,1.4695,0.179257,0.608491
105.047074830,0.596359,0.983396,0.0277791,0.654229,1.34114,0.182804,0.98396,1.31504,0.0835479,1.64137,0.00075612,0.336929
105.093514739,0.896738,0.392637,0.166828,0.991348,1.17114,0.323425,1.02441,0.50012,0.076663,1.70201,0.00410577,0.46218
105.139954649,1.24991,0.403559,0.310045,0.956935,0.973185,0.610635,0.888818,0,0.20962,1.51572,0.0499232,0.570993
105.186394558,0.888323,0.289507,0.483287,0.786098,1.12559,0.59338,1.03992,0,0.665481,0.957717,0.0902142,1.07102
105.232834467,0.330025,0.0785723,0.782529,0.31888,1.57395,0.213975,0.895385,0.0589054,1.05742,0.498148,0.0663737,1.91892
105.279274376,0.0852739,0.000733505,0.898856,0.23962,2.26893,0.00400774,0.583485,0.103185,1.6708,0.326103,0.0361076,2.69025
105.325714286,0.341784,0.00030095,0.414422,0.420547,3.06367,0,0.583273,0.117462,1.68579,0.145191,0.235268,2.64588
105.372154195,0.185855,0.0726091,0.164846,0.378995,2.88074,0.0216674,0.691356,0.218721,1.58735,0.309767,0.454105,2.65457
105.418594104,0.140672,0.172347,0.118371,0.227754,2.6078,0.04812,0.834141,0.503807,1.37831,0.0443058,0.490489,2.6995
105.465034014,0.126256,0.167308,0.071275,0.18047,1.94342,0.0558253,1.90093,0.542235,0.672654,0.591493,0.457851,2.73492
105.511473923,0.181069,0.11609,0.149384,1.28133,0.105543,0.0590712,2.30698,0.0237185,0.0895544,1.28492,0.193046,3.01927
105.557913832,0.146972,0.0629848,0.158788,1.88639,0.0137434,0.139275,2.4244,0.00443764,0.141105,1.15011,0.449194,2.80941
105.604353741,0.086141,0.177081,0.213341,1.97785,0.025632,0.300544,2.29249,0,0.112207,0.864818,1.0992,2.7316
105.650793651,0,0.134824,0.148125,1.69433,0.0629296,0.817279,2.12811,0,0.0983839,0.963877,1.21905,2.38276
105.697233560,0.068776,0.158855,0.185758,1.55073,0.147956,0.891032,1.78314,0.0154641,0.0925479,0.849274,0.969224,2.01362
105.743673469,0.313254,0.164797,0.242667,1.54573,0.280803,0.955963,1.29076,0.0272663,0.436975,0.697158,0.636251,1.69448
105.790113379,0.618126,0.0983263,0.218275,1.37718,0.541162,1.14675,0.395841,0.0222007,0.602511,0.790737,0.43928,1.14095
105.836553288,0.442267,0.225823,0.0480957,1.2969,0.649538,0.992665,0.0704483,0.787659,0.570456,1.31565,0.130515,0.756233
105.882993197,0.160106,0.716963,0.0819892,0.877994,1.08927,0.741365,0.0636091,1.50791,0.300313,2.0026,0.0804677,0.497609
105.929433107,0.150297,0.942546,0.0659811,0.731925,1.53671,0.143702,0.0895949,1.5733,0.0110694,2.42305,0.0772755,0.664457
105.975873016,0,0.633452,0.00254383,1.0541,1.48267,0.0334402,0.339055,1.34099,0.0372302,2.5737,0.0662765,1.00019
106.022312925,0.00512235,0.249292,0,1.18551,1.35953,0.0119889,0.730626,1.17036,0.274361,2.13347,0.110324,1.41809
106.068752834,0.000276988,0.0608173,0.300073,0.583941,1.2551,0.0947766,1.59336,0.847539,0.516173,0.620198,0.661396,2.10101
106.115192744,0.000192009,0.0777723,0.528628,0.400491,0.663542,0.092541,2.26758,0.836259,0.285875,0.605269,0.616678,2.45733
106.161632653,0.0601982,0.00145328,0.290538,1.20794,0.0351483,0.118964,2.66535,0.173513,0.0857359,0.80908,0.242189,3.05131
106.208072562,0.155866,0.15925,0.127549,1.51086,0,0.119203,2.50494,0.516736,0.064631,1.01868,0.0876152,3.08064
106.254512472,0.182374,0.151634,0.160107,1.21341,0.0335475,0.20395,2.52401,0.566072,0.0671996,0.365985,0.329202,3.05533
106.300952381,0.164411,0,0.140926,1.48728,0.105052,0.195901,2.41716,0.323089,0.0693622,0,0.0962608,3.45396
106.347392290,0.721075,0,0.0865733,1.68681,0.257037,0.166309,2.42276,0.129666,0.085258,0.113574,0,3.09435
106.393832200,1.32511,0.0285475,0.0607908,1.41495,0.568042,0.107458,2.50764,0.337749,0.198378,0.172424,0,2.14698
106.440272109,1.5396,0.136187,0.0760709,0.986135,0.61838,0.161508,2.15482,0.528893,0.227233,0.274491,0.0558774,1.69493
106.486712018,1.42447,0.0959397,0.298285,0.4139,0.820958,0.136905,1.61818,1.16498,0.251508,0.0750548,0.148995,1.64764
106.533151927,0.638669,0.00103032,0.740063,0,0.722735,0.387176,0.786923,1.01632,0.530835,0,0.347494,2.19985
106.579591837,0.182326,0.124543,1.11913,0.0958959,1.15687,0.486888,0.576571,0.420963,0.88669,0.0668401,0.13315,2.73891
106.626031746,0.00301473,0.120606,1.34717,0.148451,1.66483,0.358064,0.420454,0.103938,1.63521,0.0904631,0.124185,2.93904
106.672471655,0,0.00313649,0.931555,0.341956,2.07489,0.261284,0.339199,0.039055,1.98458,0.166562,0.0928167,2.9776
106.718911565,0,0.00312913,0.704135,0.283784,2.39595,0.306296,0.261212,0.0303535,2.01953,0.225986,0.0865903,2.92274
106.765351474,0.0186517,0.00267726,0.576441,0.152923,2.35395,0.296883,0.190838,0.0057349,1.93646,0.320445,0.077481,2.93891
106.811791383,0.210634,0.00176419,0.638256,0.315002,2.55626,0.140069,0.460336,0.00506675,1.74924,0.223285,0.0634433,2.86671
106.858231293,0.140522,0.00317226,0.770796,0.506708,2.5255,0.0219226,0.572096,0.055028,1.43089,0.211094,0.0248573,2.76733
106.904671202,0.0501141,0.125106,0.859796,0.642741,1.96073,0.403934,0.64285,0.00210782,1.2505,0.164997,0.000874435,2.71149
106.951111111,0.0253837,0.129876,0.820227,0.713422,1.08224,0.884343,0.855352,0.00735795,1.35769,0.157756,0.221878,2.66516
106.997551020,0.626447,0.0160379,0.491653,0.990593,0.705516,0.311576,0.94666,0.00647304,1.02556,0.453586,0.229559,2.40665
107.043990930,1.19024,0.00407372,0.219688,1.31487,0.725504,0.0270336,0.877936,0.396894,0.168556,0.638584,0.22959,2.07205
107.090430839,1.2438,0.166404,0.212851,1.18221,0.769754,0.34547,0.576568,1.07727,0.114105,0.478172,0.122689,2.15184
107.136870748,0.808102,0.302772,0.389938,0.741266,1.08036,0.932166,0.253648,1.62053,0.250258,0.299302,0.00173668,2.30039
107.183310658,0.841308,0.235173,0.898435,0.189106,1.30648,0.73683,0.0583547,1.68999,0.583035,0.187391,0.0260457,2.12833
107.229750567,0.318572,0.210973,0.942257,0.158567,1.16906,0.82695,0.291331,1.49929,0.590001,0.815698,0.142628,1.43464
107.276190476,0.0215157,0.631193,0.377034,0.153409,1.85821,0.497163,0.553288,1.27976,0.570332,1.46041,0.293275,0.693125
107.322630385,0,0.828223,0.282926,0.196211,2.01873,0.0738308,0.416387,1.09383,0.472872,2.09635,0.36895,0.412026
107.369070295,0,0.821833,0.27451,0.158481,2.02998,0.00783153,0.284693,0.831151,0.387294,2.51064,0.487495,0.311176
107.415510204,0,1.00363,0.214352,0.150096,1.84796,0,0.342034,0.626578,0.323507,2.78346,0.599913,0.331947
107.461950113,0.183998,1.00366,0.0648012,0.332438,1.49003,0,0.294225,0.63349,0.419373,2.88548,0.557537,0.394553
107.508390023,0.128268,0.967886,0.169802,0.302857,1.33817,0.0184918,0.376047,1.0554,0.402972,2.40549,0.443428,0.367608
107.554829932,0.0565334,0.835569,0.208195,0.296042,1.4787,0.031851,0.677872,1.2879,0.127647,1.94571,0.712754,0.441026
107.601269841,0.0487633,0.407907,0.0860752,0.576327,1.49736,0.281705,0.647057,1.07559,0.0863932,1.8552,0.946546,0.626004
107.647709751,0.454932,0.288355,0.0116168,0.578111,1.28377,0.551238,0.559757,0.481017,0.112825,1.74891,0.844286,1.6003
107.694149660,0.334872,0.051573,0.0128854,0.796608,1.42579,0.505125,0.67633,0.206944,0.395428,1.30006,0.737902,1.74089
107.740589569,0.660506,0.00122009,0.00607059,0.561932,2.01858,0.156261,0.886138,0,0.797971,0.844753,0.362,1.81748
107.787029478,0.515369,0.00384539,0.210999,0.388935,2.69746,0.00606008,0.858112,0.00970682,1.00062,0.334662,0.204443,2.01863
107.833469388,0.103333,0.00279267,0.371216,0.266294,2.96356,0.0178531,0.954249,0.150424,1.50773,0,0.40286,2.23366
107.879909297,0,0.0636356,0.550497,0.301606,2.8062,0.0229962,1.17804,0.0903015,1.63082,0,0.141188,2.5723
107.926349206,0,0.0574944,0.565999,0.390297,2.60144,0.0358663,1.13246,0.0706196,1.51608,0.0291448,0.0213209,2.96694
107.972789116,0.197495,0.0115256,0.842021,0.673305,1.83164,0.0843006,1.21485,0.0361408,1.17006,0.0530489,0.00128214,3.17327
108.019229025,0.986536,0.00517028,0.86525,1.18489,1.06258,0.0296994,2.04192,0.0106093,1.32196,0.0970114,0.0712436,2.75145
108.065668934,1.20368,0.301305,0.39781,1.2745,0.0662596,0.162352,2.2711,0.423877,0.930913,0.140341,0.127917,2.132
108.112108844,1.1291,0.653048,0.0258897,1.27184,0,0.122975,2.2034,0.732624,0.266875,0.369382,0.488622,1.61699
108.158548753,0.577568,0.222536,0.287344,0.845601,0.368167,0.0489674,2.42023,0.748372,0.0145708,0.442494,0.955717,1.61584
108.204988662,0.855865,0,0.853199,0.374398,0.69452,0.0946366,2.74814,0,0.00463296,0.223949,1.14773,1.80145
108.251428571,0.442572,0.108623,0.523334,0.358201,0.521065,0.327248,2.55793,0.335439,0.0206392,0.2156,0.869511,2.17851
108.297868481,0.096977,0.233012,0.201134,0.467779,0.628874,0.324854,2.67661,0.317311,0.0225735,0.238005,1.16939,1.96804
108.344308390,0.32023,0.135587,0.356051,0.31911,0.576875,0.132656,2.81194,0.261555,0.126752,0.360859,1.82792,1.03009
108.390748299,1.21327,0.00332639,0.271675,0.41305,0.497917,0.147631,1.94694,0.53439,0.110548,0.441512,1.99955,0.550097
108.437188209,1.52292,0.00325636,0.257616,0.463819,0.444655,0.343243,1.31225,1.00506,0.0968107,0.455159,1.75454,0.402077
108.483628118,1.33041,0.00305515,0.324892,0.302005,0.130954,0.587045,1.13456,1.30505,0.0607833,0.69124,1.52599,1.05444
108.530068027,1.17013,0.0021825,0.512451,0.175474,0.0816905,0.444075,1.38589,1.64439,0.0542106,0.695772,1.43787,1.33935
108.576507937,1.03265,0.00191412,0.455333,0.30293,0.0681666,0.376188,1.70012,1.67291,0.298729,0.572949,1.21224,1.46607
108.622947846,0.856588,0.0807623,0.578369,0.696123,0.04374,0.429484,1.51171,1.67948,0.772341,0.149695,0.640441,1.64253
108.669387755,0.538063,0.155876,0.679649,1.2268,0.115783,0.355335,0.881032,1.76182,1.11381,0,0.39386,1.64451
108.715827664,0.125721,0.164173,0.782919,1.76078,0.601333,0.119576,0.58697,1.24961,2.036,0.0874781,0.0299178,2.04501
108.762267574,0.0366439,0.0424247,0.732674,1.35732,1.09923,0.0107766,0.553613,0.236414,3.19964,0.233567,0.00345815,2.28649
108.808707483,0,0.00369038,0.813791,1.30315,1.40416,0.00637774,0.577237,0.144172,3.23702,0.292555,0.323261,2.28465
108.855147392,0,0.00225739,0.831664,1.19449,1.51815,0.0138101,0.442676,0,3.31757,0.278997,0.437117,2.35439
108.901587302,0,0.19991,0.270915,1.33959,1.5652,0.000897021,0.428971,0.0720483,3.28938,0.166977,0.414569,2.00943
108.948027211,0.508631,0.00182002,0.0774587,1.66673,1.08365,0.00092337,0.56721,0.0520333,3.36654,0.144786,0.435522,1.20782
108.994467120,1.02296,0.000724827,0.179005,1.46938,0.856965,0.227208,0.746214,0.00177918,3.32066,0.194677,0.0148427,0.804261
109.040907029,0.965487,0,0.172299,1.02956,1.12288,0.360155,1.11045,0.0415412,2.93497,0.211963,0.000454543,0.953368
109.087346939,0.921442,0,0.236384,1.21093,1.5837,0.10455,1.46197,0.041147,2.56276,0.132975,0.00122106,1.09683
109.133786848,0.666127,0,0.295037,1.38131,1.83013,0,1.35872,0.0304474,2.57287,0.11127,0.0026487,1.49434
109.180226757,0.485598,0,0.330193,1.29472,1.86221,0,1.09302,0.0351915,2.73688,0.111819,0.00278811,1.78779
109.226666667,0.129691,0.00215379,0.596717,1.18166,1.51965,0.0873556,0.476458,0.0278719,3.07417,0.203608,0.00258985,2.238
109.273106576,0.0111843,0.00082109,0.678337,1.27309,1.55477,0.123324,0.387682,0.0544564,3.16711,0.256108,0.223152,2.25849
109.319546485,0.160792,0.137749,0.800247,1.08125,1.39481,0.00860093,0.483447,0.0607826,2.82208,0.325703,0.405723,2.14454
109.365986395,0.306927,0.094737,0.637986,1.17332,1.48241,0,0.519583,0.066185,2.54139,0.304854,0.524817,2.23528
109.412426304,0.382837,0.00107536,0.0391462,1.55018,1.54942,0,0.352906,0.0379086,2.38077,0.294911,0.418885,2.13812
109.458866213,0.514569,0.00196065,0.00566659,1.78174,1.40858,0,0.321426,0.0208488,2.14607,0.187608,0.380176,1.87164
109.505306122,0.642208,0.0016435,0.00556413,1.9695,1.39474,0,0.367558,0.0240091,2.04222,0,0.449291,1.70523
109.551746032,0.65603,0.0824968,0.0116597,1.98401,1.82965,6.73606e-05,0.395948,0.0310092,2.16085,0.00266483,0.320142,1.60443
109.598185941,0.972195,0.102804,0.0195904,1.78803,1.6736,0.102244,0.429895,0.0262901,2.28973,0.0725047,0.303978,1.48526
109.644625850,1.02165,0.0167468,0.0143728,1.58184,1.2184,0.408452,0.366532,0.0374334,2.49706,0.272332,0.00047627,1.43249
109.691065760,1.0619,0.00443381,0.00530845,1.56629,1.06136,0.569842,0.40806,0.0218125,2.91417,0.109059,0.0211353,1.09601
109.737505669,0.985613,0.0880035,0.00561338,1.68127,0.968482,0.289258,0.493508,0.0168267,3.05651,0.00646727,0.141806,1.16747
109.783945578,0.843703,0.185902,0.00357377,1.70091,0.938885,0.366361,0.400339,0.0453847,2.76977,0.00962516,0.21036,1.86047
109.830385488,0.751944,0.171727,0.043585,1.33193,0.951378,0.331605,0.531229,0.0590409,2.81767,0.0813289,0.39732,2.19862
109.876825397,0.770732,0.134986,0.03349,1.12461,1.31359,0.221287,0.708356,0.0981188,3.16381,0.0992472,0.319411,1.97411
109.923265306,0.531733,0.00235956,0.0257489,1.11775,1.59878,0,0.672424,0.112587,3.35989,0.144183,0.29558,2.07596
109.969705215,0.47605,0.00241277,0.00463915,1.34322,1.69286,0,0.578919,0,3.36946,0.119857,0.313399,2.2124
110.016145125,0.634906,0.0019585,0.016183,1.58763,1.81936,0,0.524599,0.0103076,3.25735,0.0765779,0.200781,2.35351
110.062585034,0.480632,0.000297591,0.0259643,1.53403,1.82864,0.125204,0.604654,0.0200289,3.08041,0,0.0666374,2.6302
110.109024943,0.218776,0.132657,0.0838201,1.3656,1.55856,0.137461,0.844433,0.00912495,2.86743,0.00350011,0.0346378,2.84854
110.155464853,0.0360511,0.178168,0.117295,1.24523,0.940062,0.164639,0.918817,0.00191967,3.21575,0.0667788,0.0431969,2.68568
110.201904762,0.345464,0.158121,0.137577,1.21469,0.703858,0.223313,0.898509,0,3.63731,0.11647,0.0703574,1.96088
110.248344671,1.39983,0.0262712,0.327155,1.068,0.87868,0.029379,0.896647,0,3.60452,0.1207,0.268901,1.02186
110.294784580,1.48042,0.00118726,0.327431,0.768802,0.775535,0.0188484,0.827827,0,3.47099,0.119065,0.66398,0.930772
110.341224490,1.28794,0.000593606,0.280529,0.883921,0.755842,0.0314256,1.03518,0,3.47772,0.127124,0.211304,0.752891
110.387664399,0.494056,0,0.0092133,1.24626,1.23887,0.0319865,1.20287,0,3.17185,0.277993,0.0539326,0.605541
110.434104308,0,0,0.00457756,1.21034,1.61429,0.0285019,1.0066,0,3.28892,0.369338,0.0806897,0.999287
110.480544218,0,0,0.00133836,1.2242,1.8405,0.0360822,0.759936,0,3.42149,0.215374,0.204242,1.45127
110.526984127,0.0993854,0.00114998,0.00127335,1.35391,1.95269,0.00656974,0.769258,0.0243233,3.1294,0.418715,0.0872946,1.69925
110.573424036,0.117972,0.121012,0.254286,0.867046,1.80676,0.200782,1.11113,0.0309572,2.35088,0.174414,0.0602663,2.35131
110.619863946,0.187603,0.108041,0.571208,0.671212,1.01753,0.244823,1.62213,0.0025411,1.22969,0.0545133,0.551235,3.03807
110.666303855,0.237854,0.0721137,0.540264,0.43065,0.53906,0.481456,2.16733,0.0469547,0.53393,0.10499,1.24046,2.90995
110.712743764,0.272388,0.195435,0.490174,0.175888,0.52023,0.691899,2.44621,0.0267386,0.416703,0.0991777,1.35719,2.65841
110.759183673,0.190958,0.338442,0.30584,0.386074,0.501975,0.69724,2.31417,0.018104,0.693245,0.114889,0.916236,2.70164
110.805623583,0.0462468,0.498807,0.150036,0.194599,1.94728,0.366267,1.30809,0.0164519,1.18542,0.243912,0.761003,2.52537
110.852063492,0.0355586,0.231872,0.163969,0.165501,2.50819,0.266978,0.801608,0.0204701,1.74158,0.367048,0.701562,2.08162
110.898503401,0.580903,0.00249321,0.0708862,0.0683448,2.60181,0.119961,0.751933,0.0044678,1.60896,0.539606,0.483031,1.64665
110.944943311,0.848705,0.00235368,0.00601244,0.00994792,2.67975,0.14649,0.37451,0.197876,1.20081,0.71493,0.245545,1.32104
110.991383220,0.360796,0.00124912,0.020825,0.0131094,2.74074,0.652083,0.12927,0.149254,1.40821,0.536314,0.00530738,1.82687
111.037823129,0.163099,0.0496759,0.250778,0.0148181,3.26829,0.28535,0.0412016,0.45045,1.5031,0.149117,0.0425045,2.05992
111.084263039,0.366945,0.217175,0.0832243,0.0141691,3.41381,0.170759,0.0456407,0.976284,1.30826,0.147474,0.0375608,1.96135
111.130702948,0.804396,0.168497,0.00267534,0.0208316,3.36696,0.323345,0.0420635,1.29819,1.12514,0,0.0181333,1.93763
111.177142857,0.6566,0.145609,0.00314857,0.017016,3.29382,0.279839,0.00859792,1.64461,1.00049,0.00100141,0.0474223,1.98514
111.223582766,0.354596,0.307853,0.144891,0.0158463,3.27637,0.218525,0.134559,1.484,0.70304,0.0141152,0.249107,2.10266
111.270022676,0.00990207,0.557027,0.177592,0.0178796,3.14683,0.310303,0.294119,0.646762,0.363467,0.281315,0.137591,2.62085
111.316462585,0.0144505,0.200747,0.158034,0.262558,2.42275,0.0295415,1.01969,0.145065,0.319094,0.655007,0.105754,3.15726
111.362902494,0.0130391,0.403719,0.146473,0.400496,2.24719,0.0255761,1.3437,0.00788486,0.157619,0.964034,0.0833442,3.08371
111.409342404,0.0274142,0.351721,0.0756333,0.453984,1.79499,0.0457778,2.14891,0.0451975,0.145614,0.867142,0.261408,3.03414
111.455782313,0.152018,0.675478,0.039935,0.504791,0.708717,0.0444353,2.72959,0.036471,0.0610567,0.566021,0.828558,2.95918
111.502222222,0.476909,0.824175,0.064055,0.354319,0.0648861,0.0494611,3.05394,0.0434062,0.0112719,0.411723,1.05624,2.57549
111.548662132,0.815547,0.639511,0.066671,0.538213,0.127087,0.0232148,2.985,0.0735878,0.0126023,0.515292,0.857348,2.0592
111.595102041,1.01478,0.566924,0.0178671,0.760023,0.192848,0.0115734,2.92918,0.109499,0.0088826,0.683497,0.601308,1.68512
111.641541950,1.03337,0.799347,0.00437927,0.896644,0.268133,0.0549665,2.93146,0.131977,0.0387686,0.749434,0.306024,1.27112
111.687981859,0.507549,0.985747,0.00307204,1.18781,0.3557,0.015436,3.19486,0.115449,0.0280591,0.370551,0.593191,1.05333
111.734421769,0.293209,0.925298,0.0011193,1.24967,0.328193,0.000563573,3.33061,0.0584734,0,0.137513,0.599828,1.40214
111.780861678,0.126224,0.62891,0.000618615,1.06723,0.253523,0.0235278,3.45422,0.0799736,0,0.147312,0.638058,1.8924
111.827301587,0.114498,0.491223,0,1.19651,0.150158,0.0133028,3.27697,0.00311989,0,0.208662,0.453949,2.49921
111.873741497,0.113779,0.635595,0.135681,1.4172,0.0742459,0.106205,2.91159,0,0,0.604527,0.457542,2.80989
111.920181406,0.0730381,0.649063,0.18658,1.65999,0,0.135995,2.6995,0.0147241,0.0351426,0.868582,0.643434,2.71172
111.966621315,0.105354,0.818932,0.216581,1.70902,0,0.094325,2.42949,0.0271668,0.0699636,0.826244,0.678403,2.63352
112.013061224,0.149648,0.806086,0.102489,1.50006,0.099501,0.141053,2.54483,0.00662587,0.0714178,0.711531,0.663163,2.59669
112.059501134,0.207439,0.638096,0.155185,1.11617,0.154126,0.168449,2.73415,0.00446068,0.0875895,0.648297,0.979199,2.33639
112.105941043,0.137376,0.450811,0.159963,0.892014,0.153894,0.061817,2.96675,0,0.0655318,0.600479,1.25795,2.31981
112.152380952,0.0624425,0.301464,0.121639,1.26689,0.111066,0.104636,3.01871,0,0.0175174,0.640601,0.905734,2.32108
112.198820862,0.222681,0.167477,0.112231,1.33871,0.097321,0.112058,2.83293,0.0554323,0.023724,0.549279,0.767758,2.22743
112.245260771,0.339535,0.140789,0.0687559,1.24931,0.292951,0.0128859,2.84562,0.264045,0.0330693,0.733855,0.717723,2.01526
112.291700680,0.380669,0.282277,0.00255044,1.12334,0.419911,0,3.44269,0.0815407,0.020849,0.891471,0.850148,1.24892
112.338140590,0.261285,0.924462,0.0393665,0.519152,0.0956951,0,3.44859,0.137688,0.0179965,0.911508,0.822674,1.42053
112.384580499,0.285704,0.943426,0.12026,0.506068,0.0988078,0.0242257,3.25307,0.147172,0.0454835,0.906133,0.616928,1.77481
112.431020408,0.0170561,0.806007,0.154044,1.06262,0.0866293,0.00785504,2.98797,0.0708457,0.528044,0.956536,0.568211,2.11751
112.477460317,0,0.896887,0.140876,1.81524,0.0603341,0,2.16931,0.0300156,1.59125,0.800922,0.497116,2.37488
112.523900227,0.0144132,0.984317,0.106093,2.00928,0.0529483,0.00492313,1.68638,0.0396437,1.82092,0.709562,0.551348,2.39357
112.570340136,0.431883,0.685878,0.0685499,1.88327,0.0548524,0.0131442,1.75934,0.00902722,1.84949,0.733314,0.401558,2.36282
112.616780045,0.656141,0.612634,0.00745675,1.79006,0.244185,0.0132541,1.82531,0.0177635,1.52105,0.742886,0.377803,2.24244
112.663219955,0.51856,0.545992,0.0509751,1.70218,0.133295,0.090611,1.8511,0.167646,1.35723,0.655109,0.408068,2.80675
112.709659864,0.0747243,1.15243,0.283736,1.44758,0.105274,0.115127,1.92844,0.388675,0.528664,0.534749,0.554537,3.1344
112.756099773,0.00125355,1.34902,0.339053,1.03065,0.192773,0.282123,2.14424,0.419328,0.0424078,0.240621,0.460313,3.2726
112.802539683,0.157237,1.12948,0.234709,0.99695,0.250813,0.299843,2.28738,0.290691,0.0610229,0.05608,0.404175,3.18622
112.848979592,0.320392,0.438168,0.278858,1.09821,0.18245,0.308914,2.32268,0.0284641,0.0219204,0.066393,0.288291,3.09051
112.895419501,0.478731,0.301565,0.24,1.23713,0.367724,0.763985,2.16045,0.154601,0,0.322752,0.150145,2.72869
112.941859410,0.658604,0.0534139,0.128756,1.47867,0.37359,0.607686,2.2115,0.0649962,0,0.911527,0.276401,2.1633
112.988299320,0.467823,0.00261876,0.0467566,1.56891,1.01299,0.522268,2.01514,0.00615954,0.0170887,1.48898,0.185048,1.48078
113.034739229,0.376252,0.0622254,0.330374,1.03882,1.66967,0.202129,1.99329,0.0224837,0.252025,1.53917,0.102971,1.68732
113.081179138,0.100339,0.0932809,0.2627,0.987952,2.1067,0.0373872,1.48174,0.0111246,0.419103,1.81332,0.0423147,2.24541
113.127619048,0,0.0760996,0.209298,0.713088,2.82087,0.0245624,1.21826,0.0138803,0.83008,1.65806,0.200878,2.03316
113.174058957,0.00129007,0.066104,0.196075,0.220909,3.2161,0.00716256,1.0721,0.0071781,0.877161,1.27505,0.509243,1.96688
113.220498866,0.025659,0.00214233,0.172278,0.0953619,3.32307,0,1.01472,0.0116581,0.654346,0.8875,0.975231,1.95446
113.266938776,0.0689113,0.000815517,0.152906,0.437654,2.73428,0.0531061,1.20159,0.12199,0.111349,0.49543,1.09747,2.1048
113.313378685,0.0968458,0,0.105531,1.28565,1.62679,0.0164144,1.39192,0.276599,0.0182564,0.567612,1.24294,2.37575
113.359818594,0.0725871,0,0.0127671,2.38618,0.0771469,0.142616,1.51502,0.263124,0.0291146,0.78975,1.21877,2.18234
113.406258503,0,0.0723589,0.0731854,2.79534,0.0722986,0.034887,1.24931,0.531863,0.00749009,0.750578,0.824194,2.33552
113.452698413,0.643197,0.0251391,0.00866543,2.61638,0.17585,0.017761,1.11245,0.682627,0.0405411,0.346125,0.287057,2.56391
113.499138322,1.60329,0.106749,0.00742171,2.40445,0.0846962,0.0196908,1.18508,0.36071,0.183131,0.00668975,0.322127,2.23318
113.545578231,2.07813,0.0173164,0.00435409,2.46098,0.0475216,0.0152433,1.9553,0.0590305,0.152602,0.131345,0.524284,1.44343
113.592018141,1.52717,0.00120128,0.0558162,2.49419,0.0559,0,2.20442,0,0.0672486,0.716023,0.660999,1.32082
113.638458050,0.238263,0.0282545,0.080237,2.49479,0.0854519,0,1.67251,0.844444,0.0111532,0.746108,0.594468,1.50659
113.684897959,0.378185,0.00267319,0.263899,2.39502,0.210542,0.00108724,1.69142,1.08714,0.0592701,0.32439,0.25515,1.54863
113.731337868,0.514277,0.208559,0.362793,1.98516,0.211444,0.00407907,1.86282,1.06377,0.257129,0.000730736,0.0906509,1.99495
113.777777778,0.472665,0.662059,0.423404,1.74686,0.153508,0.00160997,1.94884,0.994825,0.470678,0.00097358,0.490827,1.99804
113.824217687,0.305746,1.14271,0.344133,1.13849,0.13181,0.00629162,1.87441,0.858564,0.622125,0,1.44325,1.67493
113.870657596,0.326062,2.01352,0.281458,0.248551,0.128531,0.260884,2.41772,0.221264,0.600623,0,1.88018,1.09943
113.917097506,0.389479,2.52508,0.185239,0.0676751,0.358654,0.232622,2.43899,0.0742252,0.569875,0.000143861,1.95491,0.360346
113.963537415,0.423795,2.45728,0.140085,0.0562933,0.329972,0.249652,2.65926,0.0494123,0.632309,0.0329869,1.86309,0.145396
114.009977324,0.176939,2.14958,0.189039,0.0910348,0.350097,0.220195,3.01301,0.038849,0.662318,0.0736938,1.9632,0.169245
114.056417234,0,2.04938,0.26627,0.174815,0.134653,0.105615,3.4482,0.00501022,0.566015,0.0744704,2.02017,0.352043
114.102857143,0.276953,2.00144,0.558324,0.221244,0.102122,0.385133,3.10945,0.00387434,0.295791,0,1.84415,0.363416
114.149297052,0.359361,1.80022,0.614453,0.134599,0.392231,0.626205,2.54309,0.125624,0.308991,0,1.7671,0.304598
114.195736961,0.5307,1.50134,0.542364,0.0857044,0.50428,0.324823,2.32473,0.366613,0.502993,0.055169,1.95143,0.301964
114.242176871,0.646053,1.36735,0.319659,0.0835954,0.560699,0.400482,2.5123,0.180742,0.682627,0.0860222,2.0781,0.417591
114.288616780,0.431331,2.0772,0.27262,0.100612,0.308634,0.28624,2.81084,0.0059775,0.376321,0.0797594,2.06423,0.34778
114.335056689,0.0863124,2.53448,0.38327,0.654029,0.111477,0.305784,2.70555,0.151039,0.167112,0.0480598,2.0041,0.124862
114.381496599,0.0655197,2.43147,0.2466,1.0832,0.0349008,0.356114,2.68169,0.114552,0.214005,0,2.03658,0.17203
114.427936508,0.134635,2.50427,0.00476344,1.19427,0,0.369732,2.43793,0.0763835,0.17679,0.011653,2.36882,0.339495
114.474376417,0.0226058,2.63207,0.111897,0.74986,0.187652,0.489659,1.9345,0.587877,0.0664707,0.156313,2.61469,0.522691
114.520816327,0.0485028,2.70766,0.201687,0.382088,0.464621,0.354822,1.57398,0.822032,0.0645875,0.067204,2.69368,0.518411
114.567256236,0.0992457,3.04352,0.206776,0.123904,0.63401,0.582207,1.25521,0.433253,0.341567,0,2.28632,0.389553
114.613696145,0.165663,3.00755,0.154183,0.146547,0.7076,0.735129,1.42952,0.0923402,0.295064,0.0295323,1.92846,0.150114
114.660136054,0.334778,2.7571,0.271652,0.150162,0.59198,0.587882,2.10678,0.243851,0.165652,0.0308517,1.93372,0.0996633
114.706575964,0.448433,2.32552,0.103758,0.226902,0.317334,0.337337,2.59285,0.108421,0.200438,0.0014047,1.69504,0.0587755
114.753015873,0.95974,1.52538,0.01754,0.334671,0.0974301,0.475157,2.05895,0.102565,0.219542,0.00115235,1.68684,0.554449
114.799455782,0.890929,1.14552,0.00740029,0.758409,0.23725,0.5029,1.79754,0.125596,0.196261,0.0377867,1.69232,0.478301
114.845895692,1.03942,0.596733,0.00703838,1.17558,0.452076,0.475108,1.89392,0.535723,0.344735,0.0618962,1.63445,0.383064
114.892335601,0.954639,0.5995,0.00676506,1.41277,0.871914,0.282674,1.67338,0.57172,0.0794328,0.166612,1.66353,0.315169
114.938775510,0.276946,1.53104,0.00685045,1.19335,1.56497,0.397018,1.61646,0.395664,0.0859194,0,1.62605,0.163956
114.985215420,0.0266948,2.16701,0.0696868,0.334773,1.92325,0.311148,1.57746,0.152822,0.261534,0.0359092,2.00515,0.718147
115.031655329,0.0127035,2.20841,0.0629155,0.0786928,1.76289,0.374838,2.11397,0.035641,0.543627,0.0935702,2.08395,0.939503
115.078095238,0,2.13481,0.1596,0.00702433,2.20299,0.35494,2.40849,0.0318081,0.450234,0.110301,1.88803,0.923052
115.124535147,0,1.90277,0.20138,0.00731831,2.52539,0.185791,2.32936,0.0195825,0.39185,0.115291,1.58146,0.979783
115.170975057,0.0244693,1.75839,0.194603,0.0698888,2.60568,0.064143,2.50409,0.00770821,0.400385,0.0958621,1.59025,0.797521
115.217414966,0.0633979,2.08225,0.158754,0.0552703,2.42963,0.117158,2.53663,0.288399,0.427526,0.0215713,1.93757,0.756445
115.263854875,0.00374151,2.24116,0.0315375,0.356027,2.016,0.0966251,2.63041,0.347818,0.340512,0.037134,2.2951,0.630102
115.310294785,0.0875278,2.22078,0.0665434,1.24693,1.2675,0.15367,2.68861,0.250122,0.108117,0.012837,2.54375,0.348468
115.356734694,0.176883,1.87599,0.0331417,1.78077,0.0835461,0.214137,2.41489,0.24075,0.221698,0.0102745,2.44751,0.224504
115.403174603,0.472791,0.864329,0.00672619,2.02506,0.0217961,0.124475,1.84456,0.19736,0.559014,0.0204325,2.20876,0.652464
115.449614512,0.774637,0.247035,0.00544818,1.90063,0.0945218,0.0918443,1.74958,0.223617,0.499562,0.0394443,2.26527,0.810294
115.496054422,0.808898,0.0218013,0.00657494,1.71373,0.123968,0.261588,1.45601,0.212869,0.429443,0.0490819,2.24008,0.668283
115.542494331,0.523697,0.279218,0.0373832,1.66956,0.162107,0.413662,1.14778,0.065636,0.746211,0.0621132,2.00375,0.608911
115.588934240,0.328817,0.850872,0.0845245,1.48336,0.146221,0.417734,0.973617,0.189472,0.92921,0.0533028,2.07652,0.702931
115.635374150,0.304424,1.78639,0.151489,0.666803,0.166286,0.406572,1.77041,0.0369765,0.476252,0.0542799,2.38812,0.828799
115.681814059,0.0903781,2.14072,0.138327,0.153343,0.152964,0.487255,2.45813,0.0591706,0.131604,0.0366145,2.47552,0.750601
115.728253968,0.124084,2.41391,0.110334,0.207244,0.0125341,0.517573,2.43218,0.053263,0.123969,0.0298988,2.18075,0.593674
115.774693878,0.307921,2.62598,0.00884775,0.305622,0.0382508,0.507716,2.17726,0.0606823,0.306672,0.176417,1.97822,0.0650956
115.821133787,0.188621,2.75455,0.00750417,0.153634,0.0950421,0.688996,1.91484,0.0370224,0.280045,0.0840327,2.034,0.115531
115.867573696,0.279097,2.93433,0.00837337,0.0654254,0.121499,0.738544,1.79754,0.202554,0.148083,0,2.14467,0.138146
115.914013605,0.584466,2.72208,0.137726,0.107403,0.195357,0.376212,1.80497,0.23608,0.459008,0,1.9084,0.17243
115.960453515,0.528135,2.71788,0.118343,0.155411,0.264694,0.416549,1.8764,0.485865,0.391591,0.0173238,1.7251,0.190532
116.006893424,0.0308681,2.74737,0.132789,0.180091,0.322221,0.272815,1.89307,0.400644,0.535249,0.0240594,2.19594,0.252188
116.053333333,0.141652,1.99564,0.591729,0.326574,0.252646,0.15429,1.61043,0.266556,0.791679,0.0206781,2.05227,0.63146
116.099773243,0.712066,1.07158,0.712512,0.346441,0.129593,0.452173,1.43825,0.094685,1.08733,0.000973382,1.79911,0.73371
116.146213152,0.781029,0.731103,0.621586,0.318957,0.273945,0.477683,1.15541,0.290923,1.27351,0,1.42641,0.638444
116.192653061,0.622375,1.06229,0.840251,0.00301679,0.292778,0.692278,0.804504,0.710822,1.22652,0,1.17912,0.505334
116.239092971,0.935224,0.983771,1.35846,0,0.162578,1.02226,0.835635,0.719256,0.741297,0.386387,0.730971,0.330162
116.285532880,1.17563,0.74259,1.15749,0.145955,0.401366,1.12253,0.937548,0.962717,0.0552128,0.834122,0.132231,0.139563
116.331972789,1.10045,0.334063,0.795179,0.304397,0.860878,0.921357,2.30642,1.00393,0,0.87272,0.115654,0.124726
116.378412698,0.816993,0.353891,0.539265,0.349036,0.71482,0.591509,3.05688,0.312957,0,1.19662,0.208133,0.446997
116.424852608,0.227736,0.660809,0.179487,0.461771,0.200106,0.384251,2.93285,0.0234292,0.00251274,1.38718,0.249131,1.4428
116.471292517,0,0.592927,0.17456,0.835165,0.0114702,0.679482,2.56887,0.0361601,0.0467603,1.35678,0.204475,1.96089
116.517732426,0,0.749841,0.123483,1.09214,0,0.421573,2.43861,0.0321906,0.0855945,1.44516,0.369024,1.9749
116.564172336,0,1.05626,0.0491034,1.09428,0,0.116667,2.56253,0.0311859,0.0571618,1.33856,0.477865,2.19979
116.610612245,0,1.14287,0.00541228,1.10709,0,0.0855336,2.79425,0.102629,0,1.25775,0.499193,2.34509
116.657052154,0.189356,0.946407,0.00644141,1.13782,0.000523144,0.0456108,2.63042,0.0841151,0,1.37079,0.487873,2.49067
116.703492063,0.650198,0.669831,0.0140633,1.23158,0.0130979,0.0651934,2.09177,0.0455564,0.0125333,1.4101,0.421175,2.66659
116.749931973,0.943583,0.473325,0.0694843,1.14824,0.0278079,0.0449807,1.8408,0,0.0829449,1.23403,0.269182,2.88689
116.796371882,1.06144,0,0.00336078,0.98201,0.0105924,0.00152853,1.91301,0,0.0882711,1.121,0.319907,3.35062
116.842811791,0.375374,0,0.0659985,0.599366,0,0.0210137,2.16267,0,0.0272727,0.724883,0.390955,3.67402
116.889251701,0.0389145,0.458225,0.0556818,0.284786,0.124697,0.0211124,2.4437,0,0,0.447632,0.679334,3.14678
116.935691610,0.000292272,1.13876,0.00115147,0.873308,0.0251003,0,2.63538,0,0,0.325671,0.950262,2.2273
116.982131519,0,1.10389,0,1.25888,0.0508924,0.0159079,2.80303,0.0290562,0,0.163636,0.984922,2.18129
117.028571429,0,1.14034,0.000426509,1.1227,0.0807715,0.0326234,2.37897,0.216487,0,0.423483,0.830351,2.12968
117.075011338,0.0547218,1.3345,0.0337149,1.32578,0.0814626,0.0400503,1.95622,0.405826,0.0133025,0.481923,0.700278,2.11671
117.121451247,0.127674,1.39929,0.154452,1.51065,0.115355,0.154198,1.98589,0.160303,0.0477267,0.370346,0.614659,2.52149
117.167891156,0.117071,1.70147,0.117885,1.41149,0.174128,0.113372,2.26084,0.0145149,0.0884925,0.341145,0.623554,2.56605
117.214331066,0.0910131,1.86464,0.162788,1.30872,0.3883,0.167099,2.30146,0.152171,0.0975563,0.371335,0.748136,2.05031
117.260770975,0.0235313,2.02667,0.134202,1.25539,0.38602,0.128681,2.53595,0.31161,0.12404,0.518918,0.467602,2.01957
117.307210884,0.451055,2.0734,0.0379866,0.826598,0.284297,0.118626,2.91379,0.0345936,0.0905916,0.689068,0.178242,1.98521
117.353650794,0.851421,1.89168,0.00784236,0.555314,0.0686466,0.151917,2.79104,0.0504307,0.0610199,0.654614,0.296667,2.02258
117.400090703,0.95476,1.16568,0.00610717,1.01296,0.081766,0,3.09147,0.0550311,0.0262191,0.47706,0.336991,1.98111
117.446530612,0.564668,0.563834,0.00626891,0.854965,0.0709966,0.215131,3.18002,0.00229654,0.00664138,0.533275,0.469933,1.97637
117.492970522,0.0510923,0.573079,0.0392754,0.36439,0.080043,0.220514,2.85196,0.100099,0.0355389,0.666513,0.518207,2.30378
117.539410431,0.107972,0.684261,0.0623489,0.0828366,0.136902,0.00789907,2.64257,0.16933,0.0414615,0.706193,0.834556,2.32915
117.585850340,0.0260167,0.670903,0.132447,0.276468,0.0498837,0,2.44006,0.0629862,0.102515,0.810346,1.01907,2.55207
117.632290249,0,0.594254,0.095866,1.31434,0.0319039,0.0118172,2.4798,0.029241,0.0529497,0.975731,0.641382,2.82914
117.678730159,0.00378136,0.430196,0.0966377,2.26377,0.0436867,0,2.72407,0.0601908,0.0216168,0.813422,0.370816,3.07413
117.725170068,0.00918663,0.286655,0.263036,2.61371,0.0588139,0,2.74686,0.0661623,0.000229975,0.428392,0.638991,2.9862
117.771609977,0.00969671,0.0789892,0.0648833,2.80858,0.191347,0,2.8333,0.0657416,0,0.338804,0.795449,2.67064
117.818049887,0.0166181,0.10719,0.0988699,2.94625,0.000915274,0.0118472,2.85491,0.0740766,0,0.462847,0.815252,2.54652
117.864489796,0.437839,0.0982144,0.159365,3.03058,0.0166161,0.0239589,3.03489,0.0360525,0.0572729,0.602917,0.898909,2.33327
117.910929705,0.74569,0.512577,0.156346,3.04368,0.0374588,0.00824457,3.06539,0,0.034746,0.754149,0.372146,2.51031
117.957369615,0.540328,0.691241,0.119705,2.55802,0.0356565,0.0447554,3.04501,0,0.0616613,0.78882,0.383919,2.4666
118.003809524,0.445288,0.505292,0.323367,1.83243,0.0534778,0.021327,2.80416,0.092517,0.16074,0.757448,0.46788,2.17369
118.050249433,0.405218,0.220023,0.635614,1.17918,0.0968606,0.0224134,2.8196,0.06473,0.161554,0.813129,0.570459,1.50112
118.096689342,0.395258,0.343236,0.287374,0.819099,0.232002,0.0521432,2.9927,0,0.00802833,0.949527,0.642401,0.935071
118.143129252,0.505557,0.987154,0.00574585,0.537376,0.413111,0.065332,2.89225,0.512789,0.00855976,0.750538,0.645591,1.12613
118.189569161,0.283402,1.2061,0.0244883,0.415259,0.355435,0.285194,2.85641,0.834481,0,0.658838,0.58326,1.42793
118.236009070,0.236931,1.504,0.00220696,0.368661,0.23001,0.29839,2.57836,0.725891,0,0.526243,0.197046,1.93576
118.282448980,0.370957,1.54371,0.00279707,0.246596,0.0970759,0.0781168,2.86625,0.499854,0,0.432296,0.358864,2.08029
118.328888889,0.43187,1.4155,0.0591344,0.221824,0.134329,0.00583061,2.98406,0.347089,0.015687,0.228817,0.557003,2.15192
118.375328798,0.590804,0.928142,0.126067,0.607529,0.124518,0,3.25907,0.210825,0.0581748,0.380677,0.662174,1.78038
118.421768707,0.243595,0.831986,0.206008,0.798302,0.0998584,0.0393225,3.39565,0.00574525,0.112634,0.480346,0.909603,1.77455
118.468208617,0.0488053,0.681796,0.125719,0.863858,0.0716693,0.0257652,3.07015,0.00853632,0.0855484,0.467996,0.942721,2.35453
118.514648526,0.038001,0.306511,0.152717,0.853752,0.145523,0.0270019,2.67803,0.130407,0.060486,0.237429,0.989383,2.3951
118.561088435,0.00862404,0.000367791,0.130635,0.823193,0.300928,0.153613,2.5647,0.120702,0.0324118,0.148183,0.975535,2.33464
118.607528345,0.585254,0,0.032812,1.20912,0.169676,0.114789,2.27631,0.0330453,0.0133908,0.367983,0.399189,2.62975
118.653968254,0.51439,0.000580796,0.00997557,1.34143,0.0343036,0.140681,1.90423,0.0322892,0.0662254,0.389747,0.131977,2.92492
118.700408163,0.478446,0.000883712,0.255482,1.20891,0,0.448174,1.65563,0.0186642,0.218592,0.314687,0.0786248,3.14969
118.746848073,0.532805,0.00049508,0.440791,1.22611,0.0808544,0.392195,1.5058,0.00815357,0.184742,0.242918,0.185821,3.22408
118.793287982,0.563066,0.388505,0.43332,0.738812,0.29921,0.214957,1.34679,0.0335969,0.0598751,0.0264805,0.0875015,3.15761
118.839727891,0.490162,0.25714,0.684843,0.24665,0.360894,0.0331006,0.918644,0.58996,0.137989,0.00339326,0.225934,3.33513
118.886167800,0.335552,0.14416,0.639208,0.298279,0.242523,0.109574,0.701433,2.19915,0.0914519,0.0251715,0.902696,2.95944
118.932607710,0.608578,0.125304,0.570202,0.381155,0.147806,0.541066,0.936387,2.26151,0.0332674,0.104029,1.12418,2.06756
118.979047619,0.928246,0.266036,0.0870991,0.877877,0.18322,1.06033,0.806598,1.5821,0.0063714,0.623139,0.32552,2.07645
119.025487528,0.709695,0.239495,0.0127502,1.2722,0.880981,0.535485,0.840361,0.891696,1.3873,0.246992,0.352256,2.0214
119.071927438,0.651184,0.0863347,0.0235816,1.37511,1.86108,0.0301448,0.69381,0.417789,1.97785,0,0.330309,2.1002
119.118367347,0.68918,0.0527061,0.143832,1.54179,2.11026,0.00201958,0.532163,0.0512661,2.24627,0.070734,0.0461392,2.44667
119.164807256,0.594355,0.518989,0.00396228,1.48317,2.13651,0,0.654253,0.00375754,2.27611,0.0560048,0.19881,2.49656
119.211247166,0.568755,0.512653,0.00392421,1.40299,2.08999,0,1.00282,0,2.22209,0,0.175333,2.34748
119.257687075,1.12263,0.0527451,0.0152553,1.25088,1.91677,0,1.13897,0.00852941,2.24952,0,0.0741937,2.05545
119.304126984,1.42705,0.0467985,0.222027,1.27044,1.62357,0.0794955,1.19674,0,2.30692,0.146762,0.0118327,1.5105
119.350566893,1.36682,0.0829674,0.291944,1.25511,1.49729,0.0329176,1.11443,0,2.71679,0.131492,0.0426836,0.987084
119.397006803,1.08569,0.00680531,0.310228,1.15229,1.52266,0.0329264,0.981931,0,3.15807,0.0437728,0.102507,0.926596
119.443446712,0.464001,0.0157573,0.101142,0.691983,2.37258,0.033818,0.669111,0.448428,3.08795,0.0234507,0.106933,1.32719
119.489886621,0.0933347,0.00213809,0.056313,0.559525,2.36483,0.0220212,0.53451,0.227711,3.15483,0.00185034,0.15354,1.77862
119.536326531,0.000349027,0,0.115238,0.625996,1.99934,0.0245484,0.633479,0.0141879,3.01301,0.220807,0.218759,2.02023
119.582766440,0,0.097865,0.241506,0.949951,1.72355,0.0628821,0.841926,0.00943996,2.64646,0.148068,0.240816,2.12102
119.629206349,0.000874642,0.172389,0.37811,1.2889,1.35275,0.0725791,0.667098,0.00356107,2.8531,0.00554237,0.436946,2.41985
119.675646259,0.279755,0.0652728,0.192461,1.45462,1.68423,0.0877116,0.558941,0.209001,2.71129,0.00672052,0.192,2.77139
119.722086168,0.376194,0.000644654,0.0489892,1.79682,2.0262,0.0219119,0.464643,0.107936,2.00474,0.0323901,0.213892,2.731
119.768526077,0.218245,0.00133848,0.00674706,1.91912,2.07757,0.0264335,0.37707,0.00684974,1.97057,0.0423534,0.297903,2.68044
119.814965986,0.141978,0.00123131,0.00470423,1.90497,2.00946,0.0161163,0.409708,0.115669,2.32801,0.0482212,0.234284,2.58681
119.861405896,0.00935778,0.19687,0.00303275,1.88667,1.85822,0,0.693792,0.239882,2.4959,0.0603529,0.031744,2.55323
119.907845805,0.365625,0.128714,0.0034253,1.65876,1.46341,0.00860938,0.887857,0.185732,2.46833,0.0810767,0.00281287,2.56522
119.954285714,0.793157,0.059329,0.0043699,1.40493,0.933269,0.365719,0.812242,0,2.31494,0.13449,0.0292109,2.26906
120.000725624,0.765412,0.0892467,0.00436802,1.22548,0.806402,0.749952,0.677731,0.013856,2.43179,0.166371,0,2.06195
120.047165533,0.588327,0.0608127,0.00570278,1.41904,0.885081,0.724613,1.01848,0.0639576,2.4731,0,0,1.77923
120.093605442,0.460833,0.111222,0.00353623,1.46173,1.27955,0.270149,0.88623,0.421693,2.4941,0,4.73124e-05,2.16546
120.140045351,0.200978,0.140695,0.018115,1.36305,1.43434,0.283049,0.717831,0.129905,2.50491,0.0432958,0.000240741,2.93399
120.186485261,0.0620715,0.0832255,0.0117385,1.33768,1.80348,0.18144,0.707501,0.0737854,2.61726,0.0434789,0.000431281,2.95553
120.232925170,0.0619452,0.00284188,0.0191436,1.40666,1.88872,0.0116602,0.657234,0.0597217,2.78983,0.122168,0.00576666,2.76237
120.279365079,0.155805,0.00289828,0.00303361,1.40285,1.85893,0.0180278,0.484252,0.0496291,2.93121,0.255838,0,2.59194
120.325804989,0.163754,0.00252118,0.00467909,1.51818,1.71398,0.0109978,0.388496,0.0133485,2.74078,0.327447,0.301413,2.69628
120.372244898,0.314474,0.000836105,0.0116639,1.52516,1.85015,0.0811167,0.454099,0.0241962,2.54628,0.243273,0.303056,2.5559
120.418684807,0.178465,0.184937,0.131851,1.30014,1.78763,0.319294,0.445186,0.0066383,2.58351,0.353227,0.141051,2.3633
120.465124717,0.1962,0.163517,0.0904304,1.23045,1.91968,0.0279168,0.603361,0.0249178,2.65783,0.466385,0.225583,2.09141
120.511564626,0.249827,0.145732,0.0527908,1.44391,1.88638,0.00421937,0.676447,0.0410055,2.79869,0.321694,0.30825,2.35667
120.558004535,0.704319,0.0903027,0.00307957,1.50086,1.73957,0,0.818261,0.0606475,2.86225,0.17802,0.364983,2.0651
120.604444444,0.790086,0.00387961,0.0158841,1.11959,1.49659,0.429935,1.01276,0.0756614,2.81445,0.114961,0.175027,1.55137
120.650884354,0.683837,0.00255922,0.145567,0.848098,1.1031,0.465691,0.914393,0.0932813,3.17465,0.108137,0.000735619,1.52204
120.697324263,0.275119,0.0019365,0.115667,0.884504,1.08795,0.286429,0.650181,0.0233104,3.44384,0.193782,6.45806e-05,1.69649
120.743764172,0.0593766,0.00364184,0.0147933,1.00065,1.95219,0.0263072,0.314178,0.00253307,3.43732,0.130652,0.0381327,1.71006
120.790204082,0.183644,0.00342643,0.0023078,1.12708,2.1553,0.017994,0.258234,0.0117042,3.05926,0.183023,0.108069,1.79073
120.836643991,0.204961,0.017676,0.000439601,1.21451,1.99008,0.0122431,0.623911,0.644695,2.69013,0.155187,0.0162822,1.94282
120.883083900,0.210207,0.0454602,0.221646,0.926422,1.96586,0,1.15252,1.02356,2.04908,3.1315e-05,0.180224,2.13817
120.929523810,0.0677916,0.347132,0.595085,0.173165,1.69722,0,1.3883,0.914106,1.21422,0,0.74026,2.07732
120.975963719,0.0871911,0.594385,0.632842,0.224802,1.50492,0,1.2935,0.484691,0.794129,0,1.00872,2.23128
121.022403628,0.151418,0.591651,0.343951,0.344896,1.62228,0,1.39666,0.0185657,0.372723,0,1.06513,2.66072
121.068843537,0.113506,0.81833,0.0371469,0.327445,1.8279,0.00134379,1.59822,0.0391166,0.126866,0.151985,0.910332,2.66962
121.115283447,0.0223578,0.673096,0.024973,0.388602,2.50073,0.151368,1.61218,0.268754,0.120923,0.626816,0.466566,2.55626
121.161723356,0.185845,0.0686002,0.124606,0.258076,3.2873,0.214016,1.23332,0.29359,0.0787355,0.656916,0.457098,2.57663
121.208163265,0.788661,0.0142313,0.584546,0.297508,3.09567,0.194203,1.3502,0.141367,0.341137,0.431162,0.000359445,2.33323
121.254603175,0.72414,0.00202013,0.699037,0.577983,2.44051,0.18699,1.35795,0,1.15308,0.267213,0,2.23434
121.301043084,0.486606,0.00114422,0.690491,0.479074,2.18805,0.335098,1.24709,0,1.92808,0.13629,0,1.96251
121.347482993,0.373117,0.000672928,0.807746,0.0194467,2.67296,0.266923,0.964814,0.0588279,2.14503,0,6.39066e-05,1.69925
121.393922902,0.642936,0.00218001,0.648306,0.0790423,2.53765,0.254785,0.470484,0.405491,1.70182,0,0.00974689,1.43426
121.440362812,1.27353,0.00275299,0.498657,0.245044,2.20838,0.617775,0.227927,1.00016,1.0949,0.120923,0.00366269,0.778686
121.486802721,1.91842,0.0527467,0.440305,0.114567,2.2476,0.417911,0.227666,1.20218,0.678607,0.310976,0.527937,0.577298
121.533242630,1.6336,0.213378,0.132055,0.0476093,2.88369,0.0631019,0.240494,1.27758,0.306379,0.659969,0.919943,0.813995
121.579682540,0.840308,0.240541,0.264624,0.0113354,3.15241,0.0754958,0.604575,0.97211,0.282896,0.770872,1.09919,1.43234
121.626122449,0.0425542,0.178357,0.494029,0.185641,2.17483,0.117743,1.66824,0.00178632,0.243909,0.911709,1.07103,2.28582
121.672562358,0,0.0147721,0.26034,1.03782,0.92381,0.0806369,2.08621,0.00844723,0.0991036,0.833686,0.753145,3.10481
121.719002268,0,0.582368,0.174064,1.14306,0.492556,0.00678836,2.3192,0.0465144,0.0721023,0.617782,0.740277,3.17273
121.765442177,3.00976e-06,1.09139,0.126332,1.07574,0.0767476,0,2.73091,0.0469234,0.0343773,0.540435,0.781354,2.95815
121.811882086,0.062534,1.09231,0.00585386,1.10322,0.056623,0,3.06194,0.0360163,0.0190247,0.423206,0.656407,2.78385
121.858321995,0.566544,0.885789,0.0135483,1.0399,0.0766683,0.0194457,2.92314,0,0.0172141,0.322151,0.603973,2.73846
121.904761905,0.819601,0.475121,0.015722,1.00465,0.0870694,0.0175077,3.02552,0,0.0945525,0.392018,0.729681,2.39864
121.951201814,0.772441,0.630607,0.121488,0.824995,0.109988,0,2.84994,0.0989607,0.05616,0.389683,1.11772,1.9906
121.997641723,0.580833,0.948127,0.00185549,0.418991,0.141967,0.00939382,2.95987,0.205338,0.0142728,0.446332,1.30475,1.58254
122.044081633,0.304693,0.856241,0.00347057,0.169551,0.18439,0.0154864,3.10679,0.0802703,0.0112648,0.414438,1.43386,1.69088
122.090521542,0.105029,0.851982,0.00294319,0.375944,0.17486,0.0300328,2.62172,0.340592,0,0.219603,1.27016,2.0696
122.136961451,0.00676278,0.941528,0.00754384,0.407609,0.147831,0.128591,2.89261,0.0719566,0,0.0552785,1.24038,2.11606
122.183401361,0,1.05056,0.0585608,0.325704,0.19233,0.0168713,2.90992,0.124036,0,0.0526387,1.27975,2.15156
122.229841270,0.0373722,1.01931,0.140528,0.540287,0.151739,0.00561467,2.78962,0.11344,0,0.246279,1.17738,2.30204
122.276281179,0.101514,1.05751,0.244206,1.02583,0.0885947,0.0658152,2.73339,0,0,0.645346,0.875399,2.22808
122.322721088,0.111206,1.0977,0.161103,1.15058,0.0474992,0.14028,2.59768,0.0190149,0.0806146,0.943109,0.777174,2.12159
122.369160998,0.139777,0.91813,0.154198,0.993693,0.0834191,0.177993,2.77703,0.0792073,0.0805833,0.859897,0.751312,2.16054
122.415600907,0.329713,0.777047,0.21422,0.924816,0.147071,0.283453,2.98209,0.187618,0.083922,0.798014,0.798078,2.39851
122.462040816,0.745042,0.556514,0.119511,0.624585,0.164659,0.267972,2.92781,0.0965913,0.0787573,0.714283,0.892591,2.53849
122.508480726,0.825117,0.336979,0.257525,0.0648384,0.217431,0.165962,2.6026,0,0.124535,0.356117,1.0135,2.31006
122.554920635,0.637449,0.3158,0.353498,0.0212203,0.228651,0.1894,2.44934,0.0115851,0.466786,0.137448,0.992145,1.83464
122.601360544,0.469878,0.829462,0.00550635,0.188773,0.149405,0.179292,2.64358,0.317943,0.255901,0.152141,0.816819,1.6519
122.647800454,0.538394,0.919024,0.0950031,0.482467,0.120137,0.0806305,3.22014,0.282443,0.0326021,0.57447,0.683404,1.47513
122.694240363,0.641004,0.873648,0.0955197,0.691348,0.0869476,0.124411,3.72455,0.0665366,0.0717804,0.701621,0.580301,1.25659
122.740680272,0.511523,0.976506,0.173792,0.909767,0.108915,0.245259,3.35853,0.267796,0.100647,0.32626,0.587226,1.30133
122.787120181,0.294318,1.03485,0.178966,0.93209,0.223876,0.214217,2.16044,0.254236,1.13965,0.0493703,0.235094,1.79737
122.833560091,0.311971,0.661645,0.121199,1.23153,0.133745,0.208115,1.55708,0.0390339,2.11234,0.06213,0.0756861,2.47448
122.880000000,0.540671,0.0017473,0.0792502,1.51543,0.0142728,0.11298,1.65416,0.0243983,2.61561,0.0766409,0.092964,2.57026
122.926439909,0.517423,0.00159406,0.00727098,1.81368,0.331144,0,1.91221,0.0320147,2.53169,0,0.111068,2.16907
122.972879819,0.251417,0.019886,0.13106,1.81406,0.28222,0,2.21823,0.102381,2.06939,0.00577547,0.418342,2.21
123.019319728,0,0.154736,0.24653,1.51625,0.0945154,0.0264396,2.46248,0.132377,0.965489,0.14583,0.556778,2.43574
123.065759637,0,0.807676,0.0673755,0.923891,0.127932,0.276942,2.75289,0.0879526,0.0705342,0.564231,0.589364,2.5305
123.112199546,0.00376521,1.12434,0.00504421,0.641443,0.133491,0.260533,2.91156,0.0936174,0.00933448,0.51706,0.545512,2.08242
123.158639456,0.212413,0.785269,0.185838,0.784026,0.210229,0.0820047,2.71822,0.322424,0.00725418,0.205644,1.33526,1.43642
123.205079365,0.622962,0.0201939,0.527422,0.957853,0.155507,0.106151,2.50533,0.357001,0.00818005,0.06374,1.52393,1.39186
123.251519274,0.448254,0.000690854,0.60385,1.03116,0.316072,0.594489,2.24502,0.408644,0.00170008,0.239138,1.2998,1.45354
123.297959184,0.160581,0.31927,0.0473244,0.865292,1.5768,0.673614,2.13861,0.33527,0.00540719,0.70591,0.428501,1.57157
123.344399093,0.162679,0.20443,0.282388,0.54963,2.47686,0.384996,1.78849,0.0128778,0.0172506,0.624091,0.617844,1.85712
123.390839002,0.103249,0.11204,0.197574,0.152565,2.99746,0.0859441,1.4364,0.09921,0.231646,0.308947,0.821007,2.09001
123.437278912,0.0182921,0.0895815,0.157182,0.125321,3.28914,0,1.2031,0.235975,0.604278,0.0800838,0.842811,2.15249
123.483718821,8.20128e-05,0.0724838,0.232623,0.102358,3.36476,0,0.877945,0.0679888,0.943465,0,0.586389,2.36376
123.530158730,7.02455e-05,0.0651998,0.152917,0.0288141,3.13569,0,0.508995,0.10046,0.901701,0,0.629479,2.63919
123.576598639,0,0.10116,0.124962,0.563318,2.86964,0,0.505823,0.168688,0.545162,0.102972,0.744097,2.6859
123.623038549,0,0.0977316,0.0129907,1.62375,1.69857,0.0198123,0.759654,0.353294,0.0172519,0.601283,0.74168,2.77031
123.669478458,0.0443511,0.19521,0.0892762,2.26735,0.346381,0.0143411,1.06622,0.502472,0.0358299,0.741533,0.935445,2.56198
123.715918367,0.165969,0.258216,0.124638,2.72791,0,0.310897,1.64865,0.568035,0.0473621,0.536231,0.740589,2.29717
123.762358277,0.0877306,0.25765,0.0510552,2.83235,0,0.253498,1.7172,0.697613,0.0462916,0.408096,0.565477,2.21985
123.808798186,0.478534,0.150664,0.145882,2.52564,0.00881821,0.0797384,1.57561,0.724959,0.0227768,0.640227,0.555272,1.94746
123.855238095,0.570313,0.0254302,0.133922,2.72741,0.213634,0.065048,1.32799,0.516339,0.0857692,0.726887,0.48134,2.04555
123.901678005,0.442368,0,0.051632,2.98618,0.182064,0.105354,1.06927,0.360951,0.0751281,0.523386,0.445142,2.40111
123.948117914,0.270237,0.0371952,0.0022444,3.1842,0.0705297,0.154581,0.926925,1.10865,0.017991,0.102185,0.140724,2.75783
123.994557823,0.38547,0.00753632,0,2.94688,0.0169384,0.460962,0.689526,1.68361,0.310174,0.0437684,0.0684615,2.47117
124.040997732,0.905448,0.667642,0.00222118,2.59846,0.0398001,0.489132,0.673298,1.55279,0.559951,0.0668063,0.00182379,1.89088
124.087437642,0.555811,1.56236,0.209174,2.43508,0.112536,0.452085,0.507761,1.40119,0.429514,0.00362964,0.153339,1.52849
124.133877551,0.104859,2.24671,0.199612,1.73433,0.303465,0.376469,0.639306,1.35723,0.195137,0.00121712,0.67379,1.04515
124.180317460,0.0648102,2.45079,0.150525,0.666871,0.357078,0.275493,1.58232,0.542504,0.39025,0.123079,1.36163,0.566794
124.226757370,0.0661744,2.32691,0.121258,0.15792,0.369608,0.295182,2.31359,0.255315,0.747977,0.12494,1.48293,0.449118
124.273197279,0.0425407,2.42821,0.103781,0.0582644,0.22468,0.255607,3.03661,0.0579409,0.818801,0.0972606,1.60972,0.624875
124.319637188,0,2.52647,0.0839743,0.119128,0.271422,0.214216,3.36809,0.0463265,0.72569,0.0758793,1.37759,0.679874
124.366077098,0.0144946,2.9485,0.222294,0.124259,0.123126,0.23741,3.38965,0.0927337,0.52457,0.0231588,1.08272,0.419629
124.412517007,0.336525,3.14213,0.0124038,0.645425,0.0559895,0.57056,2.98866,0.0422242,0.412051,0.0159617,0.4505,0.413858
124.458956916,0.546972,3.04761,0.00200138,1.04376,0.102313,0.766644,1.81713,0.05719,0.411592,0,0.504498,0.81749
124.505396825,0.653642,2.61799,0.00149854,0.926869,0.0963921,0.836789,1.12995,0.0519422,0.543288,0.000737694,1.17455,0.889997
124.551836735,1.08065,1.86559,0.000839828,0.93107,0.0703099,0.703194,1.23111,0.0535841,0.807398,0,1.67462,0.812014
124.598276644,0.919492,1.97035,0,0.759149,0.158013,0.460865,2.00002,0.0215917,0.541612,0.0551042,1.88252,0.528726
124.644716553,0.972803,2.64514,0,0.163184,0.348328,0.274562,1.93015,0.0381181,0.31465,0.0648576,1.8075,0.487265
124.691156463,0.837855,2.82553,0,0.14235,0.301747,0.603479,2.51637,0.0297786,0.166522,0,1.401,0.305028
124.737596372,0.275214,2.90401,0.0275226,0.168645,0.303348,0.851316,2.09712,0.0306326,0.295222,0,1.62475,0.186582
124.784036281,0.153161,3.11315,0.132622,0.180085,0.201464,0.773379,1.72157,0.0455973,0.286227,0.02299,1.75529,0.333443
124.830476190,0.0948245,3.02098,0.184752,0.121479,0.359052,0.90926,1.84263,0.0345656,0.171244,0.0397401,1.938,0.450105
124.876916100,0.0788223,2.66692,0.170763,0.125355,0.418425,0.631074,2.47298,0.0443416,0.198266,0.0439937,1.97488,0.214162
124.923356009,0.129097,2.68111,0.101904,0.163554,0.509912,0.593096,2.96231,0.0228798,0.0675827,0.0462154,1.8751,0.0527183
124.969795918,0.0766784,2.72891,0.158222,0.194282,0.559203,0.410644,2.88699,0.0968192,0.0910073,0.0488379,1.92613,0.108948
125.016235828,0.0232801,2.96926,0.0623131,0.183018,0.494545,0.379593,2.58939,0.158393,0.248204,0.0591435,2.11416,0.191702
125.062675737,0.240772,2.68228,0.00653234,0.807293,0.0316674,0.441013,2.07955,0.0472612,0.441277,0.106642,2.26743,0.256003
125.109115646,0.740723,1.58455,0.00475032,1.53846,0.00166925,0.477041,1.86721,0.102444,0.396638,0.151531,2.19764,0.421098
125.155555556,1.02355,0.629722,0.00425427,2.38025,0,0.509943,1.78716,0.307796,0.183065,0.131927,1.95173,0.424091
125.201995465,0.718126,0.571958,0.0058723,3.08893,0,0.339194,2.4129,0.250126,0.0083583,0.100395,1.76588,0.236727
125.248435374,0.188325,1.07305,0.00495363,2.78324,0.0343133,0.285772,2.94022,0.142953,0.0160758,0.12592,1.73992,0.336214
125.294875283,0.109174,1.71342,0.0626846,1.51403,1.59072,0.107657,2.5349,0.164676,0.113491,0.107049,2.32994,0
125.341315193,0.127965,2.08264,0.103244,0.0516044,3.02969,0.100476,1.78478,0.125037,0.262725,0.04052,2.48023,8.64947e-05
125.387755102,0.106435,2.01781,0.0420738,0.00386334,3.39973,0.157833,1.46119,0.12548,0.374107,0.0382802,2.40753,0.108351
125.434195011,0.151514,1.18922,0.00820469,0.00308898,3.51649,0.150514,1.47954,0.112636,0.213308,0.0461317,2.10427,0.49042
125.480634921,0.196748,0.782786,0.00735636,0.0859604,3.45877,0.138451,1.74944,0.107332,0.105912,0.0977644,1.72214,0.722091
125.527074830,0.190645,1.22742,0.0182444,0.162282,3.20723,0.253983,2.03862,0.0232703,0.004868,0.216002,1.60714,0.935652
125.573514739,0.0988733,1.33439,0.136076,0.562962,2.57526,0.329532,2.17123,0.0179292,0.171971,0.184628,1.69404,0.854272
125.619954649,0.00509101,1.12628,0.00775234,1.61171,1.10879,0.460314,2.32449,0.0737936,0.440394,0.153154,1.81583,0.783476
125.666394558,0,1.10755,0.00673576,2.32016,0.130944,0.55975,2.31648,0.0816781,0.186952,0.067419,2.23072,0.598086
125.712834467,0.178043,1.02723,0.00581043,2.47558,0.0895797,0.768576,2.03214,0.0879233,0.272671,0.0712306,2.23048,0.403414
125.759274376,0.6768,0.755975,0.0048536,2.3277,0.00741105,0.733876,1.68855,0.0865737,0.351225,0.0790034,1.80259,0.474367
125.805714286,0.886524,0.581281,0.114746,2.41006,0.0353845,0.378972,1.47263,0.195676,0.140201,0.0405783,1.42269,0.61626
125.852154195,0.750905,0.265435,0.267479,2.13793,0.263413,0.0492343,2.17659,0.334282,0.0590145,0.0805411,1.30708,0.539078
125.898594104,0.821363,0.543235,0.800511,1.27886,0.33817,0.0664328,2.61111,0.0285678,0.0218455,0.100466,1.53795,0.452879
125.945034014,0.677156,1.44569,0.713013,0.377186,0.123897,0.303306,3.12874,0.0402674,0.157466,0.0570048,1.61442,0.312214
125.991473923,0.486246,2.19991,0.181639,0.139141,0.0762924,0.444096,2.92855,0.0399245,0.53638,0.00514153,1.5942,0.272319
126.037913832,0.406909,2.6018,0.162487,0.0768673,0.257281,0.435081,2.75337,0.0512704,0.720294,0,1.32535,0.255018
126.084353741,0.483706,2.5816,0.138643,0.0958281,0.229521,0.605408,2.96632,0.0503875,0.757096,0.00725592,0.844475,0.255354
126.130793651,0.50365,2.56252,0.0646323,0.140024,0.0706495,0.493362,3.32916,0.0440148,0.631908,0.0382349,0.805298,0.306558
126.177233560,0.432223,2.47703,0.030883,0.156369,0,0.343291,3.57125,0.000128174,0.423397,0.368586,0.898334,0.44196
126.223673469,0.523435,2.37446,0.146735,0.163478,0,0.144853,3.47349,0.000770639,0.104201,0.766302,0.820516,0.494993
126.270113379,0.43981,2.04602,0.210479,0.143035,0.298472,0.154142,3.09219,0.406691,0.0679898,1.07122,1.07012,0.412069
126.316553288,0.536807,1.27225,0.595628,0.0735102,0.643775,0.215078,2.86729,0.232411,0.105042,0.825033,1.68352,0.386835
126.362993197,0.862621,0.696598,0.757466,0.0280797,0.3867,0.223948,2.80931,0.0508844,0.721994,0.244991,1.51229,0.643712
126.409433107,1.34153,0.393732,0.473198,0.0930342,0.171412,0.140955,2.74653,0.288985,0.895611,0.248598,0.927047,0.764135
126.455873016,1.55444,0.529021,0.418594,0.0417456,0.20694,0.223637,3.18681,0.0940303,0.548437,0.194654,0.614624,0.765571
126.502312925,1.14415,1.18584,0.169991,0.0579286,0.277751,0.314472,3.4975,0.342106,0.0279558,0.133333,0.431719,0.45657
126.548752834,0.339478,1.79842,0.217952,0.0789732,0.299728,0.133026,3.47426,0.729718,0.16855,0.153279,0.839663,0.139388
126.595192744,0.251152,1.58402,0.451825,0.0742344,0.472932,0.000393375,3.52648,0.775956,0.27812,0.218333,1.43387,0.0792301
126.641632653,0.124797,1.39763,0.315238,0.0648888,0.851,0.0311061,3.84726,0.0921974,0.325603,0.254818,1.92906,0.333974
126.688072562,0.107168,1.5086,0.167091,0.0145965,1.03325,0.0341323,3.44998,0.0150249,0.613767,0.0665051,1.94089,1.04229
126.734512472,0.0707637,1.25402,0.265259,0.0792761,0.976178,0.179847,2.97451,0.0542411,0.611913,0.0481456,1.53475,1.71235
126.780952381,0.0291405,0.308318,0.829805,0.142198,0.77359,0.545664,2.84928,0.0782982,0.615904,0.0403078,1.01822,2.24793
126.827392290,0.00611454,0.101624,0.758683,0.568546,0.543863,0.63733,2.24329,0.0393253,0.894636,0.0463201,0.781361,2.56933
126.873832200,0.0152104,0.408014,0.0113433,1.57171,0.699782,0.504874,1.22524,0.537122,0.695195,0.0746201,0.658538,2.37178
126.920272109,0.0134089,0.36477,0.002722,1.7416,0.786306,0.190131,1.41718,1.0549,0.576792,0.274988,0.547961,2.0627
126.966712018,0,0.354264,0.150034,1.93905,0.460801,0.184323,1.34071,1.14113,0.216769,0.269255,0.742557,2.10424
127.013151927,0.0560679,0.455712,0.526124,1.54791,0.1061,0,1.23884,0.574357,0.0744238,0.303707,0.827874,2.10375
127.059591837,0.0347337,0.503582,0.991747,1.37693,0,0.00544262,0.998732,0.14271,0.117654,0.521134,0.608332,1.86623
127.106031746,0.0266957,0.79605,0.923785,1.02697,0.00346753,0.0167464,0.622153,0.974696,0.203036,0.570279,0.615517,1.99619
127.152471655,0.335045,0.554573,0.949789,0.692507,0,0.0275634,0.583827,1.45837,0.295935,0.419075,0.310899,2.11005
127.198911565,0.488806,0.057622,1.0027,0.457907,0.045537,0.027443,0.481921,1.16445,0.385579,0.347018,0.28513,2.13075
127.245351474,0.306378,0.091857,0.80127,0.400165,0.601503,0.0399373,0.374978,0.898846,0.54852,0.352663,0.21759,2.22597
127.291791383,0.0189981,0.159768,0.968566,0.249508,1.72931,0.0356301,0.702353,0.50975,0.433453,0.156294,0.0269807,2.54872
127.338231293,0.229111,0.166138,0.837056,0.153688,2.26952,0.258762,0.965968,0.231809,0.793894,0.0236811,0,2.74025
127.384671202,0.419348,0.139229,0.649104,0.175775,2.22716,0.281905,1.03992,0.00472647,1.04336,0.0668091,0,3.0132
127.431111111,0.442717,0.196104,0.499241,0.266523,2.27412,0.190925,1.0375,0.00671725,1.21833,0.057223,0.102102,3.26006
127.477551020,0.0675421,0.131432,0.29028,0.364442,2.46938,0.340471,0.574266,0.30503,1.28975,0.046076,0.0430576,3.01707
127.523990930,0,0.0469279,0.406029,0.895109,1.97637,0.588922,0.623323,0.359073,1.37626,0.264394,0,2.69302
127.570430839,0,0.0878786,0.371625,1.00701,1.52994,0.549503,0.715358,0.322853,1.3579,0.400015,0.322148,2.77304
127.616870748,0.170599,0.582787,0.237916,0.200956,1.40952,0.558842,1.20933,0.38358,1.02776,0.142934,0.104885,2.68658
127.663310658,0.428203,0.297293,0.0137177,0.44963,0.711009,0.404434,1.35563,0.796925,0.716704,0.00925675,0,2.88218
127.709750567,0.400438,0.412287,0.007645,0.905378,0.352392,0.392619,1.09239,1.08178,0.575472,0.0408674,0,2.95524
127.756190476,0.896146,0.287413,0.00487918,0.997564,0.0734682,0.167741,1.1915,1.14235,0.423247,0.435723,0,2.63915
127.802630385,0.842014,0.214382,0.0309788,0.721744,0.32587,0.499079,1.1731,1.24288,0.620139,0.298142,0.0785224,2.23975
127.849070295,0.435748,0.10396,0.207404,0.31879,0.595729,0.78508,0.796677,1.38615,0.477437,0.226651,0.0679578,1.88936
127.895510204,0,0.441208,0.393419,0.148759,0.492834,0.703818,1.05819,1.94926,0.249157,0.498792,0.127113,1.50786
127.941950113,1.88131e-05,0.594689,0.338626,0.111998,0.758149,0.450849,1.09152,2.07356,0.264446,0.709639,0.155817,1.39556
127.988390023,0,0.637632,0.46433,0.119106,1.59577,0.0705142,0.811982,1.88893,0.39604,0.952202,0.121183,1.18481
128.034829932,0,0.657674,0.844905,0.158952,2.04457,0,0.673817,1.35516,0.519013,1.0394,0.193125,0.97525
128.081269841,0,0.643316,0.817206,0.149329,2.53772,0,0.520562,1.32689,0.384822,1.07388,0.278517,0.823542
128.127709751,0.16138,0.590521,0.319812,0.178154,2.98044,0,0.296361,1.22925,0.221276,1.27449,0.392957,0.713823
128.174149660,0.231986,0.492505,0.143464,0.195216,2.87022,0.034337,0.406374,1.23674,0.0731928,1.27595,0.678373,0.612537
128.220589569,0.0792473,0.757233,0.0634909,0.223724,2.63669,0.108542,0.285087,1.76464,0.0790306,1.05762,0.844847,0.781605
128.267029478,0.0615587,0.960512,0.00300185,0.241314,2.21717,0.131277,0.11243,1.81339,0.0522526,0.896844,1.01657,0.991743
128.313469388,0.0209159,0.873029,0.00993579,0.926301,1.20185,0.27997,0.19256,1.11251,0.321618,0.839363,1.04932,1.87124
128.359909297,0.00585007,0.491387,0.0553487,0.823933,1.00013,0.371901,0.315395,0.377674,0.644623,0.662169,0.685135,2.70164
128.406349206,0.110558,0.226932,0.0046639,0.771949,0.991523,0.149083,0.745547,0.153176,0.867202,0.540554,0.390407,3.20336
128.452789116,0.255832,0.209856,0.00576168,0.689217,1.4389,0.00816365,1.14125,0.334203,0.796117,0.151436,0.117843,3.22786
128.499229025,0.350894,0.00233353,0.0162506,0.374155,1.35304,0.00971813,1.45074,0.545576,0.356235,0.0210715,0.54592,3.16023
128.545668934,0.117155,0.00771839,0.348735,0.460514,1.08602,0.0424619,1.43398,0.526255,0.161084,0.00173897,0.27407,3.19156
128.592108844,0.425493,0.150313,0.801941,0.616438,0.782125,0.0324699,1.50207,0.250236,0.128905,0.0027516,0.127331,3.0874
128.638548753,0.767125,0.145772,0.685308,0.607215,0.648695,0.0103746,1.71461,0.13354,0.192514,0.00908569,0.0279361,2.67621
128.684988662,0.313231,0.150357,0.0500787,0.683113,0.757105,0.0506262,1.69001,0.329554,0.252134,0.0485361,0.167509,2.81474
128.731428571,0.186772,0.066944,0.00429876,0.854622,0.722744,0.252472,1.48098,0.399541,0.287055,0.192318,0.262317,2.79545
128.777868481,0.108705,0.21898,0.0206281,1.1691,0.442198,0.174541,1.49414,0.0209368,0.574072,0.244992,0.217467,2.7889
128.824308390,0.0832394,0.180931,0.0622496,1.0742,0.41449,0.0235243,2.11375,0.117586,0.870686,0.152099,0.147078,2.91885
128.870748299,0.0322183,0.267458,0.329656,1.07362,0.272177,0.0113875,1.93247,0.376356,0.832456,0.0792458,0.385838,3.04333
128.917188209,0.615102,0.0253076,0.141873,1.05881,0.348395,0.0969102,1.86035,0.988309,0.708459,0.111557,0.569601,2.86458
128.963628118,0.833433,0.00170989,0.0732608,1.30336,0.166595,0.199493,1.72145,1.17607,0.048884,0.575608,0.545175,2.45798
129.010068027,1.10117,0.00109032,0.0685885,1.17822,0.0180027,0.638036,1.45526,1.21299,0.062448,1.08444,0.34358,1.61991
129.056507937,1.44637,0,0.28244,0.613162,0.0113834,0.837773,1.36621,1.39013,0.0756501,1.29747,0.118104,0.927485
129.102947846,1.45651,0.0147047,1.25022,0.387949,0.0332011,0.832537,1.18034,1.18234,0.0618412,1.3372,0.173028,0.788088
129.149387755,1.20612,0.00173369,1.80207,0.545162,0.397528,1.21845,1.06249,1.22959,0.038271,0.969075,0.309489,0.564056
129.195827664,1.60536,0.00255036,1.07529,0.377606,0.649535,1.36985,1.31984,1.3041,0,1.11441,1.06914,0.0472432
129.242267574,1.60875,0.0582248,0.896979,0.0127524,0.665975,1.66055,1.49751,1.16282,0.0714204,0.974134,1.40335,4.78854e-05
129.288707483,1.49312,0.215089,0.761943,0.0190429,0.571463,1.37968,1.49804,0.591645,0.0565434,0.770907,1.62176,0.0703407
129.335147392,0.800374,0.317381,0.734972,0.561547,0.857606,1.05263,1.29999,0.554016,0.0663025,0.154811,1.65886,0.292599
129.381587302,0.443125,0.675127,0.726212,1.1423,0.980008,0.622021,1.29203,0.727572,0.0537498,0.104181,1.47622,0.554278
129.428027211,0.168351,0.933881,0.835202,1.28059,1.07209,0.351709,1.38078,0.560091,0.0419877,0.0933252,1.00185,0.632823
129.474467120,0.0340421,0.678709,0.901347,1.22202,0.860877,0.766597,1.91049,0.175279,0.373514,0.102816,1.09824,0.912203
129.520907029,0,0.617923,0.949363,1.25439,0.494602,1.05869,1.93565,0.302397,0.378179,0.211245,1.22407,1.07575
129.567346939,0.00596615,0.67621,0.813016,1.19556,0.337236,1.07468,1.31362,0.807567,0.281293,0.166853,1.17508,1.26017
129.613786848,0.027867,0.935199,0.958976,1.10535,0.165838,0.287517,0.851388,0.900868,0.198105,0.490453,1.07387,0.951886
129.660226757,0.920707,0.867532,1.40696,1.09039,0.0162259,0.00148175,0.76226,1.20689,0.168841,0.938634,0.894624,0.240776
129.706666667,1.62116,0.710347,1.33259,0.450792,0.00967553,0.0135984,0.77991,1.70169,0.266064,1.0422,0.747119,0.000213819
129.753106576,1.98375,0.408876,0.971204,0.203877,0.0635417,0.0184677,0.527527,1.68204,0.247629,0.768907,0.555424,0.00549989
129.799546485,1.25106,0.870536,0.640828,0.00234571,1.13521,0.0466924,0.122452,1.46341,0.494646,0.710265,0.21167,0
129.845986395,0.351497,0.889587,0.281815,0.0725663,2.25907,0.0532336,0.3502,1.16368,0.513432,0.798225,0.125699,0.457662
129.892426304,0.631093,0.548268,0.422295,0.0231997,2.5337,0,0.799543,0.441802,1.11755,0.679542,0.166669,1.00949
129.938866213,0.787974,0.0672164,0.724751,0.0139971,2.54429,0,1.09476,0.212304,1.45414,0.385226,0.0369942,2.03469
129.985306122,0.543725,0.000773013,0.606645,0.0156672,2.05778,0,0.814883,0.00329746,2.41179,0.0681815,0.0298409,3.09051
130.031746032,0.0860726,0.00135605,0.359198,0.0456901,2.63058,0.0151019,0.62413,0.23858,2.55089,0.00111331,0.0713248,3.12908
130.078185941,0.494754,0.413879,0.341076,0.00856862,3.32382,0.0241039,0.301838,0.576761,2.29458,0.00663034,0.00761956,2.21956
130.124625850,0.539273,0.59119,0.47647,0.00523834,3.27287,0.0335581,0.259999,0.580523,2.15429,0.00865682,0.045064,1.55111
130.171065760,0.488855,0.193942,0.384989,0.0117489,3.36452,0.0632138,0.484987,0.218859,1.85966,0.0251343,0.067126,1.49873
130.217505669,0.818385,0.711473,0.150144,0.0112597,2.74312,0.0128098,0.873109,0.410065,1.13944,0.570074,0.00209392,1.60642
130.263945578,0.755016,0.7698,0.0199932,0.158201,1.91852,0.106654,0.941582,0.902969,0.811049,0.522727,0.118683,1.57242
130.310385488,0.641787,0.632492,0.0467558,0.367398,0.976089,0.351346,0.924585,1.09046,0.792981,0.591868,0.231819,1.60566
130.356825397,0.561495,0.574614,0.189336,0.066509,1.06425,0.472116,0.762646,1.30135,1.02406,0.255522,0.0913682,1.32702
130.403265306,0.468639,0.765036,0.312033,0.0365402,1.18736,0.592342,0.43391,1.42037,0.481759,0.496342,0.0262634,0.513219
130.449705215,0.148463,1.26332,0.139163,0.0348067,1.10818,0.756592,0.492154,1.97729,0.16495,0.608202,0.0658134,0.399583
130.496145125,0.0416288,1.53779,0.032423,0.0695371,1.49742,0.673499,0.199073,2.42643,0.111847,0.777809,0.165648,0.506945
130.542585034,0.0532669,1.89613,0.0104425,0.0923357,1.84627,0.640373,0.0237467,2.47753,0.18381,1.55929,0.188097,0.152816
130.589024943,0.0123226,2.19658,0.125778,0.0959754,2.05913,0.26837,0.0948091,2.12364,0.214524,2.11488,0.138796,0
130.635464853,0.0119532,2.10486,0.20797,0.0981666,2.51913,0,0.15303,1.4719,0.202753,2.33276,0.00183382,0.165262
130.681904762,0.0998494,2.15993,0.20656,0.0126805,2.86928,0.095658,0.0781156,1.04035,0.166717,2.36497,0.0223781,0.462195
130.728344671,0.272781,2.18501,0.0704996,0.0206605,2.48214,0.165762,0.00753884,1.07952,0.101474,2.5382,0.148927,0.758041
130.774784580,0.448785,2.1182,0.10424,0.0352624,2.21587,0.432369,0.0115324,1.3501,0.108162,2.38859,0.503439,0.791135
130.821224490,0.389937,1.93558,0.130175,0.0471542,2.06469,0.642151,0.00263242,1.64183,0.132956,2.16479,0.663679,0.537032
130.867664399,0.522168,1.29495,0.397409,0.345775,1.53796,0.282296,0.345533,0.958075,0.129014,2.12307,1.15149,0.0563612
130.914104308,0.693788,0.309064,1.14453,0.279623,1.01475,0.120617,0.942111,0.617552,0.233794,1.77385,1.235,0.582655
130.960544218,0.585487,0.0603283,1.1701,0.0100145,1.38795,0,1.58381,0.652649,0.456611,0.844511,0.829815,1.59486
131.006984127,0.328718,0.367444,0.95442,0.0082148,1.67397,0.0160001,1.56476,0.981409,0.586809,0.302481,0.19862,2.33907
131.053424036,0.455772,0.0198056,0.940901,0.075619,1.83374,0.019065,1.55297,0.644439,0.846333,0.00755232,0.251164,2.48104
131.099863946,0.326327,0.130175,1.43672,0.179974,1.25844,0.0505361,1.77596,0.271773,1.19346,0.00194855,0.583695,2.14529
131.146303855,0.316231,0.614117,1.4078,0.556346,1.05285,0.0298065,1.7156,0.520157,0.682095,0.158123,0.439553,2.11049
131.192743764,0.359613,0.783859,1.20297,0.729182,0.638826,0.0364496,1.46073,0.995049,0.219237,0.0661441,0.152524,2.33775
131.239183673,0.823867,0.50294,0.909855,0.912079,0.397435,0.0517003,1.26414,0.845802,0.512249,0.0242705,0.209494,2.33743
131.285623583,0.969067,0.856491,0.0992051,1.02361,0.418988,0.00267899,1.17953,0.80557,0.844688,0.191723,0.124388,2.3627
131.332063492,0.554717,0.978328,0.0487955,1.01294,0.541122,0.0168756,1.55122,0.848101,0.75459,0.295738,0.101179,2.80958
131.378503401,0.0207212,1.30408,0.0320045,1.11335,0.498477,0.181247,1.97947,0.596582,0.490358,0.195144,0.162422,2.87235
131.424943311,0.00865743,1.16362,0.0749785,1.30859,0.528598,0.522636,1.71456,0.409139,0.305572,0.0259832,0.597082,3.10097
131.471383220,0.420303,0.489002,0.0877269,1.5478,0.0333229,0.917991,1.96493,0.239143,0.471924,0.0681869,0.660961,2.92474
131.517823129,1.46495,0.155252,0.0195182,1.53851,0.0235454,0.792429,1.78945,0.496961,0.335105,0.106266,0.352939,2.11855
131.564263039,1.66148,0.0513821,0.0348765,1.37951,0.196144,0.767625,1.30286,0.90074,0.179683,0.178685,0.0182082,1.91153
131.610702948,2.21693,0.00358826,0.0775001,1.06174,0.239925,0.874505,0.342088,1.0816,0.322805,0.277538,0.0011386,1.24497
131.657142857,2.37109,0.181777,0.103594,0.745941,0.247803,0.981105,0.178486,1.37572,0.401647,0.501596,0.00261312,0.665187
131.703582766,2.55189,0.148231,0.430893,0.335103,0.028662,1.00208,0.587111,1.68019,0.300248,0.626455,0.241984,0.338592
131.750022676,2.1194,0.0016223,0.711567,0.0777431,0.300953,1.39531,0.928336,2.08218,0.538211,0.3538,0.861411,0.381131
131.796462585,2.00796,0,0.0600703,0.313178,0.793208,1.37606,1.14928,2.38937,0.414843,0.186017,0.689332,0.373825
131.842902494,1.6314,0.000299014,0.1224,0.365963,1.01406,0.843898,1.22947,2.44006,0.207365,0.133403,0.9115,0.607792
131.889342404,1.15026,0.104591,0.110678,0.348481,1.11108,0.48812,1.31725,2.21726,0.47248,0.0076647,1.37015,0.882146
131.935782313,0.258822,0.259959,0.00296904,1.11079,0.995834,0.407798,1.66305,1.3757,0.727997,0.447085,1.31346,1.35873
131.982222222,0.0683577,0.946931,0.00333598,1.55342,0.905301,0.153612,1.15959,1.18761,0.646014,0.437378,1.04155,1.4507
132.028662132,0.354143,1.44889,0.00174035,1.04587,0.823699,0.00392197,0.802103,1.39487,0.389547,0.272172,0.952811,0.875291
132.075102041,0.367093,1.59329,0.0014596,0.96136,0.350548,0.118053,0.699343,1.63563,0,0.344708,0.773787,0.739008
132.121541950,0.0783121,1.3769,0.141678,1.05748,0.087524,0.498677,0.909359,1.46066,0,0.212167,0.712159,0.803823
132.167981859,0.0334608,0.892201,0.612968,0.82092,0.0444179,0.431941,0.96546,1.39367,0.0483777,0.0556258,0.771759,0.899176
132.214421769,0.172623,0.729742,1.35606,0.806307,0.0251532,0,1.05339,1.74728,0.167263,0.0854934,1.16851,0
132.260861678,0.884884,0.899113,1.31158,0.203442,0.0283046,0,0.926214,1.9425,0.296914,0.107795,1.1165,0
132.307301587,1.39103,1.25359,0.805301,0.0199585,0.0149623,0.00677433,0.978993,2.28463,0.0609864,0.0308728,0.896844,0.174911
132.353741497,1.72777,1.17052,0.561569,0.0208755,0.000960564,0,1.85712,1.59373,0.0746452,0.570742,0.912509,0.429001
132.400181406,1.28475,1.22244,1.16851,0.0225707,0.338407,0,2.08558,0.886272,0.201762,0.824787,0.789284,0.672027
132.446621315,1.03482,0.523748,1.35699,0.0153289,0.684653,0.0256738,1.56303,0.714427,0.646032,0.74147,0.378553,1.00386
132.493061224,0.833002,0.221994,1.18944,0,1.02725,0.0531078,1.09202,0.201076,1.50644,0.649861,0.0276237,1.0384
132.539501134,0.49056,0.137505,0.713816,0.238012,1.22194,0.292691,0.928747,0.0568657,1.65223,0.887548,0,1.43797
132.585941043,0.472845,0.109682,0.21077,0.793662,1.75936,0.121513,1.62754,0.145581,1.47444,1.09871,0.112844,1.31557
132.632380952,0.253803,0.0311404,0.0912682,0.819402,2.37896,0.418577,1.86375,0.167436,1.51431,0.500929,0.202584,1.50654
132.678820862,0,0.153347,0.00127589,0.49077,2.69165,0.73364,1.23507,0.198484,1.51534,0.0817005,0.229343,2.27054
132.725260771,0,0.183378,0.0935092,0.33184,2.66115,0.828162,0.74274,0.262715,1.27611,0.0767925,0.156853,2.10884
132.771700680,0.443803,1.01649,0.141125,0.353708,1.38606,1.03831,1.24311,0.487723,1.11359,0.0712491,0.0824774,1.60991
132.818140590,1.16215,0.36169,0.00460491,0.903327,0.731306,0.824818,1.93173,0.302357,0.705484,0.151201,0.0486634,1.14985
132.864580499,1.56855,0.23328,0.0060095,0.995586,0.342287,0.0341973,2.18932,0.210922,0.598482,0.279492,0.256367,1.12412
132.911020408,1.53992,0.116519,0.00536518,0.824887,0.129177,0.0237649,2.08832,0.559722,0.689679,0.330811,0.285116,1.05453
132.957460317,1.57549,0.250844,0.00473521,0.850308,0.416695,0.611178,1.25038,0.997869,0.730763,0.151669,0.150447,0.647401
133.003900227,1.06902,0.89016,0.00395821,0.202378,0.637568,0.64122,0.3591,1.46771,1.23927,0.034344,0.117193,0.0640851
133.050340136,0.38061,1.52847,0.136695,0.521667,0.863475,0.785004,0.10451,1.82483,1.54472,0.0948109,0.0255973,0
133.096780045,0.55457,1.56298,0.24498,0.745542,0.877808,0.622575,0.0367711,1.87481,1.79558,0.141621,0.00228634,0.102415
133.143219955,0.454375,1.68578,0.220471,0.752236,0.799087,0.100171,0.0599068,2.04089,1.93768,1.2197,0,0.0554717
133.189659864,0.273376,1.573,0.615327,1.09906,0.749478,0,0.630678,1.30145,1.95929,1.69087,0,0
133.236099773,0.308809,1.42852,0.646209,1.23284,0.825409,0,0.993413,0.373151,2.10755,1.62881,0,0
133.282539683,0.345828,1.35628,0.568903,1.17339,0.981623,0.466678,0.747552,0.107698,2.1974,1.44704,0,0.0434598
133.328979592,0.285527,1.40403,0.327826,0.601845,1.37212,0.736604,0.24424,0.307295,1.90923,1.54372,0.380845,0
133.375419501,0.275149,1.75986,0.251205,0.361589,1.17099,1.06559,0.0290838,0.728955,0.965714,1.75326,0.432224,0.143563
133.421859410,0.256061,1.93552,0.0730366,0.0812746,0.683858,1.04688,0.636884,1.09326,0.391468,1.97547,0.332587,0.120668
133.468299320,0,1.93534,0.143643,0.25059,0.516619,0.756577,1.3014,1.26072,0.0855834,2.09247,0.0803395,0.0946629
133.514739229,0.107383,1.42357,0.31796,0.244907,0.508329,0.412994,1.01248,1.07223,0.0236561,1.71014,0.389679,0.430617
133.561179138,0.207115,1.10408,0.057206,0.018657,0.714411,0.108515,1.1129,1.27594,0.0047781,1.24223,0.933016,0.462942
133.607619048,0.329823,1.01037,0.028842,0.00858619,1.42862,0.0148283,1.6984,1.17239,0.0279092,0.493026,1.29688,0.563409
133.654058957,0.443978,0.582074,0.137464,0.0138757,1.91951,0.00882821,1.60186,0.823285,0.256209,0,0.944703,1.65143
133.700498866,0.193679,1.14135,0.653683,0.0154171,1.6762,0.0177293,1.58665,0.647408,0.112656,0,0.364767,1.90745
133.746938776,0.066044,1.28694,0.501648,0.948899,1.28145,0.0638134,1.75119,0.402316,0.00767992,0,0.283808,1.88003
133.793378685,0.12854,1.24654,0.0825007,1.765,1.01418,0.390256,1.84174,0.250384,0,0.366661,0.27455,1.77166
133.839818594,0.155389,0.784836,0.092085,1.92719,0.756804,0.736239,1.43694,0.292926,0.0720785,0.357098,0.208842,1.81994
133.886258503,0.1886,0.274028,0.142788,1.79859,0.611989,0.627206,1.01311,0.470664,0.176786,0.0200141,0.365381,2.10998
133.932698413,0.134414,0.274576,0.0656988,1.97613,0.667811,0.256752,1.02246,0.434957,0.132968,0.000159112,0.399132,2.35057
133.979138322,0.0361685,0.492902,0.135758,2.16417,0.638044,0.0799221,1.23982,0.708409,0.217226,0.0127888,0.137709,2.78579
134.025578231,0,0.724035,0.160125,2.2548,0.293621,0.257342,1.14716,0.825879,0.446277,0.00814272,0.188571,3.11424
134.072018141,0.260768,0.677774,0.00637216,1.80207,0.412775,0.295848,1.54849,0.865886,0.398335,0,0.859451,1.74308
134.118458050,0.803961,0.697655,0.005724,1.46201,0.592032,0.20378,1.20106,1.10508,0.360528,0.0417713,0.761861,1.18099
134.164897959,0.789877,1.0704,0.0063531,1.01033,0.437408,0.459118,0.635817,1.06554,0.276438,0.143157,0.683356,0.960597
134.211337868,0.708239,1.02277,0.00636694,0.874411,0.130167,0.77459,1.13803,1.06725,0.126903,0.197876,0.503071,0.554891
134.257777778,0.551834,1.06545,0.048508,0.514517,0.152623,0.70588,1.44191,1.10142,0.10984,0.395927,0.884789,0.521227
134.304217687,0.555313,0.975947,0.582011,0.0453055,0.656304,0.946075,1.73008,0.799907,0.104626,0.407284,1.30415,0.188013
134.350657596,0.870927,1.01538,0.387935,0.0667621,0.910356,0.906281,1.59812,1.05304,0.101692,0.36406,1.71313,0.156263
134.397097506,1.25537,1.1112,0.153076,0.452627,0.821983,0.954292,1.7382,1.13631,0.0887404,0.20723,1.83927,0.147354
134.443537415,1.2855,1.15888,0.127691,0.816424,0.48496,0.543253,1.86665,1.23028,0.0939859,0.0210686,1.96473,0
134.489977324,1.10576,1.09072,0.167521,1.49594,0.572416,0,1.66199,0.939018,0.0949592,0.106228,1.71365,0.263788
134.536417234,0.232088,0.713512,0.236218,1.65044,0.593078,0.0292989,1.51872,0.586563,0.124937,0.659088,1.46583,1.31512
134.582857143,0.182083,1.29924,0.133466,1.63501,0.800793,0.023056,0.964317,0.679296,0.0774008,0.772525,1.2304,1.73588
134.629297052,0.0889185,1.64403,0.153735,1.73254,1.06108,0.143038,0.890679,0.985149,0.0654302,0.589532,1.17601,1.23563
134.675736961,0.413503,1.41753,0.117488,1.50943,0.962794,0.401318,1.25362,0.881006,0.087513,0.209255,0.989766,1.048
134.722176871,0.561006,1.07007,0.190902,0.837139,0.574037,0.46244,1.55273,0.756274,0.100944,0.241926,0.876308,0.79088
134.768616780,0.940597,1.09884,1.15541,0.668674,0.104968,0.144902,1.39576,0.435417,0.38265,0.183293,0.763758,0.360791
134.815056689,0.903399,0.976054,1.93539,0.460942,0.10578,0.082904,0.817094,0.551392,0.807078,0.0406453,1.20507,0.111237
134.861496599,0.545089,0.711588,1.983,1.17092,0.0566942,0,0.70578,1.07172,1.01432,0.00810922,1.11932,0.155787
134.907936508,0.544516,0.516038,1.41701,1.96191,0.0152833,0,0.295479,1.65855,0.837367,0.00139248,1.08544,0.400759
134.954376417,0.808067,0.101597,0.882923,2.53489,0.100011,0.0699836,0,1.89432,0.252639,0,0.948457,0.906339
135.000816327,0.542895,0.0610055,0.876886,2.26915,0.546106,0.298134,0.0711061,1.3614,0.346986,0.144626,0.195537,1.31732
135.047256236,0.424287,0.113304,0.524706,1.59331,0.821328,0.0653902,0.234713,0.526566,1.11652,0.0582417,0.0586718,1.58828
135.093696145,0.695924,0.32204,0.177545,1.45052,1.58762,0.107953,0.36685,0.25309,1.56998,0.014038,0.00120278,1.8467
135.140136054,0.58274,0.289052,0.107463,1.27145,2.05026,0.123304,0.443426,0.0614272,2.06195,0.162443,0.0620719,2.1201
135.186575964,0.320538,0.274696,0.150019,0.917771,2.28715,0.295452,0.330695,0.16172,2.35153,0.147729,0.0680921,2.18842
135.233015873,0.214591,0.0589198,0.0824041,0.480806,2.38639,0.650329,0.400449,0.61911,2.32567,0,0.0387117,2.07761
135.279455782,0.125461,0.0408739,0.205157,0.778096,1.30995,0.922257,0.469501,0.67656,2.38314,0,0.223699,1.61614
135.325895692,0,0.00238708,0.202463,0.750088,1.09338,0.895341,0.485566,0.659162,2.55715,0,0.291695,1.76751
135.372335601,1.05905,0.00400779,0.00687135,0.759762,0.886924,0.634221,0.630759,0.542714,2.17972,0.130663,0,1.96517
135.418775510,1.17112,0.00389213,0.0054837,0.617728,1.0916,0.0905373,1.00345,0.663614,1.61689,0.194588,0,1.81024
135.465215420,0.833787,0.0619321,0.00579168,0.759564,0.7815,0.0517291,0.843175,0.747472,1.30364,0.201552,0.0425787,1.83038
135.511655329,0.611347,0.492905,0.00837656,0.900647,0.560849,0.13729,0.254137,0.831566,0.857363,0.195774,0.121494,1.68681
135.558095238,0.24015,0.5237,0.00831201,0.914446,0.750291,0.917228,0.128236,1.35866,0.860583,0.459483,0.052671,0.950998
135.604535147,0.204391,0.979281,0.00778685,0.158465,1.78246,0.981777,0.0425412,1.41536,0.264722,0.17067,0.104139,0.304855
135.650975057,0.0159284,1.18944,0.105153,0.0682151,2.23493,0.575719,0,1.69346,0.193463,0.224754,0.175391,0.61995
135.697414966,0,1.10233,0.267417,0.0448103,2.46124,0.391468,0,1.97202,0.251911,0.691663,0.13813,0.819947
135.743854875,0,1.03653,0.421032,0.0520475,2.69483,0.282688,0.0250316,1.72009,0.424612,1.22502,0.0844022,0.937009
135.790294785,0.105141,0.740857,0.639917,0.226275,2.42611,0.0508458,0.302416,1.0511,0.613935,1.39313,0,1.19985
135.836734694,0.0310005,0.325806,0.677703,0.361702,2.27892,0.101388,0.584945,0.866475,0.565218,1.71094,0,1.13663
135.883174603,0.0536714,0.430072,0.534987,0.168948,2.25002,0.291167,0.209325,0.661258,0.450285,2.008,0.0334668,0.506067
135.929614512,0.0234141,0.405434,0.300983,0.139235,1.93107,0.570442,0,0.794076,0.479843,1.52563,0.930926,0.135948
135.976054422,0.0174575,0.526077,0.17351,0.0512075,1.85227,0.527732,0.132584,0.998313,0.375798,1.32921,1.53775,0
136.022494331,0.122587,0.830418,0.131341,0.690089,1.72124,0,0.170018,0.857949,0.0826885,1.31375,1.77057,0.0393185
136.068934240,0.0158016,0.760394,0.0902327,2.22795,0.635345,0.139315,0.574277,0.288572,0.0509398,1.16941,1.54521,0.0632201
136.115374150,0.00582015,0.632107,0.373014,2.35389,0.543488,0.0738673,0.780839,0.117453,0.326486,0.370985,1.53758,0.39395
136.161814059,0,0.852864,0.579236,1.87196,0.654976,0.00204582,0.801382,0.35084,0.580329,0.123014,1.57523,1.17294
136.208253968,0.197277,0.835386,0.559701,1.28293,0.583445,0,0.522612,0.762358,0.261135,0.0182628,1.15166,2.04574
136.254693878,0.242196,0.243589,0.749287,0.984042,0.473912,0.00072996,0.368068,0.964748,0.294221,0.0104451,0.456603,2.16254
136.301133787,0.0338962,0.156327,0.845436,1.16379,0.816798,0.039462,0.651126,0.9036,0.0402213,0.0597717,0.304009,1.96047
136.347573696,0.479448,0.166984,0.60535,1.2426,0.637118,0.0546356,0.988469,0.397693,0.0139012,0.143562,0.309092,2.3445
136.394013605,0.615127,0.54566,0.460835,1.0855,0.59521,0.132833,1.34607,0.163314,0.0719785,0.288778,0.375226,2.51855
136.440453515,0.51145,0.985289,0.26544,0.172551,0.839701,0.168918,1.36322,0.199852,0.441658,0.0928965,0.361023,2.6158
136.486893424,0.473425,1.2929,0.170169,0.209488,0.642166,0.00351267,1.04701,0.3438,0.656282,0,0.0222803,3.46081
136.533333333,0.179591,1.07129,0.115965,0.332516,0.385804,0.00933109,1.05253,0.357497,0.472921,0,0.0160943,3.7332
136.579773243,0.143122,0.612211,0.152832,0.954068,0.354659,0.548473,1.36531,0.0754086,0.284638,0,0.0952993,3.48855
136.626213152,0.117052,0.525162,0.0286511,1.34376,0.562877,0.807773,1.59467,0.0454872,0.266739,0,0.416785,3.01409
136.672653061,0.744044,0.267702,0.474328,0.805175,0.640326,0.656893,1.58097,0.343672,0.835027,0.212665,0.19509,2.57516
136.719092971,1.00932,0.208867,0.564081,0.731448,0.813539,0.1319,1.14432,0.790782,0.601458,0.40923,0.0580663,2.40086
136.765532880,1.03543,0.0181919,0.759451,0.706825,0.649035,0.248352,0.675272,0.719554,0.379307,0.807865,0,2.16929
136.811972789,0.631669,0.00246268,0.899815,0.558644,0.333647,0.781386,0.815651,0.646128,0.0694946,0.817456,0,2.05151
136.858412698,0.595105,0.00323109,0.970879,0.25322,0.11614,1.22165,0.741244,0.588093,0.0638014,0.595914,0.0600966,2.15463
136.904852608,0.226412,0.0474786,0.920788,0.334723,0.180433,1.4148,0.686127,1.01277,0.0315745,0.5606,0.0432535,2.60593
136.951292517,0.516243,0.00325128,0.856466,0.588782,0.424691,1.30774,1.20326,1.07721,0.0988866,0.551193,0.0529741,2.21422
136.997732426,0.349183,0,0.774897,0.392719,0.477604,1.72685,1.34782,1.10199,0.278515,0.684364,0.0650191,2.18493
137.044172336,0.39204,0.0428859,0.551446,0.402894,0.588274,1.63229,1.58541,1.02475,0.191804,0.653274,0.611791,1.66834
137.090612245,0,0.0934184,0.412456,0.995768,0.924409,0.811611,1.40026,0.910309,0.198171,0.27479,0.977833,1.41671
137.137052154,0.0790661,0.775472,0.19982,1.76577,0.787835,0.483287,1.233,0.563305,0.245604,0.00244555,0.838662,1.83334
137.183492063,0.0761975,1.1469,0.0692751,1.60468,0.876363,0.148739,0.864135,0.516951,0.614684,0.00219685,0.815869,1.939
137.229931973,0.0421908,1.24799,0.10574,1.16942,0.767393,0.571953,0.871048,0.553338,0.847279,0.260382,0.712037,1.79955
137.276371882,0.0113364,1.18573,0.0414313,1.02586,0.852846,0.83256,1.12118,0.686507,0.731572,0.447229,0.727318,1.38619
137.322811791,0.0326603,1.01001,0.853223,0.820623,0.601089,0.237121,0.845781,1.13045,0.400774,0.706434,0.908778,1.11808
137.369251701,0.0693471,0.878244,1.10781,0.959156,0.428764,0,0.594592,1.12342,0.193956,0.660447,1.0445,0.513763
137.415691610,1.04674,1.18899,1.23743,0.709505,0.246627,0,0.71041,1.06171,0.192436,0.604226,1.06487,0.188677
137.462131519,1.32428,1.08506,1.18827,0.154048,0.134916,0.00493345,0.821182,1.2343,0.317517,0.401382,0.996228,0.290704
137.508571429,1.33455,0.805198,1.09013,0.0158417,0.139583,0.530688,0.883816,1.00215,0.446021,0.476273,0.843271,0.848514
137.555011338,0.980505,0.677495,1.11599,0.0135836,0.428761,0.522202,1.11502,0.630462,0.40435,0.456433,0.585106,1.16168
137.601451247,0.843961,0.468933,0.894631,0.00887352,0.72636,0.0412977,1.99668,0.391375,0.179817,0.330295,0.577878,1.44599
137.647891156,0.425092,0.304621,0.505759,0.0635661,1.68546,0,2.20129,0.341354,0.5939,0.00143743,0.752832,1.40143
137.694331066,0.0920098,0.313414,0.192799,0.0767664,2.3628,0.000283346,1.38381,1.0195,0.963365,0.196008,0.5937,1.39389
137.740770975,0.135046,0.80421,0.190817,0.0570432,2.3647,0,0.941226,1.11025,0.89178,0.195448,0.585496,1.60393
137.787210884,0.221837,0.870342,0.165428,0,2.3651,0.00248213,1.16757,0.350678,1.30247,0,0.612237,1.93933
137.833650794,0.519993,0.735951,0.196435,0.00322638,2.39789,0.00672479,1.17537,0.381537,1.63712,0,0.505691,1.61703
137.880090703,0.570486,0.57806,0.206165,0.00516178,2.13818,0.432236,1.08072,0.309101,1.65433,0,0.357381,1.50375
137.926530612,0.537153,0.168061,0.137472,0.0102016,1.99441,0.654822,1.07977,0.234311,1.61367,0.0460823,0.234433,1.79767
137.972970522,0.6543,0.180222,0.66136,0.730151,1.59511,0.709298,0.701083,0.470679,1.28275,0.0718609,0.135725,1.75708
138.019410431,0.827257,0.321761,0.128737,1.09991,1.11755,0.540754,0.816711,0.739416,1.0061,0.0722581,0.303801,1.21201
138.065850340,0.769338,0.518309,0.00593917,1.03608,0.605272,0.656245,1.12112,0.740158,1.17561,0.0453562,0.30312,0.971638
138.112290249,0.790123,0.929181,0.00558328,0.951676,0.489087,0.605883,1.35031,0.963506,1.41286,0.061136,0.0679682,0.46137
138.158730159,0.731361,0.690611,0.42358,0.627151,1.17177,0.358008,0.795401,1.02312,1.48409,0.0814301,0,0.259601
138.205170068,0.438599,0.878364,0.22137,0.936984,1.21021,0.0304144,0.193025,1.40088,1.62438,0.193297,0.0879343,0.195102
138.251609977,0.380698,1.72859,0.129078,1.09754,1.15411,0.0290037,0.0406875,1.68948,1.60126,0.105896,0,0.274966
138.298049887,0.609362,2.05026,0.106633,0.8354,1.12374,0.160477,0.0496899,2.01104,1.74602,1.01946,0.00205554,0.37033
138.344489796,0.329888,2.02389,0.064682,0.378025,1.55196,0.683408,0.260749,1.55207,1.57455,1.65212,0.00290848,0.488445
138.390929705,0.133716,1.96186,0.0584011,0.274222,2.0709,0.869866,0.45271,0.873923,1.28805,1.85508,0.225661,0.447847
138.437369615,0.158704,1.79558,0.0944123,0.228448,2.17256,1.133,0.263854,0.61152,0.809469,1.90748,0.380455,0.502302
138.483809524,0.135758,2.04668,0.108673,0.0787148,1.7749,0.852271,0.0252982,0.933364,0.290478,2.06668,0.399962,0.697021
138.530249433,0.113572,1.77681,0.211449,0.0226428,0.83086,0.604536,1.02385,1.03181,0.230491,1.75032,0.387839,0.695836
138.576689342,0.0328549,1.75365,0.00516305,0.0221327,0.691898,0.515146,1.77334,0.988768,0.0984084,1.43581,0.37201,0.55624
138.623129252,0.775861,1.45325,0.260902,0.160377,0.72296,0.0782914,1.85094,0.700439,0.0948298,1.48542,0.746747,0.136006
138.669569161,0.60319,0.899591,0.484224,0.0850831,1.07687,0,1.64568,0.892247,0.336137,1.00932,1.0383,0.575477
138.716009070,0.514545,0.773647,0.470249,0.0120657,1.08208,0.0723554,1.41343,0.843053,0.52464,0.668769,1.02953,1.22779
138.762448980,0.461124,0.438068,0.265454,0.0187771,1.11711,0,1.75688,0.85749,0.39857,0.437951,0.902735,1.72767
138.808888889,0.515136,0.442409,0.307876,0.0278183,1.4166,0,2.00075,0.860967,0,0.370917,0.998686,1.47067
138.855328798,0.399022,0.46748,0.537224,0.0149794,1.86023,0,1.93013,1.08738,0,0.361649,1.04882,1.3076
138.901768707,0.661236,0.446132,0.495529,0.0766607,2.2024,0,1.41892,0.976913,0.122106,0.499138,1.04537,2.07374
138.948208617,0.7862,0.0886951,0.333451,0.203838,2.20164,0,0.866627,0.767184,0.741813,0.532881,0.823738,2.24155
138.994648526,0.762364,0.103442,0.637033,0.353416,1.99347,0.00487497,0.663916,0.214234,0.918554,0.526751,0.535424,1.88296
139.041088435,0.293297,0.166112,0.586365,0.647982,1.81149,0.00795038,0.526575,0.129504,0.94624,0.363836,0.765436,1.31406
139.087528345,0.144449,0.210917,0.195833,1.51177,1.16477,0.00648255,0.423142,0.769871,0.603838,0.001959,0.690859,1.45871
139.133968254,0.199482,0.477394,0.180157,2.06107,0.538077,0.00958939,0.757454,0.792583,0.344797,0,0.435927,1.56679
139.180408163,0.0733321,0.825843,0.251169,2.14612,0.631996,0,0.883507,0.884506,0.126008,0,0.5815,1.75079
139.226848073,0,0.65558,0.00527259,2.13008,0.693622,0.0972226,1.26056,0.898377,0.508337,0.0602441,0.526911,1.09765
139.273287982,0.828393,0.74031,0.00355765,1.70389,0.800848,0.443327,1.43504,0.711252,0.616024,0.35363,0.345454,0.863637
139.319727891,1.02663,1.06113,0.00533258,1.24735,0.744698,0.486336,1.27381,0.803037,0.164513,0.482163,0.279623,0.612972
139.366167800,0.973264,1.07237,0.178712,0.912244,0.698525,0.47272,1.47427,0.891311,0.0581716,0.525882,0.38916,0.289127
139.412607710,0.76971,1.21875,0.00607505,0.758368,0.2541,0.686163,1.40588,0.858932,0.21643,0.649883,0.436074,0.405072
139.459047619,0.157672,1.05197,0.00480816,0.655286,0.132897,1.14912,1.47517,0.981247,0.155291,0.720905,0.857258,0.559248
139.505487528,0.0231236,1.06072,0.420029,0.532754,0.208719,1.48045,1.30129,1.08195,0.200301,0.443526,1.11663,0.621853
139.551927438,0.206136,0.950518,0.201364,0.117729,0.163342,1.68334,0.910406,0.981177,0.103804,0.345097,1.62969,0.603538
139.598367347,0.705932,1.28119,0.365854,0.0380826,0.138917,1.65599,0.869513,0.842328,0.0869641,0.124585,1.75137,0.0354074
139.644807256,1.07242,1.06531,0.285221,0.122298,0.153115,1.43025,0.764302,1.10727,0.0904055,0.0230224,1.60411,0.0234559
139.691247166,1.28641,0.534586,0.487126,0.222735,0.163601,1.34039,0.940698,1.26859,0.0632302,0.147713,1.33659,0.0411068
139.737687075,0.959268,1.03035,0.687484,0.0953212,0.164822,0.465763,2.03848,1.03934,0.0260923,0.283753,0.79617,0.332714
139.784126984,1.00811,1.11249,1.45722,0,0.790999,0.392266,1.77777,0.0234885,0,0.156245,0.739099,0.254468
139.830566893,0.339864,1.22039,1.46099,0.0427271,0.470891,0.777154,1.4547,0.356307,0.000688866,0.0310417,0.751799,0.512741
139.877006803,0.741272,0.858175,1.00706,0.112359,1.99647,0.357956,0.0916201,0.941501,0.105466,0.0695397,0.400967,0.669823
139.923446712,0.869118,0.383667,0.504012,0.300186,2.22905,0.210163,0.225174,0.705428,0.167767,0.0887143,0.471213,0.810124
139.969886621,0.517535,0.396507,0.562093,0.46584,2.3076,0.309134,0.367027,0.705097,0.184992,0.0876248,0.643588,0.687517
140.016326531,0.306238,0.60252,0.398865,0.607891,2.31651,0.256502,0.527914,0.631901,0.187524,0.0615718,0.661553,0.398441
140.062766440,0.224673,0.528495,0.138789,0.446436,2.28015,0.0117385,0.391572,0.709046,0.18732,0.0216026,0.602451,0.408471
140.109206349,0.0390426,0.315367,0.175428,0.530688,1.49614,0.0582209,0,1.05334,0.215072,0.00485886,0.310153,0.526344
140.155646259,0.0456062,0.141449,0.337422,1.11936,0.760707,0.0954694,0.0487243,0.991581,0.320248,0.00427649,0.148391,0.398081
140.202086168,0.187023,0.582873,0.112902,1.63598,0.600498,0.0755405,0.0161964,0.939282,0.238143,0.0642597,0.0196206,0.325958
140.248526077,0.000319266,0.83508,0.222755,1.59964,1.03324,0.0742849,0.0319811,1.10021,0.174985,0.00460931,0.425475,0.378318
140.294965986,0.000395052,0.580529,0.100857,1.97346,1.04151,0.068402,0.183928,1.21354,0.0733236,0.00119046,0.671834,0.225868
140.341405896,0.000426599,0.283048,0.20837,2.36582,0.933421,0.0465474,0.283876,0.499709,0.249936,0.0655449,0.827632,0.292903
140.387845805,0.000515309,0.293916,0.283865,2.89667,0.652731,0.0198277,0.325805,0.574409,0.463915,0.149265,0.904482,0.153763
140.434285714,0.000487373,0.351456,0.201634,3.66758,0.00138441,0.0259967,0.263145,0.611908,0.270047,0.164809,0.898399,0.0425122
140.480725624,0.0242102,0.38152,0.345971,3.74075,0.0150896,0,0,0.618646,0.00586415,0.128625,0.935469,0.00597673
140.527165533,0.445161,0.1452,0.46694,3.44423,0.0469792,0.000575446,0.0317097,0.605535,0.00218034,0.0538793,1.02036,0.000858713
140.573605442,0.271204,0.338649,0.409985,2.52827,0.401981,0.20766,0.25651,0.636461,0.119022,0.00904951,1.24084,0.0153696
140.620045351,0.127678,0.450015,0.0499648,2.35029,0.459364,0.253068,0.352242,0.582112,0.0788782,0.089956,1.2257,0.0829033
140.666485261,0.0635233,0.443217,0.00447362,2.31086,0.550314,0.363805,0.330191,0.437023,0.15309,0.0520604,1.07846,0.147106
140.712925170,0.0102479,0.237856,0.140894,2.06641,1.05561,0.332847,0.209774,0.391477,0.415678,0.00193387,1.13176,0.236596
140.759365079,0,0.102118,0.276466,0.4124,3.40492,0.0072359,0.06408,0.158007,1.03154,0.0014188,0.799569,0.332922
140.805804989,0,0.0317264,0.189603,0.0938011,3.99693,0.107308,0.0353693,0.203498,1.01851,0.000179946,0.138559,0.926994
140.852244898,3.51205e-05,0.0390666,0.120243,0.0131031,4.18972,0.273585,0.0114407,0.287154,0.554001,0.00604526,0.012644,1.1255
140.898684807,0.000358164,0.032965,0.00422385,0.011106,4.15165,0.312841,0.00132706,0.141232,0.5279,0.12493,0.0124587,1.18962
140.945124717,0.000562311,0.0337403,0.0597608,0.0148569,4.11192,0.292912,0.19769,0.00196154,0.611545,0.182045,0.0453597,0.934356
140.991564626,0.00038738,0.0144252,0.131701,0.0234561,4.0258,0.0352605,0.253399,0.0194611,0.613161,0.129679,0.143217,0.643393
141.038004535,0.000384035,0.038426,0.138087,0.20285,3.68148,0.0250373,0.136711,0.0558303,0.493214,0.100971,0.11138,0.905515
141.084444444,0.000303139,0.0568472,0.0812381,0.341063,3.38472,0.500302,0.0879236,0.121946,0.392455,0.0875335,0.124555,0.886878
141.130884354,0.000210742,0.035959,0,0.262921,3.56058,0.568811,0.0684398,0.187202,0.38657,0.0100524,0.0784557,0.541582
141.177324263,0.000183307,0.208829,0,0.174561,3.54509,0.315749,0.0338101,0.267885,0.50328,0.00681877,0.246375,0.387201
141.223764172,0.000248429,0.483334,0.00150934,0.72668,2.57796,0.0278476,0.0191512,0.537924,0.328583,0.0540741,0.645851,0.120332
141.270204082,0.000262688,0.304616,0.128157,1.33375,1.14087,0.0255489,0.029247,0.719223,0.357621,0.121363,0.689833,0.0445508
141.316643991,0,0.31035,0.0972741,1.97783,0.390628,0.0396641,0.0317353,0.978357,0.148587,0.088941,0.632551,0.0481959
141.363083900,7.08128e-05,0.443474,0.0929922,2.22056,0.447531,0.058,0.0361434,0.913899,0.13058,0.298756,0.615568,0
141.409523810,0.0110737,0.852019,0.194033,1.6896,0.998867,0.10984,0.0364055,0.596123,0,0.42814,1.06585,0
141.455963719,0.101028,0.924637,0.453989,1.0035,1.29209,0.0757901,0.0367577,0.504058,0.239833,0.448508,1.19438,0
141.502403628,0.117071,0.784167,0.919447,0.580302,1.03458,0.0359578,0.0406612,0.523226,0.337975,0.660857,0.739024,0.0167772
141.548843537,0.272358,0.645687,2.44338,0.262246,0.411481,0.0329607,0.144041,0.671611,0.00765956,0.559941,0.37,0.00569423
141.595283447,0.463366,0.334407,2.64934,0.0977484,0.100969,0.105283,1.06526,0.498823,0.265093,0.493657,0,0
141.641723356,0.567497,0.365142,2.60212,0.0256429,0.123927,0.183718,1.10316,0.145167,0.0945358,0.49335,0,0.666001
141.688163265,0.404638,0.877543,2.43298,0.0252939,0.211964,0.0720666,0.748435,0,0.00828557,0.496543,0.0025452,1.48763
141.734603175,0.0797954,0.182364,1.67489,0.295958,0.592923,0.128898,0.818436,0.348336,0.471464,0.84668,0,1.99222
141.781043084,0.329125,0.383624,0.326359,0.912353,0.185031,0.379603,0.89033,0.405039,0.834149,0.514927,0,1.34492
141.827482993,0.936978,0.420003,0.25348,1.1695,0.662154,0.256469,1.60484,0.139345,0.922304,0.230349,0,1.13799
141.873922902,1.20654,0.115692,0.280555,1.08409,0.67489,0.82364,1.6979,0.0715842,1.03621,0.336199,0,1.05918
141.920362812,0.899022,6.50028e-05,0.263634,0.872282,0.628773,1.29631,1.55717,0.0597477,1.04586,0.535658,0,1.14224
141.966802721,0.604646,0.000410672,0.176751,0.887554,0.553977,1.4851,1.10635,0.321098,0.916299,0.553803,0.000875586,1.35196
142.013242630,0.338526,0.499529,0.0827518,0.823509,0.941459,1.05364,0.413179,1.3035,0.193993,0.494777,0.928084,1.20846
142.059682540,0.290781,0.536476,0.00876667,0.402348,1.10655,0.45261,0.645713,1.98348,0.164175,0.433659,1.29001,0.824188
142.106122449,1.12564,0.468058,0.0434564,0.972191,0.193619,0.181883,1.29632,1.60286,0.044523,0.729777,1.04474,0.839494
142.152562358,1.10655,0.277288,0.187413,1.10097,0.215286,0.53752,1.49765,1.36138,0,0.627575,0.505394,1.25744
142.199002268,1.05949,0.0417578,0.309338,1.07612,0.601417,0.551037,1.58499,0.878265,0.0983092,0.658341,0.00370132,1.6235
142.245442177,0.363481,0,0.223545,0.60736,1.29283,0.461329,1.20963,0.17717,1.00823,0.582356,0.00345497,2.59428
142.291882086,0,0.0237104,0.370366,0.234229,1.69474,0.257591,0.854732,0.050315,1.69647,0.76894,0.0429737,2.64652
142.338321995,0.164915,0.00115158,0.884641,0.381123,1.38931,0.175516,0.897122,0.039973,1.80024,0.795231,0.0508038,2.30851
142.384761905,0.734496,0.0024736,0.858036,0.551185,1.21932,0.35529,1.0853,0.0267131,1.67098,0.724307,0.0468584,1.88584
142.431201814,0.483178,0.00215857,0.459094,0.681114,1.52753,0.133972,1.02786,0.0112034,1.7315,0.538151,0.0111868,2.00351
142.477641723,0.149728,0,0.355444,1.54662,1.39205,0.148243,0.765848,0.0922546,1.89068,0.481193,0,2.02016
142.524081633,0.844918,0,0.274427,1.61965,1.03201,0.197599,0.526807,0.217983,2.15071,0.386475,0,1.537
142.570521542,0.902018,0.138094,0.213567,1.68319,0.802622,0.268147,0.285647,0.208696,2.44154,0.322691,0.0334929,1.46022
142.616961451,0.566695,0,0.195293,1.68802,0.994853,0.21306,0.116409,0.196026,2.58756,0.147237,0.0433056,1.96318
142.663401361,0.213258,0.00122015,0.189056,1.38836,1.1682,0.0999198,0.187307,0.165701,2.47256,0.0861691,0.242974,2.16651
142.709841270,0.256022,0.0381494,0.3627,0.681899,1.3277,0.0312546,0.293265,0.0125855,2.55296,0.0216089,0.346251,2.0575
142.756281179,0.177672,0.06078,0.338036,0.670307,1.2342,0.0107897,0.419637,0.0515266,2.50375,0.0285736,0.263577,2.32028
142.802721088,0.167337,0,0.387256,0.842484,1.44425,0.117487,0.607307,0.150406,2.31514,0.0644421,0,2.60782
142.849160998,0.170983,0,0.396747,1.1799,1.52797,0.101905,0.57405,0.325005,1.57915,0.308366,7.1225e-05,2.25832
142.895600907,0.176411,0,0.587407,1.1408,1.28857,0.0599399,0.570601,0.209387,1.73588,0.299448,0,1.8095
142.942040816,0.207263,0,0.471384,0.542682,1.49823,0.0100657,0.175661,0.106622,2.14105,0.117169,0.0897173,1.89582
142.988480726,0.228377,0.102495,0.121358,0.263892,1.71109,0.0424253,0.0579203,0.0525876,2.76568,0,0.165831,1.85456
143.034920635,0.218762,0.204669,0.0492463,0.365236,2.01435,0.10175,0.0577565,0.014205,2.96692,0.000130276,0.195855,1.47652
143.081360544,0.109941,0.0683067,0.139327,0.481411,2.31357,0.169178,0.101131,0.00870477,3.19658,0.0191174,0.133701,1.21081
143.127800454,0.108582,0.00181271,0.261648,1.25997,1.73659,0.0359964,0.0830842,0.0230402,3.20859,0.0482673,0.00156834,1.72772
143.174240363,0.155726,0.00234663,0.189944,1.3956,1.15411,0.0279143,0.0873785,0.311498,2.42795,0.121185,0.00104366,2.05377
143.220680272,0.20331,0.00197308,0.220705,1.28431,0.95461,0.237671,0.555512,0.269036,1.77315,0.192781,0,2.29536
143.267120181,0.237723,0.000550709,0.271541,1.33259,1.41281,0.254762,1.09872,0.409911,0.713671,0.154192,0.0873274,2.49526
143.313560091,0.085126,0.0603544,0.296783,0.939648,1.39627,0.313225,1.88047,0.193429,0.749268,0.224283,0,2.72494
143.360000000,0.00262381,0.121819,0.493423,0.529575,1.21999,0.223826,2.00858,0.201574,0.627876,0.262712,0,2.58952
143.406439909,0,0.0774084,0.76278,0.328685,1.10097,0.290183,1.86124,0.17522,1.8928,0.23762,0.13141,2.17405
143.452879819,0.0298969,0.00248804,0.668591,0.267429,1.52734,0.186636,1.14353,0.135797,2.84771,0.151255,0.249924,1.94726
143.499319728,0.0557256,0.00210944,0.42373,0.385433,2.46009,0.00285256,0.91842,0.0511734,2.96561,0.106336,0.390802,1.51627
143.545759637,0.0724292,0.0194684,0.303195,0.432656,2.68405,0.00347165,0.836545,0.000308745,2.90896,0.158108,0.425083,1.69872
143.592199546,0.0306314,0.00244279,0.422576,0.341352,2.84426,0.0974089,1.02276,0.0225495,2.53212,0.00218643,0.118117,2.12634
143.638639456,0.0191726,0.255663,0.378009,0.183159,2.47512,0.534229,1.09319,0.00671334,1.4526,0.00426625,0.22598,2.21368
143.685079365,0.0476199,0.808942,0.273659,0.11274,1.94256,0.634672,1.43867,0.0501126,0.331172,0.00329428,0.467845,1.66762
143.731519274,0,0.828886,0.207356,0.097743,1.47765,0.579915,1.26023,0.11253,0.556212,0.00261544,0.49411,1.73834
143.777959184,0.333476,0.82611,0.193131,1.19477,1.22138,0.650714,0.619212,0.0734265,1.53358,0.00165967,0.104286,1.45052
143.824399093,0.548457,0.641041,0.159406,1.48998,0.733483,0.714599,0.407493,0.0692734,2.52136,0.0218768,0.0741555,1.44046
143.870839002,0.574072,0.157052,0.133415,1.53802,0.672825,0.6136,0.323409,0.0167801,2.90456,0.122972,0.274442,1.71139
143.917278912,0.495469,0.00206247,0.228229,1.30047,1.47665,0.363738,0.516452,0,2.92452,0.166618,0.47419,1.56181
143.963718821,0.240507,0.00178497,0.577661,0.700155,1.89671,0.308564,0.703381,0,2.9044,0.202425,0.331743,1.36923
144.010158730,0.175001,0.000405049,0.529682,0.620389,1.93985,0.389269,0.533417,0,3.01095,0.19648,0.348204,1.72325
144.056598639,0.0788916,0.000813453,0.509674,0.651088,1.60452,0.185242,0.476983,0.0087014,3.00237,0.105458,0.469049,2.19531
144.103038549,0.0459474,0.195604,0.67797,0.383812,1.11927,0.21518,0.8758,0.0222378,2.22233,0.0608357,0.359672,2.62602
144.149478458,0.0170059,0.338142,0.53817,0.100046,1.50986,0.125366,0.890366,0.263107,1.3817,0.0416287,0.131946,2.49485
144.195918367,0.0758896,0.318183,0.0995529,0.0292691,2.28728,0.139096,0.770525,0.181122,0.950248,0.113339,0.132877,2.42399
144.242358277,0.249542,0.159725,0.139819,0.320218,2.7484,0.123402,0.427292,0.0754729,0.642751,0.157593,0.196933,2.55703
144.288798186,0.303939,0.167682,0.097894,0.532945,2.70491,0.0391832,0.311405,0.00421165,0.700218,0.212431,0.740308,2.36133
144.335238095,0.22038,0.237443,0.302029,0.663501,2.29422,0.00705409,0.312854,0.129144,1.10044,0.252043,0.789499,2.48009
144.381678005,0.263022,0.0469715,0.744177,0.862836,2.00416,0,0.890684,0.181029,1.58311,0.266737,0.31256,2.25612
144.428117914,0.0083256,0.00208611,0.598557,0.831049,2.19004,0.00222698,0.727231,0.392957,1.46036,0.203663,0.0300609,2.57339
144.474557823,4.72392e-05,0.00293498,0.35385,1.30815,1.61905,0,0.428684,0.753994,1.18561,0.343155,0,2.62296
144.520997732,0.0282613,0.00293328,0.218506,1.18949,1.78816,0.0508982,0.453727,0.75147,1.33986,0.145106,0.00156375,2.62389
144.567437642,0.466192,0.0394088,0.300168,0.849456,2.13761,0,0.486307,0.134422,1.71234,0,0.00269513,2.71991
144.613877551,0.688886,0.0331889,0.00233795,0.507344,2.35044,0.634623,0.528121,0.520152,1.58806,0,0.0348612,2.66065
144.660317460,0.924894,0.0211716,0.00735483,1.15244,1.73461,0.450086,0.531068,0.927171,1.08934,0,0.113319,2.64009
144.706757370,0.99239,0.0716644,0.0142918,1.28377,1.1007,0.284862,0.429452,1.1636,0.411649,0,0.204742,2.32133
144.753197279,0.894854,0.629133,0,1.40879,0.620811,0.281342,0.382474,1.27031,0.334589,0.150508,0.684839,1.44739
144.799637188,0.410951,0.660301,0.000847802,1.50826,0.418904,0.336242,1.27861,0.944228,0.38511,0.554107,0.90714,1.38829
144.846077098,0.215667,0.455394,0.00179978,1.26525,0.0271809,0.428016,2.15696,0.0316124,0.444884,1.07062,0.385057,2.58656
144.892517007,0.073738,0.000715257,0.00338317,1.22741,0.0276357,0.288016,2.37761,0.049416,0.413802,1.08641,0.0143161,3.04678
144.938956916,0.0301049,0.00134452,0.00747957,1.51934,0.0589887,0.204166,2.43784,0.0373648,0.189512,0.988708,0.0766523,3.20633
144.985396825,0,0.00188531,0.00770977,1.62245,0.154545,0.170744,2.28344,0.0125702,0.0209643,1.03844,0.247864,3.40164
145.031836735,0.06235,0.0013922,0.00568286,1.24537,0.133121,0.136395,2.04449,0,0.0238407,1.33868,0.536999,3.06158
145.078276644,0.515383,0.00183448,0.107421,0.772067,0.157949,0.142654,1.72896,0.0146781,0.0193548,1.40913,0.577249,2.40843
145.124716553,0.596391,0.000375043,0.181898,0.595142,0.128322,0.0957772,1.87994,0.0961285,0.0113084,1.59174,0.619802,1.70125
145.171156463,0.557063,0,0.0602868,0.63612,0.0838748,0.331016,1.85592,0.102964,0.0131901,1.65683,0.686159,1.58167
145.217596372,0.368722,0,0,0.705721,0.0494033,0.51012,2.56135,0.0158494,0.0231984,1.28913,0.891427,1.72501
145.264036281,0.117085,0.162734,0.0624098,0.908176,0.0370562,0.506819,2.86282,0,0.015623,0.840383,0.685809,1.78814
145.310476190,0.129738,0.329182,0,1.08315,0.0544054,0.105201,2.93965,0.000815231,0.0018467,0.931,0.374673,1.96488
145.356916100,0.207737,0.64044,0.124405,1.1648,0.0314994,0.175537,2.70501,0.0122599,0.0102821,0.777879,0.547799,1.85549
145.403356009,0.588234,0.522727,0.223355,0.578435,0.0102955,0.13376,2.07202,0.0537592,0.0285268,0.221173,0.754918,2.1947
145.449795918,0.414015,0.556438,0.239949,0.183466,0,0.0646851,1.94956,0.183529,0.0720074,0.180103,0.596433,2.47874
145.496235828,0.0292852,0.652475,0.118228,0.56204,0.00662644,0.052281,2.20382,0.236089,0.0728798,0.381979,0.60956,2.76704
145.542675737,0.0150544,0.822151,0.0275104,0.88895,0.0384883,0.127393,2.47392,0.0964689,0.037778,0.54299,0.629934,2.64239
145.589115646,0.134393,0.962105,0.0473612,0.860337,0.0879434,0.157185,2.32177,0.0222835,0.0410354,0.69663,0.752673,2.33421
145.635555556,0.146082,1.00935,0.0878562,0.77189,0.0796153,0.0693391,1.8906,0.132888,0.0544292,0.521294,0.686777,2.61412
145.681995465,0.0724206,0.883782,0.0065473,0.976496,0.0684862,0.064574,1.56761,0.284934,0.0269445,0.283664,0.464367,3.2571
145.728435374,0.699592,0.469714,0.0030609,1.13343,0.151954,0.0196936,1.45094,0.378644,0.0116793,0.0897912,0.31657,3.08972
145.774875283,0.966846,0.444235,0.0026352,1.0157,0.166759,0.0255248,1.13989,0.332109,0.0136526,0.271603,0.172471,2.43428
145.821315193,0.756501,0.376018,0.00425666,1.12412,0.167369,0.215131,1.30229,0.307912,0,0.656666,0,2.38359
145.867755102,0.360255,0.405376,0.117697,0.906449,0.580433,0.260228,1.96859,0.0969333,0.0197224,0.837826,0,2.59918
145.914195011,0.0698578,0.733269,0.313922,0.838415,0.705095,0.109665,2.19158,0.00314191,0.105709,0.767395,0.0319182,2.70143
145.960634921,0.0365529,0.857487,0.249779,0.623369,0.444112,0.0105772,2.34501,0.0252969,0.154936,0.745956,0.185631,2.67328
146.007074830,0.00502857,0.738037,0.17319,0.722108,0.146604,0,2.25046,0.0795832,0.754171,0.64396,0.326418,2.33258
146.053514739,0.0193968,0.634639,0.177545,1.18314,0.105586,0.00319518,1.68631,0.0434722,0.789065,0.494091,0.289672,2.49172
146.099954649,0,0.38614,0.165033,1.38576,0.000979966,0.00818927,1.50622,0.00866314,0.821114,0.141393,0.122518,2.69703
146.146394558,0.280997,0.373077,0.00696119,1.10138,0.22183,0.014454,1.60211,3.38584e-05,0.958138,0,0.00423719,2.55098
146.192834467,0.380656,0.401967,0.00396304,0.593226,0.0924474,0.00136643,1.61994,0.0767583,1.57237,0.0139657,0.00317438,2.64707
146.239274376,0.298784,0.330514,0.118702,0.755103,0,0.00531337,1.42659,0.130111,2.15835,0.0386642,0.0163798,2.7991
146.285714286,0.305588,0.171535,0.184348,1.27743,0,0.316146,1.15485,0.0345437,2.79051,0.0531303,0.184728,2.56522
146.332154195,0.159978,0.611707,0.153754,1.40244,0,0.180835,1.39024,0.0520192,2.69807,0.035528,0.033829,2.13777
146.378594104,0.761879,0.959789,0.0296989,1.26394,5.11427e-05,0.0688297,1.79034,0.0556995,1.46045,0.158587,0.0766285,1.44789
146.425034014,0.808577,1.12255,0.0123739,1.27461,0.0973544,0.0713812,2.31121,0.0596571,0.609642,0.487422,0.26465,0.899342
146.471473923,0.288853,1.02138,0.00456119,1.55232,0.128292,0.361457,2.79278,0.177078,0.0339023,0.859955,0.193121,0.721658
146.517913832,0.0654027,1.29478,0.127885,1.59895,0.0340979,0.372551,2.83381,0.211411,0.0367155,0.829416,0.26997,1.05346
146.564353741,0,1.80233,0.0222346,0.727018,0,0.461986,2.76961,0.137017,0.129599,0.879372,0.927271,1.2129
146.610793651,0,1.78923,0.147234,0.322876,0.000364538,0.961415,2.62808,0.145457,0.0997693,0.726955,1.10043,0.95271
146.657233560,0,1.53215,0.171632,0.50109,0.0663441,1.45856,1.9629,0.0611407,0.0723246,0.540477,0.597522,1.84605
146.703673469,0.011548,0.323893,0.280281,0.583345,0.340849,1.8167,1.72047,0.0968958,0.0363452,0.400373,0.22263,1.90606
146.750113379,0.286469,0.00348116,0.202054,0.503811,0.369067,1.93569,1.46121,0.17067,0,0.383488,0.238148,1.56672
146.796553288,0.316834,0.00227304,0.155058,0.518276,0.449174,1.72382,1.31838,0.0972691,0.00233884,0.375038,0.196003,1.82866
146.842993197,0.0988265,0,0.148561,1.07653,0.526883,0.655116,1.39433,0.104513,0.0232576,0.43824,0.0930365,2.53391
146.889433107,0.147493,0.0269226,0.199724,2.49463,0.0890452,0.105358,1.27957,0.331739,0.119342,0.329563,0.141377,2.51355
146.935873016,0.15178,0.187561,0.103997,2.73352,0.00728719,0,1.34624,0.641075,0.0604832,0.109705,0.520581,1.82404
146.982312925,0.118979,0.197976,0.00407179,2.74093,0,0,1.38688,0.237708,0.032624,0.278255,0.864081,2.23042
147.028752834,0.718877,0.136965,0.00328847,2.37317,0,0.0512587,1.3973,0.0326071,0.0372671,0.343831,1.2317,2.21257
147.075192744,0.917916,0.0841124,0.0034413,2.47435,0.154677,0.0602395,1.18458,0.165225,0.0180629,0.293855,1.263,1.86958
147.121632653,0.62549,0.144464,0.00600772,2.66147,0.659802,0.0716801,1.1846,0.543317,0.00112867,0.246871,1.26109,1.52261
147.168072562,0.274314,0.117244,0.10666,2.44571,0.476633,0.0199953,1.25816,0.88644,0.00816926,0.277624,1.36226,1.30367
147.214512472,0.318232,0.125683,0.115501,2.31463,0.628705,0.00759529,1.41124,0.846145,0.0188987,0.0113265,1.44252,1.05399
147.260952381,0.458378,0.118302,0.126482,2.37817,0.520853,0.0183106,1.43537,1.00856,0.0559939,0.116831,1.55437,0.878944
147.307392290,0.920822,0.00102509,0.111469,2.20043,0.467591,0.0388159,1.40066,0.915398,0.0331578,0.17366,2.15668,0.507479
147.353832200,0.96081,0.185289,0.632389,1.52412,0.457751,0.0701553,1.60574,0.573692,0.131888,0.233267,2.13321,0.118906
147.400272109,0.602289,1.37892,0.661143,0.509394,0.45997,0.176766,1.04646,0.684098,0.897031,0.247735,2.2081,0.0784181
147.446712018,0.477443,2.18518,0.178354,0.154489,0.330942,0.198328,1.07843,0.930223,1.44059,0.113064,1.68413,0
147.493151927,0.0381559,2.72495,0.0434002,0.141059,0.120584,0.175936,1.00097,1.22203,1.22078,0.0645289,1.58876,0
147.539591837,0.059707,2.42088,0.00857521,0.124384,0.0105621,0.338082,1.7996,0.656658,1.11955,0.0537009,1.34717,0.4097
147.586031746,0,2.25034,0.00371684,0.165951,0.0209509,0.3895,2.43708,0,1.05659,0.09697,1.38213,0.521242
147.632471655,0,2.21173,0.0102358,0.0165707,0.00459191,0.330305,2.65424,0.0298332,1.05367,0.0647039,1.3155,0.287594
147.678911565,0.340259,1.92232,0.0808167,0.0454649,0.0132664,0.360267,2.69084,0.0497729,1.26089,0.0936932,0.753896,0.215989
147.725351474,0.442162,1.45236,0.399552,0.387927,0.0235724,0.415362,2.44706,0.013563,1.36909,0.1104,0.496649,0.395829
147.771791383,0.308621,1.49766,0.638328,0.405839,0.0210297,0.45779,2.31342,0.00367288,1.14213,0.106088,1.11686,0.502501
147.818231293,0.136738,1.88525,0.620333,0.0724116,0.141275,0.32271,2.80949,0.0193461,0.776843,0.074207,1.54521,0.392475
147.864671202,0.0778096,2.37819,0.325265,0.0838789,0.0989065,0.319874,2.81947,0.278868,0.509454,0.0355647,1.48586,0.311351
147.911111111,0.171069,2.48766,0.111282,0.0728723,0.0649986,0.474107,2.66491,0.32476,0.644197,0,0.939497,0.229281
147.957551020,0.201878,2.29165,0.294169,0.0390249,0.02148,0.585362,2.67017,0.106207,0.708154,0.0827817,0.714987,0.47253
148.003990930,0.025447,1.93099,0.830485,0.101754,0.00221202,0.702439,2.5091,0.108766,0.483969,0.0826668,0.991883,0.343498
148.050430839,0.020828,1.24526,1.24032,0.195043,0,0.699601,2.35653,0.0379515,0.291879,0.0644642,0.911133,0.274415
148.096870748,0.1422,1.31405,0.60098,0.204207,0,0.792277,2.31687,0.160925,0.361855,0,0.851619,0.242151
148.143310658,0.303683,1.95931,0.095114,0.191426,0,0.787547,2.49518,0.298831,0.560776,0.0293877,0.624577,0.202327
148.189750567,0.47028,2.76167,0.123255,0.17625,0.146531,0.440452,2.52721,0.391425,0.589805,0,0.337726,0.0301746
148.236190476,0.775155,3.00938,0.13863,0.160938,0,0.108706,2.69079,0.193671,0.5517,0.00210512,0.71723,0.0441467
148.282630385,0.841435,2.77523,0.0733668,0.254952,0.00514235,0.303059,2.55317,0.0817901,0.578893,0.0928664,0.818264,0.0773081
148.329070295,1.02435,2.1399,0.0328309,0.134155,1.04776,0.474242,1.8834,0.182514,0.504699,0.118416,0.839894,0.212477
148.375510204,0.829781,0.721363,0.00474294,0.441514,1.64897,0.764583,1.52557,0.443222,0.216645,0.179575,0.869174,0.883012
148.421950113,0.0672119,0.443936,0.0321026,0.568307,1.52314,1.05185,1.14566,0.526711,0.215846,0.15254,0.726434,1.34471
148.468390023,0.0549863,0.165998,0.0804656,0.711232,1.64322,1.03163,0.888542,0.310293,0.219512,0.0952053,1.23104,1.43006
148.514829932,0,0.348685,0.154341,0.770462,1.69993,1.08076,0.445361,0.0306936,0.244425,0.0700064,1.58955,1.12096
148.561269841,0,0.584203,0.289569,0.514195,2.10736,0.839834,1.111,0.0391461,0.198082,0.054485,1.76684,0.920098
148.607709751,0.0186211,0.702335,0.298726,0.0700232,2.39722,0.593991,1.5687,0.0437398,0.0984592,0.0571327,1.73618,0.983989
148.654149660,0.414612,0.875653,0.196106,0.310748,1.96088,0.34091,2.0646,0.0565929,0.0321026,0.0703156,1.53443,0.966619
148.700589569,0.531989,1.29777,0.128953,0.437596,1.60611,0.31759,2.57687,0.0692237,0.00736407,0.0969381,1.52127,0.918721
148.747029478,0.165008,1.99467,0.046264,0.434786,1.17578,0.324959,3.03811,0.0562476,0.00370223,0.00104482,1.95014,0.393331
148.793469388,0,2.27326,0.032261,0.927846,0.643825,0.427159,3.14895,0.27221,0.0232944,0.0892562,1.86389,0.121854
148.839909297,0,1.65468,0.20168,0.9921,0.502704,0.453669,2.65691,0.128442,0.0969525,0.10607,1.99681,0.24636
148.886349206,0,0.449292,0.669221,0.883893,0.501763,0.455494,2.42289,0.146549,0.283883,0.193951,2.13497,0.35396
148.932789116,0.476363,1.14544,0.500434,0.469947,0.231896,0.432078,2.31244,0.0749823,0.350821,0.326528,1.78366,0.465672
148.979229025,0.843852,1.28516,0.035098,0.00738773,0.0986396,0.392114,1.84685,0.173014,0.843028,0.368214,1.43285,0.234908
149.025668934,0.87544,1.67891,0.0231952,0.283232,0.311622,0.336101,1.53198,0.554304,1.05779,0.136202,1.12185,0.0684774
149.072108844,0.736208,1.80106,0.0193046,0.00716988,0.406512,0.438386,1.94792,0.280607,0.95864,0.0421966,1.11843,0.317945
149.118548753,0.686051,2.01989,0.137475,0.00707607,0.249119,0.527147,2.35506,0.00462221,0.702144,0.000117531,1.21642,0.51957
149.164988662,1.20427,1.85345,0.572949,0.00997107,0.0888807,0.808692,2.36049,0.00118707,0.702101,0.236879,0.97048,0.36588
149.211428571,0.855586,2.44499,0.4622,0.106563,0.0602835,0.933221,2.14604,0,0.641347,0.186096,0.513729,0.113881
149.257868481,0.352259,3.07719,0.00225185,0.173742,0.0119114,0.757196,2.26155,0.0055496,0.578465,0.0068973,0.636837,0.126572
149.304308390,0,3.28255,0.0305187,0.200973,0.0883289,0.623672,1.78037,0.612138,0.59327,5.52563e-05,0.962381,0.082387
149.350748299,0.0620754,3.29324,0.100068,0.207468,0.350296,0.510759,1.56718,0.678677,0.5719,0.0185432,1.19081,0
149.397188209,0.157434,3.19252,0.0770321,0.189716,0.368179,0.529375,1.525,0.499073,0.717216,0.0265896,1.24745,0.0343776
149.443628118,0.435039,3.09789,0.0570628,0.455397,0.103815,0.269652,1.62584,0.491114,0.873771,0,1.25949,0.106758
149.490068027,0.71081,2.12224,0.205443,1.08507,0,0.234288,1.64007,0.475943,0.918756,0.00555262,0.846001,0.533314
149.536507937,0.993379,1.14744,0.166537,1.1803,0,0.199682,2.00261,0.0140652,1.01724,0.00794132,0.731607,0.749611
149.582947846,0.751256,0.630834,0.124521,1.70391,0.062063,0.0572835,2.12114,0.00841371,1.34826,0.00836794,0.634204,1.04939
149.629387755,0.718902,0.32976,0.135804,1.9167,0.101743,0.0855203,2.30909,0.390326,1.59442,0.000408694,0.165025,0.94591
149.675827664,0.882691,0.649415,0.106947,1.5869,0.116205,0.0532037,2.82396,0.610287,1.23887,0.02052,0.156591,0.862459
149.722267574,0.616828,1.03192,0.00459251,1.02244,0.137008,0.113941,3.37789,0.695079,0.508472,0.0681354,0.445259,0.529522
149.768707483,1.02661,1.41864,0.0490056,0.15645,0.158196,0.127452,3.29764,0.578504,0.264031,0.0597154,0.726562,0.424127
149.815147392,1.32435,1.30206,0.452404,0.0325583,0.165106,0.394345,2.77866,0.706196,0.0708705,0.0574528,0.523443,0.364788
149.861587302,1.45888,1.31907,0.734678,0.0111118,0.202622,0.722187,1.84783,0.790821,0.174816,0.265068,0.440768,0.916364
149.908027211,1.38731,1.28414,0.678376,0.0126432,0.163873,1.00953,0.671025,0.71651,0.670468,0.52504,0.289264,1.32144
149.954467120,0.836403,1.48301,0.179951,0.163667,0.066438,0.675993,0.946236,1.21624,0.805721,0.326936,0.253557,1.15732
150.000907029,0.0297042,1.12755,0.218707,0.684393,0.0575576,0.151269,1.58766,1.21166,0.174865,0.0715643,0.293228,1.75221
150.047346939,0,0.946735,0.175676,1.14176,0.0369835,0,2.22845,0.46293,0.0332935,0.0702262,0.373244,2.29855
150.093786848,0,0.874387,0.121871,1.4176,0.00880413,0.00143856,2.9688,0.0159926,0.0117704,0.314034,0.435651,2.54986
150.140226757,0,0.899259,0.0439774,1.23869,0.00853861,0.0110182,3.05753,0.0363463,0,0.268064,0.35919,2.54651
150.186666667,0,1.0117,0.00624806,1.09893,0.0158679,0.00225466,3.12316,0.0889426,0,0.333596,0.352659,2.53839
150.233106576,0.408275,0.976908,0.00267051,1.02932,0.0280855,0,3.2776,0.0122377,0,0.635235,0.390961,2.14825
150.279546485,0.921286,1.00246,0.00178206,1.14666,0.0607715,0.110011,3.50735,0,0,0.836106,0.389307,1.12416
150.325986395,0.584638,1.03802,0.000599798,1.16406,0.243485,0.227513,3.01302,0,0.0283872,0.889517,0.383438,1.2628
150.372426304,0.270802,1.13817,0.000776789,0.844273,0.315276,0.178268,2.88302,0,0.00462384,0.771496,0.402482,1.75511
150.418866213,0.191615,1.04825,0.000918876,0.302041,0.121682,0.180827,2.51377,0,0.000543038,0.738285,0.408018,2.05907
150.465306122,0.138746,0.474006,0.00126601,0.251697,0.559975,0.395879,2.12716,0,0,0.417804,0.190497,2.59935
150.511746032,0.0509946,0.11755,0.000711522,0.492074,1.42708,0.242362,1.59023,0.00964593,0.0975207,0.230329,0.130359,3.3001
150.558185941,0.00852353,0.0234077,0,0.984225,1.64649,0.0556836,1.84196,0.0283256,0.0887958,0.213653,0.275888,3.25789
150.604625850,0.0923559,0.160987,0.0528862,1.54654,1.48482,0.00402722,1.90701,0.0400635,0.0358796,0.0832943,0.535378,2.89963
150.651065760,0.346476,0.197221,0.248743,1.82949,0.285965,0.0987071,1.42412,0.290049,0.112452,0.0524131,0.755238,2.47941
150.697505669,0.366147,0.17308,0.202833,1.67953,0.27493,0.167517,1.31005,0.106446,0.17314,0,0.859232,2.31711
150.743945578,0.188741,0.106521,0.173058,1.93928,0.188046,0.412432,1.35235,0.0356935,0.121548,0,0.977906,2.26049
150.790385488,0.0758604,0.0541218,0.237892,2.0137,0,0.371505,1.4255,0.222084,0.083977,0,0.951294,2.20311
150.836825397,0.209098,0.0390646,0.149917,1.81902,0,0.0535049,1.7571,0.262447,0.0755507,0.0946258,0.790563,2.0845
150.883265306,0.401666,0.0315498,0.085304,1.36648,0.0433291,0.0460492,1.60403,0.216621,0.0675193,0,1.02671,2.29282
150.929705215,0.260546,0.0172819,0.00562261,1.44356,0,0.018911,1.34501,0.424359,0.0562255,0.0363734,1.11765,2.35494
150.976145125,0.145102,0.035475,0.00401528,1.58463,0.0261775,0.36408,1.11097,0.579324,0.0389485,0.0644021,0.862598,2.53784
151.022585034,0.130238,0.324793,0.00668733,1.8938,0.230318,0.265771,1.35939,0.687043,0.0409272,0.252787,0.465123,2.58124
151.069024943,0.157305,0.515493,0.0788763,1.19487,0.216879,0.207394,1.83626,0.485613,0.274276,0.376283,0.462841,2.63096
151.115464853,0.104834,0.357324,0.335037,1.22766,0.179028,0.192817,1.92627,0.145565,0.291475,0.538416,0.335588,2.5742
151.161904762,0,0.0269457,0.105773,2.28473,0.119811,0.152207,1.83475,0.0107384,0.201395,1.03673,0.0340948,2.73138
151.208344671,0.0201182,0.0010281,0.063698,2.55197,0.0958427,0.137332,1.72846,0.025796,0.0955019,1.15341,0.0101558,2.69011
151.254784580,0.0198613,0.00204972,0.049567,2.67578,0.05118,0.0360607,1.78906,0.0154564,0.0189944,1.17062,0.124841,2.92754
151.301224490,0,0.00290267,0.0900567,2.53929,0.0294844,0.078485,1.92532,0,0.0251905,1.08838,0.152992,3.31664
151.347664399,0,0.0023277,0.0465565,2.42564,0.0150297,0.171546,2.1326,0,0.035373,1.08911,0.0017825,3.46803
151.394104308,0,0.0522568,0.175972,2.22168,0.0161844,0.187931,2.19606,0,0.076324,1.04679,0.00533574,3.43441
151.440544218,0,0.0252917,0.212324,2.09801,0.0827044,0.127189,2.27352,0.00603034,0.125733,0.755392,0.00107522,3.37847
151.486984127,0,0.00116914,0.177933,1.92103,0.125043,0.0548867,2.1731,0.000156979,0.0649024,0.626184,0.0130234,3.38298
151.533424036,0.0581215,0.0023829,0.291387,1.75336,0.153605,0.0185082,1.96314,0.0803011,0.0320613,0.501633,0.127341,3.2283
151.579863946,0.346983,0.00315702,0.328712,1.86376,0.1428,0.197528,1.81661,0.168915,0.0771955,0.436212,0.112296,2.63108
151.626303855,0.327478,0.0254389,0.200922,2.08253,0.454249,0.300171,1.85252,0.164011,0.162818,0.288246,0.228174,1.97385
151.672743764,0.0702725,0.0358479,0.126389,1.94886,0.354193,0.286387,2.1099,0,0.369645,0.228564,0.27012,2.0448
151.719183673,0.305131,0.0203407,0.0893574,1.12787,0.37099,0.169543,2.03861,0.140853,0.445285,0.353238,0.388371,1.93445
151.765623583,0.663755,0.120263,0.0588092,0.723325,0.0977085,0.389232,1.30098,0.600656,0.451163,0.562622,0.233534,2.16205
151.812063492,0.888038,0.00124706,0.00138161,0.851827,0.0664353,0.38371,1.33876,0.760878,0.189168,0.828891,0.198997,2.2556
151.858503401,0.841901,0.0250773,0.00214394,1.40241,0.0396863,0.180899,1.96356,0.82229,0.0769839,0.790889,0.121056,2.06792
151.904943311,0.276248,0.139191,0.089933,1.65405,0.0414032,0.0125868,1.90879,0.911542,0.296907,0.90471,0.175971,2.20519
151.951383220,0.161696,0.0455791,0.0805671,1.44947,0.0729627,0.153461,1.8902,0.345057,0.209311,1.3155,0.333293,2.21285
151.997823129,0.170034,0.000339715,0.174239,1.3494,0.126804,0.298125,2.13984,0.0244436,0.0940644,1.38772,0.438696,1.96813
152.044263039,0.19464,0.000536286,0.156577,1.50959,0.0883808,0.432942,2.34756,0.155067,0.0815193,1.02988,0.437323,1.86251
152.090702948,0.164431,0.000718545,0.215568,2.06529,0.0389142,0.342618,2.44565,0,0.0938212,0.736044,0.487278,2.14395
152.137142857,0.109563,0.0024563,0.209774,1.90472,0.0362052,0.0613189,2.39101,0,0.0650812,1.06677,0.201807,2.47397
152.183582766,0.711151,0.00314205,0.20009,1.49098,0.116406,0.265416,2.36344,0,0.0542201,0.924475,0.293124,2.08729
152.230022676,0.767794,0.201161,0.0875056,1.20699,0.144839,0.545113,2.16608,0,0.189495,0.768055,0.852642,1.54612
152.276462585,0.572275,0.358526,0.0518948,0.864293,0.149251,0.752215,1.4719,0.0757469,0.519761,0.620018,0.966095,1.44306
152.322902494,0.36136,0.351549,0.14304,0.557908,0.138591,0.585984,1.11937,0.224862,0.439822,0.431886,0.944938,1.58651
152.369342404,0.656948,0.325746,0.743204,0.0550405,0.140838,0.0394044,1.24968,0.750218,0.426837,0.0654941,0.870571,1.51249
152.415782313,0.967063,0.364136,1.00387,0,0.159512,0,1.22903,1.21922,0.321843,0,0.6541,1.8198
152.462222222,1.05106,0.273778,1.10155,0.00553693,0.171538,0.0820603,0.566529,2.00211,0.205206,0.0398045,0.301574,2.38448
152.508662132,0.830803,0.240801,0.854798,0.114347,0.598105,0.0160558,0.366695,1.81775,0.569433,0.0829272,0.177015,2.62767
152.555102041,0.102377,0.400972,0.221474,0.458235,1.85821,0.00719049,0.381603,1.03143,0.912899,0.108873,0.00295076,2.62041
152.601541950,0,0.167664,0.00102431,0.665093,2.3505,0.0130563,0.260399,0.45272,1.29501,0.2098,0.0325052,2.90549
152.647981859,3.8413e-05,0.00307478,0.151529,0.736463,2.60192,0.043875,0.220025,0.180221,1.47952,0.184036,0.218877,3.01897
152.694421769,0.00204775,0.00375939,0.201016,0.881662,2.5528,0,1.02044,0.243871,1.48104,0.14531,0.146857,2.86509
152.740861678,0,0.00261418,0.249079,1.01893,2.12447,0.00487701,1.37025,0.263464,1.28517,0.179691,0.000954204,2.99718
152.787301587,0.0229014,0.00193474,0.16189,0.978482,2.36668,0.095378,0.881368,0.192143,1.28493,0.0826843,0,2.61844
152.833741497,0.132097,0.00570854,0.0878193,0.842321,2.12793,0.140687,0.393525,1.02212,1.58521,0.0336483,0.100837,2.04728
152.880181406,0.371964,0.141061,0.0557482,0.774763,1.75196,0.16031,0.164839,1.14524,1.6668,0.0950356,0.0785377,1.45257
152.926621315,0.46414,0.147067,0.0781159,0.901064,1.57409,0.107738,0.066965,1.12649,1.67434,0.128901,0.0914333,1.25496
152.973061224,0.322662,0.000524809,0.0429059,0.907995,1.82327,0.0319568,0.0770608,1.02028,1.75345,0.183609,0.06947,1.47024
153.019501134,0.0332048,0.000239197,0.163629,0.875729,1.99845,0.0234745,0.062275,0.834836,2.03069,0.25401,0.304346,1.66505
153.065941043,0,0.0298787,0.222221,0.712113,2.13109,0.00126254,0.053723,0.346026,2.43041,0.300406,0.429979,2.06861
153.112380952,0.0672143,0.0556202,0.455523,0.616403,2.14137,0,0.110107,0.0501964,2.76694,0.18133,0.519351,2.12052
153.158820862,0.157049,0.0350682,0.838346,0.62573,2.11633,0.017477,0.311048,0.0800382,2.82661,0.0263609,0.510161,1.50292
153.205260771,0.191804,0.000818583,1.0145,0.606288,1.68164,0.00302517,0.33124,0.127919,2.98933,0.0388564,0.249253,1.31926
153.251700680,0.157322,0,0.92981,0.510212,1.29582,0.0125452,0.302711,0.111209,3.04434,0.0465123,0.0958913,1.68563
153.298140590,0.0647702,0.000651868,0.9349,0.388186,1.30179,0.0391679,0.29433,0.0533273,2.88085,0.228518,0.0766491,2.11088
153.344580499,0.0501958,0.00229687,0.885737,0.709396,1.69587,0.214326,0.300286,0.0263525,2.49629,0.260536,0.118619,1.55959
153.391020408,0.041533,0.00230307,0.701888,0.876879,2.35143,0.00771083,0.186789,0.355077,2.13848,0,0.448148,1.16812
153.437460317,0.104928,0.00368509,0.0628777,1.57906,1.87837,0.00361474,0.22777,0.169683,2.45794,0.133908,0.286191,1.55546
153.483900227,1.23999,0.00430589,0.00372346,1.72234,1.06908,0.0170082,0.230937,0,2.25795,0.14021,0.167439,1.48577
153.530340136,1.14558,0.0738587,0.00495279,1.77553,0.910245,0.16047,0.47778,0,1.8009,0.164957,0.181452,1.69575
153.576780045,0.738205,0.0732287,0.106634,1.37505,1.48671,0.388626,0.236999,0.0870001,1.43635,0.16784,0.00166421,1.9402
153.623219955,0.18159,0.0202124,0.122858,0.809929,1.95534,0.157546,0.358392,0.915827,1.23199,0.225038,0.00165258,2.4729
153.669659864,0.0668092,0.245189,0.407373,0.493913,1.37346,0.102008,0.755427,1.39417,1.35349,0.243827,0.00102808,2.37085
153.716099773,0.0814014,0.286811,0.383224,0.410766,1.27091,0.0309761,1.34183,1.27985,1.33785,0.310497,0.000625513,2.00891
153.762539683,0.0682418,0.479896,0.324691,0.533159,1.49303,0,1.29164,0.92202,1.8145,0.312291,0,2.07354
153.808979592,0,0.272099,0.459786,0.418207,1.77123,0.00214159,0.847249,0.0321801,2.5349,0.250118,0,2.50583
153.855419501,0,0.0392485,0.515783,0.52484,2.02807,0.00455966,0.24622,0,2.77529,0.359365,0,2.68348
153.901859410,0.0281508,0.00138754,0.320401,0.495148,2.6381,0.0335024,0.165862,0.00110062,2.73284,0.254521,0.138207,2.63686
153.948299320,0.021326,0.000594391,0.189256,0.284283,2.31834,0.0906674,0.279183,0.339157,2.56204,0.270675,0.0112305,2.93539
153.994739229,0.216328,0.196114,0.184827,0.274348,1.94248,0.0777434,0.284718,0.687685,1.69478,0.143274,0.0510968,2.89317
154.041179138,0.456976,0.25175,0.0669708,0.213937,1.74868,0.13824,0.187459,0.83457,1.39702,0.101606,0.472502,2.34254
154.087619048,0.654271,0.227755,0.00523049,1.1905,1.29269,0.000979845,0.041395,0.78228,1.59453,0.121666,0.0929856,1.90457
154.134058957,1.40681,0.263182,0.00327284,1.82284,1.25036,0.0255506,0.526009,0.62644,1.6311,0.112034,0.0378721,1.21333
154.180498866,0.900021,0.110891,0.00427362,2.03083,1.52135,0.0165241,0.299435,0.31604,1.26988,0.0359819,0.171219,1.45399
154.226938776,0.191477,0.0593048,0.0387183,1.9173,1.81889,0.0161543,0.0492826,0.155234,1.17543,0.000260857,0.179098,1.63138
154.273378685,0.190492,0.0828932,0.0640795,1.42537,1.85069,0.026076,0.0850299,0.0575789,1.91726,0.0019304,0.155579,1.89448
154.319818594,0.115525,0.0471487,0.17891,0.649349,2.10945,0.191335,0.00934858,0,2.58694,0.000865966,0.110585,2.35624
154.366258503,0.169571,0.000878187,0.1165,0.629287,2.24894,0.205796,0,0.00489958,2.87493,0.193506,0.0627267,2.17516
154.412698413,0.172903,0.00206555,0.130833,0.934654,2.17444,0.123452,0.00183195,0.582719,2.46942,0.0649404,8.25124e-05,2.38626
154.459138322,0.145053,0.669886,0.18429,0.228779,1.63245,0.00596545,0.114407,1.97001,1.34474,0.0294957,0.00276766,2.46402
154.505578231,0.111143,0.986165,0.108323,0.0861632,1.54784,0,0.456726,2.20878,0.628849,0.00157697,0.00240459,2.1218
154.552018141,0.101591,1.30736,0.228964,0.00197197,1.73857,0,0.640917,1.89474,0.572115,0.00022343,0.00200771,2.0148
154.598458050,0.151983,1.12988,0.0451521,0.0324751,1.91834,0.161374,0.675616,0.574761,0.780685,0.0695119,0.0652306,1.92637
154.644897959,0.100922,0.703789,0.035421,0.544298,1.80931,0.289498,0.667273,0.0328096,0.878419,0.203317,0.040763,2.13657
154.691337868,0,0.494155,0.00466566,0.734516,2.01333,0.305136,0.539488,0.151522,0.89117,0.227935,0.0480235,2.52651
154.737777778,0,0.0100134,0.00546725,0.958318,2.25813,0.189817,0.130196,0.0839211,0.83917,0.0955154,0.103355,2.94148
154.784217687,0,0.0354124,0.0333026,0.885309,2.20353,0.172285,0.0259157,0.0549585,0.898275,0.0789008,0.0482863,2.7224
154.830657596,0.00725421,0,0.00350703,0.792243,1.96247,0.145432,0.030956,0.305913,0.676568,0.13606,0.170829,2.37435
154.877097506,0,0,0.00106645,0.783739,2.02659,0.133532,0.00110152,0.797768,0.595986,0.222892,0.154995,2.21648
154.923537415,0.000379251,0.0127389,4.53352e-05,0.698521,2.95147,0.0289618,0.00570979,1.0157,0.373826,0.0868026,0.152361,2.29624
154.969977324,0.594861,0.00193115,0.000611786,0.454462,3.35285,0.0361827,0.0381643,1.09973,0.369212,0.00316598,0.0949808,1.88232
155.016417234,1.15829,0.00232112,0.000383828,0.298689,2.99618,0.17382,0.0421406,0.888642,0.334336,0.00221131,0.10853,1.34678
155.062857143,0.998043,0.066739,0.000493805,0.404213,2.33941,0.243264,0.0616029,1.10493,0.347325,0.00382936,0.49501,1.49303
155.109297052,0.467067,0.0807318,0.000742083,0.574869,2.0829,0.201163,0.271675,0.914567,0.10075,0.00192663,0.778951,2.03845
155.155736961,0.0692816,0.075765,0.0120392,0.413205,1.75089,0.0330519,1.18417,0.391691,0.282179,0.374601,0.625543,2.88983
155.202176871,0.00518908,0.0312067,0.12541,1.05139,0.508461,0.0341487,1.53071,0.0687999,0.237929,0.725319,0.458422,3.64574
155.248616780,0,0.000224271,0.109416,2.13862,0.0520618,0.0904394,1.9959,0.0458292,0.0259066,0.904208,0.150365,3.86579
155.295056689,0,0.00197472,0.0671628,2.07961,0.0266087,0.161061,1.99388,0.0139196,0,0.770933,0.00282236,3.96354
155.341496599,0.0036065,0.0337638,0.0136842,1.68186,0.14465,0.226313,1.84944,0.0245577,0,0.666027,0.0387879,3.75588
155.387936508,0.34883,0.33791,0.00847025,0.854042,0.167994,0.158303,2.0363,0.0397401,0.00164851,0.76513,0.127615,3.00722
155.434376417,0.725901,0.377289,0.301255,0.563058,0.161814,0.422943,2.09387,0.00894994,0.011833,0.810941,0.0724986,2.14007
155.480816327,0.823939,0.283427,0.371942,0.673142,0.132027,0.631884,1.99052,0.259028,0.0145382,0.753955,0.15032,1.38873
155.527256236,0.755952,0.208858,0.382925,0.638401,0.0310014,0.715005,2.20222,0.161193,0.000430534,0.944086,0.168725,1.32889
155.573696145,0.453747,0.419457,0.236611,0.633761,0.017314,0.476645,2.53829,0.00383963,0.0395948,0.936877,0.220165,1.99738
155.620136054,0.243162,0.850745,0.00392575,0.455623,0.0369757,0.269658,2.74212,0,0,0.647235,0.281509,2.32901
155.666575964,0.00826412,1.01949,0.00264046,0.525836,0.0602462,0.174586,2.73304,0.000517388,0,0.516136,0.649672,2.38491
155.713015873,0.0938604,0.562092,0.123933,0.895089,0.0279671,0.0852948,2.77514,0.0397993,0.00643873,0.5631,0.466235,2.51838
155.759455782,0.0570746,0.75097,0.0980116,0.831667,0.0209265,0.055154,2.31574,0.199158,0.037141,0.450199,0.339417,2.24628
155.805895692,0.0394143,0.753523,0.150863,0.49061,0.0120657,0.0152498,2.6238,0.0787133,0.23964,0.329204,0.304442,2.44801
155.852335601,0.0924946,0.670314,0.167802,0.142126,0.00371672,0.0311894,2.88811,0.0490466,0.0553434,0.381132,0.434875,2.68143
155.898775510,0.140582,0.593504,0.374523,0.313294,0.0302077,0.0195276,2.94621,0.0225877,0.0783876,0.410532,0.484818,2.56653
155.945215420,0.182779,0.724262,0.266086,0.862307,0.2678,0.0306714,3.10893,0.197718,0.115746,0.446353,0.445996,2.00586
155.991655329,0.135642,1.02536,0.0798462,1.59442,0.0877621,0.0210156,2.97554,0.0549891,0.0816633,0.841696,0.379645,1.70103
156.038095238,0.601763,0.642407,0.217266,1.71677,0.116527,0.0287988,2.72075,0.0928837,0.0266264,0.842502,0.366159,1.47104
156.084535147,1.05094,0.619843,0.0890295,1.63657,0.0414692,0.156367,2.42932,0.0785888,0,0.731574,0.0957616,1.34887
156.130975057,0.906328,0.567522,0.00577141,1.4522,0.305473,0.140113,2.35006,0.219767,0.000220883,0.435389,0.18164,1.25495
156.177414966,0.696124,0.593372,0.379005,1.27139,0.450826,0.082367,2.96301,0.0412881,0.0145958,0.0422128,0.380388,1.30078
156.223854875,0.547658,0.504264,0.187079,0.887796,0.508035,0.0484269,3.32284,0.0480674,0.00918367,0.0414614,0.370712,1.60802
156.270294785,0.0784453,0.783596,0.0781089,0.383312,0.367268,0.0802858,3.05705,0.0686395,0.0539181,0.0511359,0.561803,2.20178
156.316734694,0,0.529089,0.206393,0.762109,0.374799,0.0919056,2.89592,0.0535171,0.883105,0.00355517,0.484514,1.81656
156.363174603,0.0211307,0.257536,0.357486,1.35409,0.179803,0.0687898,2.2129,0.0368783,1.63031,0.117439,0.270364,1.52969
156.409614512,0.0990717,0.102122,0.313132,1.64074,0.151124,0.0832915,1.85857,0.0173354,2.05445,0.155591,0.000330084,1.67732
156.456054422,0.10041,0.00263552,0.0896205,1.78673,0.139261,0.175079,1.64982,0,2.12097,0.281912,0.000172451,1.56825
156.502494331,0.205475,0.00171673,0.00425912,1.68524,0.314768,0.275863,1.87362,0,1.33991,0.457576,0.00256411,1.4504
156.548934240,0.173861,0.0773328,0.0024296,1.32009,0.349965,0.151398,2.15831,0,0.955848,0.654977,0.212179,1.9495
156.595374150,0.0435019,0.119469,0.0512225,1.84027,0.495369,0.202375,1.80051,0,0.775904,0.848312,0.445585,2.25074
156.641814059,0.518689,0.0584168,0.122103,2.4672,0.278356,0.307909,1.77936,0.0193995,0.703247,0.775158,0.375298,2.19845
156.688253968,0.98462,0.158379,0.0916459,2.00394,0,0.17782,1.57294,0.366291,0.473318,0.601151,0.0757563,2.24289
156.734693878,0.825293,0.340063,0.00926361,1.41704,0.036131,0.107973,1.21421,1.09352,0.201868,0.469868,0.177331,1.83583
156.781133787,0.546652,0.380378,0.23122,1.16509,0.239744,0.188654,1.49345,0.77968,0.0138193,0.644137,0.242524,0.725118
156.827573696,0.25042,0.371047,0.322625,1.4046,0.217978,0.328105,2.29715,0.0248428,0.0371743,0.666929,0.260169,0.555629
156.874013605,0.00468549,0.435403,0.276516,1.56224,0.327682,0.170139,2.20307,0.248373,0.160889,0.56356,0.183056,1.09842
156.920453515,0.0628986,0.213334,0.672929,1.30267,0.137012,0.0349685,2.1653,0.602763,0.141708,0.479223,0.0511194,2.05871
156.966893424,0,0.232739,0.623136,0.935554,0.170621,0.0701706,2.11872,0.407288,0.128202,0.595158,0.00339157,2.85837
157.013333333,0,0.292995,0.182657,0.707153,0.497331,0.630528,1.49931,0.0354279,0.109927,0.603063,0.00407486,2.98679
157.059773243,0,0.28838,0.189379,0.794132,0.635545,0.718927,1.26742,0.03926,0.255424,0.703964,0.015313,2.90145
157.106213152,0,0.0282472,0.0963902,1.22009,0.624466,0.766414,1.16056,0.0659821,0.296839,0.729013,0.163999,2.69231
157.152653061,0,0.0502145,0.0254196,1.45257,0.754743,0.312252,1.17694,0.0638229,0.412785,0.500991,0.178348,2.7412
157.199092971,0.121527,0.0788455,0.0824151,1.48023,0.801366,0.0250581,1.39417,0.557677,0.150161,0.333385,0.384825,2.71028
157.245532880,0.475829,0.171518,0.141869,1.79165,0.364157,0,1.66818,0.79521,0.0144171,0.295337,0.751132,2.06464
157.291972789,0.0691077,0.191341,0.082494,1.40822,0.0212858,0,1.6782,0.632491,0.0357315,0.12419,0.917693,2.35365
157.338412698,0.662889,0.158964,0.00284788,2.11374,0.106449,0,1.71738,0.565012,0.0314028,0.0345896,0.734863,2.11173
157.384852608,0.987559,0.040455,0.00401685,2.2852,0.144972,0,1.60389,0.536098,0.0121395,0.127505,0.703536,1.5998
157.431292517,0.778267,0.0518506,0.00469593,2.51684,0.130909,0,1.35973,0.459413,0.0107738,0.287001,0.760781,1.49606
157.477732426,0.296577,0.189913,0.00964797,2.86103,0.0691568,0.134512,1.10992,0.449016,0.141793,0.324924,0.806346,1.50976
157.524172336,0.334316,0.233127,0.165869,2.91851,0.140249,0.0242828,0.812108,0.82395,0.2116,0.237797,1.05866,1.03519
157.570612245,0.526185,0.159272,0.161634,2.5003,0.235818,0.0216617,0.603595,1.42041,0.130831,0.0564047,1.14816,0.832555
157.617052154,0.544508,0.0903795,0.170849,2.07227,0.271112,0.00337819,1.08385,1.4136,0.372957,0.0172013,0.765126,0.718793
157.663492063,0.546795,0.934653,0.368714,1.35342,0.398818,0.00709672,1.72421,0.91739,0.979046,0.0424184,0.415632,0.401538
157.709931973,0.305135,2.11757,0.427786,0.399244,0.248778,0.435885,1.90138,0.62672,1.03587,0.0327237,0.234013,0.293082
157.756371882,0.0883964,2.80155,0.264057,0.0185853,0.231799,0.502505,1.44049,0.924919,0.735347,0.0370515,0.859018,0.275468
157.802811791,0.0901811,2.96244,0.137262,0,0.139725,0.396836,1.35002,0.987093,0.436522,0.0625345,1.44113,0.227144
157.849251701,0.0736163,2.84435,0.0469062,0,0.109798,0.353026,1.6694,0.900872,0.428276,0.0826109,1.61661,0.14784
157.895691610,0.063695,2.52097,0.133816,0,0.0635438,0.342966,2.73195,0.392832,0.413267,0.0196074,1.69322,0.0892337
157.942131519,0.0826423,2.14651,0.120404,0.0184655,0.00718983,0.180907,3.39326,0.217548,0.407276,0.0135526,2.11372,0.181841
157.988571429,0.457498,1.15778,0.406712,0.0124696,0.0626665,0.101905,3.22859,0.0088955,0.315455,0,2.02917,0.4633
158.035011338,0.596808,1.41681,0.194145,0.173317,0.162364,0.130143,2.05584,0.279799,0.746303,0,1.23195,0.325577
158.081451247,0.569837,1.80387,0.0232221,0.240765,0.179858,0.3757,1.31992,0.844219,0.88485,0.00728013,0.853513,0.386519
158.127891156,0.700028,1.8431,0.068595,0.0552023,0.178672,0.645242,1.41827,0.997135,1.05051,0.000687855,0.595002,0.332752
158.174331066,0.621608,2.25008,0.00371457,0.0604182,0.175353,0.625097,1.77677,0.799003,1.09175,0.00894581,0.814695,0.400382
158.220770975,0.583721,2.38214,0.00208552,0.0983257,0.144339,0.614576,2.14608,0.311373,1.06016,0.0164399,0.901369,0.159391
158.267210884,0.709312,2.11915,0.0728399,0.112761,0.19665,0.347657,2.02849,0.103434,1.16495,0.0185131,0.824084,0.132109
158.313650794,0.747685,1.91653,0.115177,0.100414,0.366926,0.301678,1.59117,0,0.846258,0.144446,0.974608,0.205809
158.360090703,0.424643,1.85476,0.161624,0.0895466,0.381521,0.518954,1.66173,0.066651,0.373961,0.249906,0.95915,0.343145
158.406530612,0.0494531,1.77933,0.462594,0.115986,0.286912,0.461582,2.36428,0.0532803,0.44839,0.162531,0.999926,0.531263
158.452970522,0.133272,2.28953,0.158281,0.138279,1.07774,0.445627,2.85402,0.0194279,0.5387,0.110155,0.418469,0.409011
158.499410431,0.19617,2.5477,0.135301,0.131996,1.83463,0.2885,2.52562,0.00939139,0.510741,0.000738929,1.33707,0.139594
158.545850340,0.0526558,2.18204,0.175363,0.0836033,2.19454,0.394836,2.44731,0.195548,0.52897,0,1.79185,0.0488481
158.592290249,0,1.64372,0.0406315,0.0780763,2.05766,0.236336,2.4633,0,0.511854,0.0459453,1.79843,0.578757
158.638730159,0.128558,1.20091,0.0156686,0.17494,1.74295,0.107104,2.06437,0.202881,0.389792,0.0747683,1.54744,1.08207
158.685170068,0.178434,0.617619,0.0404712,0.696901,1.30024,0.20891,1.45152,0.763898,0.411824,0.175643,1.09577,1.27244
158.731609977,0.10463,0.753183,0.165694,1.08358,1.18607,0.470132,1.64005,0.776886,0.229611,0.0752443,1.27615,0.724689
158.778049887,0.0560363,1.15813,0.417853,0.916775,1.17581,0.444492,2.27273,0.359992,0.00835408,0.00372731,1.8019,0.168158
158.824489796,0.0795403,1.51109,0.374057,0.119914,1.83582,0.456869,1.73084,0.182503,0.0448929,0.00152454,1.65671,0.630561
158.870929705,0.0908638,1.11761,0.217764,0.0868779,2.13984,0.397063,1.39119,0.168423,0.0937167,0.253574,1.35168,0.869426
158.917369615,0.0941698,0.859592,0.231894,0.0686256,2.37488,0.078205,1.55475,0.406043,0.0865116,0.32129,1.35143,0.971273
158.963809524,0.0993819,0.658495,0.170459,0.284626,1.58889,0.0529442,2.37996,0.489371,0.0601228,0.330621,1.09644,1.1942
159.010249433,0.611736,0.534849,0.0975816,0.633171,0.904755,0.026063,2.85934,0.215827,0.128228,0.275574,1.02312,1.27661
159.056689342,0.940709,1.1611,0.00705431,0.663658,0.462141,0.0196739,3.37455,0.210602,0.0924943,0.0352452,1.52723,1.01392
159.103129252,0.555209,2.06914,0.00718394,0.186378,1.12967,0.187382,3.3359,0.207427,0.0335789,0.0264099,2.33703,0.0344715
159.149569161,0.169595,2.07491,0.0854356,0.106426,1.87748,0.350706,2.15599,0.0213793,0.146048,0.0277051,2.48192,0.00751987
159.196009070,0.0374989,2.04969,0.103649,0.00716785,2.1784,0.37976,1.36086,0.0614765,0.454041,0.0403987,2.27132,0
159.242448980,0.0869946,1.95778,0.287776,0.00323121,1.96788,0.295938,1.48465,0.101554,0.358604,0.0309848,1.39087,0.297689
159.288888889,0.4467,2.45103,0.107518,0.131522,1.01935,0.181156,1.4298,0.50412,0.202528,0.16236,1.06517,0.450365
159.335328798,0.814395,2.68388,0.0043698,0.188803,0.184988,0.0596175,1.55565,0.708273,0.424554,0.291923,0.7476,0.512693
159.381768707,0.936254,2.64449,0.00409211,0.103131,0.038653,0.0662293,1.91484,0.757065,0.782416,0,0.764434,0.573783
159.428208617,0.818235,2.81707,0.00383408,0.134891,0.0607748,0.212362,2.16542,0.723802,1.04083,0,0.7134,0.486247
159.474648526,0.651634,2.95039,0.0708762,0.144027,0.103299,0.308982,2.09123,0.492879,0.874025,0.0690572,0.687905,0.362394
159.521088435,0.331487,2.73459,0.138923,0.148702,0.299681,0.240143,1.89919,0.169752,0.909858,0.064066,0.567148,0.510619
159.567528345,0.105249,2.40667,0.14409,0.161609,0.532845,0.165334,2.0271,0.0989796,0.837479,0.0533269,0.478214,0.525406
159.613968254,0.181949,2.33024,0.142539,0.172457,0.692185,0.0600861,2.17273,0.0611417,0.737177,0.0433529,0.581073,0.343613
159.660408163,0.318706,2.16342,0.109068,0.244371,0.688409,0.028628,2.17378,0.0654085,0.810358,0.015388,0.753694,0.1947
159.706848073,0.342951,1.82152,0.00438011,0.153054,0.604393,0.407129,2.37808,0.246892,0.958713,0.0460842,1.33082,0.250246
159.753287982,0.36178,1.99831,0.00317854,0.163987,0.589257,0.613271,2.33872,0.894669,0.787809,0.118141,1.52271,0.281908
159.799727891,0.264177,2.21261,0.04253,0.123715,0.677212,0.557365,2.37736,1.11428,0.264228,0.129186,1.39002,0.450917
159.846167800,0.0734926,2.27162,0.0748249,0.0103388,0.380848,0.445576,2.45578,1.33875,0.115366,0.0645606,1.33224,0.332786
159.892607710,0.0858743,2.12679,0.0314221,0.00575513,0.13928,0.289288,2.7943,1.2767,0.110237,0.0446678,1.34608,0.599208
159.939047619,0.0990569,1.49062,0.00781599,0.331175,0.101763,0.442619,3.08321,0.995486,0.182679,0.0134506,1.4345,0.853896
159.985487528,0.225638,1.61849,0.00434184,0.571614,0.0675715,0.352539,3.7058,0.288022,0.0630439,0,1.69822,0.775891
160.031927438,0.011477,2.17206,0.00416273,0.352548,0.050775,0.181424,3.79817,0.379056,0.023087,0.00100891,1.73117,0.546447
160.078367347,0.0519856,2.3984,0.0316245,0.0408925,0.0480197,0.0564523,3.92502,0.39479,0.151336,0.0182368,1.81237,0.16178
160.124807256,0.218108,2.27447,0.0784025,0,0.042501,0.0279394,3.96111,0.33018,0.322245,0.0563385,2.23221,0.168202
160.171247166,0.257853,1.88991,0.140929,0.0338675,0.0360676,0.0378438,4.04886,0.282666,0.222377,0.132377,2.37937,0.16079
160.217687075,0.435392,1.82549,0.00181835,0.190676,0.0400623,0.348452,3.30637,0.531289,0.113103,0.148619,2.06793,0.233892
160.264126984,0.424982,1.36642,0.00197357,0.21303,0.0496196,0.870009,2.9992,0.563048,0.0684251,0.063098,1.46172,6.61439e-07
160.310566893,0.475335,0.80916,0.017169,0.0804328,0.254489,1.11986,2.55287,0.451936,0.0678146,0.108365,1.55593,0.000574603
160.357006803,0.244689,1.17829,0.137506,0.104474,1.06359,1.06536,1.75046,0.471108,0.0893609,0.00240012,1.27987,0.389001
160.403446712,0.126694,1.55955,0.196851,0.416704,1.8598,0.652112,0.861159,0.279682,0.198271,0,1.28112,0.502671
160.449886621,0,1.42128,0.300084,0.862445,1.63262,0.190376,1.52176,0.0215828,0.156371,0.187696,1.58846,0.433477
160.496326531,0,1.27675,0.19972,1.00625,0.867137,0.406126,1.82241,0.255994,0.118047,0.508231,1.61321,0.508444
160.542766440,0.117576,0.869048,0.0376833,2.17736,0.50443,0.0266192,1.61018,0.920305,0.0646,0.58603,1.15875,0.426368
160.589206349,0.060061,0.59047,0.218675,2.03381,0.511451,0,1.29644,1.0878,0.420168,0.359804,0.769174,0.365928
160.635646259,0.512522,0.650129,1.45715,1.02856,0.537551,0,0.968142,0.809148,0.635897,0.40849,1.06032,0.145296
160.682086168,1.19649,0.535528,2.08268,0.204387,0.246789,0,0.975798,0.802003,0.821378,0.314418,1.03608,0
160.728526077,1.74122,0.0679159,2.41051,0.108472,0.300876,0,0.85741,0.79212,0.873622,0.13409,0.434927,0.279913
160.774965986,1.2269,0.218962,2.51284,0.011743,0.589987,0,0.190504,0.909856,1.71972,0.0949368,0.0782672,0.884541
160.821405896,0.553071,0.171231,2.21434,0.00348281,0.926985,0.00237712,0.31275,0.707608,1.82596,0.0803526,0.120192,1.23187
160.867845805,0.207025,0.25699,1.6007,0.0139499,1.80881,0.00485593,0.352382,0.594802,1.77663,0.0302274,0.434687,1.64531
160.914285714,0.23257,0.134711,1.1988,0.0709958,2.00515,0.0021623,0.876826,0.514126,1.29107,0.0631662,0.766332,2.10085
160.960725624,0.223204,0.00327606,1.0294,0.316622,2.38102,0,1.16358,0.649332,1.29292,0,0.703888,2.40194
161.007165533,0.221511,0.00118425,0.962949,0.266085,2.74129,0.0102127,0.820758,0.734954,1.82114,0,0.553198,2.26656
161.053605442,0.498803,0.00155027,0.649419,0.005438,2.99791,0.700868,0.469076,0.427131,1.93619,0,0.0573275,1.67868
161.100045351,0.538962,0.0743139,0.41999,0.0103318,2.86471,0.899113,0.33906,0.257595,1.76048,0.0144985,0.0598319,1.48771
161.146485261,0.575485,0.265403,0.375074,0.0111892,2.55201,0.68311,0.475515,0.415657,1.18252,0.141073,0.252951,1.94039
161.192925170,0.544337,0.610222,0.460779,0.311924,1.98773,0.448495,0.927916,1.04814,0.574882,0.155383,0.0408192,1.74373
161.239365079,0.813147,0.104537,0.291885,0.752557,1.21592,0.513904,1.01073,1.47574,0.916891,0.234679,0.00220016,1.92432
161.285804989,1.26419,0.00476121,0.307752,1.13242,0.585748,0.346011,1.09254,1.67417,0.805004,0.272551,0.00197073,1.69727
161.332244898,1.37915,0.00342274,0.317912,1.04303,0.622068,0.443887,1.19934,1.87017,0.318947,0.14268,0.0020734,0.888431
161.378684807,0.707451,0.144714,0.554662,0.0878458,1.16022,0.761812,1.16644,1.78953,0.193773,0.328106,0.056725,0.35551
161.425124717,0.0673683,1.13857,0.925842,0.0764632,1.39788,0.83408,0.87459,2.03667,0.270493,0.775644,0.0740859,0.0348379
161.471564626,0.00148615,1.57861,0.597825,0.0716102,1.41741,0.578805,0.230795,2.31013,0.290133,1.5087,0.143616,0.130771
161.518004535,0.185424,1.84878,0.344407,0.119544,1.6395,0.346287,0.0228305,1.85878,0.410999,2.24728,0.180971,0.2172
161.564444444,0.0865011,1.82507,0.770042,0.131716,1.97451,0.409921,0,1.26023,0.144515,2.03201,0.817309,0.126025
161.610884354,0.141009,1.85159,0.625497,0.107671,2.27879,0.314596,0.127252,1.04797,0.307932,2.14132,0.927944,0.0648261
161.657324263,0.126751,1.81998,0.501116,0.0718091,2.6,0.353444,0.106957,0.857339,0.266466,2.18409,0.74368,0.0301132
161.703764172,0.128275,1.74215,0.170698,0.0406869,2.54247,0.328735,0.000748422,0.796724,0.283996,2.34334,0.197468,0.366112
161.750204082,0.0571566,1.87098,0.197516,0.0452171,2.26823,0.309671,0.000848284,0.981269,0.340515,2.32974,0.247635,0.442
161.796643991,0.0318922,1.98881,0.183915,0.0520678,2.12076,0.423267,0.0275282,1.14546,0.407804,2.2049,0.195775,0.26843
161.843083900,0.285267,1.58633,0.202152,0.214211,1.68142,1.25628,0.220599,1.03464,0.165081,2.04551,0.370948,0.196147
161.889523810,1.06669,0.936028,0.689266,0.116178,0.970448,0.904001,0.580426,0.841419,0.270156,1.4065,0.620187,0.87311
161.935963719,1.11142,0.538585,0.632622,0.0321674,0.901751,0.804921,1.20772,0.858181,0.616568,0.492647,0.355736,1.30176
161.982403628,1.22545,0.263971,0.498804,0.0153257,1.03426,0.273661,1.84781,0.943318,0.844384,0.55878,0.122,1.73662
162.028843537,0.973848,0.0723547,0.861852,0.0144513,1.33444,0.0238564,1.40259,0.868817,0.823772,0.494981,0.10327,1.97395
162.075283447,0.515298,0.577331,1.55007,0.177174,1.18988,0.0268426,1.3116,0.539719,0.52541,0.4178,0.161655,1.79213
162.121723356,0.370614,0.630618,1.75965,0.142281,0.893189,0.0284184,1.41673,0.550732,0.497285,0.205205,0.0882719,2.05352
162.168163265,0.373509,0.399164,1.18379,0.506702,0.428388,0.0223568,1.6018,0.561024,0.304904,0.0821357,0.0760391,2.45089
162.214603175,0.826791,0.162302,0.707572,0.682515,0.420577,0.00200034,1.52819,0.186852,0.487062,0.084234,0.19542,2.99052
162.261043084,0.708427,0.811773,0.265865,0.794781,0.836455,0.0929429,1.21183,0.231405,0.612414,0.19512,0.072957,2.93887
162.307482993,0.453525,1.11194,0.0966476,1.15622,0.630044,0.0355757,1.11229,0.430055,0.5416,0.322009,0.200802,2.77355
162.353922902,0.16664,1.21117,0.10741,1.65255,0.345813,0.0372806,1.3023,0.571864,0.237706,0.248548,0.262846,2.89671
162.400362812,0.0364,0.948376,0.148179,1.64618,0.47829,0.0336244,1.40991,0.953833,0.308867,0.0885505,0.345806,3.04117
162.446802721,0.032456,0.177319,0.0946911,1.6582,0.388354,0.672269,1.86138,0.926638,0.530184,0.0226378,0.332973,2.98702
162.493242630,0.844229,0.16342,0.00963697,2.18052,0,0.5743,2.21623,0.984308,0.0654738,0.287235,0,1.878
162.539682540,1.04551,0.0517189,0.00881256,2.20763,0,0.656622,1.73815,1.09774,0.0523831,0.475959,0,1.74009
162.586122449,1.42371,0.257729,0.0400275,1.61375,0,0.748053,1.11539,1.1683,0.0132946,0.584232,0.0558821,1.0926
162.632562358,1.3586,0.743079,0.111586,0.98738,0.186681,0.688511,0.969026,1.37772,0.00384148,0.610778,0.12849,0.88914
162.679002268,1.18595,1.48616,0.524846,0.32623,0.537509,0.887994,0.551434,1.74547,0,0.534195,0.179243,0.38168
162.725442177,1.32485,1.43332,0.708351,0.0126415,1.2897,0.762005,0.432285,2.20569,0.023595,0.407365,0.542274,0.174709
162.771882086,1.5829,1.23294,0.767201,0.0212899,1.34586,0.592964,0.665628,1.91826,0.0630916,0.579173,0.918943,0.257252
162.818321995,1.2071,1.01682,0.872805,0.0759091,1.7508,0.219156,0.531283,1.84773,0.0628247,0.385252,0.898757,0.861134
162.864761905,0.350608,0.712619,0.755772,0.189422,1.82714,0.128522,0.302967,1.81384,0.0665968,0.489178,0.688323,1.83218
162.911201814,0.0040511,0.24643,0.288995,0.796305,0.966119,0.0359015,0.601299,1.12118,0.142521,0.87191,0.424554,3.00671
162.957641723,0.0262178,0.00175849,0.276245,1.95593,0.237018,0.00488317,1.07641,0.282805,0.25114,1.08372,0.211811,3.35517
163.004081633,0.0673527,0.00173122,0.19153,2.04162,0.130753,0.0161334,1.22668,0.634827,0.270581,0.871277,0.339714,3.19388
163.050521542,0.0811817,0.000517464,0.247164,1.8711,0.0894452,0.0556355,1.48244,0.7868,0.280277,0.62507,0.132582,3.40994
163.096961451,0.0463128,0.0169631,0.440477,1.62181,0,0.133071,1.7838,0.288519,0.0497454,0.683618,0.161308,3.12418
163.143401361,0.439662,0.000814488,0.522481,1.10009,0,0.285666,1.69536,0.0390688,0.0261325,0.795079,0.117905,2.41175
163.189841270,0.920166,0.0989766,0.872219,0.809627,0.00464973,0.350845,1.34631,0.0534222,0.108479,0.402716,0.109808,2.30549
163.236281179,1.13263,0.281774,0.740851,0.702262,0.0286015,0.261838,1.08435,1.16376,0.0758708,0.0985316,0.462379,2.1693
163.282721088,0.904788,0.184609,0.625627,0.424769,0.689147,0.657452,0.636063,1.63442,0.0203195,0.118155,0.628332,1.99404
163.329160998,0.516759,0.0735734,0.505048,0.524336,1.32554,0.532224,0.619592,1.65488,0.007822,0.128155,0.455872,2.27353
163.375600907,0.183138,0.0014526,0.691684,0.659452,1.64165,0.566923,0.477685,0.853867,0.606164,0.144655,0.0367619,2.95534
163.422040816,0,0.0015801,0.806437,0.763543,2.31332,0.494617,0.398474,0.0230701,0.945884,0.154719,0.0263447,3.14969
163.468480726,0,0.00246865,0.581848,0.726215,2.94178,0.00884136,0.318453,0.00319714,1.36658,0.15329,0.00606691,3.04584
163.514920635,0,0.00311045,0.452033,0.423267,2.84178,0.0149959,0.54451,0.017229,1.56893,0.179511,0.0603024,2.89856
163.561360544,0,0.00231706,0.362393,0.24249,2.56481,0.00886758,0.52303,0.00141388,1.66845,0.162687,0.0475048,2.93265
163.607800454,0.0324519,0.000113434,0.347281,0.146536,2.24454,0.10828,0.525291,0.000347427,1.65124,0.0687099,0.205195,3.00919
163.654240363,0.000310331,0.127659,0.551996,0.218614,2.03955,0.361355,0.725181,0,1.55696,0.0523484,0.193597,3.20087
163.700680272,0,0.112256,0.605492,0.492657,2.2339,0.297833,0.788606,0.00213818,1.63721,0.0370286,0.229142,3.09581
163.747120181,0,0.00288141,0.118624,1.0127,2.5641,0.105634,0.688114,0.12069,1.42554,0.0994877,0.350946,2.88349
163.793560091,0.299646,0.00318266,0.0889781,1.97066,1.70525,0.239387,0.52555,0.996822,0.283901,0.31018,0.227579,2.4772
163.840000000,0.657854,0.0928224,0.00165158,1.72194,1.01636,0.0716103,0.529496,1.5049,0.431271,0.384981,0.000596605,1.89737
163.886439909,1.09248,0.164065,0.00256148,1.54807,0.590989,0.135659,0.456041,1.35727,0.744501,0.148464,0.00089576,1.67548
163.932879819,0.740746,0.172844,0.0212364,1.08612,0.304661,0.799356,0.441046,1.56081,0.909087,0.0415971,0.000683426,1.99177
163.979319728,0.295489,0.314663,0.0416351,0.167104,1.32568,0.432005,0.570828,1.72912,0.231847,0.260321,0.166428,1.83064
164.025759637,0.0461287,0.834057,0.241443,0.392628,1.89741,0.15723,0.594999,2.14556,0.134282,0.470274,0.218774,0.823341
164.072199546,0.0936821,0.992905,0.213545,0.661848,2.02248,0.0302535,0.500205,1.95563,0.0522191,1.02194,0.330132,0.34808
164.118639456,0.143072,0.998321,0.209306,0.552605,1.91536,0,0.278924,1.70841,0,1.91384,0.473632,0.346049
164.165079365,0.116902,1.1486,0.212928,0.787611,1.78022,0.00301855,0.310326,1.2864,0,2.42702,0.493865,0.341112
164.211519274,0.0373778,1.32045,0.13051,0.833009,1.80447,0,0.290628,0.643669,0.0271658,2.58837,0.416693,0.410742
164.257959184,0.0643738,0.968038,0.116451,0.759359,1.86548,0.0526953,0.346278,0.656951,0.193115,2.51242,0.390688,0.598408
164.304399093,0.197813,0.318033,0.181268,0.626754,1.95069,0.0263357,0.387281,1.03133,0.311975,2.19652,0.326746,0.770346
164.350839002,0.245047,0.226927,0.107934,0.532008,2.04828,0.0362215,0.584064,1.40563,0.146681,1.8517,0.279393,1.00479
164.397278912,0.716806,0.35656,0.0500725,0.826929,1.06728,0.0677465,0.187865,1.39467,0.392152,1.82277,0.516943,1.13956
164.443718821,0.730133,0.542871,0.0102326,1.11845,0.736161,0.117345,0.0494041,1.14954,0.317552,1.4339,1.14269,1.14461
164.490158730,0.645606,0.394372,0.30763,1.24893,1.00528,0.202779,0.431713,0.274246,0.715038,1.27909,1.15221,1.03884
164.536598639,0.500258,0.215084,0.425811,1.30348,1.56404,0.112727,0.621229,0.19518,1.09086,0.555262,0.805597,1.46739
164.583038549,0.154241,0.0378565,0.749136,1.00404,2.13663,0.097422,0.874285,0.16283,1.54491,0.619901,0.00142352,1.98503
164.629478458,3.63837e-05,0.0767088,0.497489,0.579438,2.97795,0.0217247,0.814547,0.0915667,1.95856,0.393725,0.257309,2.34136
164.675918367,0.0202977,0.141395,0.157259,0.487338,3.01073,0.0173111,0.813903,0.0836782,1.98335,0.106834,0.500093,2.58492
164.722358277,0.435796,0.0897103,0.350371,0.444851,2.60779,0.081191,0.975615,0.0551317,2.10392,0.134029,0.0680015,2.92676
164.768798186,0.622062,0,0.509443,0.875203,1.67658,0.00363865,1.22222,0.0776172,2.07806,0.187238,0.0147747,3.21754
164.815238095,0.209169,0.000442203,0.496003,1.38594,0.755139,0.0320175,1.61746,0.0738344,1.12848,0.272685,0.0424774,3.24367
164.861678005,0.0157283,0.00130351,0.149481,1.93132,0.106401,0.123046,2.03279,0.0366339,0.200209,0.672536,0.0692219,3.42271
164.908117914,0.0948151,0.00205735,0.145456,2.20496,0.0909736,0.214333,1.78227,0,0.215252,0.772995,0.11717,3.64892
164.954557823,0.0620333,0.00101211,0.156503,2.25697,0.104066,0.16926,1.94848,0,0.201533,0.647757,0.166266,3.49506
165.000997732,0,0,0.222557,2.03298,0.0721624,0.145956,1.94682,0.0881706,0.219359,0.514273,0.406222,3.32181
165.047437642,0.116647,0.00211675,0.27837,1.84971,0.161183,0.109061,1.79348,0.0587911,0.26116,0.656662,1.05759,2.54462
165.093877551,0.937945,0.00277211,0.261335,1.69696,0.259217,0.424159,0.458346,0.581741,0.303957,1.02284,1.12751,1.55103
165.140317460,1.10814,0.00384331,0.283718,1.42039,0.510956,0.434845,0.334713,0.641581,0.184161,1.24186,0.582922,0.507925
165.186757370,0.941317,0.0889414,0.238623,1.30326,0.893062,0.22896,0.342259,0.361026,0.126113,1.67031,0.241843,0.34976
165.233197279,0.515582,0.0822858,0.277815,0.994687,1.70696,0.134208,0.296012,0.124059,0.363853,1.96088,0.00353766,0.283493
165.279637188,0.189653,0.0355783,0.180081,0.56125,2.28252,0.0706396,0.105533,0.0820415,0.596341,2.23187,0.125411,0.500529
165.326077098,0.0321347,0.274857,0.390684,0.592017,2.39778,0.0771997,0.0693302,0.0307636,0.652356,2.31984,0.60413,0.326939
165.372517007,0.00827152,0.165626,0.548915,1.00771,2.29559,0.171896,0.0699326,0.0936261,0.847641,1.54835,1.95982,0.310698
165.418956916,0.0401585,0.064312,0.540206,1.24197,1.81612,0.649933,0.238176,0.0788728,1.03485,0.251342,2.12102,1.24314
165.465396825,0.0481273,0.00498723,0.223324,2.02378,0.0945059,0.365489,1.1688,0.010765,0.750476,0.293712,1.33119,2.88983
165.511836735,0.0830842,0.00234474,0.222072,1.88387,0.0513445,0.247008,1.78806,0.0187839,0.309586,0.370043,0.274326,3.66023
165.558276644,0.0975846,0.00281175,0.129925,1.82752,0.0240502,0.0899178,1.90135,0.00998827,0.168521,0.349067,0.138423,3.80619
165.604716553,0.137444,0.0019817,0.209768,1.64032,0.110678,0.00812419,1.81311,0.0452198,0.162443,0.158311,0.190424,3.451
165.651156463,0.0871963,0.00100361,0.214718,1.64913,0.146775,0.0374555,1.87168,0.0601617,0.105869,0.321304,0.147742,3.37888
165.697596372,0.631222,0.00100918,0.607505,1.46887,0.0869211,0.0344885,2.11959,0,0.166555,0.354896,0.0699105,3.32274
165.744036281,0.763112,0.00217638,0.813681,1.54151,0.0338543,0.0377338,2.33342,0,0.226352,0.242669,0.04417,3.19045
165.790476190,1.01832,0.001918,0.833937,1.57492,0.0163309,0.0396131,2.55241,0,0.392412,0.200266,0.131779,2.78612
165.836916100,1.68455,0.00375485,0.79795,0.940905,0.252755,0.0639265,2.55655,0.419964,0.1181,0.408683,0.17946,1.71294
165.883356009,1.31144,0.218606,0.885037,0.442312,0.831323,0.0021274,2.00954,0.63408,0.159568,0.620942,0.0786718,1.7285
165.929795918,0.796017,0.189433,1.11655,0.465281,1.13111,0.0341496,1.42695,0.304848,0.469198,0.828166,0,1.88465
165.976235828,0.231525,0.0872665,1.32136,0.351705,1.74329,0.139767,0.57494,0.117221,1.29701,0.435921,0,1.84962
166.022675737,0,0.0555797,1.14882,0.192977,2.37674,0.0737016,0.453719,0.0164136,2.45152,0.341786,0.00702328,2.21919
166.069115646,0,0.00245055,0.806017,0.3118,2.61788,0.00822452,0.571818,0.0191757,2.67591,0.39013,6.05579e-05,2.37747
166.115555556,0.0575576,0.00244797,0.701312,0.352518,2.65816,0.00106566,0.49251,0,2.545,0.372315,0.142016,2.06284
166.161995465,0.126382,0.00109639,0.651451,0.431952,2.57861,0.0213244,0.278975,0.0233754,2.34116,0.330776,0.0415673,1.85619
166.208435374,0.0211217,0.0496718,0.559775,0.357226,2.08669,0.21225,0.338082,0.0235159,2.25442,0.342169,0,1.94163
166.254875283,0.0221762,0.110043,0.568983,0.391723,1.71375,0.236749,0.572343,0.0162756,2.09821,0.289342,0.0833593,1.97652
166.301315193,0,0.0817011,0.491758,0.5301,1.75967,0.161918,0.989042,0.0319684,2.01889,0.305573,0.125122,2.45808
166.347755102,0.616108,0.00744634,0.191287,1.05819,1.8546,0.025903,1.26822,0.0204871,1.84636,0.400242,0,2.21159
166.394195011,1.25092,0.0839049,0.134649,0.823167,1.35603,0.145226,1.13963,0.00188053,1.72025,0.450959,0.0287776,1.66307
166.440634921,1.42579,0.246657,0.106368,0.623464,1.16746,0.592115,0.748894,0.454724,1.23733,0.347398,0.030169,1.30842
166.487074830,1.36974,0.13393,0.0854281,0.571748,0.967613,1.00822,0.200811,1.09787,0.857525,0.0875653,0.00308653,1.56714
166.533514739,0.834674,0.295606,0.451144,0.0927604,0.956159,0.923068,0.0491459,1.50507,0.717661,0.129274,0.235489,1.66392
166.579954649,0.201072,0.785982,0.637129,0.00711469,0.938362,0.7597,0.255629,1.841,0.262568,0.690237,0.411364,0.999127
166.626394558,0.0133843,0.714629,0.323893,0.420388,0.948447,0.317861,0.392249,1.87638,0.0661507,1.93625,0.387606,0.450617
166.672834467,0,0.510309,0.202597,0.951489,1.47556,0.0521158,0.417782,1.86963,0.046737,2.18538,0.311493,0.0985765
166.719274376,0,0.301573,0.164318,0.832443,1.84155,0.0445738,0.332831,1.69852,0.0400703,2.34763,0.314533,0.328057
166.765714286,0,0.0683389,0.221741,0.94188,1.8719,0.0464641,0.201014,1.36672,0.083635,2.22903,0.278255,0.701656
166.812154195,0,0.0109558,0.0907918,0.939243,1.8362,0.0807859,0.195364,1.178,0.318923,2.10008,0.286609,0.972574
166.858594104,0,0.176578,0.330047,0.872382,1.77307,0.125879,0.201028,1.13333,0.42265,1.8105,0.238943,1.0724
166.905034014,0,0.179627,0.624348,0.728901,1.66938,0.107804,0.315225,1.04372,0.465876,1.58843,0.202777,0.979654
166.951473923,0,0.373313,0.333349,0.985549,1.55933,0.0476025,0.450586,1.40114,0.38502,1.59971,0.0231651,0.529108
166.997913832,0.260578,0.625769,0.127135,1.35464,1.12331,0.140951,0.212859,1.4297,0.402672,1.50948,0.0561239,0.426587
167.044353741,0.726653,0.410625,0.00408215,1.61681,0.751418,0.365717,0.302096,1.23842,0.461613,1.18865,0.0700978,0.590981
167.090793651,0.573539,0.134833,0.00464589,1.58503,0.800825,0.351183,0.502733,1.05554,0.993576,0.769358,0.0789011,1.29957
167.137233560,0.113292,0.0426282,0.00553492,1.34576,1.24969,0.0545984,0.418265,1.02988,1.45207,0.483192,0,2.06737
167.183673469,0.140926,0.00542714,0.0607091,0.723269,2.54803,0.0391407,0.612959,0.922122,1.59098,0.0603331,0.0469172,2.6144
167.230113379,0.441958,0.00766143,0.356424,0.695655,2.93899,0.0449909,0.47285,0.497908,1.60341,0,0.0826233,2.61635
167.276553288,0.366494,0.0150819,0.408436,0.768826,2.95213,0.0291134,0.478565,0.274513,1.52589,0,0.126029,2.73663
167.322993197,0.0351598,0.0757109,0.408078,0.671322,2.82982,0.14715,0.558657,0.0352277,1.45075,0,0.177006,2.96535
167.369433107,0.0969248,0.0524358,0.280959,0.578281,2.24658,0.375884,1.06164,0,0.636679,0.3475,0.297188,2.75315
167.415873016,0.170009,0.329757,0.301381,1.25955,1.28185,0.527946,1.70252,0,0.0284576,1.00312,0.195594,2.32789
167.462312925,0.13156,0.00112991,0.299292,1.61263,0.205067,0.30092,2.32567,0.0234627,0.0103334,1.16714,0.215425,2.91578
167.508752834,0.112026,0.00188721,0.34312,1.97626,0.054555,0.265019,2.45349,0.0134239,0.0432844,1.03898,0.220675,3.37251
167.555192744,0,0.00200124,0.387717,1.97703,0.06252,0.27126,2.39749,0.0968434,0.0643704,0.690583,0.224907,3.64616
167.601632653,0,0.0789266,0.290283,1.66113,0.048131,0.553823,2.28549,0.0536725,0.0697474,0.282749,0.319511,3.71726
167.648072562,0.0473323,0.142609,0.568806,0.85768,0.0758885,0.678302,2.31705,0,0.0690007,0.210388,0.464217,3.11422
167.694512472,0.203658,0.124908,0.867404,0.628796,0.103825,0.597307,2.42851,0.101251,0.0946798,0.292109,0.472501,2.27584
167.740952381,0.911255,0.00288867,1.00719,0.611332,0.098633,0.578051,2.14176,0.834846,0.138538,0.24747,0.427084,1.83099
167.787392290,1.03897,0.000449548,0.800936,0.688931,0.105435,0.248675,0.543001,2.06025,0.09653,0.347824,0.236738,1.79966
167.833832200,0.923625,0.000751887,1.01336,0.542504,0.405896,0.0976087,0.410058,2.59408,0.0694288,0.21018,0.373394,1.94269
167.880272109,0.899681,0.001299,1.1777,0.331702,0.445418,0.122301,0.507891,2.69102,0.0486596,0.110599,0.372366,2.02273
167.926712018,0.72256,0.0124606,1.27468,0.173114,0.18225,0.411232,0.464602,2.76132,0.0694627,0.105315,0.44815,1.98565
167.973151927,0.826669,0.105539,0.88993,0.198446,0.120218,0.305824,0.62693,2.72209,0.0501401,0.224352,0.631612,1.75798
168.019591837,0.957537,0.0195087,0.253842,0.709521,0.170295,0.139942,1.33828,2.13828,0.0627885,0.451572,0.445096,2.14831
168.066031746,0.610487,0,0.201707,1.79755,0.177884,0.0832647,1.83441,0.646072,0.113081,0.854686,0.213365,2.41945
168.112471655,0.177252,0,0.210595,2.24845,0,0.152371,1.78548,0.0174385,0.19975,1.31827,0.194296,2.43651
168.158911565,0.0951481,0.000354734,0.225243,2.04871,0,0.136299,1.73193,0,0.367669,1.36246,0.127072,2.51952
168.205351474,0.00874484,0.00109836,0.297678,1.7727,0,0.287141,1.8036,0.133695,0.433135,1.36259,0.17116,2.29722
168.251791383,0.0701933,0.0214844,0.230006,1.83021,0.0186873,0.0846111,2.05004,0.0431525,0.166218,1.50245,0.203599,1.87936
168.298231293,1.00421,0.00166917,0.253198,1.59828,0.0311165,0.0220933,2.21834,0.0317817,0,1.2466,0.181783,1.5378
168.344671202,1.0477,0.149889,0.347751,1.29527,0.00381928,0.0202437,1.76299,0.0308352,0.0986662,0.829502,0.116669,1.69883
168.391111111,0.616921,0.332325,0.356876,1.03769,0.369965,0.0984518,1.12918,0.411576,0.15703,0.100015,0.0516608,2.32505
168.437551020,0.13667,0.286366,0.502961,0.541055,0.35305,0.427493,0.714041,1.10332,0.168988,0.094637,0.0492799,2.55542
168.483990930,0.229512,0.173284,0.993633,0.35581,0.447357,0.696479,0.758171,1.17608,0.269981,0.146181,0.0743169,2.10588
168.530430839,0.203018,0.318869,0.659024,0.686463,1.80026,0.401879,0.571662,1.161,0.307965,0.149662,0.498229,2.05483
168.576870748,0.0829089,0.413137,0.312318,0.668636,2.89559,0.256856,0.668318,0.436687,1.08169,0.0888901,0.263562,2.43203
168.623310658,0.00402594,0.266822,0.432254,0.573909,3.0674,0.13938,0.793978,0,1.66919,0.0774785,0.453384,2.59066
168.669750567,0,0.00230947,0.517261,0.596446,2.87294,0.0487344,0.684482,0,2.21109,0.145478,0.347746,2.64375
168.716190476,0,0.00194145,0.546801,0.520555,2.87047,0.0440902,0.558671,0,2.20848,0.193213,0.115994,2.75378
168.762630385,0,0.000688169,0.591734,0.447762,2.81878,0.227805,0.82525,0,1.91621,0.102054,0.0910175,3.01211
168.809070295,0,0.0578161,0.608708,0.431746,2.55875,0.0960274,0.842025,0.130406,1.39628,0.0393689,0.135437,3.06265
168.855510204,0,0.0138357,0.64017,0.221757,1.84847,0.342293,0.806188,0.161169,1.21622,0.0333936,0.140247,3.31339
168.901950113,0,0.00338585,0.29214,0.534764,2.23138,0.102913,0.561897,0.34721,0.893658,0.0547134,0.223856,3.32565
168.948390023,0.0601813,0.00473845,0.00293983,1.28187,1.95814,0.231764,0.275176,0.756125,0.36537,0.151013,0.000291783,3.37928
168.994829932,0.482517,0.160095,0.00277837,1.24158,1.09496,0.495914,0.191552,1.05882,0.24413,0.341545,0.0512377,3.09923
169.041269841,0.971029,0.493854,0.208847,0.938299,0.811117,0.531713,0.291683,1.0202,0.0913354,0.296034,0.106622,2.55083
169.087709751,1.02214,0.630681,0.738958,0.649988,0.715383,0.154696,0.430603,1.0331,0.110866,0.395462,0.380738,2.17275
169.134149660,0.662745,0.458996,1.02937,0.160902,1.13463,0.418921,0.77633,1.21076,0.150555,0.663596,0.76456,1.47638
169.180589569,0.152142,0.236622,0.622472,0.0851546,1.47456,0.230807,1.0616,1.59702,0.0855595,1.61598,0.809117,0.723749
169.227029478,0,0.209864,0.212126,0.249658,1.69058,0.0748229,1.07758,1.4668,0.0761737,2.25391,0.61417,0.365185
169.273469388,0,0.306565,0.204033,0.356063,1.55541,0.0323473,0.808095,1.2863,0.0602901,2.44557,0.24484,0.36634
169.319909297,0,0.509348,0.201096,0.422999,1.40214,0.0455687,0.513552,1.15338,0.0875538,2.46523,0.135226,0.506205
169.366349206,0,0.841015,0.179006,0.381865,1.29247,0.0776308,0.195738,0.927378,0.168493,2.53547,0.175448,0.759897
169.412789116,0.039952,1.12688,0.140452,0.194962,1.30614,0.0841799,0.373754,0.582323,0.134762,2.53662,0.230513,0.915749
169.459229025,0.184685,1.15344,0.240512,0.149704,1.36495,0.0276844,0.523773,0.336998,0.344258,2.29566,0.581406,0.891723
169.505668934,0.351064,0.97808,0.291673,0.148602,1.36397,0.0737193,0.713189,0.122558,0.50715,1.98816,0.799707,0.867386
169.552108844,0.427098,0.546162,0.222769,1.44953,0.741964,0.0301935,0.739344,0.345793,0.598523,1.47358,0.353958,1.12392
169.598548753,0.565143,0.49905,0.119457,1.54584,0.326603,0.172188,0.675332,0.215299,0.45892,1.11322,0.358034,1.59206
169.644988662,0.866522,0.205386,0.148052,1.59826,0.500634,0.799366,0.549214,0,0.967988,0.529153,0.137003,1.53183
169.691428571,0.5965,0.0495708,0.279721,1.4105,1.07384,0.724639,0.211413,0.00418653,1.10337,0.426599,0.152872,2.10671
169.737868481,0.22856,0.0144243,0.492907,1.13592,2.36712,0.181964,0.1138,0.0751049,1.12769,1.03976,0.0412665,2.16704
169.784308390,5.3848e-05,0,0.402767,0.38211,3.4736,0.136758,0.0383459,0.103739,1.52399,0.969669,0.321937,2.23531
169.830748299,0.130235,0,0.373214,0.341424,3.5884,0.20146,0.0216943,0.0924452,1.6218,1.03554,0.110484,2.35444
169.877188209,0.318647,0.000998191,0.341421,0.496651,3.26023,0.198161,0.347344,0.0282698,1.10995,1.19406,0.129546,2.50229
169.923628118,0.522409,0.0835581,0.411748,0.654963,2.60632,0.200972,1.10336,0.0205015,0.517704,0.813248,0.219814,2.43011
169.970068027,0.367162,0.116089,0.469983,0.996926,1.49918,0.16782,2.04094,0.0129095,0.0654784,0.69841,0.251248,2.65203
170.016507937,0.0761466,0.0370256,0.316797,1.94147,0.22589,0.0903303,2.15802,0.0281737,0.0915655,0.818108,0.202018,3.1195
170.062947846,0.0841992,0.000593162,0.14991,2.29183,0.0364765,0.07471,2.23371,0.0115421,0.0605749,0.797432,0.202662,3.16045
170.109387755,0.0522942,0.00072095,0.15137,2.30291,0,0.108412,2.42067,0,0.0705715,0.673723,0.196048,3.19988
170.155827664,0.000645886,0.0408197,0.158302,2.24375,0.0682196,0.234375,2.37044,0.160614,0.071724,0.178454,0.16923,3.22003
170.202267574,0.334377,0.0694416,0.171653,2.09021,0.0902578,0.311861,2.20694,0.0859791,0.180586,0.0268238,0.745699,2.64329
170.248707483,0.977163,0.0502718,0.229664,1.79113,0.144681,0.661386,1.70423,0.0671172,0.38228,0.00237054,1.07402,2.26307
170.295147392,1.97621,0.177602,0.0922742,2.07687,0.131377,0.622089,0.818318,0.13152,0.562662,0.298532,0.904597,0.868757
170.341587302,1.92611,0.202577,0.00601233,2.23375,0.288732,0.358834,0.46822,1.19009,0.208884,0.757773,0.450904,0.183271
170.388027211,0.997022,0.179392,0.00594359,1.7749,0.265768,0.242954,0.329544,1.73405,0.160679,1.28883,0.429797,0.39124
170.434467120,0.227178,0.223657,0.0498848,0.303494,0.446674,0.0717796,0.275379,2.09226,0.402568,1.52451,0.612241,0.751113
170.480907029,0.135171,0.749818,0.0870889,0.139998,1.164,0.176207,0.291332,1.96997,0.135465,1.73817,0.683988,0.567623
170.527346939,0.122382,1.10446,0.000557044,0.354894,1.07954,0.0093974,0.494073,1.44808,0,2.06915,0.721637,0.861334
170.573786848,0.300029,0.609942,0.00145074,0.304633,1.43332,0,0.492382,0.95945,0,1.73329,1.11217,2.05362
170.620226757,0.0678308,0.733394,0.0570682,0.381282,1.83717,0.157692,0.584876,0.749375,0.0706075,0.603432,1.34261,2.48942
170.666666667,0.0173688,1.11395,0.0929331,0.804741,1.87143,0.28029,0.639342,0.464181,0.251255,0.357753,1.33172,2.16301
170.713106576,0.00513711,1.36166,0.121494,1.00621,1.89084,0.352493,0.673386,0.144332,0.264731,0.506871,1.14367,1.70706
170.759546485,0.0214369,1.1287,0.140603,0.946214,1.08013,0.301904,0.966196,0.614447,0.579973,0.535185,1.14743,1.36795
170.805986395,0.0446548,0.847637,0.38208,1.33008,0.61771,0.476564,1.55312,0.681591,0.67425,0.527665,0.962543,0.902332
170.852426304,0.195733,0.661989,0.358255,1.65688,0.498931,0.0446026,1.62679,0.730479,0.252249,0.374702,0.975893,1.12521
170.898866213,0.64856,0.828818,0.594742,1.50451,0.353349,0.318009,1.23646,0.418811,0.353107,0.201096,1.69397,0.700868
170.945306122,0.793764,1.01193,0.797376,1.23787,0.266165,0.707776,1.14613,0.528856,0.256088,0.299953,1.78402,0.517757
170.991746032,0.972257,0.864165,1.04909,0.873535,0.373839,0.606249,1.21588,1.21768,0.166413,0.233186,1.47579,0.322297
171.038185941,1.23052,0.406947,1.18464,0.459463,0.569734,0.219748,0.993394,1.46948,0.28473,0.44286,1.05556,0.380509
171.084625850,1.24871,0.00236641,1.2765,0.333468,0.69968,0.0947372,0.511115,1.41576,0.607082,0.48168,0.642135,0.469648
171.131065760,1.13563,0.00209433,1.33127,0.534088,1.61848,0.176541,0.38596,1.11561,0.759151,0.378114,0.350047,0.690329
171.177505669,1.06069,0.033071,1.00332,0.110765,2.69848,0.310486,0.394139,0.530108,0.887341,0.00385766,0.483213,1.17213
171.223945578,0,0.467602,0.370741,0.0148736,3.0618,0.476345,0.599753,0.214431,1.25429,0.00775827,0.655984,2.09155
171.270385488,0,0.837271,0.29067,0.158259,2.8072,0.441465,1.1161,0.0510451,1.27702,0.00584835,1.04148,1.8247
171.316825397,0,0.581771,0.229588,0.18356,2.778,0.264937,1.37941,0.0439712,1.73649,0.0189123,1.12231,1.87574
171.363265306,0.213561,0.00344375,0.283973,0.0135178,2.86187,0.299805,1.14162,0.0807515,2.16142,0.0501152,0.861572,2.0079
171.409705215,0.751146,0.00332568,0.304549,0.00662196,2.75492,0.0132202,0.953054,0.0958349,2.02782,0.159993,0.718985,1.67268
171.456145125,0.63839,0.00203706,0.318414,0.44382,2.91893,0.00866074,0.951395,0.31843,1.70147,0.227851,0.445153,1.5379
171.502585034,0.396627,0.00167749,0.246371,0.418119,3.30945,0.0236771,1.01389,0.380382,1.18235,0.0140646,0.673295,1.99312
171.549024943,0.0322399,0.239955,0.275319,0.0126656,3.12756,0.323361,1.13844,0.500471,0.643789,0.0114358,0.71993,2.39857
171.595464853,0,0.264298,0.501299,0.303088,2.34823,0.460813,1.18102,0.762921,0.375113,0.00597344,0.734575,2.46089
171.641904762,0.323107,0.253801,0.709799,0.325855,1.40839,0.408982,0.675851,0.943569,0.304914,0,0.997025,2.11866
171.688344671,0.110856,0.926244,1.0793,0.0612764,1.28527,0.507199,0.806726,1.02507,0.22955,0.170601,1.04112,0.807418
171.734784580,0.255902,1.17819,1.00152,0.0445244,0.925814,0.127871,0.943129,1.31505,0.014171,0.797389,0.904418,0.439223
171.781224490,0.358327,1.16735,0.673639,0.44628,0.700595,0.0109658,0.874863,1.80796,0.00538904,1.60123,0.540395,0.00355069
171.827664399,0.293902,1.44566,0.431396,0.215023,1.4909,0,0.365518,1.57484,0.00395138,1.98749,0.31678,0.0816077
171.874104308,0.00252151,1.89646,0.281063,0.0619551,2.13344,0.298741,0.277429,1.47682,0.0193916,2.11085,0.460085,0.328969
171.920544218,0.00733793,2.05699,0.199198,0.056048,2.28184,0.521903,0.348042,1.32357,0.0809968,2.24672,0.496496,0.266373
171.966984127,0.963526,1.45816,0.193288,0.059604,1.68234,0,0.682935,0.801243,0.128208,2.43146,0.456137,0.284687
172.013424036,1.80437,0.349352,0.165246,0.315798,1.01662,0,0.97196,0.424588,0.206764,2.42395,0.258686,0.320074
172.059863946,1.85076,0.00340492,0.140619,0.617393,0.835716,0.00095897,1.00195,0.290761,0.0545861,2.09199,0.129164,0.541508
172.106303855,1.71736,0.00285712,0.00918518,0.89007,0.547258,0,1.28214,0.0392257,0.058068,1.9512,0.138592,0.753727
172.152743764,0.868115,0.0716106,0.24883,0.750039,0.404517,0.211923,1.57449,0.118767,0.0928613,1.77161,0.0905786,0.821019
172.199183673,0.497573,0.222967,0.953495,0.452602,0.893964,0.0286473,1.28603,0.213338,0.224577,1.36621,0.115334,0.770928
172.245623583,0.619367,0.136879,1.18396,0.330968,1.77707,0.0942438,0.930788,0.196537,0.740675,0.66439,0.102333,1.46998
172.292063492,0.128186,0.017674,1.48205,0.45403,2.20514,0.0686908,0.574877,0.0888184,1.90855,0.241241,0.0654744,2.64953
172.338503401,0.114066,0.000531901,1.46094,0.544465,2.21337,0.087745,0.594405,0.088555,2.0345,0.0770021,0.105618,2.74965
172.384943311,0.0906709,0.178961,1.38984,0.575329,1.8303,0.08704,0.502841,0.247453,1.99108,0,0.0960836,2.74726
172.431383220,0.0194622,0.19389,1.15944,0.619741,2.20615,0.0149823,0.4147,0.259003,2.06523,0.0468446,0.0105357,2.5859
172.477823129,0.227986,0.13209,0.802622,0.61392,2.49386,0,0.614591,0.00705176,2.0188,0.145355,0.0563452,2.42108
172.524263039,0.0702099,0.00211749,0.121269,1.20228,1.76159,0.159988,0.892663,0.125037,0.70291,0.173765,0.25411,2.61362
172.570702948,0.0456979,0.0869162,0.0671024,1.15213,0.831249,0.186604,1.62987,0.135767,0.0335721,0.434544,0.220013,2.55883
172.617142857,0.0939135,0.136695,0.00448294,0.74421,1.09093,0.186931,2.08999,0.00460108,0.0615812,0.35415,0.000270907,2.37491
172.663582766,0.093665,0.171879,0.00919327,0.537032,0.887255,0.169772,2.57187,0.0174907,0.0588756,0.209773,0.00201153,2.99554
172.710022676,0.0505634,0.114841,0.320558,0.34672,0.746185,0.238434,2.71603,0.0052032,0.00137679,0,0.0886863,3.42769
172.756462585,0,0.00123961,0.383503,0.159176,0.735273,0.223074,2.77842,0.0249529,0.00108464,0.0151466,0.348339,3.40539
172.802902494,0.0151086,0.0992411,0.308984,0.07902,0.878491,0.0678212,2.73957,0.0796831,0.0282186,0.0138401,0.510221,3.1767
172.849342404,0,0.15884,0.187947,0.135917,0.859541,0.14397,2.58078,0.0614478,0.120134,0.0570902,0.603938,2.89852
172.895782313,0,0.228544,0.479411,0.245726,0.707368,0.372893,2.17339,0.0543391,0.135,0.266637,0.327614,2.79178
172.942222222,0.0524416,0.200771,0.85054,0.233316,0.914272,0.565747,0.954488,0.0387247,0.439815,1.26992,0.510012,1.63971
172.988662132,0.24887,0.0165568,1.16537,0.515527,0.569409,0.642589,0.408025,0.347838,0.431896,1.67906,0.145328,1.75482
173.035102041,0.348674,0.0322989,1.24914,0.37333,0.408623,0.711853,0.21259,0.398818,0.00199332,2.02028,0.308341,1.08467
173.081541950,0.803388,0.00474968,1.06947,0.342745,0.13332,0.665465,0.332982,0.428007,0.1556,1.48966,0.441912,0.869428
173.127981859,1.11342,0.0037406,0.966815,0.515751,0.0362835,0.680985,0.302193,0.364749,0.105012,1.32788,0.500608,0.516381
173.174421769,1.18805,0.116006,1.43096,0.364055,0.356358,0.553866,0.354886,0.527877,0,1.38447,0.501596,0.531123
173.220861678,1.37877,0.0803237,1.73584,0.252178,0.785365,0.352348,0.458483,0.476136,0.0316755,1.43068,0.614957,0.587058
173.267301587,1.42404,0.0302552,1.56302,0.455896,1.10642,0.275512,0.549513,0.456169,0.00153272,1.80813,0.754614,0.500398
173.313741497,1.08404,0.00923844,1.1784,0.550931,1.2667,0.392828,0.404319,0.640448,0,1.81642,1.00576,0.472955
173.360181406,0.920223,0.0158388,1.22077,0.66638,1.01855,0.385422,0.335268,0.660336,0.0784123,1.90247,0.856073,0.571378
173.406621315,0.692932,0.0144456,1.25293,0.695384,0.657032,0.423799,0.433861,0.574363,0.23115,1.61884,0.729696,0.759329
173.453061224,0.382281,0.156475,1.02649,0.591479,0.531655,0.654985,0.930369,0.492633,0.170139,1.47773,0.523408,1.03405
173.499501134,0.363506,0.170447,0.936269,0.443689,0.33728,1.17292,1.21143,0.0024819,0.0475576,1.64332,0.553531,1.14187
173.545941043,0.445174,0.00205881,0.957943,0.436001,0.183879,1.358,0.785711,0.186638,0.00623186,1.74996,0.897692,0.697898
173.592380952,0.432022,0.0031924,1.30855,0.335248,0.107801,0.868667,0.564873,0.535305,0.00370258,1.73928,1.02642,0.39342
173.638820862,0.209135,0.00360478,1.48551,0.524458,0.0559524,0.756064,0.442963,0.746643,0.000499587,1.61435,0.872619,0.402699
173.685260771,0.280446,0.00330995,1.24545,0.607716,0.10707,0.510062,0.659264,0.847218,0,1.45672,0.738901,0.938221
173.731700680,0.340619,0.0560905,0.857687,0.590267,0.44556,0.457095,0.724769,0.813501,0.0454037,1.64876,0.478021,1.21976
173.778140590,0,0,0,0,0,0,0,0,0,0,0,0
173.824580499,0,0,0,0,0,0,0,0,0,0,0,0
173.871020408,0,0,0,0,0,0,0,0,0,0,0,0
173.917460317,0,0,0,0,0,0,0,0,0,0,0,0
173.963900227,0,0,0,0,0,0,0,0,0,0,0,0
174.010340136,0,0,0,0,0,0,0,0,0,0,0,0
174.056780045,0,0,0,0,0,0,0,0,0,0,0,0
174.103219955,0,0,0,0,0,0,0,0,0,0,0,0
174.149659864,0,0,0,0,0,0,0,0,0,0,0,0
174.196099773,0,0,0,0,0,0,0,0,0,0,0,0
174.242539683,0,0,0,0,0,0,0,0,0,0,0,0
174.288979592,0,0,0,0,0,0,0,0,0,0,0,0
174.335419501,0,0,0,0,0,0,0,0,0,0,0,0
174.381859410,0,0,0,0,0,0,0,0,0,0,0,0
174.428299320,0,0,0,0,0,0,0,0,0,0,0,0
174.474739229,0,0,0,0,0,0,0,0,0,0,0,0