TIME,A,Bb,B,C,C#,D,Eb,E,F,F#,G,Ab
0.000000000,0,0,0,0,0,0,0,0,0,0,0,0
0.046439909,0,0,0,0,0,0,0,0,0,0,0,0
0.092879819,0,0,0,0,0,0,0,0,0,0,0,0
0.139319728,0,0,0,0,0,0,0,0,0,0,0,0
0.185759637,0,0,0,0,0,0,0,0,0,0,0,0
0.232199546,0,0,0,0,0,0,0,0,0,0,0,0
0.278639456,0,0,0,0,0,0,0,0,0,0,0,0
0.325079365,0,0,0,0,0,0,0,0,0,0,0,0
0.371519274,0,0,0,0,0,0,0,0,0,0,0,0
0.417959184,0.362679,0.80341,0.507697,0.388136,0.733458,0.417364,0.897748,0.407,0.474633,1.63953,0.897661,0.48183
0.464399093,0.646808,0.858668,0.641189,0.245107,0.745124,0.0944194,1.00436,0.398202,0.177339,1.39949,1.20622,0.500372
0.510839002,0.443227,0.708811,0.593129,0.341697,0.907716,0.107249,0.955027,0.566229,0.249433,1.44966,1.09978,0.711044
0.557278912,0.175884,0.671645,0.563877,0.703864,1.07361,0,0.815877,0.613478,0.280451,1.43557,1.13127,1.10444
0.603718821,0.0998267,1.12411,0.437795,1.08974,1.23725,0,0.685584,0.562358,0.301879,1.27278,1.08532,1.38537
0.650158730,0.373561,1.86329,0.316957,1.19262,1.07134,0.127744,0.822344,0.685753,0.285864,0.899822,0.94175,1.3994
0.696598639,0.436492,1.5631,0.192495,1.0286,0.644394,0.0674319,1.47917,0.922723,0.226882,0.509382,0.736481,1.25301
0.743038549,0.252296,1.27675,0.177498,1.02125,0.570003,0,1.62899,0.974736,0.11749,0.514135,0.723646,1.34269
0.789478458,0.19614,0.795376,0.754456,0.977719,0.450064,0.0269855,1.22717,0.937909,0.415152,0.276819,0.774484,1.5572
0.835918367,0.710038,0.543806,1.16168,0.850135,0.44483,0.311311,0.713393,0.501388,0.899868,0.306567,0.851469,1.40519
0.882358277,1.22209,0.733829,1.2771,0.798316,0.495346,0.182198,0.713132,0.897259,0.502801,0.367375,0.883648,0.719769
0.928798186,1.50687,0.733255,1.3223,0.64515,0.358734,0,0.696716,1.52279,0.13871,0.29876,0.728993,0.0426873
0.975238095,1.48883,0.366564,1.14448,0.444221,0.401387,0.0209134,0.565397,1.86731,0.29306,0.518908,0.456405,0
1.021678005,1.42333,0.0989111,1.10176,0.451602,0.834654,0.0269935,0.168051,1.83074,0.597127,0.576504,0.113085,0.0247697
1.068117914,1.39422,0.186334,1.19978,0.308949,1.93124,0.0237687,0.182278,1.27693,0.651893,0.547197,0.059716,0.704395
1.114557823,1.02368,0.133164,1.01367,0.152055,3.10605,0.126395,0.417507,0.417193,0.97331,0.161388,0.0312495,1.43262
1.160997732,0.304977,0,0.67384,0.0259384,3.75448,0.00132018,0.736019,0.105019,1.3857,0.0373766,0.00824077,2.23027
1.207437642,0.000405252,0.00116143,0.249814,0.0535316,3.76651,0.00182385,0.72628,0.00196847,1.94092,0.00872311,0,2.68247
1.253877551,0.00741005,0.000441164,0.153028,0.0967627,3.68246,0.00465258,0.533201,0.0548901,2.29058,0.142718,0.0097399,2.7804
1.300317460,0.565874,0.053289,0.18792,0.0801215,3.59258,0.00559589,0.56056,0.0547792,2.29984,0.100209,0.0107054,2.24779
1.346757370,0.815024,0.383123,0.395689,0.0129693,3.33849,0.0943483,0.66512,0.0892513,2.01439,0.0608005,0.0037835,1.29413
1.393197279,0.983007,0.491958,0.403663,0.00999667,3.14761,0.178856,0.633989,0.0102206,1.59756,0.0577103,0.0121551,1.88934
1.439637188,0.85445,0.274063,0.236566,0.0739342,3.18513,0.356369,0.912277,0.000872094,1.21015,0.0219029,0.0104335,2.72499
1.486077098,0.790474,0,0.801958,0.107221,2.69482,0.467563,0.955456,0.231925,0.771289,0.0130945,0,2.86626
1.532517007,1.02317,0.0432122,0.978858,0.507294,1.27651,0.432509,0.737989,0.524039,0.596083,0.0795562,0,2.30222
1.578956916,0.869051,0.265148,1.12376,0.45428,0.915212,0.773922,0.497244,0.879508,0.493294,0.133133,4.58227e-06,1.0833
1.625396825,0.127252,1.03231,1.31551,0.0946694,1.53027,0.718728,0.462118,1.10403,0.442635,0.71807,0.032731,0.510938
1.671836735,0.178152,1.23683,1.06192,0.0968964,1.35541,0.40802,0.637287,1.45177,0.354984,1.44363,0.0904991,0.14289
1.718276644,0.254217,1.2735,0.574194,0.191246,1.30614,0.213523,0.507127,1.82845,0.279136,2.04119,0.116477,0.096055
1.764716553,0.232656,1.45145,0.426254,0.118674,1.56449,0.0147538,0.224744,1.40118,0.0975501,2.82932,0.0723247,0.0362031
1.811156463,0.14517,1.79389,0.178722,0.152765,1.92167,0.0282552,0.245052,1.12507,0.00989485,3.37762,0.0237793,0
1.857596372,0.00721602,2.01132,0,0.146112,2.20429,0.00134384,0.318702,1.00824,0.0429331,3.67894,0.0315509,0
1.904036281,0.00183024,2.08342,0.00883531,0.0421824,2.39081,0.0675581,0.180193,0.796086,0.109354,3.68304,0.096161,0
1.950476190,0.0767065,2.04929,0.0130728,0.0421648,2.33274,0.0836078,0.0917356,0.608625,0.0961021,3.58981,0.164894,0
1.996916100,0.191679,2.00786,0.0048967,0.0548015,2.02081,0.0991825,0.214223,0.736148,0.0802333,3.31876,0.214973,0.0170123
2.043356009,0.23571,1.89826,0.121474,0.159897,1.65698,0.110819,0.180629,1.02877,0.129909,3.0229,0.211655,0
2.089795918,0.0774406,1.69253,0.266546,0.405122,1.44292,0.154553,0.0876375,1.01862,0.502229,2.70144,0.487506,0
2.136235828,0.000474104,1.45001,0.332084,0.351738,1.93154,0.216492,0.0641854,0.704158,0.710422,2.14111,1.00342,0.775506
2.182675737,0.123159,0.861402,0.308337,0.0502068,2.26555,0.0560875,0.597121,0.713344,0.723326,1.33619,0.64643,1.87743
2.229115646,0,0.589997,0.249609,0.04731,2.74285,0.0276805,0.83698,1.02851,0.665245,0.650516,0.165168,2.93682
2.275555556,0,0.0535868,0.270479,0.0565597,3.35914,0.0537972,0.97075,0.86814,0.619396,0.00900574,0.0761972,3.04829
2.321995465,0,0.0471927,0.142815,0.0974181,3.56917,0.0522482,1.00637,0.407547,0.532819,0.00435834,0.319439,3.02009
2.368435374,0.000211201,0,0,0.102554,3.39822,0.0541293,1.28646,0.14516,0.48272,0.0330349,0.315506,3.05994
2.414875283,0.0835802,0.0941542,0,0.355659,2.71039,0.0439423,1.49122,0.369888,0.0391801,0.0306094,0.0869834,3.04842
2.461315193,0.359776,0.318968,0,0.610156,2.1964,0.013816,1.43784,0.597528,0.0131022,0.0983823,0,2.83518
2.507755102,0.331925,0.631407,0.0419743,0.900109,1.95355,0.000745978,1.31905,0.931961,0.0321964,0.22392,0.00429771,2.61015
2.554195011,0.24697,1.01676,0.357072,1.08082,1.74478,0,1.16982,1.0039,0.0189124,0.25915,0,2.95981
2.600634921,0.00393641,1.0797,0.440784,1.21268,0.70642,0,1.74934,0.680059,0.073181,0.112591,0,3.75892
2.647074830,0.0089805,0.755537,0.415555,1.75882,0.797685,0.132238,2.00805,0.0251619,0.0477821,0.0945871,0.0313671,3.50037
2.693514739,1.10378,0.185571,0.181368,1.94958,0.830721,0.340399,1.83325,0.377875,0.6271,0.00421399,0.167748,2.09531
2.739954649,1.00867,0.00113386,0.0986424,1.81799,0.670569,0.627279,0.786797,0.732115,1.04877,0.0200388,0.449867,2.06874
2.786394558,0.898701,0.13341,0.0419699,1.46135,0.532044,0.732127,0.511878,1.008,1.03925,0.0441495,0.380434,1.68022
2.832834467,1.14212,0.47997,0.00338146,1.21944,0.722197,0.405217,0.567649,1.05987,0.568261,0.443238,0.220234,0.735991
2.879274376,0.837355,0.712396,0.0130538,1.31909,1.03382,0.0233081,0.55173,1.2585,0.0328974,1.47319,0.144265,0.411023
2.925714286,0.200382,0.841262,0.0154326,0.830667,1.35697,0.0194318,0.561854,1.47327,0.00520316,2.26845,0.321251,0.212485
2.972154195,0.143918,0.657521,0.00404367,0.715563,1.77666,0.019167,0.368658,1.50152,0.000555868,2.74312,0.503015,0.340097
3.018594104,0,0.550964,0.00241881,0.905787,2.05093,0.018935,0.187657,1.30717,0,2.73662,0.492506,0.608447
3.065034014,0.148732,0.28407,0.0378828,0.789227,2.21862,0.0173356,0.548341,0.952164,0.220183,2.16116,0.827987,0.691502
3.111473923,0.317002,0.326093,0.512302,0.616672,1.78951,0.0734282,0.689612,0.269811,0.17699,1.61051,1.08341,0.873286
3.157913832,0.261547,0.172309,0.844603,1.312,0.556967,0,1.91356,0.0868775,0.00563447,1.2081,0.800725,1.47554
3.204353741,0.0934939,0.163881,0.561623,1.76897,0.397591,0.00834924,2.06764,0.0421738,0.0265369,0.924178,0.547813,2.36582
3.250793651,0.0700058,0.218224,0.297164,2.17989,0.175912,0.0253196,2.35493,0.10565,0.0749093,0.604909,0.180842,2.61475
3.297233560,0.10347,0.0441425,0.196333,1.84119,0.233348,0.0849186,2.13517,0.463799,0.177421,0.613796,0.172763,3.29137
3.343673469,0.107741,0.0124774,0.0410888,1.90412,0.144686,0.114454,2.16437,0.504469,0.0848018,0.778271,0.0768802,3.76031
3.390113379,0.0827373,0.00138537,0.00533749,1.6111,0.144302,0.0571822,1.93191,0.26856,0.532339,0.715564,0.0947783,3.83115
3.436553288,0.208611,0.0016617,0.00459583,0.949907,0.13288,0.024179,1.61947,0.50605,0.558739,0.560654,0.0760218,3.75725
3.482993197,0.638985,0.00298262,0.00452445,0.482463,0.381417,0.0141442,1.56109,0.616179,0.272755,0.532649,0.0401467,3.20284
3.529433107,0.842615,0.0856052,0.0550474,0.199718,0.687256,0.00476578,1.2892,0.804986,0.0666511,0.658603,0.208949,2.33264
3.575873016,0.441406,0.147992,0.843722,0.439793,1.53443,0.0239479,0.672674,0.827839,0.096609,0.780701,0.211889,1.61747
3.622312925,0.148766,0.060918,0.805169,0.508836,2.01265,0.0661021,0.333759,0.509594,0.955161,0.29944,0.0684393,1.76153
3.668752834,0,0.0205237,0.556421,0.341645,2.59228,0.116302,0.292195,0.122262,1.98217,0.0649631,0.10725,2.20981
3.715192744,0,0.00358072,0.277882,0.417742,2.95287,0.153391,0.241024,0.0415494,2.2373,0.0462598,0.118523,2.49294
3.761632653,0,0.00335956,0.270524,0.48767,2.73565,0.115941,0.236436,0.047859,2.34747,0.174026,0.0961916,2.53593
3.808072562,0,0.00250469,0.25333,0.507297,2.41796,0.0800705,0.488295,0,2.31403,0.23694,0.0674222,2.62455
3.854512472,0.0662174,0.0615342,0.179068,0.242167,2.07428,0.17672,0.751299,0.0211334,2.19342,0,0.107564,2.71909
3.900952381,0,0.174764,0.246226,0.192916,1.79432,0.314852,1.00971,0.0230908,2.22098,0.0495087,0.0622792,2.87258
3.947392290,0,0.182314,0.389723,0.179523,1.60463,0.416449,1.21726,0.0168524,2.03095,0.186235,0.108906,2.93185
3.993832200,0,0.0033313,0.46624,0.833659,1.68641,0.206597,1.2628,0.0706054,1.38657,0.299491,0.0490119,3.08966
4.040272109,0.1483,0.00365779,0.423954,1.00052,1.57105,0.0508843,1.11719,0.537081,0.112537,0.512377,0.040642,2.57899
4.086712018,0.628082,0.00304765,0.318217,1.23721,1.2851,0.0364907,0.936223,0.837397,0.0915514,0.676103,0,1.95469
4.133151927,0.984684,0.222574,0.22434,1.14476,1.26793,0.0347382,1.19319,1.06386,0.096794,0.783893,0.0148335,1.42047
4.179591837,1.14524,0.361571,0.344909,0.840154,1.15298,0,1.57039,0.855149,0.465273,0.687035,0.0552844,1.08963
4.226031746,0.718355,0.431757,0.540743,0.252167,1.04028,0.409328,1.02395,0.976709,0.831521,0.662348,0.604883,0.858105
4.272471655,0.275192,0.494675,0.554134,0.223768,1.67945,0.378835,0.173489,1.03112,0.810624,0.916174,0.463127,0.334699
4.318911565,0.00212893,1.16709,0.0397255,0.203542,1.77535,0.0863247,0.118627,1.06561,0.61291,1.80637,0.380071,0.375116
4.365351474,0,1.35868,0.0216721,0.339412,1.63383,0.00289396,0.26497,1.2044,0.390049,2.14835,0.305709,0.464331
4.411791383,0,1.38278,0.00770869,0.727453,1.65802,0.0990359,0.357969,1.07067,0.261096,2.19644,0.341334,0.551566
4.458231293,0,1.22464,0.0655614,0.772572,1.57652,0.138516,0.371256,0.892748,0.406468,2.05378,0.300267,0.79415
4.504671202,0,0.864452,0.181713,0.749591,1.63084,0.0862644,0.469198,0.773397,0.606151,1.63872,0.269079,1.01326
4.551111111,0,1.04808,0.272347,0.524356,1.669,0.0890518,0.521718,1.06252,0.478939,1.29461,0.653556,0.973327
4.597551020,0,0.959967,0.292687,0.568526,1.20656,0.123412,0.558073,1.20082,0.627211,1.3157,0.539271,0.753442
4.643990930,0.969537,0.568433,0.274782,1.48511,0.929772,0.465471,0.394101,0.666312,0.818539,1.17936,0.608409,0.650537
4.690430839,1.21467,0.546266,0.240187,1.40477,0.693381,0.535923,0.349197,0.722199,0.860021,0.704678,0.876266,0.410252
4.736870748,1.5596,0.275786,0.216159,1.5407,0.296569,0.218652,0.57356,0.529707,0.515934,0.70277,0.711806,0.445673
4.783310658,1.49726,0.219958,0.0663194,1.71483,0.460744,0.182547,0.997101,0.0228079,0.28075,0.998255,0.302066,0.85867
4.829750567,0.97044,0.299712,0.225294,1.49742,1.37136,0.0738297,1.40691,0.00607928,1.19676,0.767814,0.158801,1.10658
4.876190476,0.487382,0.133502,0.616258,0.519657,2.39309,0.100027,1.01806,0.0881192,1.72997,0.126335,0.328389,1.38
4.922630385,0.129664,0.0650118,0.488073,0.545792,2.34105,0.0140444,1.01416,0.119579,1.74114,0.391944,0.399709,1.87794
4.969070295,0.0187873,0.151332,0.422228,0.59557,1.90388,0.0286623,1.20747,0.179422,1.27893,0.811532,0.558124,2.33377
5.015510204,0.0939269,0.192938,0.251169,0.519332,1.60942,0.0341552,2.12167,0.194082,1.01877,0.554128,0.725501,2.44013
5.061950113,0.164242,0.147086,0.208104,0.6334,0.717496,0.0591178,2.94758,0.0348882,0.584793,0.391416,0.368737,2.75168
5.108390023,0.00735769,0,0.235307,1.45001,0.0935985,0.327945,2.83901,0.0397904,0.210389,0.838647,0.0304594,2.81102
5.154829932,0.0146867,0.0300088,0.153313,2.0792,0.0228039,0.155365,2.79029,0.0133376,0.15622,0.971012,0.0434037,2.59358
5.201269841,4.63067e-05,0.0811359,0.176236,2.21535,0,0.157237,2.72291,0.00129079,0.0924937,0.801488,0.149729,2.86929
5.247709751,0.016762,0.163519,0.183277,2.19743,0,0.160818,2.86741,0.161735,0.0923708,0.60672,0.488341,2.9462
5.294149660,0.278409,0.165838,0.0585712,1.86124,0.0543127,0.236526,2.99651,0.190098,0.142981,0.616998,0.153829,3.02956
5.340589569,0.928338,0.223,0.00731405,1.13955,0.112888,0.501104,2.40591,0.179462,0.149113,0.716597,0.00200517,2.63708
5.387029478,1.42243,0.179298,0.00454279,0.823357,0.148514,0.509554,1.59279,0.219603,0.119613,0.641384,0.00011208,1.98638
5.433469388,1.45343,0.0238024,0.00486222,0.932942,0.172478,0.483923,1.33621,0.430582,0.0627367,0.516371,0.173156,1.93017
5.479909297,1.25066,0.00275501,0.297843,0.749752,0.211283,0.243273,1.78479,0.550528,0.0053183,0.463414,0.298338,1.80134
5.526349206,1.05303,0.00284625,0.901759,0.475452,0.170378,0.590688,1.6949,0.678117,0.00309714,0.424979,0.655803,1.79077
5.572789116,1.2353,0.00275343,1.08597,0.740198,0.0999819,1.02477,1.49836,0.91544,0.000883193,0.765313,0.462827,2.04158
5.619229025,1.1946,0,1.22579,0.580396,0.113118,0.904311,1.35404,1.02688,0.000478996,0.799509,0.388379,2.19129
5.665668934,0.845184,0,1.0948,0.651326,0.0936141,0.675574,1.26347,1.11863,0.0241389,0.668148,0.4937,2.26235
5.712108844,0.430028,0.0726994,0.620738,1.07009,0.10098,0.77058,1.5036,0.874857,0.041568,0.581674,0.356988,2.40895
5.758548753,0.185741,0.00367198,0.313053,1.51202,0.110006,0.618829,1.71668,0.142688,0.10041,0.820145,0.00108897,2.83236
5.804988662,0.097599,0,0.224273,1.4006,0.128432,0.272148,2.0168,0.0718041,0.31639,0.903853,7.25297e-05,3.24437
5.851428571,0.0436139,0,0.197472,1.4193,0.109041,0.27332,1.9652,0.120379,0.411735,0.64019,0,3.38886
5.897868481,0,0.111049,0.27901,1.56708,0.10566,0.296168,1.86886,0.331902,0.469412,0.339407,0.0186517,3.19621
5.944308390,0.490606,0.00774972,0.264131,1.56161,0.0717535,0.273928,1.87868,0.398114,0.35999,0.168788,0,2.67523
5.990748299,1.10977,0.00360787,0.0644728,1.37708,0.0457349,0.447685,1.89172,0.869521,0.0663753,0.16166,0,1.61558
6.037188209,1.48537,0.00321199,0.154337,1.3148,0.0876065,0.54492,1.68668,0.743152,0.125531,0.143904,0.0184939,1.50587
6.083628118,1.18528,0.0589904,0.340176,0.965281,0.116569,0.569943,1.08981,0.847529,0.319766,0.153357,0.246979,1.78637
6.130068027,0.645235,0.130503,0.554058,0.491707,0.997073,0.420305,1.14678,1.52324,0.601027,0.071438,0.449867,1.74297
6.176507937,0.362119,0.370432,0.111108,0.508841,1.55876,0.0326433,0.887592,1.95871,0.548656,0.0186201,0.338274,1.83694
6.222947846,0.0950381,0.441539,0.102128,0.700334,1.99414,0.0975672,0.77196,1.75498,0.450372,0.0624889,0.144988,2.1881
6.269387755,0,0.300772,0.366724,0.492665,2.43164,0.212123,0.648403,0.867554,1.24007,0.0984472,0,2.84536
6.315827664,0,0.00584126,0.488436,0.377448,2.66608,0.0701124,0.705852,0.0560215,2.00477,0.0735563,0.0174028,2.70406
6.362267574,0,0.00723336,0.272598,0.241794,2.85571,0.0271596,0.637022,0.0424691,2.10695,0.152739,0.12521,2.80135
6.408707483,0.0247406,0.00278474,0.253688,0.18469,2.87753,0.0479353,0.714588,0.00122253,1.97302,0.0672968,0.422399,2.74602
6.455147392,0.0514048,0.0220724,0.405142,0.171926,2.76247,0.273612,0.517436,0.043844,1.82322,0,0.178509,2.64408
6.501587302,0,0.086351,0.605485,0.214399,2.57118,0.415538,0.540406,0.0566392,1.73566,0.162178,0.00781172,2.40351
6.548027211,0,0.0864415,0.860099,0.452077,2.66943,0.28988,0.51576,0.0573952,1.36894,0.199029,0.000189347,2.52364
6.594467120,0,0.00222357,0.674065,1.27903,1.26959,0.474877,0.68099,0.989687,1.18606,0.287902,0,3.283
6.640907029,0.143024,0.0187623,0.399272,1.63473,0.816697,0.30937,0.933585,1.25815,0.230741,0.509159,0,3.04558
6.687346939,0.58502,0.0889643,0.205501,1.76631,0.518376,0.287313,0.940273,1.69537,0.108033,0.701494,0.01388,2.20755
6.733786848,1.09814,0.159102,0.30658,1.17575,0.167792,0.326311,0.607522,2.0962,0.0922204,0.570174,0.110638,1.99684
6.780226757,0.813225,0.377772,0.606599,0.391916,0.630719,0.526144,0.420667,2.35646,0.105975,0.275357,0.287301,1.71259
6.826666667,0.16535,0.319778,1.18381,0.0109245,1.3326,0.687495,0.418058,2.40494,0.0988901,0.0842946,1.02654,1.38046
6.873106576,0,0.554152,0.715093,0.118968,1.85796,0.212811,0.484521,1.86266,0.238696,0.302608,1.2138,0.931347
6.919546485,0,0.491166,0.179745,0.306109,2.24386,0.0952301,0.259648,1.67051,0.232174,1.24904,0.438071,0.781043
6.965986395,0,0.672382,0.156823,0.572944,2.61173,0.142468,0.204469,1.54122,0.359368,1.75208,0.173785,0.976535
7.012426304,0,0.567692,0.169026,0.631859,2.57671,0.0789659,0.120045,1.51841,0.414286,1.97591,0.121875,1.21083
7.058866213,0.0895643,0.138002,0.157725,0.572905,2.27257,0.070001,0.00518728,1.54103,0.449836,2.08958,0.00244154,1.27285
7.105306122,0.0879471,0.15661,0.14886,0.699,1.91355,0.0970098,0.00862062,1.71289,0.184801,1.99704,0.00967209,1.22035
7.151746032,0.00807367,0.610543,0.115751,0.997678,1.64867,0.0205132,0.117911,1.90832,0.0414476,1.82096,0.0138421,1.02213
7.198185941,0,1.69141,0.0356252,0.803186,1.23839,0,0.314821,1.83289,0.0101796,1.91857,0.0329441,0.592913
7.244625850,0.779142,1.38341,0.0379777,0.928858,1.11516,0.334576,0.190612,0.9898,0.319592,1.59024,0.0816401,0.578141
7.291065760,0.699907,0.827419,0.106991,1.0334,0.952233,0.653882,0.0373327,0.949682,0.558645,1.29222,0.104208,0.942491
7.337505669,0.500211,0.397483,0.0102424,1.27319,0.873726,0.545564,0.0115308,1.00398,0.386218,1.22065,0.345554,1.48628
7.383945578,0.560004,0.177994,0.240238,1.59763,0.915438,0.465401,0.229524,0.76073,0.329716,1.08118,0.00152841,2.0998
7.430385488,0.446505,0.00024307,0.485561,1.53083,1.3748,0.0652353,0.693174,0.0955762,0.866427,0.873983,0.00217165,2.60421
7.476825397,0.375922,0.00144748,0.589668,0.579669,2.19738,0.00877606,0.824806,0.129726,1.34838,0.838278,0.135008,2.58274
7.523265306,0.432483,0.000819151,0.761813,0.520393,2.00116,0.0116961,0.933644,0.122444,1.30531,1.03755,0.0188255,2.43449
7.569705215,0.255174,0.00773199,0.852907,0.711314,1.62977,0.171138,1.16854,0.0936165,1.05033,1.16543,0.0213133,2.36478
7.616145125,0.037966,0.0871274,0.890011,0.71892,1.39016,0.317679,1.61704,0.0679497,0.79665,0.980916,0.00584107,2.54185
7.662585034,0.092903,0.073574,0.921815,0.913359,1.03223,0.467905,2.03359,0.0452029,0.522441,0.473394,0.0207438,2.95438
7.709024943,0.147462,0.000713642,0.709117,1.78763,0.254694,0.164176,2.22524,0.0470842,0.260783,0.298908,0.00401478,3.2475
7.755464853,0.120487,0.00150641,0.113836,2.23548,0.0976602,0.0196962,2.32388,0.00475033,0.112896,0.823445,0.167056,3.24502
7.801904762,0.0710874,0.020175,0.199337,2.07035,0.0884087,0.0272468,2.6809,0.0696673,0.111905,1.02135,0.356296,3.09323
7.848344671,0.0993935,0.245087,0.203731,1.276,0.0865941,0.145076,2.90063,0.0456081,0.102542,1.10199,0.493124,2.61006
7.894784580,1.17628,0.310879,0.0682576,0.470345,0.096917,0.339387,2.74805,0.0246988,0.15156,1.2808,0.192424,2.01909
7.941224490,1.33412,0.578871,0.076249,0.729684,0.437192,0.464496,1.59582,0.137864,0.0748089,1.1103,0.0655795,1.37892
7.987664399,1.37633,0.548884,0.106047,0.928115,0.676039,0.529078,0.188907,0.291893,0.170337,0.975744,0.0810946,0.834281
8.034104308,0.880336,0.319812,0.0285912,1.11975,1.0943,0.251092,0.185518,0.773834,0.567199,0.795146,0.247685,0.49303
8.080544218,0.121592,0.304666,0.0128554,0.897718,1.79238,0.164875,0.102452,0.947257,0.778748,0.766038,0.39946,0.480551
8.126984127,0.0363124,0.594515,0.0115778,0.534586,2.4831,0.0795872,0.0570186,1.06188,0.397848,1.01861,0.480884,0.526428
8.173424036,0,0.552044,0.00681877,0.782445,2.38017,0,0.182041,1.11896,0.206196,1.03081,1.15761,0.62351
8.219863946,0.0391692,0.30316,0.346139,0.526099,1.45817,0,0.582005,1.06154,0.618294,0.684723,1.31746,1.32878
8.266303855,0.136097,0.0925646,0.747602,0.610021,0.286685,0,0.968792,0.572099,0.720619,0.668111,1.14438,2.14996
8.312743764,0.0625781,0.00127041,0.963464,1.32156,0.0033937,0.000290825,2.35977,0.0886002,0.240165,0.604462,0.691821,2.43448
8.359183673,0.148371,0.00117611,0.592164,1.39159,0,0.0112821,2.56489,0.0149717,0.115661,0.691074,0.47847,2.5425
8.405623583,0.199736,0.00161618,0.264701,1.13168,0,0.0835217,2.37355,0.0107742,0.123024,0.903974,0.0443517,2.68987
8.452063492,0.232789,0.148371,0.304689,0.558798,0.0969694,0.285052,1.74686,0.162936,0.119383,0.808715,0.0416821,3.33849
8.498503401,0.341429,0.0852073,0.297878,0.954897,0.133666,0.174433,2.13442,0.383432,0.101861,0.727647,0.10311,3.6167
8.544943311,0.859028,0.0419594,0.465309,1.32577,0.123967,0.176788,2.33166,0.185571,0.0123832,0.773111,0.0107163,3.29901
8.591383220,1.00282,0.00228148,0.471615,1.13087,0.0991544,0.34207,1.72143,0.126678,0.0968665,0.79674,0.0275831,2.85702
8.637823129,0.928685,0.0254213,0.513328,0.910224,0.247044,0.69674,0.904171,0.123123,0.446198,0.519973,0.150707,1.98656
8.684263039,0.899296,0.0267846,0.491601,1.04605,0.454273,0.563209,0.652056,0.46081,0.646895,0.120008,0.460078,1.47866
8.730702948,0.700033,0.0868375,0.594645,0.887915,0.885807,0.393733,0.538481,0.445652,1.10944,0.153986,0.414485,1.79847
8.777142857,0.369709,0.0762213,0.862164,0.706575,1.77273,0.0193365,0.484881,0.343816,1.72535,0.162968,0.341559,2.22248
8.823582766,0,0.0422512,0.901755,0.477948,2.43765,0.00137428,0.445051,0.241197,1.99097,0.261358,0.31676,2.3934
8.870022676,0,0.004021,0.836676,0.361611,2.90388,0.000620093,0.430607,0.0126424,1.99264,0.387696,0.542531,2.5263
8.916462585,0,0.00419067,0.625847,0.368299,3.27,0.0044809,0.466731,0.0146248,1.92185,0.462309,0.724591,2.38915
8.962902494,0,0.00290487,0.503506,0.401401,3.30229,0.0813048,0.311975,0,2.11009,0.471836,0.704753,2.3174
9.009342404,0,0.00239279,0.441098,0.481869,3.21129,0.14017,0.360713,0.0229845,2.28581,0.335239,0.404217,2.01689
9.055782313,0,0.116841,0.397992,0.363856,2.89881,0.316496,0.549601,0.469371,2.11644,0.366531,0.0740056,1.73783
9.102222222,0,0.150761,0.51406,0.510821,2.34326,0.310966,0.720833,0.431689,2.06412,0.31485,0.0293755,1.73892
9.148662132,0.0622296,0.0953291,0.621517,1.02665,1.82821,0.228627,0.67753,0.0636835,1.85777,0.317587,0.000129961,1.84244
9.195102041,0.455667,0.00161478,0.35684,1.27449,1.48747,0.133338,0.598217,0.0706768,1.46824,0.779078,0.00809704,1.71267
9.241541950,0.96457,0.00701143,0.186368,1.29673,1.05838,0.00645715,0.618875,0.272017,1.16,0.762949,0.144943,1.24329
9.287981859,1.22011,0.0015536,0.0392478,1.18797,0.794871,0.214563,0.901157,0.722022,0.619677,0.631767,0.064258,1.14654
9.334421769,1.14871,0.00118377,0.0345037,0.923174,0.62284,0.187246,1.18594,0.962621,0.611734,0.314812,0,1.48647
9.380861678,0.68457,0.277727,0,0.487759,0.7344,0.138783,1.24405,1.04562,0.572689,0.502843,0,2.01012
9.427301587,0.67769,0.515518,0.222252,0.244724,0.985154,0.139068,0.76696,1.5396,0.613383,0.93528,0.00171031,1.30731
9.473741497,0.593213,0.614357,0.224903,0.652173,1.15629,0.134053,0.576548,2.07556,0.183383,1.15965,0.0525696,0.553094
9.520181406,0.122615,0.998284,0.189061,0.690257,1.38652,0.151375,0.639658,2.15182,0.0604707,1.79974,0.143136,0.106392
9.566621315,0,1.25068,0.156092,0.674601,1.71414,0.0974133,0.723933,1.83794,0.0102107,2.14344,0.113008,0.164251
9.613061224,0.00433408,1.21947,0.14526,0.70481,1.78558,0.0618599,0.584033,1.41737,0,2.36996,0.150601,0.468769
9.659501134,0,1.05421,0.0508213,0.628813,1.82889,0.0196621,0.396389,1.23466,0,2.45836,0.386111,0.712955
9.705941043,0,0.696706,0.231074,0.495692,1.72781,0.0978947,0.411437,1.068,0.00764207,2.10203,0.483264,0.754031
9.752380952,0.000564763,0.572781,0.283899,0.454286,1.61723,0.139281,0.316707,1.20547,0.0301191,1.78509,0.986038,0.650371
9.798820862,0.45465,0.834063,0.161107,0.776486,1.23793,0.206615,0.320553,1.44038,0.0593094,1.62322,1.00523,0.719833
9.845260771,0.983806,0.124055,0.0118623,1.41292,0.573328,0.365645,0.171855,1.0221,0.0958869,1.33622,0.636302,1.2687
9.891700680,0.987209,0.0658392,0.0341049,1.3895,0.263933,1.00602,0.218487,0.369885,0.271759,1.32805,0.457441,1.3566
9.938140590,0.965176,0.0253674,0.0444973,1.61122,0.624411,1.09654,0.426774,0.0208939,1.22755,0.799941,0.193464,1.26074
9.984580499,0.408991,0.0404553,0.0788523,1.32699,1.08472,1.03627,0.506013,0.0851341,1.71838,0.613851,0,2.10609
10.031020408,0.168397,0.0678996,0.451354,0.944011,1.89376,0.185902,0.476148,0.189379,1.74692,0.19236,0,2.17358
10.077460317,0.0136706,0.089011,0.38938,0.673648,2.55619,0.043193,0.47295,0.142572,1.66766,0.212549,0.249877,2.34181
10.123900227,0,0.0811574,0.112471,0.529781,2.73806,0.0973245,0.725662,0.0760753,1.68416,0.198692,0.289509,2.68059
10.170340136,0,0.0411787,0.0203585,0.65742,2.45532,0.095686,1.10898,0.0594437,1.50212,0.130257,0.169371,2.81771
10.216780045,0,0.00111629,0.0549612,1.44165,1.41743,0.0351878,1.57108,0.042506,1.30616,0.0999273,0.00016953,3.00873
10.263219955,0.0278013,0.0894462,0.116777,2.17072,0.0797282,0.0437868,2.06674,0.0329373,1.27366,0.374046,0.0587523,3.09515
10.309659864,0.0613235,0.365774,0.131153,2.34839,0.0747789,0.335864,2.19557,0.0139577,0.210514,0.838083,0.190829,3.05711
10.356099773,0.0610664,0.633803,0.0754677,2.29357,0.0624165,0.485107,1.93266,0.00242309,0.0729064,0.843483,0.400852,3.41737
10.402539683,0.0395791,0.739525,0.167104,2.14774,0.0490448,0.725546,1.63818,0.0333549,0.0681169,0.62667,0.449913,3.73444
10.448979592,0,0.674198,0.0370412,1.93823,0.0333922,0.947547,1.55849,0.0464031,0.0529801,0.654596,0.216976,3.62686
10.495419501,0.494193,0.329267,0.0745714,1.44352,0.0465084,1.11775,1.64495,0.147431,0.393575,0.820231,0.263545,2.46917
10.541859410,1.21557,0.398386,0.138317,1.03596,0.15819,1.11123,1.01058,0.681625,0.663558,0.803676,0.272014,1.44916
10.588299320,1.7409,0.346323,0.129654,1.2073,0.473153,0.853032,0.261788,1.08712,0.71937,0.651456,0.270889,0.643
10.634739229,2.13873,0.00121802,0.114807,1.23165,0.160478,0.782731,0.611067,1.11559,0.609147,0.589148,0.29365,0.166349
10.681179138,1.22,0.00273875,0.133659,0.41697,0.561357,0.843145,0.812629,1.34445,0.334314,0.598402,0.905151,0.832835
10.727619048,0.384206,0,0.462805,0.777975,0.646051,1.0191,0.531777,1.57188,0.307911,0.701314,1.44154,1.18476
10.774058957,0.347018,0,0.678374,0.634692,0.371404,1.61605,0.651577,1.51492,0.0457944,0.72062,1.64277,1.09196
10.820498866,0.557925,0.113771,1.60087,0.142446,0.325272,1.21011,1.13343,0.217243,0.0702732,0.696925,1.84441,1.28795
10.866938776,0.532312,0.214986,1.39476,0.00518218,0.703836,1.11302,1.04067,0.135627,0.36079,0.571962,1.69678,1.25138
10.913378685,0.485503,0.161282,1.24633,0.000397821,0.86721,1.00113,1.22754,0.135038,0.313252,0.459967,1.96442,1.28263
10.959818594,0.325457,1.03655,0.222108,0.00100382,0.322188,0.33525,1.73165,0.375895,0.192828,0.0289308,1.38045,0.992645
11.006258503,0.00178875,1.25873,0.193575,0.00283383,0.158022,0.00556069,1.9301,0.315191,0.0772635,0.0374186,1.19911,0.760539
11.052698413,0.00276872,0.890854,0.244699,0.160964,0.133544,0.00939556,2.69066,0.214157,0.0595019,0.0235189,0.89353,0.501943
11.099138322,0.110785,0.804057,0.061206,0.516691,0.265212,0.0020187,3.54926,0.368392,0,0.000598034,0.686921,0.00824141
11.145578231,0.130886,1.21839,0.170259,0.348561,0.061046,0.0678664,3.56199,0.18518,0.105679,0.0132432,0.855188,0.573113
11.192018141,0,1.41881,0.243865,0.0151833,0.0546718,0.0176829,3.34916,0.0930455,0.135964,0.0376851,1.21906,0.961048
11.238458050,0,1.18926,0.20554,0.00629309,0.130698,0,3.2817,0.024009,0.132911,0.0528911,1.37657,1.12237
11.284897959,0.0675276,0.969749,0.144161,0.0022365,0.43695,0.14076,2.86564,0.0448265,0.0916405,0.055278,1.42666,1.09431
11.331337868,0.40594,1.03974,0.163959,0.00460545,0.137001,0.317044,2.22109,0.642221,0.0459405,0.0909367,1.24689,0.944893
11.377777778,0.705175,0.973992,0.167772,0.271794,0.128116,0.165047,2.39611,0.658169,0.0192865,0.154196,0.675681,0.26982
11.424217687,1.0071,0.861767,0.178495,0.515828,0.081077,0.479709,2.70162,0,0.0329096,0.0841067,0.499152,0.557485
11.470657596,1.1918,0.613052,0.0717769,0.311628,0.120496,0.451267,2.95184,0.00143929,0.124899,0.101893,0.42976,0.791097
11.517097506,1.15798,0.686122,0.20037,0.00891697,0.422427,0.362466,2.87474,0.00914144,0.243764,0.117171,0.467877,0.99843
11.563537415,0.966282,0.757431,0.151404,0.00724157,0.551664,0.223147,3.26233,0.0437765,0.189854,0.0545313,0.623349,0.873579
11.609977324,0.727454,0.923554,0.138146,0.00613134,0.596355,0.104009,3.48645,0.0565752,0.177334,0.0533002,1.10684,0.743535
11.656417234,0.522026,0.949397,0.137987,0.0388586,0.44594,0.0983167,3.66439,0.0520441,0.0937057,0.12336,1.39728,0.689942
11.702857143,0.43092,0.70244,0.238065,0.532171,0.0567243,0,3.69385,0.0397474,0.0253879,0.153926,0.851866,0.704056
11.749297052,0.286593,0.935441,0.152198,0.677074,0.273096,0,3.51225,0.0304877,0.0335383,0,0.997765,0.117044
11.795736961,0.0806435,1.5581,0.213871,0.212081,0.653155,0,2.302,0.169131,0.411317,0.00803496,1.16416,0.59725
11.842176871,0,1.39441,0.194958,0.0117467,0.782124,0,2.25402,0.115761,0.252158,0.026375,1.20706,0.63776
11.888616780,0,1.08375,0.149482,0.00594724,0.675498,0,2.30596,0.119961,0.166743,0.0317951,1.27162,0.656169
11.935056689,0.105861,0.650828,0.150075,0.0125181,0.479351,0.000332387,2.04808,0.240007,0.148894,0.394462,1.2539,0.621955
11.981496599,0.198427,0.103019,0.260802,0.622354,0,0.00440503,1.38591,0.491805,0.854234,0.52302,0.868212,0.599075
12.027936508,0.224555,0.0108464,0.404078,1.22888,0,0,0.91967,0.713527,1.71236,0.393653,0.581222,0.28102
12.074376417,0.238028,0.454768,0.125026,1.11264,0.0271524,0.189357,0.356261,0.549223,3.09963,0.128985,0.524543,0.244022
12.120816327,0.212539,1.04416,0.216545,1.17562,0.415027,0.545436,0.21609,0.117641,3.46998,0.062853,0.577197,0.184002
12.167256236,0.180433,1.03078,0.231392,0.943684,0.5606,0.577688,0.298517,0.0460794,3.37909,0.0426002,0.70066,0.270233
12.213696145,0.130525,0.899858,0.185557,0.743595,0.558726,0.241537,0.454219,0.0532126,3.30449,0.0328469,0.789367,0.341208
12.260136054,0.136014,0.639247,0.176292,0.73392,0.443724,0.00589476,0.703213,0.070056,3.14605,0.044795,0.738673,0.472063
12.306575964,0.443038,0.419982,0.168951,0.59211,0.195482,0.0419956,0.740076,0.0397099,2.98823,0.0893118,0.518362,0.60204
12.353015873,0.713393,0.00228799,0.196823,0.828989,0,0.343044,0.517214,0.00414635,2.91646,0.13661,0.30686,0.47371
12.399455782,0.815075,0.338721,0.558117,0.372292,0.0464471,0.523354,0.962135,0.351407,2.00507,0.0211441,0.58608,0.383359
12.445895692,0,1.18967,0.327064,0.293445,0.0372731,0.33791,1.34515,1.27617,0,0.0375976,0.93363,0.676272
12.492335601,0,1.62599,0.144981,0.271839,0.0474547,0.285451,1.28507,1.06957,0.0637531,0.0337714,1.18047,0.688631
12.538775510,0,1.74489,0.103001,0.0630449,0.153829,0.0890958,1.35534,0.987802,0.0906997,0.0301023,1.30414,0.715798
12.585215420,0,1.61822,0.114147,0.0180842,0.149916,0.0127892,2.05878,0.555426,0.0997839,0.0501647,1.28574,0.852591
12.631655329,0,1.14799,0.154491,0.0142828,0.149843,0.0710701,2.71081,0.0460668,0.110053,0.0970052,1.16032,0.693872
12.678095238,0.0793898,1.1013,0.179271,0.154941,0.55246,0.352899,2.5232,0.0312124,0.0303039,0.155996,0.79745,0.214854
12.724535147,0.0614769,1.23857,0.16063,0.564872,0.540861,0.367521,1.69409,0.0947861,0.531092,0.0247913,0.889246,0.0530495
12.770975057,0.00386836,1.27399,0.251564,1.52877,0.157425,0.281252,1.01552,0.159186,0.74617,0.0470449,1.25925,0.150935
12.817414966,0.0152111,1.15131,0.230528,2.30117,0.0553625,0.241092,0.50783,0.306971,0.509645,0.0335974,1.46402,0.134792
12.863854875,0,0.721894,0.18106,2.78423,0,0.140742,0.494371,0.707903,0.406237,0.0217764,1.62379,0.227805
12.910294785,0,0.599929,0.186854,2.83537,0.056724,0.069022,0.751478,0.687357,0.119591,0.0370362,1.8594,0.342635
12.956734694,0,0.554599,0.23481,3.11914,0,0.0570621,0.721817,0.629779,0.053388,0.103802,1.66463,0.776703
13.003174603,0.397337,0.460764,0.354453,3.02728,0,0.148763,0.725107,0.499193,0.00686847,0.155658,1.19964,0.217823
13.049614512,1.18763,0.450928,0.341581,2.02826,0.164531,0.877297,0.73062,0.281026,0.0505665,0.252728,0.152079,0.932587
13.096054422,0.875664,0.762944,0.186186,1.53703,0.238865,0.887656,0.709466,0.254095,0.0807445,0.251763,0.260167,0.943336
13.142494331,0.836955,0.970245,0.333523,1.47596,0.202171,0.832442,0.722205,0.19239,0.0785439,0.348645,0.347222,0.895116
13.188934240,0.845706,1.07356,0.544891,1.32618,0.116075,0.750646,0.846648,0.0749959,0.0760987,0.540652,0.316359,0.91503
13.235374150,0.565202,1.12304,0.597138,0.901917,0.120604,0.856757,1.37485,0.409665,0.0975243,0.678613,0.398581,1.25445
13.281814059,0.29457,0.83507,0.57285,0.141397,0.453291,0.972886,1.64723,1.08382,0.125437,0.656312,0.44312,1.20193
13.328253968,0.176499,1.08429,1.15502,0.244428,0.205118,1.11284,1.20795,0.847666,0.106345,0.576329,0.528625,1.58612
13.374693878,0.105359,1.05668,1.1536,0.406531,0.0214172,0.890113,1.97502,0.530004,0.0585856,0.708467,0.491742,1.59012
13.421133787,0.0861411,1.23102,0.387922,0.990976,0.0405574,0.898788,1.79538,0.429037,0.0796112,0.8372,0.375392,1.55565
13.467573696,0.0728364,1.19038,0.0231004,1.34317,0.0631804,0.886887,2.13871,0.311312,0.0934286,0.855217,0.375803,1.70327
13.514013605,0.119801,0.887993,0.175075,1.93933,0.0877114,0.658049,1.93611,0.0871329,0.116772,0.752456,0.226656,2.0582
13.560453515,0.142485,0.0869389,0.134053,1.84557,0.133153,0.0596445,1.63755,0.276659,0.137735,0.902386,0.274423,2.44162
13.606893424,0.1529,0,0.233508,1.57262,0.148449,0.154199,2.04296,0.268734,0.152949,0.494497,0.234854,2.56504
13.653333333,0.129062,0,0.291388,1.22493,0.152776,0.241701,2.49605,0.156577,0.161487,0.247026,0.0316025,2.77388
13.699773243,0.226805,0.0174999,0.445871,0.983806,0.147677,0.159109,2.48615,0.0729278,0.139555,0,0,2.7946
13.746213152,0.38426,0,0.818048,1.07804,0.11016,0.0431846,2.28624,0.239011,0.427924,0.102505,0,2.28647
13.792653061,0.61799,0.0016272,0.714565,1.27853,0.0913549,0.0200096,1.81843,0.897224,0.851571,0.212517,3.85881e-05,1.46697
13.839092971,0.750825,0.00137293,0.639856,1.46857,0.174691,0.00378477,0.798393,1.06613,0.734122,0.188799,0.00103105,0.949263
13.885532880,0.714669,0.0964961,0.963728,1.08578,1.11982,0,0.916574,0.386183,0.844811,0.281072,0.00148613,0.782939
13.931972789,0.549862,0.236505,0.310227,0.621796,2.2597,0.0456171,1.04159,0.418257,0.709446,0.354105,0.0014768,1.34066
13.978412698,0.143018,0.25546,0.364331,0.453471,2.54687,0.131877,0.791788,0.159218,1.77332,0.238054,0.00233889,2.01681
14.024852608,0,0.0243778,0.632746,0.419065,2.64895,0.100978,0.647123,0.0816754,2.68717,0.151237,0.00287885,2.44506
14.071292517,0,0.00388631,0.689413,0.474819,2.55735,0.0846388,0.539145,0.0699443,2.72003,0.0938977,0.0983055,2.54917
14.117732426,0,0.0037408,0.594915,0.529639,2.51164,0.0702811,0.336443,0.0597984,2.65761,0.0499406,0.0020332,2.4714
14.164172336,0.143884,0.0758987,0.563271,0.597159,2.36938,0.123405,0.299976,0.0148457,2.51283,0.0661847,0.0015103,2.66143
14.210612245,0.219608,0.197684,0.704316,0.624555,1.9903,0.221134,0.405093,0.0152603,2.25765,0.0896774,0,2.84381
14.257052154,0.0782124,0.16946,0.902852,0.653562,1.71983,0.529902,0.596149,0.00988522,1.93203,0.106657,0,3.10009
14.303492063,0,0.0744924,0.814937,0.695479,1.72998,0.570665,0.698377,0.0371836,2.18871,0.0670377,0.0424291,3.00703
14.349931973,0.0900492,0.000858156,0.495746,1.5212,1.06154,0.41626,0.570134,0.333195,1.62598,0.0893431,0,2.94636
14.396371882,0.503171,0.0308413,0.248267,1.76561,0.957801,0.589859,0.286665,0.543203,0.7426,0.143114,0,2.55668
14.442811791,0.807708,0.193652,0.232297,1.47584,0.777054,0.709813,0.267251,0.753727,0.301203,0.158781,0.111008,2.44735
14.489251701,0.805639,0.464553,0.460749,0.957911,0.674188,0.584276,0.435256,1.04601,0.0124796,0.17916,0.266285,2.43351
14.535691610,0.735942,0.451906,0.744387,0.472685,0.62403,0.306457,0.501247,1.37878,0,0.173769,0.460487,2.39781
14.582131519,0.114002,0.557431,0.762646,0.00825277,1.02895,0.166131,0.276373,1.7194,0,0.180087,1.1351,2.23078
14.628571429,0.00583488,1.16076,0.362964,0.325443,1.39094,0.127264,0.299424,1.90913,0,0.767119,1.16851,1.48269
14.675011338,0,1.19381,0.0401304,0.670629,1.36037,0.0842309,0.572104,1.72928,0,1.28984,1.00404,0.971563
14.721451247,0,1.50586,0.130775,0.63661,1.22269,0.0121149,0.584155,1.58325,0,1.70722,0.207261,1.03112
14.767891156,0.114206,1.76127,0.16927,0.531724,1.2215,0.00411412,0.548099,1.54171,0.00521463,1.81056,0.133106,1.13759
14.814331066,0.192795,1.71031,0.149241,0.226673,1.15696,0.0161148,0.522081,1.61508,0.0213715,1.77511,0.037672,1.17403
14.860770975,0.384525,1.62423,0.198147,0.199594,1.03532,0.0382357,0.566578,1.49985,0.0365829,1.56969,0.0303517,1.02307
14.907210884,0.499077,1.40501,0.181609,0.286478,0.841688,0.185752,0.708086,1.46437,0.0624308,1.36557,0.0721097,0.705364
14.953650794,0.634907,1.01167,0.19594,1.10536,0.71031,0.154066,0.628734,1.44004,0.0219972,1.35643,0.138119,0.43011
15.000090703,1.34963,0.00230144,0.257041,1.77707,0.501047,0.12385,0.46615,1.00329,0.406364,1.69668,0.0862679,0.390669
15.046530612,1.3707,0.00248572,0.658962,1.66101,0.128265,0.239758,0.740128,0.291578,0.811828,1.28604,0.0471132,0.691733
15.092970522,1.16512,0.00160498,0.644518,1.28649,0.605975,0.231536,1.26961,0.138849,0.791665,1.39853,0.0451065,0.582573
15.139410431,0.72336,0.0120479,0.7932,1.11242,1.17751,0.0186438,1.32959,0.168965,0.62878,0.895842,0.00333698,0.870945
15.185850340,0.151498,0.0224728,0.744695,0.437185,2.55486,0.00233638,1.04665,0.267559,1.32495,0.625026,0.0023014,1.44787
15.232290249,0.000431126,0.00742283,0.335999,0.194083,2.92948,0,0.667732,0.0984809,1.62148,0.603155,0.232831,2.22827
15.278730159,0.260047,0.0572239,0.265583,0.146369,2.77557,0,0.734706,0.0854713,1.57737,0.532407,0.02429,2.54906
15.325170068,0.156691,0.0937756,0.33678,0.213707,2.45546,0.156303,0.759211,0.0550029,1.47901,0.387979,0.0430392,2.91646
15.371609977,0.138256,0.1159,0.532316,0.160353,1.9059,0.11687,1.16669,0.0637105,1.17411,0.244992,0.134218,3.10911
15.418049887,0.100446,0.0490787,0.438224,0.992966,0.694589,0.049181,2.16798,0.0744848,0.298533,0.825016,0.133254,3.31964
15.464489796,0.0622928,0.307328,0.121002,1.85309,0.177026,0.190527,2.4798,0.0595093,0.0700506,0.970513,0.115863,2.97281
15.510929705,0.0484252,0.453235,0.103955,2.25067,0.00772052,0.288744,2.41009,0.0320083,0.0578332,0.970252,0.10606,2.94789
15.557369615,0,0.451659,0.186685,2.43678,0,0.186993,2.37523,0.0153351,0.0910355,0.883567,0,3.20479
15.603809524,0,0.300167,0.0907188,2.23865,0,0.360187,2.36229,0.0226871,0.0783962,0.879223,0.103623,3.24149
15.650249433,1.08749,0.269579,0.0626607,1.2387,0,0.552252,2.28473,0.0438379,0.217765,0.83249,0.600611,2.14907
15.696689342,1.82451,0.642452,0.0105828,1.00501,0.020004,0.74831,0.758043,1.20422,0.273654,0.463689,0.396383,1.25105
15.743129252,1.65589,0.643039,0.00420033,0.900621,0.505456,0.805235,0.63611,1.32197,0.400406,0.2457,0.316688,0.675777
15.789569161,0.956659,0.506083,0.00758266,0.686871,0.395427,0.60463,0.802488,1.34586,0.614311,0.306958,0.349951,0.471615
15.836009070,0.280632,0.588423,0.00849565,0.201817,0.603434,0.0640514,0.720835,1.69301,1.05397,0.822679,0.287162,0.736653
15.882448980,0.0327472,0.313856,0.00695753,0.0840187,1.44779,0.00713612,0.463475,1.72105,1.16872,1.03655,0.190077,0.96767
15.928888889,0,0,0.00165492,0.233387,1.77229,0.00991077,0.375285,1.38104,1.23672,1.58838,0.178385,1.17292
15.975328798,0.00838458,0,0.100144,0.46529,1.74894,0.00446684,0.246347,0.653542,1.22317,2.07198,0.225175,1.22428
16.021768707,0,0,0.338997,0.504173,1.69965,0.270628,0.219105,0.223494,1.24036,1.77156,0.293556,1.71773
16.068208617,0,0.00038708,0.283395,0.364096,1.53753,0.401712,0.284312,0.1611,1.25012,1.62023,0.396805,1.79442
16.114648526,0,0.0336624,1.10918,0.47006,0.865699,0.17069,0.443016,0.38963,0.520033,0.789017,0.438318,1.99388
16.161088435,0,0.0790499,1.17327,0.673936,0.436538,0.0585751,0.899882,0.144979,0.0304548,0.485589,1.52377,0.942549
16.207528345,0,0.0515918,0.945745,2.08571,0.065327,0.182786,1.27017,0.0335292,0.00032971,0.555005,0.800689,0.495689
16.253968254,0.0548596,0.0200509,0.604513,3.24935,0.0970983,0.204089,1.11716,0.0263392,0.00048326,0.435797,0.544836,0.398184
16.300408163,0.0670767,0.300073,0.329142,3.19255,0.0999759,0.256454,0.313182,0.0899415,0.754128,0.419895,0.837544,0.381733
16.346848073,0,0.311044,0.300737,3.11877,0.540608,0.197683,0.222236,0.34144,0.585178,0.311992,1.71239,0.217657
16.393287982,0,0.313127,0.206295,2.67062,0.551201,0.178591,0.311484,0.769275,0.501556,0.000382974,2.19783,0.244502
16.439727891,0,0.262316,0.139065,2.77581,0.529456,0.0121079,0.374582,0.692892,0.362861,0.0226673,2.22313,0.242868
16.486167800,0,0.148804,0.120515,3.34507,0.488038,0.0272617,0.392221,0.561405,0.198255,0.0872347,2.10048,0.350696
16.532607710,0.00155428,0.143137,0.111227,3.93652,0.0507084,0.0334832,0.400498,0.452922,0.00594711,0.165521,1.51159,0.262295
16.579047619,0,0.140197,0.0591607,3.71683,0.163978,0.0411147,0.4002,0.238951,0.386949,0.0790386,1.31836,0.0870009
16.625487528,0,0.353436,0.106721,3.47499,0.179731,0.0555462,0.261583,0.18267,0.918441,0.00757761,1.46182,0
16.671927438,0,0.521211,0.157365,3.30746,0.0446269,0.15504,0.373126,0.21621,0.745459,0.0207548,1.3648,0.149359
16.718367347,0,0.547421,0.258782,3.005,0.142359,0.0543818,0.517587,0.151616,0.617135,0.00540425,1.4438,0.216921
16.764807256,0,0.322975,0.570839,2.65557,0.171039,0.037103,0.765031,0.161971,0.411541,0.0191006,1.58098,0.327681
16.811247166,0.00647882,0.166473,0.344745,2.29829,0.371198,0.0348713,0.748844,0.391596,0.0684846,0.0639786,1.63102,0.31099
16.857687075,0.0129392,0.181238,0.12399,2.79817,0.0832016,0.0766143,0.697687,0.383243,0.00981841,0.344034,0.690877,0.0915863
16.904126984,0.0517099,0.191082,0.085981,2.98089,0.00312681,0.123773,0.48264,0.310375,0.183225,0.168026,0.536943,0.155312
16.950566893,0.0186669,0.643766,0.181522,2.40082,0.0149862,0.250062,0.129225,0.508635,0.714182,0.0321507,1.01768,0.192377
16.997006803,0,0.50891,0.204961,2.19909,0.0368343,0.357958,0.224824,0.424269,0.730242,0.0371511,1.26775,0.260497
17.043446712,0,0.414158,0.175074,1.83847,0.177321,0.175552,0.393625,0.234311,0.671568,0.0197211,1.57818,0.304392
17.089886621,0,0.259341,0.509301,2.06376,0.122086,0.0440124,0.577466,0.238945,0.461232,0.0262695,1.65224,0.401832
17.136326531,0,0.118831,1.17382,2.15964,0.124147,0.052224,0.710534,0.155605,0.117516,0.0616401,1.75877,0.470276
17.182766440,0,0.0166554,1.28645,0.647527,1.21295,0.369028,0.695935,0.0527687,0.4091,0.370485,0.955424,1.16831
17.229206349,0.0164601,0.00206163,0.790058,0.168589,2.24891,0.344502,0.47967,0.16919,0.482455,0.578108,0.675571,1.13135
17.275646259,0.00800237,0.222753,0.210296,0.190657,2.92823,0.259181,0.304228,0.342584,0.851822,0.100261,0.631081,1.31381
17.322086168,0,0.253664,0.179205,0.275832,3.21029,0.018547,0.360605,0.253653,0.890403,0.015959,0.765546,1.45423
17.368526077,0,0.223458,0.11431,0.241891,2.83185,0.0120324,0.501711,0.0666372,0.691995,0.00903174,0.761597,1.44768
17.414965986,0,0.0678993,0.114265,0.0536395,2.52454,0.00121655,0.710846,0.0949491,0.451938,0.0241676,0.851054,1.34266
17.461405896,0.0276459,0.00354257,0.143954,0.0299469,2.44117,0.00245686,0.92813,0.0706381,0.117032,0.0750865,0.914918,1.29257
17.507845805,0,0.00271104,0.216027,0.135818,2.30915,0,0.969621,0.0353027,0.102572,0.168276,0.617703,1.03506
17.554285714,0.0591734,0.00158966,0.185118,1.19647,1.97994,0.110378,0.642061,0.130686,0.263415,0.0456978,0.0931224,1.23297
17.600725624,0,0.174788,0.165306,1.36398,1.3826,0,0.273062,0.172561,0.606252,0,0.196662,1.80014
17.647165533,0.011123,0.25105,0.153451,2.3171,0.879374,0.0665579,0.339229,0.101807,0.480628,0,0.474965,1.78944
17.693605442,0.0193219,0.251931,0.133054,3.06842,0.414544,0.063386,0.609706,0.106975,0.173126,0,1.49217,0.876814
17.740045351,0.00371569,0.0656986,0.159001,3.67961,0,0.0618898,0.660025,0.0936661,0.271996,0.0182247,1.91894,0.56719
17.786485261,0,0.0523014,0.201024,3.70572,0,0.0656589,0.791423,0.0841441,0.0467383,0.0733554,1.88768,0.307334
17.832925170,0,0.0485323,0.69117,2.94972,0,0.0603254,0.669829,0.16748,0.00492964,0.364175,1.82055,0.0285387
17.879365079,0.0624227,0.49331,0.401023,2.4156,0.0607837,0.0451459,0.683691,0.184727,0.00165304,0.109299,1.64807,0.0646138
17.925804989,0.0367139,0.981446,0.335304,1.65226,0.0977142,0.1479,0.455515,0.185718,0.217323,0.22151,1.4543,0.188223
17.972244898,0.00972815,1.12599,0.620251,0.723546,0.184674,0.297259,0.473863,0.0710387,0.349711,0.519494,1.01545,0.206207
18.018684807,0,0.932127,0.609701,0.216144,0.259057,0.234795,0.614054,0.087486,0.0928554,0.622671,1.02654,0.343997
18.065124717,0,0.306005,0.672208,0.265813,0.328174,0.241412,0.699575,0.0800465,0.0842968,0.527829,1.56535,0.772387
18.111564626,0,0.0483641,0.785326,1.01831,0.226448,0.334324,0.748015,0.0600288,0.0992074,0.106989,1.60028,2.02735
18.158004535,0,0.00240115,0.469215,1.72629,0.0750775,0.249556,1.10716,0.0306931,0.0325233,0.183697,0.846922,2.76733
18.204444444,0.666926,0.219013,0.0145875,1.46727,0.182516,0.450337,0.472382,0.231087,0.0268411,0.727583,0.0711448,2.4218
18.250884354,1.04127,0.309623,0.054354,1.27606,0.613782,0.657322,0.426958,0.509829,0.0583496,0.529082,0.0403603,1.84715
18.297324263,1.05165,0.397552,0.158798,1.1739,0.740075,0.666006,0.874579,0.848045,0.0704177,0.366601,0,1.88196
18.343764172,0.725039,0.354164,0.0180922,1.17553,0.601112,0.68953,0.996769,1.08958,0.0409207,0.46118,0,2.35985
18.390204082,0.372299,0.143744,0.0251792,1.12529,0.320042,0.680832,1.15635,1.15694,0.0303335,0.65824,0.000232579,2.72681
18.436643991,0.000331925,0.149353,0.408816,0.88618,0.126602,0.888575,1.16003,1.36649,0.194658,0.599444,0.0231882,2.95006
18.483083900,0.161334,0.107714,1.32669,0.450746,0.328461,0.970736,1.02757,1.23536,0.234833,0.421602,0.200324,2.99486
18.529523810,0.217584,0.106941,1.48165,0.400562,0.365924,0.890912,0.946402,1.20091,0,0.297593,0.328846,2.79992
18.575963719,0.170555,0.144723,1.48171,0.623513,0.200851,0.6686,1.19877,0.393367,0.000627884,0.306296,0.293494,2.72928
18.622403628,0.139589,0.142856,0.654985,1.66995,0,0.484633,1.811,0,0.00541354,0.461191,0.250511,2.9958
18.668843537,0.0873008,0.106623,0.0666292,2.41952,0.00159474,0.38381,2.26668,0.054823,0.0101767,0.487958,0.100116,2.8544
18.715283447,0.00833716,0.00349244,0.0143334,2.67481,0.0446408,0.136039,2.49054,0.0758535,0.0371965,0.362614,0.289021,2.32021
18.761723356,0.130162,0.00491381,0.00137319,2.59124,0.0814654,0.116487,2.31966,0.0716604,0.127418,0.445153,0.338765,1.99617
18.808163265,0,0.242288,0.024421,2.50536,0.0986201,0.112895,1.9301,0.0663496,0.00146619,0.759691,0.579665,1.95888
18.854603175,0.507963,0.00298058,0.0256299,2.42926,0.111054,0.219807,1.95605,0.0553244,0.0391225,0.69946,0.381453,2.32059
18.901043084,0.600235,0.00949662,0.319802,1.7045,0.136588,0.20959,1.82479,0.112897,0.0864027,0.396194,0.118963,2.93962
18.947482993,0.837011,0.0528245,0.282588,1.2172,0.211909,0.118811,1.54351,0.597307,0.0285525,0.417449,0.164614,2.93196
18.993922902,0.886403,0.0325039,0.307378,0.830611,0.107417,0.458808,1.1514,1.29855,0.182514,0.209865,0.039622,2.76586
19.040362812,0.84324,0.108337,0.242291,0.727823,0.952333,0.265439,0.942012,1.65099,0.342134,0.179769,0.185042,1.98217
19.086802721,0.357515,0.26383,0.332636,0.435125,1.67566,0.216572,0.467528,1.53731,0.418105,0.408354,0.44752,1.88171
19.133242630,0.182177,0.26905,0.642082,0.499931,1.98341,0.111559,0.268796,0.874305,1.09568,0.497133,0.44605,2.1224
19.179682540,0,0.092394,0.775582,0.319291,2.36151,0.0501986,0.310801,0.082399,1.67186,0.389667,0.0706644,2.71324
19.226122449,0,0.0031666,0.725027,0.391666,2.44992,0.0209226,0.576441,0.013931,1.91159,0.316084,0.0424646,2.91197
19.272562358,0.0460608,0.00311936,0.665892,0.48462,2.13899,0.00541818,0.589433,0,2.24776,0.326274,0.0835167,3.07664
19.319002268,0.0951231,0.00269369,0.623979,0.374654,2.13411,0.100106,0.613501,0,2.19422,0.352651,0.359138,3.01795
19.365442177,0.10158,0.0302998,0.663274,0.426173,2.16129,0.175566,0.590399,0.190479,1.96899,0.298565,0.375388,2.83227
19.411882086,0.204813,0.0544566,0.870113,0.608719,1.83778,0.178621,0.468265,0.139712,1.61801,0.20963,0,2.84036
19.458321995,0.234454,0.0349955,0.795145,0.654032,1.81448,0.0828644,0.283827,0.0714378,1.94091,0.260693,0,3.03527
19.504761905,0.0610926,0.000342877,0.751294,1.02662,1.39831,0.0730777,0.301421,0.163212,2.18864,0.328356,0,3.37628
19.551201814,0.162646,0.00174547,0.527136,1.62775,0.768739,0.149012,0.259505,1.3139,1.2439,0.451157,0,3.42381
19.597641723,0.744891,0.0022633,0.497257,1.96798,0.853215,0.0562443,0.173236,1.30176,0.396691,0.473284,0,2.92572
19.644081633,1.38932,0.0028783,0.635803,1.53493,0.90433,0.092159,0.232256,1.25418,0.441051,0.257796,0,2.20246
19.690521542,1.52759,0.213519,0.999361,0.296143,0.830682,0.285457,0.277168,1.28408,0.397112,0.166372,0.0641854,1.70907
19.736961451,0.940629,0.193844,1.27991,0.152647,0.988696,0.357206,0.020682,1.65413,0.266756,0.141596,0.718659,1.43794
19.783401361,0.0619481,0.372603,0.557495,0.351937,1.9582,0.256865,0.0310967,1.97718,0.217318,0.403718,0.992018,0.923811
19.829841270,0,0.517147,0.132068,0.61131,2.08399,0.0435113,0.0743557,1.50155,0.394534,1.59159,0.515421,0.668748
19.876281179,0.0111044,0.902202,0.00456275,0.653323,2.02131,0.000237991,0.31012,0.976002,0.227439,2.41989,0.225064,0.498699
19.922721088,0.0192705,1.04059,0.00358948,0.56297,1.99913,0,0.395352,0.483566,0.370526,2.59045,0.249702,0.458103
19.969160998,0.176179,1.2375,0.00457037,0.310507,1.94176,0,0.0850341,0.226643,0.53244,2.494,0.301548,0.534734
20.015600907,0.134932,1.39335,0.073041,0.0802746,2.07141,0,0.0216332,0.311988,0.513979,2.32333,0.391751,0.596519
20.062040816,0.0362967,0.942839,0.245459,0.0644395,1.86037,0,0.0426383,0.574519,0.561268,1.90347,0.426835,0.627088
20.108480726,0.00272522,0.902769,0.151775,0.0582778,1.42067,0,0.212477,0.789705,0.518498,1.49025,0.406638,1.23107
20.154920635,0.372873,0.317776,0.648158,0.754737,1.28949,0.0572473,0.435926,0.986259,0.502861,1.01744,0.215686,1.7708
20.201360544,0.815964,0.370845,0.662392,1.42213,0.74986,0.293968,0.611949,0.785418,0.151277,0.726858,0.100794,1.66814
20.247800454,0.774054,0.470647,0.582366,1.26335,0.880227,0.39208,0.997956,0.234649,0.539693,0.994152,0.0404385,1.40508
20.294240363,0.503382,0.14421,0.642093,0.949551,0.89655,0.374049,1.09797,0.0568989,1.26302,0.680267,0.244302,1.99679
20.340680272,0.292534,0.0825057,0.873678,0.684429,1.35507,0.156635,0.722163,0.155975,1.51286,0.445888,0.116438,2.55427
20.387120181,0.0635902,0.106622,0.640754,0.380653,2.65755,0.212667,0.383643,0.402604,1.45588,0.350278,0.0338379,2.67986
20.433560091,0.136672,0.0954196,0.407709,0.183962,2.93368,0.300736,0.529182,0.371152,1.48315,0.224415,0.0950512,2.85316
20.480000000,0.0549369,0.0298571,0.373879,0.273188,2.47491,0.244534,0.654332,0.0102948,1.61269,0.323528,0.138079,2.98356
20.526439909,0.0360986,0.000571056,0.147629,0.477025,1.45987,0.0469826,1.5645,0,1.41511,0.318557,0.130088,3.19598
20.572879819,0.0333674,0.00992547,0.0140858,1.93165,0.314149,0.0144873,2.19508,0,0.968271,0.326293,0.0644969,3.12431
20.619319728,0.118691,0.0012305,0.160732,2.60956,0.0546261,0.23303,2.34822,0,0.0656478,0.326167,0.0940315,3.0437
20.665759637,0.123055,0.00145509,0.137819,2.41664,0.00181176,0.269807,2.49627,0.00295017,0.0738499,0.553946,0.318405,2.97027
20.712199546,0.0795841,0.000959282,0.218461,2.20501,0.00678754,0.323029,2.563,0.045046,0.0721977,0.495358,0.221596,3.13809
20.758639456,0.0181971,0.0443106,0.27802,2.05525,0,0.417781,2.51872,0.137133,0.0787048,0.251541,0.000549124,3.55379
20.805079365,0.704486,0.058912,0.241122,1.60115,0,0.496862,2.51706,0.0420713,0.0998505,0.29818,0,3.34068
20.851519274,1.37522,0.00225584,0.18488,1.57137,0.102464,0.521755,2.13567,0.0923498,0.224388,0.584297,0,2.41617
20.897959184,2.04597,0.00238889,0.173274,1.5752,0.12581,0.51562,1.7698,0.835661,0.195871,0.572345,0.032149,1.26905
20.944399093,2.5305,0.00127758,0.231682,1.43164,0.142622,0.260544,1.25043,1.3792,0.23246,0.420479,0.0771516,0.655099
20.990839002,2.56015,0.00101995,0.15873,0.891049,0.138029,0.675996,0.564841,1.91745,0.166969,0.286096,0.465584,0.541896
21.037278912,2.16522,0.00201028,0.605176,0.456382,0.604132,0.996596,0.195351,2.32304,0.00449801,0.391639,1.07917,0.464073
21.083718821,2.08402,0.0148722,0.52266,0.449611,1.27573,1.05155,0.0213305,2.47993,0.0424,0.437608,1.53225,0.313063
21.130158730,1.33072,0.222124,0.896405,0.180973,1.06155,1.27449,0.25678,2.69954,0.0600628,0.266417,1.72113,0.831794
21.176598639,0.83762,0.264671,0.711353,0.0483656,0.846456,1.36452,0.400177,2.54599,0.221652,0.107544,1.75027,1.14564
21.223038549,0.715914,0.226164,0.268234,0.106132,0.525182,1.34576,0.333489,1.85476,0.589038,0.22841,1.80357,1.10267
21.269478458,0.588477,0.259798,0.182679,0.106542,0.231017,1.62046,0.292317,1.07141,0.8614,0.210552,1.59923,0.798891
21.315918367,0.245317,0.246961,0.160222,0.137182,0.296954,1.28767,0.555014,0.111635,0.857052,0.400797,1.31826,0.853354
21.362358277,0.0019667,0.463906,0.931695,0.14962,0.334258,0.877759,1.96363,0.0569425,0.330068,0.283285,1.4463,0.927902
21.408798186,0.0407595,0.632601,1.13704,0.419211,0.102749,0.692887,2.1543,0.0136056,0.0500557,0.112045,1.39439,0.645573
21.455238095,0.0962073,1.04565,0.215026,0.872226,0.15992,0.585027,2.19563,0.156101,0.198878,0,0.788296,0.0366816
21.501678005,0,1.66566,0.110533,0.835124,0.139938,0.392082,1.89127,0.488573,0.174619,0.0177715,0.614407,0.359072
21.548117914,0,1.79447,0.159915,0.483518,0.127555,0.52669,1.96471,0.410419,0.30472,0.0190118,0.80556,0.544615
21.594557823,0,1.65812,0.161527,0.0559306,0.176273,0.381529,2.32795,0.162271,0.212271,0.0405209,1.09488,0.695112
21.640997732,0,1.39686,0.220095,0.0176356,0.385857,0.117822,2.70188,0.0527065,0.104518,0.07736,1.29529,0.669797
21.687437642,0,1.21809,0.511977,0.192232,0.287844,0.208002,2.51257,0.0522216,0.0473638,0.193363,1.05912,0.636911
21.733877551,0,0.732243,0.428175,0.541231,0.147114,0.038726,2.72444,0.0547222,0.035652,0.0829131,0.664347,0.338321
21.780317460,0,0.911949,0.155513,0.512029,0.163383,0.0118804,2.6302,0.284763,0.0310993,0.0121096,0.660798,0.406487
21.826757370,0.120158,1.39287,0.186843,0.386657,0.170952,0.0863596,2.48952,0.481902,0.118556,0.0240938,0.706073,0.653967
21.873197279,0.114301,1.63876,0.152858,0.377534,0.148268,0.052429,2.39221,0.559128,0.10125,0.0202205,0.709723,0.724049
21.919637188,0.0505933,1.59087,0.138332,0.105186,0.347741,0,2.60487,0.528609,0.102091,0.0281205,0.936364,0.73042
21.966077098,0,1.12405,0.160569,0.00373945,0.662069,0.00322973,2.92689,0.483676,0.081555,0.0589982,0.931271,0.645399
22.012517007,0,0.857424,0.115327,0.267355,0.520324,0.0277717,2.27884,0.696664,0.178524,0.151523,0.811425,0.323523
22.058956916,0.121741,0.856186,0.0851889,0.581047,0.131661,0,2.25177,0.61573,0.176579,0.152007,0.705928,0.143004
22.105396825,0.0761053,0.887656,0.1537,0.338391,0.0349433,0.0438723,2.57941,0.370404,0.203785,0.0164747,1.22732,0.66565
22.151836735,0,1.39342,0.202768,0.0112506,0.031322,0.493332,2.07424,0.131759,0.17551,0.0309605,1.61706,0.714868
22.198276644,0,1.62356,0.139882,0.00933871,0.256055,0.628971,1.5294,0.0560917,0.118586,0.0207838,1.60684,0.576345
22.244716553,0.0528453,1.40429,0.108836,0.01826,0.310683,0.758892,1.28065,0.0523262,0.580797,0.770965,1.23134,0.492731
22.291156463,0.207134,0.109422,0.19257,0.444905,0.28635,0.561478,0.662688,0.0362242,1.58614,1.05769,0.768764,0.521027
22.337596372,0.252829,0.00400668,0.0675517,0.692752,0.214657,0.0315371,0.703171,0.0204904,2.09696,1.06042,0.553401,0.345691
22.384036281,0.218155,0.00245552,0.0712586,0.810538,0.0535498,0.0667032,0.58661,0.0118094,2.72536,0.808059,0.364319,0.0559292
22.430476190,0.182674,0.322827,0.200024,0.992785,0.106728,0.227004,0.171423,0.213602,3.34573,0.126383,0.614696,0.00433469
22.476916100,0.0927721,0.462962,0.397828,0.856715,0.390073,0.344311,0.197037,0.15224,3.43999,0.00693553,0.61492,0.0395564
22.523356009,0.0857903,0.366028,0.483219,0.712512,0.39263,0.220789,0.359965,0.173135,3.29742,0.00322943,0.683749,0.126922
22.569795918,0.115161,0.141195,0.42997,0.773878,0.406938,0.0688506,0.714915,0.348579,2.78563,0.0150521,0.867037,0.219146
22.616235828,0.260448,0.57223,0.159204,0.785295,0.530003,0.135235,1.04658,0.772879,1.43219,0.0519085,0.976233,0.421405
22.662675737,0.660484,0.959018,0.118809,0.407343,0.203449,0.283562,2.07212,0.557279,0.32081,0.155103,0.839122,0.083902
22.709115646,0.677427,0.843794,0.0537984,0.493518,0.196372,0.0424155,2.81711,0.337987,0.123697,0.213585,0.72411,0.137319
22.755555556,0.0248942,0.99637,0.165613,0.0841481,0.0979646,0.0275806,2.99223,0.381842,0.442662,0,1.0693,0.372231
22.801995465,0,1.29154,0.233942,0.0170471,0.0498611,0.111864,3.05199,0.161933,0.313611,0.011445,1.36914,0.303851
22.848435374,0,1.28301,0.169807,0.0181125,0.142103,0.123353,2.84604,0.0578779,0.247101,0.0148299,1.44719,0.321375
22.894875283,0.0373502,1.07828,0.104984,0.0130701,0.115791,0.0467673,2.97915,0.0469167,0.167619,0.0349563,1.46006,0.4083
22.941315193,0.0787693,0.779298,0.110784,0.0142007,0.163463,0.0037741,3.2148,0.030665,0.170757,0.0780907,1.23841,0.543934
22.987755102,0.155572,0.610026,0.0919513,0.202537,0.0789012,0.00344427,3.36679,0.0231047,0.038922,0.146431,0.942707,0.725086
23.034195011,0.122853,0.738116,0.0726529,0.44527,0.80009,0.0590734,3.33412,0.0137089,0.0440877,0.0905082,0.960821,0.780491
23.080634921,0.0561308,1.09357,0.0886057,0.536213,1.54842,0.527822,1.0989,0.43705,0.348504,0.0791282,0.90223,0.6229
23.127074830,0,0.887799,0.171206,0.451038,1.65703,0.629436,0.238056,0.488541,0.846595,0.0123295,1.13968,0.27668
23.173514739,0,0.660029,0.134579,0.671575,1.26591,0.409405,0.304632,0.292929,0.975637,0.00961597,1.52585,0.284614
23.219954649,0,0.374243,0.325126,1.58745,0.623199,0.0755664,0.463784,0.237567,0.973713,0.0230393,1.63876,0.441031
23.266394558,0,0.261677,0.640048,2.46656,0.00222082,0.0563168,0.761445,0.215221,0.634341,0.0592348,1.51504,0.581359
23.312834467,0,0.226032,0.705848,3.06714,0,0.0241918,0.88816,0.221112,0.00981371,0.134313,1.4848,0.324198
23.359274376,1.01788,0.233118,0.779389,2.85588,0,0.439898,0.865941,0.0527778,0.056443,0.445688,1.07386,0.122699
23.405714286,1.46142,0.297085,0.20522,1.83321,0.00341115,0.942481,0.650103,0.298519,0.3913,0.995382,0.143035,0.151766
23.452154195,1.1166,1.02834,0.176383,1.73831,0.030947,0.815482,1.02195,0.490621,0.252401,0.908301,0.152159,0.173854
23.498594104,0.857262,1.33451,0.265193,1.82536,0.0641293,0.547461,1.30682,0.68115,0.112989,0.691692,0.255168,0.135563
23.545034014,0.893125,1.13348,0.00295878,1.86337,0.0534569,0.486514,1.30453,0.834498,0.057613,0.627452,0.40079,0.114956
23.591473923,0.878934,0.932173,0.103766,1.47586,0.0733513,0.508685,1.03597,1.13598,0.0589289,0.704257,0.450724,0.164603
23.637913832,1.23942,0.851794,0.243125,0.709608,0.892145,0.0385717,1.19561,1.56075,0,0.952967,0.841476,0.390624
23.684353741,1.28272,0.841298,0.0645625,0.808491,0.827992,0.0509225,0.922869,1.91881,0,1.01207,0.992553,0.269847
23.730793651,1.21187,0.751624,0.00414759,1.15786,0.349731,0.134318,1.22084,1.60819,0,0.848083,0.614726,0.230718
23.777233560,0.630594,0.674005,0.00364362,1.4156,0.19266,0.335294,1.66355,1.18791,0,1.42335,0.360586,0.884239
23.823673469,0.068883,0.573536,0.00429941,1.70006,0.141196,0.278151,1.97756,0.237328,0.0113711,1.93046,0.194439,1.59342
23.870113379,0.0279988,0.209129,0.0049376,1.7109,0.209518,0.143446,1.84555,0.00893921,0.0465387,1.82883,0.231511,2.01143
23.916553288,0.0607434,0.0444454,0.0502417,1.58517,0.196597,0.0401182,1.82484,0.040592,0.12912,1.40088,0.246968,2.02589
23.962993197,0.0806072,0.0701573,0.180114,1.40062,0.171803,0.0219972,2.05272,0.00607876,0.2503,0.915942,0.508871,2.06732
24.009433107,0.331398,0.117477,0.291895,1.62695,0.0307201,0.00343598,2.38958,0.0211863,0.135945,0.982607,0.285511,2.47339
24.055873016,0.657794,0.183205,0.593253,1.35999,0,0.0445064,2.17784,0.0792967,0.212279,0.623819,0.0880168,2.53296
24.102312925,0.81405,0.385139,0.520865,0.90064,0,0.199183,1.52865,0.565224,0.33102,0.356204,0.00233686,2.33074
24.148752834,0.83206,0.397015,0.19792,0.854414,0.353727,0.290625,0.792018,1.53185,0.231027,0.326368,0.00966382,1.71626
24.195192744,0.604458,0.17094,0.135832,0.838622,0.564213,0.288755,0.751974,2.49705,0.202476,0.514236,0.000874471,1.1152
24.241632653,0.49513,0.229234,0.199781,0.263298,0.943638,0.34372,0.720582,2.42483,0.287702,0.623022,0.00530204,0.987987
24.288072562,0.544662,0.281012,0.236068,0.157872,1.80286,0.327235,0.726088,1.22734,1.67345,0.529996,0.0040814,1.3106
24.334512472,0.242444,0.134489,0.557577,0.226578,2.41363,0.319895,0.579992,0.0689188,2.33918,0.284036,0.00406928,1.90144
24.380952381,0.051998,0.00274555,0.791272,0.233008,2.33754,0.21262,0.651142,0.0184913,2.45867,0.347682,0.0185136,2.22737
24.427392290,0.0359229,0.00276245,0.684857,0.451227,2.50658,0.0771354,0.92672,0.00452477,2.3537,0.334015,0.0359923,2.11703
24.473832200,0.0207095,0.00208102,0.497417,0.302946,2.36303,0.00819381,1.16922,6.51458e-05,2.15863,0.391212,0.0471727,2.35163
24.520272109,0.000495753,0,0.307725,0.391902,2.05336,0.0635197,1.22576,0.00472282,1.80605,0.339126,0.0113862,2.62174
24.566712018,0.000100416,0.0275549,0.400368,0.360997,1.76584,0.138218,1.12361,0.0522404,1.46708,0.172891,0.0258717,2.72771
24.613151927,0.000593502,0.11516,0.479794,0.487167,1.65445,0.172078,1.26673,0.229304,1.07736,0.0953078,0.173716,2.14104
24.659591837,0.0824878,0.022912,0.635581,1.16484,1.19122,0.0926399,1.35841,0.240917,0.663795,0.102956,0.245428,2.25448
24.706031746,0.567222,0.00292679,0.653595,1.40755,0.76254,0.585081,1.50487,0.393959,0.142443,0.177555,0.23115,1.87553
24.752471655,1.14059,0.00171389,0.684867,1.34751,0.494634,0.557854,1.56714,0.557103,0.0920721,0.430755,0.121317,1.14738
24.798911565,1.05992,0.0176505,0.821558,1.00063,0.404353,0.399932,1.5407,1.05096,0.247773,0.474398,0.112864,1.07055
24.845351474,0.282943,7.72777e-05,0.891801,0.314938,0.366692,0.613724,1.25847,1.40189,0.588563,0.508645,0.44482,1.70182
24.891791383,0.0506009,0,0.912906,0.0163995,1.12482,0.705711,1.00385,1.53177,0.706421,0.418523,1.0691,1.62517
24.938231293,0.0319799,0.051195,0.59122,0.186968,1.68266,0.425817,0.565899,1.89442,0.716523,0.332722,1.19599,1.18589
24.984671202,0.103267,0.146313,0.136764,0.43524,2.092,0.0246775,0.105228,1.9572,0.788779,0.711386,0.904912,1.12274
25.031111111,0.0198851,0.87473,0.042109,0.554774,1.91836,0.0348527,0.131753,1.87827,0.393126,1.21063,0.45631,1.07441
25.077551020,0,1.34632,0.163471,0.618355,1.76521,0.0877153,0.125116,1.7334,0.17136,1.56562,0.292752,0.879309
25.123990930,0.00786267,1.61819,0.162612,0.6741,1.75993,0,0.147489,1.58599,0.105908,1.68961,0.238289,0.736099
25.170430839,0.0725346,1.72192,0.0761338,0.666755,1.54345,0.0160069,0.56635,1.74802,0.0976184,1.51748,0.0855631,0.563697
25.216870748,0.00605097,1.75847,0.248037,0.905217,1.32814,0.0512948,0.886457,1.93905,0.261179,0.799509,0.429758,0.632683
25.263310658,0,1.40599,0.178894,1.13497,1.46027,0.110643,0.883901,2.10368,0.186814,0.389219,0.441881,1.02446
25.309750567,1.1247,0.685913,0.195282,1.77214,0.798575,0.0980821,0.516334,1.75896,0.0470892,0.754054,0.0241051,1.20514
25.356190476,1.57204,0.466652,0.19075,1.83033,0.0685224,0.073055,0.153589,0.866679,0.40326,0.96131,0.118085,1.54577
25.402630385,1.41782,0.322143,0.148574,1.66447,0.154795,0.337303,0.685012,0.27353,0.703351,0.721566,0.249067,1.36638
25.449070295,1.13071,0.173943,0.0235288,1.54759,0.517111,0.432045,1.26916,0.370506,0.738912,0.532817,0.340539,1.38063
25.495510204,0.60432,0.135536,0.0162675,1.1344,1.2048,0.42209,1.3246,0.807243,0.951206,0.421758,0.210064,1.95939
25.541950113,0.411659,0.0913682,0.236353,0.594957,2.37634,0.208674,1.02014,0.842691,0.958469,0.399704,0.11927,2.34308
25.588390023,0.442084,0.100267,0.407336,0.499553,2.74597,0.00978932,0.854222,0.215257,1.39227,0.646302,0.053753,2.43383
25.634829932,0.272184,0.0814784,0.343143,0.402282,2.81041,0.0113266,0.940976,0.0687409,1.56743,0.454017,0.0532504,2.57664
25.681269841,0.361011,0.175115,0.085543,0.469717,2.85942,0.0988173,0.92881,0.203082,1.14497,0.363686,0.0325379,2.47992
25.727709751,0.127237,0.33252,0.037341,1.15997,2.41836,0.49982,1.19798,0.31997,0.638588,0.37014,0.000502519,2.47513
25.774149660,0.0121539,0.485804,0.130091,1.83319,1.07871,0.624434,1.5686,0.0396524,0.480026,0.360202,0.0657669,3.14629
25.820589569,0.0287246,0.231983,0.147365,2.48882,0.0340811,0.26809,2.09854,0.00865162,0.106231,0.348443,0.132514,3.44199
25.867029478,0.0144192,0.450438,0.137907,2.58582,0,0.14629,2.0616,0.0799206,0.105004,0.657502,0.15261,3.29063
25.913469388,0,0.712647,0.164,2.39471,0.02885,0.235033,2.02968,0.100459,0.120756,0.844211,0.136671,3.00948
25.959909297,0,0.847564,0.0817691,2.36429,0.0583913,0.146645,2.09076,0.320519,0.144257,0.883391,0.209948,2.34405
26.006349206,0.383645,0.897905,0.0533669,1.34337,0.0734025,0.60345,1.33689,1.00152,0.148872,0.890708,0.352494,1.53732
26.052789116,1.01932,0.72751,0.00680755,0.294427,0.620298,0.675169,0.439678,1.25003,0.303681,0.650173,0.269973,1.27893
26.099229025,1.14145,0.56964,0.00772518,0.161543,0.78339,0.48627,0.151854,1.41368,0.384709,0.636331,0.23322,1.0547
26.145668934,0.966253,0.413044,0.00686958,0.0963786,1.13681,0.144201,0.198821,1.59605,0.123659,1.0091,0.300919,0.778484
26.192108844,0.389898,0.745185,0.00416417,0.305538,1.24436,0.0233316,0.390092,1.75327,0.0140009,1.76969,0.338602,0.5448
26.238548753,0.156087,0.768319,0.00407319,0.498246,1.45955,0,0.429359,1.74343,0.00817906,2.04308,0.297899,1.07813
26.284988662,0.147033,0.811316,0.0102824,0.885023,1.49856,0.0492521,0.232108,1.43446,0.00728081,1.98249,0.121471,1.60366
26.331428571,0,0.801198,0.117066,0.846389,1.56909,0.421174,0.180774,0.991615,0.14171,1.30277,0.278753,2.1952
26.377868481,0,0.785007,0.247612,0.735458,1.28861,0.704559,0.083442,1.09849,0.122667,1.05162,0.468348,2.27516
26.424308390,0,0.693637,0.237,0.457699,0.56649,0.832391,0.0827555,1.06838,0.304759,0.88359,0.542505,2.0218
26.470748299,0,0.203303,1.13479,0.961847,0,0.586952,0.128437,0.0529499,0.387652,0.421261,1.42384,0.882188
26.517188209,0,0.00197636,1.19597,1.68006,0.116575,0.138744,0.266227,0.0786588,0.400457,0.326857,1.6056,0.64587
26.563628118,0,0.0016386,1.29215,2.1854,0,0.149382,0.750416,0.0262299,0.106385,0.268835,1.3831,0.29498
26.610068027,0,0.0525225,0.845458,2.20055,0.0721412,0.0474997,0.596061,0.0708838,0.74782,0.109569,1.28034,0.122446
26.656507937,0,0.343854,0.36029,1.96108,0.260787,0.149793,0.612055,0.249788,0.684348,0.00750892,1.22439,0.211297
26.702947846,0,0.309997,0.167316,1.44539,0.520907,0.350297,0.431024,0.426627,0.778204,0.0147305,1.66092,0.458469
26.749387755,0,0.165748,0.172325,1.69085,0.397078,0.327982,0.463824,0.525372,0.692686,0.0372605,1.83443,0.589174
26.795827664,0,0.00619581,0.18426,1.84915,0.426708,0.0557652,0.463256,0.546091,0.451066,0.0879191,1.99916,0.624817
26.842267574,0,0.00242704,1.0175,2.09945,0.352018,0.0216177,0.679947,0.449158,0.0672613,0.127502,1.63859,0.402657
26.888707483,0.0235463,0.00226108,1.75512,1.72844,0.166876,0,0.885311,0.408812,0.0375808,0.222471,1.28058,0.0671623
26.935147392,0.0608939,0.538505,1.87268,0.922796,0.285168,0,0.545413,0.203013,0.478855,0.644489,0.861868,0.0666497
26.981587302,0.181395,0.99153,0.310922,1.28328,0.165825,0.464518,0.124334,0.776862,0.586678,0.502656,1.15519,0.243224
27.028027211,0,0.656781,0.181642,2.04002,0.220678,0.444991,0.299433,0.792263,0.49141,0.158018,1.37714,0.168427
27.074467120,0,0.235679,0.126482,2.49428,0.16139,0.0771671,0.669204,0.738814,0.522217,0.171661,1.55957,0.248919
27.120907029,0.0114266,0.0237289,0.151201,2.79055,0.217138,0.00171541,0.709785,0.700017,0.207094,0.0499385,1.74095,0.42294
27.167346939,0.00960384,0.0131715,0.160061,3.3617,0,0.00831849,0.761214,0.691526,0.0103709,0.132111,1.72992,0.371846
27.213786848,0.00550664,0.0151844,0.150908,3.98686,0,0.0108399,0.544446,0.642997,0.0078969,0.121584,1.41443,0.122241
27.260226757,0.0440886,0.0805195,0.0913835,3.86055,0.0175422,0.104968,0.451962,0.552063,0.115657,0.00140872,1.4996,0.0478986
27.306666667,0.00108018,0.238577,0.199095,3.33681,0,0.233248,0.507276,0.50882,0.503875,0.0250904,1.59376,0.0348045
27.353106576,0,0.287832,0.18547,3.31886,0,0.308162,0.456749,0.256803,0.545908,0.010795,1.67755,0.246498
27.399546485,0,0.154241,0.173565,3.32472,0,0.192909,0.645027,0.208703,0.588858,0.0117477,1.77563,0.426229
27.445986395,0,0.0212344,0.312286,3.06351,0.663629,0.0595965,0.685605,0.158079,0.685992,0.0320592,1.85194,0.731501
27.492426304,0,0.00778412,0.54495,1.97745,2.16838,0.0920949,0.478389,0.0665128,0.431103,0.105958,0.986745,1.37823
27.538866213,0.033166,0.0141065,0.308222,0.842527,2.94392,0.109632,0.330176,0.0473934,0.288514,0.119218,0.488389,1.29428
27.585306122,0,0.0135314,0.105419,0.551495,3.35778,0.168765,0.285187,0.0483759,0.332767,0.0314455,0.736174,1.08737
27.631746032,0,0.26059,0.160205,0.310731,2.81579,0.193957,0.264041,0.128774,0.555365,0.0656933,0.896009,1.22486
27.678185941,0,0.295582,0.17384,0.348398,2.35562,0.189112,0.406878,0.0487715,0.57352,0.0333713,1.07198,1.31076
27.724625850,0,0.147521,0.18291,0.219991,2.32236,0.0995054,0.636734,0.0643333,0.657026,0.0254862,1.23813,1.48521
27.771065760,0,0.0213747,0.231909,0.136372,2.38006,0.0610884,0.614295,0.292832,0.746836,0.0598546,1.31151,1.45036
27.817505669,0,0.0324039,0.325424,0.16107,2.49748,0.0147892,0.582805,0.334752,0.315647,0.134321,1.01454,0.656216
27.863945578,0.0837927,0.0478977,0.284077,0.366483,2.92366,0,0.338669,0.366862,0.202004,0.0462014,0.571365,0.226892
27.910385488,0.153587,0.0851508,0.144785,0.598726,2.75914,0,0.472293,0.559212,0.71278,0.00421805,0.967839,0.061152
27.956825397,0,0.453191,0.316795,0.566057,2.26537,0.26516,0.124117,0.599063,0.834866,0.00680165,1.3164,0.420523
28.003265306,0,0.525384,1.06815,0.539175,1.00083,0.310655,0.26073,0.542304,0.821354,0.00603936,1.5647,0.447582
28.049705215,0,0.415095,0.625599,0.450185,0.698642,0.180043,0.460896,0.640317,0.876184,0.0185094,2.0319,0.415125
28.096145125,0,0.251245,0.193982,1.51697,0.377033,0.00188056,0.580695,0.584509,0.547645,0.0540786,1.85904,0.363599
28.142585034,0,0.218241,0.263765,2.31479,0.225421,0.000990852,0.553104,0.581038,0.227573,0.144774,1.34315,0.188816
28.189024943,0,0.195616,1.16157,1.93231,0.157778,0.252717,0.310784,0.602891,0,0.0975084,1.4433,0.0393461
28.235464853,0.135455,0.00929648,1.35173,1.37878,0.156837,0.725436,0.317709,0.635678,1.0439,0.114742,1.39356,0.00329137
28.281904762,0.212634,0.205881,1.99713,0.956629,0.13065,0.484465,0.303556,0.467857,1.09617,0.357919,1.09533,0.000206945
28.328344671,0.208957,0.295388,2.9332,0.00862477,0.21761,0.713329,0.291042,0.100915,0.711529,0.83125,0.90884,0.0736301
28.374784580,0.108386,0.226687,2.76785,0.00525438,0.251617,1.06601,0.376425,0.0959655,0.346026,0.532265,1.91277,0.126134
28.421224490,0,0.0600509,2.19949,0.00502235,0.216454,0.791213,0.659162,0.12144,0.0796054,0.294498,2.89449,0.256994
28.467664399,0,0.00451608,1.39964,0.00627499,0.147487,0.746887,0.910926,0.0400294,0.0284387,0.124707,3.07853,0.193836
28.514104308,0.891066,0.0576619,0.755496,1.1254,0.160187,0.74897,0.734474,0.0274687,0.0332172,0.476934,1.68987,0.0665499
28.560544218,2.15264,0.230388,0.12764,1.66945,0.175222,0.689635,0.198189,0.39118,0.180559,0.914454,0.189259,0.407074
28.606984127,2.55939,0.0965282,0.121904,1.49943,0.34843,0.546799,0.0465805,0.876223,0.191982,0.812507,0.298984,0.274642
28.653424036,2.23229,0.295429,0.117727,1.20079,0.427925,0.737656,0.0850278,1.33305,0.0335444,0.990663,0.177897,0.39185
28.699863946,1.90151,0.0964608,0.118301,1.07227,0.131831,0.895378,0.539455,1.40868,0,1.18568,0.043054,0.891409
28.746303855,1.45165,0,0.138156,0.576368,0.102002,1.05129,1.02696,1.56258,0.00153705,0.704231,0.00049398,1.69825
28.792743764,0.629157,0.00301328,0.152056,0,0.712755,1.00638,1.03639,1.57491,0.0108326,0.184793,0.000920935,2.58041
28.839183673,0.640279,0.152288,0.14157,0,1.06641,0.881316,1.15388,1.54742,0.0096772,0.108891,0.304965,2.71364
28.885623583,0.507457,0.204729,0.37563,0.131638,0.680896,1.06535,1.3105,1.37111,0.0351604,0.282815,0.00145356,2.80636
28.932063492,0.210763,0.320526,0.253922,0.420163,0.0578064,0.745654,2.14557,0.603492,0.068735,0.527677,0.013242,2.82642
28.978503401,0.138781,0.11175,0.166954,1.41922,0.0213264,0.490236,2.47602,0.182932,0.0701071,0.269301,0.0116084,3.21329
29.024943311,0.0331746,0.00323892,0.15467,2.35539,0.0605817,0.51135,2.1006,0.0318105,0.0424113,0.0809814,0.162136,3.17521
29.071383220,0.0122628,0.00199145,0.166338,2.42936,0.0752867,0.300408,1.66723,0.085228,0.311205,0.0971321,0.329521,3.03047
29.117823129,0,0.00106904,0.259869,2.08009,0.128696,0.221359,1.67882,0.286804,0.475975,0.089537,0.347485,2.77403
29.164263039,0.506382,0.0987298,0.252074,2.01547,0.0335478,0.098029,1.77372,0.329212,0.455657,0.116392,0.0637618,2.88217
29.210702948,1.15083,0.0108114,0.230558,1.76863,0.00972022,0.0627178,1.73178,0.251806,0.183414,0.374899,0.10404,2.89135
29.257142857,1.34327,0.00358411,0.180318,1.77603,0,0.0256692,1.47764,0.652927,0.219023,0.54618,0.050348,2.59811
29.303582766,1.58601,0.00231466,0.191236,1.77912,0.145097,0.131704,1.43845,1.12628,0.0948683,0.554356,0.00172846,1.61996
29.350022676,1.52689,0.190146,0.150699,1.53288,0.152403,0.340063,0.706127,1.36144,0.110421,0.452817,0.103046,1.04896
29.396462585,0.884302,0.169834,0.621969,0.547454,1.64011,0.239817,0.881822,0.855807,0.506945,0.919654,0.115584,0.719711
29.442902494,0.58131,0.230387,0.838011,0.263765,2.46728,0.19887,0.450806,0.154006,0.662666,1.12787,0.122308,1.33276
29.489342404,0.250808,0.0102891,0.714813,0.373241,2.66658,0.23175,0.195347,0.0927164,1.35225,0.661189,0.00236367,2.02834
29.535782313,0.114206,0.00315066,0.664083,0.426195,2.8934,0.173338,0.106625,0.0986042,1.8294,0.29034,0.00245666,2.28211
29.582222222,0.069108,0.00254938,0.660591,0.551791,3.20245,0.0728218,0.156971,0.0759483,1.99574,0.460365,0.00319831,2.3713
29.628662132,0.109771,0.00231576,0.650678,0.268123,3.09246,0,0.329392,0.0224377,2.27957,0.641522,0.00390297,2.42401
29.675102041,0.159031,0.00105989,0.621335,0.0511688,3.09861,0,0.47652,0.00282742,2.40545,0.257625,0.0300615,2.31007
29.721541950,0.198383,0.0729561,0.590006,0.0718306,2.77142,0.0798495,0.638322,0.00559656,2.38637,0.294505,0.0474436,2.23451
29.767981859,0.401955,0.242874,0.807707,0.0847941,2.65357,0.147752,0.56418,0.000310584,2.38859,0.240936,0.0428862,2.17167
29.814421769,0.0683548,0.113116,0.750692,0.436789,2.68715,0.182296,0.631962,0.00617919,2.29023,0.203121,0.00851605,2.39973
29.860861678,0.439983,0.00175293,0.498574,1.18131,1.73214,0.178609,0.680018,0.0311164,1.19923,0.44362,0,2.30013
29.907301587,1.4474,0.00214673,0.303267,1.33545,1.04696,0.204398,1.05634,0.101247,0.532367,0.742584,0.150224,1.15229
29.953741497,1.94415,0.0028794,0.216423,1.46997,0.491853,0.222794,1.25092,0.159983,0.421647,0.773419,0.0610096,0.854516
30.000181406,1.72909,0.00248739,0.0590093,1.22858,0.705076,0.406378,1.31512,0.920819,0.000420574,0.663803,0.079918,1.07116
30.046621315,1.2727,0.144302,0.317893,0.434528,1.05163,0.599604,0.873337,1.33935,0.000221654,0.593006,0.310463,1.01298
30.093061224,1.00281,0.170588,0.566662,0.0775112,1.29641,0.447461,0.515142,1.61321,0.281579,0.32569,0.735568,0.88833
30.139501134,0.794465,0.264745,0.276086,0.473978,1.56191,0.198971,0.310824,1.59097,0.142172,0.408259,0.707162,1.06496
30.185941043,0.530841,0.232437,0.145816,0.746105,1.76925,0.0647375,0.34555,1.63263,0.259649,1.09404,0.446847,0.835935
30.232380952,0.119457,0.413019,0.162103,1.0118,1.94771,0.0829269,0.26185,1.5701,0.150875,1.76111,0.434589,0.635067
30.278820862,0,0.949047,0.133185,1.02621,1.92569,0.0676892,0.187487,1.25158,0.100016,2.04073,0.345191,0.886909
30.325260771,0,1.36927,0.0923403,0.923603,2.14589,0,0.116393,0.957682,0.22969,1.97603,0.317768,1.06672
30.371700680,0,1.51,0.279908,0.626529,2.17079,0,0.1021,1.1953,0.567495,1.57827,0.35181,1.05302
30.418140590,0,1.72841,0.278485,0.502838,1.93756,0,0.260677,1.38364,0.786792,1.09607,0.168467,1.00336
30.464580499,0.703486,2.35577,0.00861455,0.330942,1.06714,0.0191231,0.462438,1.25648,0.889193,0.657121,0.440685,1.27383
30.511020408,1.45778,1.2003,0.00631231,0.894828,0.775429,0.00884954,0.594827,1.03283,0.678196,0.676721,0.0962071,0.890037
30.557460317,1.51439,0.373174,0.00424118,1.04138,0.614467,0.0600217,0.537712,0.803912,0.610002,0.508753,0.149448,0.866083
30.603900227,1.41468,0.18242,0.00569136,0.849113,0.716419,0.0262155,0.639252,0.85578,1.00077,0.425829,0.121059,0.796921
30.650340136,0.848105,0.224086,0.00645371,0.524743,1.33207,0.018337,0.941032,1.02628,1.17944,0.309003,0.12391,1.0318
30.696780045,0.205925,0.24118,0.262901,0.248404,1.88005,0.018105,0.871815,1.03328,1.36584,0.0443298,0.226904,1.9102
30.743219955,0.127942,0.218679,0.428728,0.110053,2.21331,0.0162622,0.962204,0.645133,1.86954,0.0159816,0.497337,2.14245
30.789659864,0.0608048,0.177634,0.200934,0.177758,2.2198,0.0324426,1.1263,0.277255,2.00419,0.0318847,0.517622,2.3814
30.836099773,0.118418,0.221404,0.254225,0.686401,1.51931,0.0360182,1.92926,0.0301144,1.2815,0,0.232123,2.74757
30.882539683,0.411644,0.243358,0.444153,1.2156,0.490661,0.0252273,2.44699,0.0450058,0.438572,0.821613,0.670132,2.14389
30.928979592,0.501121,0.0279647,0.260518,1.38441,0.0933335,0.251171,2.63497,0.0727447,0.452923,1.07618,0.61957,1.28967
30.975419501,0.172201,0.000357546,0.222729,1.86609,0.072388,0.220756,2.15275,0.0350242,0.167063,1.00188,0.445286,2.06398
31.021859410,0.0956714,0.000440752,0.183941,2.01916,0.0626454,0.171493,1.70366,0.00473788,0.104936,0.73003,0.389019,3.02516
31.068299320,0.000941605,0.000138881,0.289783,2.08625,0.0526274,0.105886,1.86661,0,0.100545,0.457486,0.400449,3.40506
31.114739229,0.358902,0.0265772,0.409061,1.46261,0.0214207,0.17608,1.91783,0.00895587,0.411758,0.562146,0.0703252,3.18309
31.161179138,0.747428,0.00203101,0.638068,0.642727,0.0349821,0.424885,1.79954,0.196591,0.592589,0.494409,0.474713,2.44103
31.207619048,1.31682,0.0022178,0.795892,0.400309,0.0634099,0.432311,1.76256,0.274291,0.427553,0.361109,0.600932,1.98947
31.254058957,1.57633,0.187518,0.958113,0.128582,0.0822017,0.514149,1.54009,0.550995,0.302487,0.39907,0.3311,1.25884
31.300498866,1.48667,0.143369,0.96792,0.0863602,0.166288,0.334758,1.28846,0.750393,0.0571377,0.731536,0.5968,0.61432
31.346938776,1.08465,0,0.336544,0.532064,0.332994,0.430419,1.05672,0.568481,0.0544714,0.813933,0.878771,0.843621
31.393378685,0.935841,0,0.187334,0.776994,0.382578,0.364754,1.0206,0.916581,0.0931807,0.362271,1.36414,1.27531
31.439818594,0.694988,0.0304369,0.147458,0.347949,0.212104,0.604273,1.33182,0.845728,0.0975904,0.11599,1.51025,2.19024
31.486258503,0.625583,0.10832,0.348034,0.27002,0.275665,0.411888,1.13522,0.79163,0.212239,0.107285,1.32999,2.50898
31.532698413,0.44593,0.287043,0.675332,0.291531,0.685161,0.250403,0.940676,0.65828,0.165461,0.17126,0.701776,2.68129
31.579138322,0.409173,0.37377,1.00753,0.502503,1.3675,0.302899,0.721601,0.451998,0.56603,0.196011,0.0940162,2.79762
31.625578231,0.200995,0.0445081,0.808479,0.736796,1.70898,0.259042,0.894794,0.00126189,0.68308,0.796775,0.0357676,2.98249
31.672018141,0.776089,0.00859557,0.751148,0.638403,1.65753,0.102616,1.07677,0.0218043,1.10099,0.824534,0.198069,2.59288
31.718458050,0.891743,0.0683795,0.462793,0.458625,1.83121,0.0121732,1.10194,0.0155207,1.43732,0.587254,0.303311,2.05165
31.764897959,0.434508,0.0902858,0.161221,1.17767,1.98334,0.00860528,0.996856,0.00114594,1.67312,0.0604068,0.193326,2.01843
31.811337868,0.259374,0.0818501,0.106638,1.51435,1.8866,0.0160896,0.701355,0.587308,1.49504,0.0704942,0.108532,1.68587
31.857777778,0.577049,0.118961,0,1.69006,1.69017,0.151878,0.656339,0.54744,1.46315,0.0741598,0.0782884,1.27572
31.904217687,0.634085,0.0615556,0.00542884,1.63699,1.32587,0.312114,0.572855,0.424143,1.46182,0.0124156,0.0793614,1.41891
31.950657596,0.493682,0.00153715,0.00109371,1.49203,1.164,0.31629,0.424076,0.249376,2.11734,0.0172621,0.11051,2.15947
31.997097506,0.117745,0.00169507,0.000544148,0.818821,2.05274,0.110638,0.412089,0.0982559,2.39344,0.0125147,0.13608,2.31318
32.043537415,0,0,0.127138,0.580912,2.38522,0.111405,0.500137,0,2.55118,0.00631439,0.11979,2.2367
32.089977324,0.0136731,0.00177707,0.181997,0.45481,2.15228,0.00817351,0.661944,0.016572,2.42683,0.0674663,0.530128,2.39827
32.136417234,0.0625966,0.00106451,0.395828,0.242869,2.18169,0,0.814014,0.0204956,2.54809,0.0861207,0.304351,2.30188
32.182857143,0.165755,0.00537525,0.591843,0.482138,2.07243,0.00574799,0.63213,0.0428448,2.58367,0.064655,0.0542609,1.56002
32.229297052,0.211927,0,0.754226,0.32155,2.09039,0.00599838,0.428629,0.0438133,2.75711,0.00392303,0.00107341,1.36883
32.275736961,0.244337,0.000949383,0.462019,0.070019,2.28286,0.0910047,0.202505,0.019359,2.96601,0,0.118073,1.52744
32.322176871,0.197255,0.000715505,0.558182,0.194861,1.98131,0.15191,0.0838334,0.000212727,3.18335,0,0.333651,1.45952
32.368616780,0.0717193,0.0591073,0.611886,0.347263,2.28472,0.21602,0.0879747,0.00676139,3.20235,0,0.442066,1.00647
32.415056689,0.0663352,0.12271,0.638232,0.482153,2.32762,0.21099,0.171617,0.032911,3.23214,0.021539,0.360401,1.45252
32.461496599,0.324596,0.0209366,0.871587,0.738589,2.13865,0.0338564,0.165333,0.0510626,3.02807,0.0530269,0.0013891,1.54011
32.507936508,0.447316,0.00271852,1.02769,1.01659,1.65202,0.00429611,0.421888,0.0492686,2.00525,0.337865,0,1.75841
32.554376417,0.482814,0.00281037,1.00631,1.13871,1.57358,0.0725399,1.01888,0.11039,1.05624,0.0578003,0,1.89746
32.600816327,0.594355,0.000212348,0.784591,0.554367,1.79535,0.0139253,1.72512,0.00826567,1.13829,0.00680758,0.0608071,2.23605
32.647256236,0.283774,0.0458034,0.566243,0.349546,1.63654,0.00200045,2.19867,0.0010459,1.02569,0.102122,0,2.80985
32.693696145,0.00942437,0.00615575,0.889406,0.0724031,1.59203,0.0275421,1.98684,0.0745844,0.967019,0.0816631,0.118581,2.94679
32.740136054,0.0290156,0.00051402,0.918722,0.0469605,2.03553,0.106116,1.35789,0.0410222,2.10261,0.078511,0.240118,2.27908
32.786575964,0.0735396,0.00169168,0.779507,0.168888,2.22986,0,1.19717,0.036631,2.5467,0.0710929,0.0803998,1.90634
32.833015873,0.0946758,0.00245489,0.328681,0.282115,2.48559,0.00143023,0.947865,0.0258732,2.74155,0.109603,0.398997,1.91534
32.879455782,0.0861414,0.00233331,0.260547,0.219037,2.74717,0.000717799,0.766803,0.00319646,2.65174,0.0678986,0.0178536,2.13472
32.925895692,0,0.00215795,0.299417,0.0762199,2.40524,0.163818,1.14921,0.0586171,1.9951,0.0173174,0.0975471,2.69953
32.972335601,0,0.132367,0.461227,0.154824,1.58346,0.256749,1.43745,0.36401,0.780323,0.0795884,0.191993,2.88981
33.018775510,0,0.218142,0.617333,0.156893,1.19315,0.316725,1.3298,0.873916,0.21159,0.0567186,0.194912,2.73403
33.065215420,0.0281856,0.076274,1.16146,0.256924,1.60609,0.332383,0.939826,0.959827,0.77222,0.0428484,0.112878,2.53558
33.111655329,0.510171,0.00279305,1.24565,0.458944,1.63081,0.158397,0.442094,0.116027,2.364,0.0297219,0.00661742,2.145
33.158095238,0.405024,0.00316974,1.11628,0.688361,0.828965,0.508792,0.308826,0.00252132,2.72037,0.0233721,0,2.25957
33.204535147,0.376615,0.00287026,0.953172,0.915798,0.894199,0.448211,0.333354,0.0841138,2.66744,0.017802,0.194193,1.69076
33.250975057,0.348836,0.00610197,0.874461,0.918037,1.70781,0.170981,0.482133,0.146012,2.11953,0.171397,0.205965,0.684963
33.297414966,0.284408,0.0027911,0.544928,0.902989,2.63565,0.0510487,0.575969,0.062812,1.79727,0.309554,0.194465,0.710479
33.343854875,0.146556,0.000925423,0.427883,0.648324,2.67044,0.000767537,0.645272,0.123944,1.78383,0.290848,0.287568,1.47556
33.390294785,0,0.00818092,0.13106,0.704491,2.42085,0.0176381,0.764088,0.746205,1.60048,0.171241,0.285571,1.69989
33.436734694,0,0.0610204,0.211521,0.665909,1.99284,0.0106948,0.776945,1.6211,0.429815,0.150255,0.10896,2.21824
33.483174603,0.0660042,0.0885844,0.370631,0.468472,1.88211,0.0195847,0.697313,1.68795,0.478664,0.12641,0,2.36138
33.529614512,0.122495,0.0957936,0.298131,0.507437,1.81923,0.116376,0.434054,1.55696,0.665145,0.0154582,0.0107893,2.59353
33.576054422,0.0786392,0.23036,0.506826,0.46908,1.60295,0.132083,0.412205,0.903689,1.09465,0,0.000660347,2.71743
33.622494331,0.0859567,0.262764,0.720143,0.45586,1.62007,0.179014,0.612692,0.310828,1.45888,0,8.95954e-05,2.60255
33.668934240,0.0292104,0.233896,0.921705,0.462043,1.7059,0.247743,1.03116,0.00190008,1.87242,0,0,2.7849
33.715374150,0,0.0432704,0.964502,0.349046,1.70835,0.776566,0.907915,0.0479943,1.95991,0.0967871,0,2.52579
33.761814059,0.142798,0,0.6225,0.85377,0.917864,1.61114,0.726242,0.180461,1.22443,0.282527,0,2.11299
33.808253968,0.225739,0,0.418097,1.08837,0.743183,1.94824,0.545809,0.317636,0.640645,0.378978,0.0188128,2.26896
33.854693878,0.161984,0,0.322063,0.923068,1.22139,1.80165,0.358342,0.216562,0.578426,0.332198,0.133212,2.46455
33.901133787,0.668245,0.00282111,0.350201,0.534974,1.91142,1.52513,0.341429,0.33025,0.450593,0.167094,0.038862,2.22257
33.947573696,0.926095,0.00360921,0.29656,1.0643,2.14957,0.806067,0.394969,1.16963,0.285037,0.0442678,0.0244731,1.60104
33.994013605,0.997757,0.00165769,0.208867,1.39485,1.80611,0.533425,0.211655,1.34525,0.0885878,0.00168804,0.00187191,1.39566
34.040453515,1.19905,0.00128984,0.389162,1.26534,1.46822,0.583604,0.114052,1.32638,0.173417,0.000603046,0.00181723,1.17126
34.086893424,0.977668,0.0837305,0.687581,0.907294,1.12837,0.588309,0.31066,0.836842,0.531605,0.349262,0.000641781,1.42054
34.133333333,0.59929,0.0737151,1.08908,0.660666,0.82712,0.268458,1.15618,0.0316054,0.532925,0.382638,0.397162,2.12652
34.179773243,0.219889,0.00159806,0.201617,0.865922,0.927587,0,1.2841,0.0267617,0.0776409,0.3902,0.637463,2.67741
34.226213152,0.00744965,0.00255288,0.145943,1.96191,0.545206,0,1.86255,0.0224163,0.00332136,0.343396,0.45667,3.32756
34.272653061,0,0.00210172,0.079058,2.50015,0.0368591,0.0377308,2.02878,0.00218083,0.00803602,0.401349,0.358399,3.64856
34.319092971,0,0.00161016,0.0275883,2.83225,0,0.0333092,2.2485,0,0,0.727975,0.294825,3.66812
34.365532880,0.522591,3.8296e-05,0.00444508,2.20475,0.0434622,0.0895761,2.27915,0,0,0.955263,0.264979,3.14388
34.411972789,0.985353,0,0.0564712,1.32778,0.198575,0.150097,2.13478,0,0.0196772,0.951977,0.309238,2.76401
34.458412698,1.00742,0,0.155806,1.35985,0.307671,0.0911179,1.824,0.011017,0.0235749,0.932705,0.323201,2.41053
34.504852608,0.774111,0,0.175515,1.23213,0.388192,0.112678,1.96036,0.06686,0.0156943,0.845793,0.164168,2.2169
34.551292517,0.345706,0,0.233962,1.11531,0.177623,0.0659243,2.0986,0,0.00565636,0.779737,0.279385,1.9812
34.597732426,0.0059638,0.337919,0.122799,0.85312,0.144041,0.106509,2.06858,0.113332,0.00945664,0.431174,0.373094,2.07727
34.644172336,0.00335651,0.454535,0.120925,1.02709,0.384061,0.0326522,2.05004,0.0748119,0.0114299,0.26063,0.280522,2.10265
34.690612245,0.00902188,0.432113,0.061616,1.34833,0.442916,0.0740965,2.44386,0.0530077,0.00759142,0.368954,0.10725,2.22268
34.737052154,0.0313871,0.694278,0.000430202,1.03224,0.32899,0.104829,2.79631,0.0435245,0.0855839,0.583621,0.261872,2.14054
34.783492063,0,0.94833,0.150911,0.550877,0.0950401,0.137133,2.558,0.143781,0.183398,0.28319,0.510288,2.18649
34.829931973,0.00782886,0.858401,0.155501,0.648547,0.120352,0.0693549,2.2981,0.0530931,0.0860849,0.0270396,0.563273,2.43138
34.876371882,0.0202067,0.749066,0.119828,0.794315,0.186431,0.044395,2.34223,0.0990563,0.0752702,0,0.503753,2.57857
34.922811791,0,0.829324,0.201833,0.767559,0.258977,0.175326,2.10916,0.244801,0.0871968,0.11117,0.477559,2.43155
34.969251701,0.0037765,0.897095,0.155158,0.904764,0.119706,0.347274,2.14632,0.424223,0.0668233,0.450864,0.354258,2.35764
35.015691610,0,0.90338,0.0219182,1.19682,0.105839,0.375745,1.79453,0.550299,0.0204071,0.77055,0.220653,2.29173
35.062131519,0.28537,0.751727,0.291854,1.03876,0.305227,0.039317,1.38157,0.503213,0.00580393,0.853911,0,2.06481
35.108571429,0.507699,0.533627,0.384885,0.859255,0.357727,0.0304754,1.47348,0.422754,0.00530601,0.847697,0.110869,1.41883
35.155011338,0.566306,0.500372,0.348581,0.805889,0.437944,0.0552876,1.56483,0.52953,0.0117613,0.789967,0.10796,1.33897
35.201451247,0.402514,0.516096,0.00824685,0.777775,0.349447,0.463591,1.54647,0.398997,0.0238269,0.453388,0.046112,1.17297
35.247891156,0.25192,0.262914,0.0401178,0.618805,0.216289,0.448992,1.95751,0.275783,0.0517473,0.306667,0.568443,1.19046
35.294331066,0.0758998,0.276127,0.111541,0.290327,0.176116,0.392377,1.82687,0.0694065,0.0858944,0.426487,0.735109,1.57458
35.340770975,0,0.459141,0.148947,0.417599,0.192968,0.246065,1.74999,0.0505871,0.499718,0.426579,0.388692,2.1793
35.387210884,0,0.331169,0.204754,1.25098,0.190161,0.132482,1.80559,0.0406275,0.896252,0.521778,0.110003,2.46169
35.433650794,0.142061,0.360886,0.239371,1.96898,0.040142,0,1.62861,0.00744067,1.3109,0.426333,0.00159224,2.21447
35.480090703,0.258178,0.441815,0.048013,2.15521,0.0834993,0.0597309,1.42568,0.040278,1.66458,0.223906,0.000460336,1.82254
35.526530612,0.269957,0.295432,0.16372,1.76589,0,0.0907724,1.18455,0.0381597,2.06176,0.108591,0.062828,1.76068
35.572970522,0.257331,0.184073,0.203333,1.26473,0.00552679,0,1.40964,0.0978309,2.65257,0.0552995,0.355656,1.37653
35.619410431,0.22992,0.180063,0.102881,0.966975,0.0034848,0.000376864,2.01604,0.0321606,3.12474,0.0215324,0.417642,1.38944
35.665850340,1.28709,0.101208,0.318153,1.20283,0,0,1.92821,0.0443383,2.0836,0,0.455009,1.4155
35.712290249,1.41622,0.323252,0.425441,1.00954,0,0.00485972,1.50127,0.129434,1.28941,0,0.812834,1.41722
35.758730159,1.35057,0.675113,0.273127,0.776757,0,0.0268168,1.66436,0.105893,0.772811,0,0.825742,1.39721
35.805170068,1.07662,0.902157,0.14966,0.65196,0.0654284,0.038887,2.26681,0.0923266,0,0,0.661758,1.42051
35.851609977,0.356909,1.02728,0.0487609,0.187361,0.127953,0.00190156,2.61013,0.0918422,0,0,0.541601,1.807
35.898049887,0.0955048,1.27378,0.210403,0.0110725,0.0980324,0.0992399,2.56654,0,0,0.347063,0.515449,1.80589
35.944489796,0.0303575,1.34538,0.00143653,0.0174129,0.0830961,0.227322,2.73844,0.143767,0,0.875386,0.489974,1.49442
35.990929705,3.20981e-05,1.20595,0.0830151,0.164824,0.209617,0.818721,2.72731,0.177236,0,1.07595,0.526556,1.62545
36.037369615,0,0.275117,0.344867,0.463,0.405746,1.43218,2.14804,0.184229,0.0202848,0.902121,0.203147,1.7203
36.083809524,0.00543639,0.032977,0.787558,0.416927,0.419327,1.83192,1.31825,0.136219,0.0604642,0.781335,0.04457,2.1273
36.130249433,0.0397321,0.300604,1.0355,0.353771,0.362037,1.67465,0.735625,0.142429,0.11619,0.881371,0.11921,2.38595
36.176689342,0.12482,0.307745,0.45987,1.32521,0.139162,0.461055,1.09618,0.276138,0.0958941,1.16245,0.737642,2.3668
36.223129252,0.0605892,0.000464525,0.224759,2.48937,0.133903,0.508249,1.17039,0.259828,0.144367,0.652206,0.770057,2.52355
36.269569161,0,0.0315448,0.136294,2.59566,0.149643,0.301343,1.37532,0.222171,0.072903,0.369579,0.811892,2.10797
36.316009070,0.343285,0.0505987,0.00552367,2.5671,0.0690059,0.0482903,1.90976,0.233783,0.0398584,0.516103,1.00442,0.909024
36.362448980,0.851481,0.00366422,0.154053,2.40353,0.133866,0.0478203,1.95357,0.280498,0.00207153,0.51428,1.27617,0.666663
36.408888889,0.860792,0.00378749,0.147773,2.73698,0.138945,0,1.86191,0.278188,0,0.533446,1.61837,0.424197
36.455328798,0.52858,0.000828945,0.00480049,2.87176,0.231463,0.00520201,2.11801,0.193025,0,0.584516,1.40009,0.418225
36.501768707,0.224234,0,0.350696,2.77746,0.0610022,0,1.82601,0.508923,0.199702,0.497612,1.16138,0.993886
36.548208617,0.0920394,0,0.371591,2.72612,0.0289136,0,1.11108,1.44331,0.141916,0.288032,1.15758,1.61734
36.594648526,0.101629,0.124507,0.269085,2.59562,0.0316639,0,0.647272,1.67553,0.0938287,0.0306511,1.25907,1.58657
36.641088435,0.407307,0.159919,0.194244,2.08792,0.121586,0,0.402706,1.20045,0.0269284,0.024243,1.91137,1.06624
36.687528345,0.400097,1.00171,0.511918,0.655053,0.167213,0.591177,0.170907,0.628142,0.437326,0.0849588,1.97172,0.992118
36.733968254,0.289456,1.57062,0.442589,0.00355997,0.170391,0.820529,0.872619,0.604121,1.17709,0.0400121,1.07828,0.748666
36.780408163,0.220197,2.42025,0.125557,0.00373464,0.14975,0.571946,1.68187,0.56979,1.03467,0.000113364,0.826315,0.406506
36.826848073,0.145976,2.46261,0.106788,0.00373361,0.100668,0.509511,2.46541,0.44005,0.96952,0.0789632,0.745423,0.143203
36.873287982,0.143111,2.26793,0.104216,0.0967169,0.0707167,0.412851,2.94344,0.168912,1.02207,0.125195,0.577759,0.163326
36.919727891,0.473711,2.05359,0.258127,0.0825961,0.0388544,0.371069,2.99792,0,1.33451,0.101693,0.310432,0.27377
36.966167800,0.924174,1.68075,0.125729,0.109417,0.0208027,0.478253,1.85636,0.00639868,2.10846,0.00212814,0.378267,0.707987
37.012607710,0.639542,1.96785,0.0350734,0.131615,0.0436595,0.5318,1.48781,0.267936,1.90969,0.000730161,0.330781,0.552519
37.059047619,0.388618,1.91971,0.00217517,0.246346,0.11091,0.63086,1.25896,0.735902,1.58967,0.0568649,0.238475,0.328562
37.105487528,0.184498,1.9991,0.0672408,0.100674,0.139288,0.590482,1.5392,0.945326,1.18622,0.0415772,0.739999,0.164643
37.151927438,0.658946,2.38771,0.294994,0.0961472,0.0709453,0.524158,1.93375,0.574122,0.708348,0,1.1664,0.0888812
37.198367347,0.645789,2.74842,0.210665,0.0560344,0.0173797,0.403853,2.45404,0.0744372,0.566068,0,1.05392,0.108079
37.244807256,0.369589,2.82531,0.0372078,0.0113611,0.00528847,0.519312,2.7924,0.124266,0.629936,0.00932224,0.831718,0.132223
37.291247166,0,2.74494,0.479921,0.00324872,0.000389213,0.493332,2.48802,0.0501343,0.671425,0.14479,0.944649,0.213062
37.337687075,0.0293621,2.19405,0.656388,0.14216,0.00592523,0.532243,1.96887,0.260795,0.453944,0.0475952,0.947945,0.398677
37.384126984,0.10108,2.1226,0.53442,0.217872,0,0.599396,1.65456,0.38689,0.195568,0.00510808,0.926513,0.416255
37.430566893,0.242008,2.12287,0.311186,0.215256,0.0010792,0.737722,2.03917,0.0872874,0.392186,0.0599305,0.868392,0.330923
37.477006803,0.241462,2.74197,0.101686,0.191696,0.00644762,0.85209,1.82404,0.0414735,0.716784,0,0.929795,0.23332
37.523446712,0.148,3.3078,0.108652,0.172245,0.0770913,0.618527,1.59198,0.356669,0.755277,0,0.989973,0.175605
37.569886621,0.415389,3.22555,0.027786,0.112095,0.0739204,0.380939,1.90612,0.446633,0.719927,0.0276183,0.938213,0.646438
37.616326531,1.38184,2.24195,0.0077585,0.286362,0.118069,0.286285,2.07733,0.0303081,0.587485,0.0675443,0.754762,0.863947
37.662766440,1.96649,0.744273,0.00526508,0.720277,0.483916,0.100476,1.90477,0.0430402,0.630408,0.224237,1.052,0.886983
37.709206349,1.25092,0.573407,0.00623531,1.30487,0.966398,0.0414348,2.08004,0.22972,0.191686,0.0484674,1.20634,1.2074
37.755646259,0.87805,0.19732,0.00686229,0.964799,1.38296,0.0398406,2.38197,0.0545274,0.336921,0.0338446,1.15613,1.13618
37.802086168,0.210573,0.748577,0.00827258,0.587799,1.37048,0.194971,1.93496,0.0229632,0.440445,0.0325255,1.31658,1.16178
37.848526077,0.0210048,1.00958,0.141736,0.164958,1.70605,0.166742,1.43707,0.0230586,0.701204,0.0568701,1.62325,1.17599
37.894965986,0.0182177,1.35108,0.135832,0.010927,2.42546,0.34593,1.19868,0.0350152,0.407328,0.063476,1.52669,1.25215
37.941405896,0,1.48445,0.0665108,0.0034657,2.34118,0.438442,1.09062,0.036565,0.325191,0.0798582,1.44105,1.42791
37.987845805,0.286048,1.59712,0.0451409,0.168408,1.67378,0.411499,1.38553,0.0268858,0.307614,0.0956764,1.33847,1.49296
38.034285714,0.57343,1.8567,0.0206532,0.438992,1.14533,0.313051,2.52327,0.00219844,0.40063,0.07954,1.49694,0.816174
38.080725624,0.0987259,2.36106,0.00840025,0.469622,1.31179,0.111798,3.09794,0.0421958,0.244115,0.041386,1.84826,0
38.127165533,0,2.58629,0.102697,0.695939,1.3764,0.0602513,3.06217,0.200444,0.0922428,0.052297,2.12646,0.0358998
38.173605442,0,2.09377,0.146851,0.5031,1.43369,0.235317,2.80672,0.154169,0.108691,0.0774333,1.89369,0.271987
38.220045351,0.784917,1.67226,0.101362,0.333685,1.22899,0.587235,2.50536,0.108548,0.085071,0.323959,1.30763,0.206672
38.266485261,1.56741,1.31766,0.117633,0.463728,0.558165,0.576796,2.40729,0.0715786,0.393726,0.197655,0.782389,0.242889
38.312925170,1.72236,1.32699,0.0434266,0.676367,0.0767559,0.313829,2.21058,0.0522575,0.509601,0.0616881,0.630936,0.332761
38.359365079,1.41915,1.51333,0.00550297,0.23473,0.0730067,0.389189,1.7568,0.511107,0.682763,0.0184764,0.791059,0.409346
38.405804989,1.0285,1.74801,0.00504533,0.183929,0.115444,0.546583,0.940796,0.801526,0.656998,0.0866631,0.923747,0.405294
38.452244898,0.539314,1.9733,0.00485389,0.342154,0.367281,0.540992,0.631304,1.24497,0.589486,0.125437,1.17301,0.311014
38.498684807,0.129654,2.82834,0.044937,0.0836722,0.359047,0.647452,0.783589,1.18562,0.703894,0.0851789,1.31171,0.501254
38.545124717,0,3.16185,0.133604,0.0960079,0.251536,0.611063,1.46614,0.730835,0.737661,0.0709536,1.06493,0.60785
38.591564626,3.84374e-05,2.95167,0.185651,0.167746,0.0293055,0.426767,2.09932,0.0548905,0.836047,0.0463035,0.941089,0.48659
38.638004535,0.494099,2.57034,0.128302,0.194747,0,0.351072,2.42147,0.00349728,0.84286,0.0278777,0.949319,0.253678
38.684444444,0.598405,2.37284,0.0249286,0.198166,0.00743579,0.352154,2.64694,0.00360162,0.828937,0,0.677423,0.174216
38.730884354,0.408344,1.98571,0.00750894,0.192627,0.00056935,0.524463,3.10592,0.00180169,0.723418,0,0.490889,0.471308
38.777324263,0.541405,1.30401,0.141652,0.287534,0,0.381309,3.28267,0.115077,0.73122,0,0.721504,0.745012
38.823764172,0.697493,1.02248,0.155384,0.948886,0.013223,0.33099,2.48725,0.223079,0.464054,0.0314744,0.837181,0.679261
38.870204082,0.688273,1.19624,0.0278201,0.957893,0.0345906,0.303244,1.85365,0.0869468,0.718924,0.0454436,1.00054,0.668597
38.916643991,0.90252,0.993613,0.00607639,1.28602,0.0626798,0.0565216,1.53581,0.507272,0.959705,0.0226269,0.933968,0.666956
38.963083900,1.25389,0.956504,0.145842,1.47203,0.124495,0.0438621,1.74778,0.503237,0.950904,0.00142567,0.240727,0.423278
39.009523810,1.22195,1.13171,0.423883,0.831899,0.126852,0.144672,2.86278,0.213284,0.548023,9.15169e-06,0.135555,0.226864
39.055963719,0.747687,1.08153,0.850091,0.182107,0.0588747,0.568447,3.34604,0.0334835,0.0756178,0,0.350085,0.207511
39.102403628,0.588496,1.12256,1.52908,0.157939,0.80802,1.1566,2.25334,0.000463049,0.0917461,0,0.271215,0.666259
39.148843537,0.641635,1.02019,1.92466,0.0125308,1.03651,1.1858,0.867779,0.388054,0,0.0766118,0.131695,1.17928
39.195283447,0.675657,0.458551,1.90368,0,0.82689,0.864561,1.23694,0.99242,0.0120223,0.129725,0.471138,1.33672
39.241723356,0.203531,0.37748,1.14756,0.0898473,0.646734,0.553219,1.76466,0.325009,0.0188662,0.113628,0.497605,1.57826
39.288163265,0,0.572427,0.402091,0.218465,0.435528,0.432587,1.69878,0.369373,0.0169994,0.141372,0.503574,1.66159
39.334603175,0,0.665556,0.181951,0.529971,0.09842,0.213026,1.81176,0.311173,0.0448167,0.194957,0.685946,1.83343
39.381043084,0,0.79284,0.0776574,0.95926,0.0246945,0.0319349,2.66212,0.0531651,0.029948,0.387033,0.534887,2.40524
39.427482993,0,0.887489,0.00538101,1.12149,0.0263385,0.0361099,2.91584,0.0424209,0.018437,0.551656,0.375222,2.61145
39.473922902,0,0.962564,0.00451627,0.896491,0.07713,0.0207291,2.98961,0.116581,0,0.520985,0.38359,2.6104
39.520362812,0.0158763,0.978006,0.163733,0.659567,0.0410365,0.00549173,3.0007,0.0131544,0.00938812,0.408518,0.392464,2.63696
39.566802721,0.277179,0.925981,0.225903,1.05245,0.0181562,0.00443138,3.01914,0.0137125,0.013731,0.570783,0.440074,2.08736
39.613242630,0.669182,0.846256,0.166515,1.44444,0.00524469,0.045754,3.30397,0,0.0106574,0.850832,0.540211,1.21996
39.659682540,0.585615,0.838716,0.212762,1.53878,0.000777178,0.0538002,3.23987,0.0255112,0.00082148,0.980363,0.288913,1.50642
39.706122449,0.219433,0.699865,0.211506,1.36705,0.0161515,0.0327668,3.17648,0.0265263,0,0.86621,0.246512,1.94643
39.752562358,0.0562114,0.574469,0.0788033,0.0954831,1.22746,0.093807,2.88687,0.00294496,0,0.368083,0.291303,2.57644
39.799002268,0.0656985,0.109142,0.00128377,0.0540043,1.42148,0.175693,2.84044,0.00202139,0,0.409818,0.236157,2.99798
39.845442177,0.148185,0.0533315,0.0264767,0.757203,1.40381,0.0919743,2.66862,0.00263017,0.00986364,0.717465,0.0977245,3.26343
39.891882086,0.0970328,0.097962,0.0195728,1.6929,0.914994,0.0337981,2.54734,0.05286,0.0943474,1.00454,0.00259498,3.04307
39.938321995,0.181063,0.0922215,0.0933254,2.73733,0.0904907,0.0173877,2.40102,0.0487401,0.116057,0.934147,0.232968,2.62143
39.984761905,0.23402,0,0.181435,3.18921,0.0855786,0.0681678,2.29084,0.0428555,0.0795035,0.807224,0.462502,2.33483
40.031201814,0.22115,0,0.104422,3.28934,0.0458924,0.10395,2.29729,0.0305499,0.0611021,0.727197,0.45288,2.29737
40.077641723,0.193326,0.00491151,0.143088,3.33589,0.00577003,0.00634304,1.99198,0.234446,0.0743605,0.744902,0.489071,1.93791
40.124081633,0.144929,0.0336936,0.173511,3.28429,0.155386,0,1.54549,0.366744,0.0997875,0.698828,0.899311,1.74095
40.170521542,0.462306,0.0648747,0.0431037,2.92591,0.255048,0,1.43143,0.109977,0.100161,0.9375,0.908451,1.33118
40.216961451,0.306566,0.330376,0.0251929,2.74321,0,0.14303,0.924217,0.195227,0.101527,0.785317,0.860433,1.43863
40.263401361,0.219658,0.457133,0.0274505,2.3592,0,0.296279,0.954696,0.135785,0.092506,0.733521,0.482781,2.01657
40.309841270,0.139963,0.280339,0.105189,2.01719,0.026146,0.253388,1.40607,0,0.0194748,0.576767,0.109762,2.52237
40.356281179,0.168389,0.0089886,0.224185,1.88133,0.0511005,0.305512,1.9731,0,0.0487569,0.54703,0.0606394,2.75695
40.402721088,0.270107,0,0.319844,1.88387,0.142386,0.217441,2.18423,0,0.125185,0.536131,0.0485985,2.80569
40.449160998,0.09577,0.0616429,0.219054,2.45135,0.17594,0.114859,1.97033,0.0194271,0.129466,0.64155,0.0436568,2.52445
40.495600907,0.0679297,0.096239,0.153178,2.69591,0.0842124,0.05036,2.04665,0.0248141,0.0527252,0.619105,0.000792569,2.99412
40.542040816,0.0561362,0.00146839,0.124736,2.69965,0.022227,0.0347697,2.11511,0.0238758,0.0369867,0.468152,0,3.53436
40.588480726,0.0100928,0.00239117,0.111261,2.50331,0.0110886,0.118594,1.91105,0,0.0150093,0.577134,0,3.74596
40.634920635,0,0.00216547,0.130455,2.3157,0.21642,0.217411,1.76957,0,0.0185414,0.697996,0,3.84887
40.681360544,0,0,0.163105,2.03781,0.0771547,0.243169,1.87518,0.154925,0.0600682,0.683403,0,4.03662
40.727800454,0,0.0253189,0.205642,1.75065,0.0793922,0.179817,1.86464,0.30681,0.0767917,0.747633,0.213289,3.76091
40.774240363,0.0134827,0.318031,0.142103,1.93189,0.064772,0.0231119,2.11708,0.133343,0.0938086,0.802387,0.588886,2.97195
40.820680272,0.572555,0.35845,0.00561196,2.15016,0.0268061,0.12653,2.24587,0.0410363,0.07057,0.892009,0.397854,1.78531
40.867120181,0.832687,0.305745,0.0843459,1.80037,0,0.165862,2.15743,0.0425665,0.150724,0.933868,0.136185,1.48587
40.913560091,0.74514,0.15298,0.161734,1.41501,0.0551997,0.287345,2.12499,0.0199853,0.169974,0.921989,0.10735,1.56492
40.960000000,0.932105,0.000414278,0.0710963,1.25431,0.142979,0.0653969,1.97289,0.22937,0.0364204,0.980357,0.0807133,1.99132
41.006439909,0.921157,0.00187582,0.300351,0.902517,0.295965,0.068678,2.07091,0.282409,0,0.564568,0.119942,1.97418
41.052879819,1.17804,0.00224554,0.486358,0.989386,0.242472,0.0408688,1.84709,0.385051,0.00189792,0.0905361,0.156225,2.06277
41.099319728,1.06446,0.00308244,0.519653,1.2443,0.334517,0.0258,1.72229,0.408381,0.00168103,0.00283294,0.392934,2.09936
41.145759637,0.879734,0.00821992,0.250045,1.69396,0.371826,0.0182895,1.86413,0.38479,0.00577807,0.20347,0.288594,2.28399
41.192199546,0.629002,0.0102516,0.00155591,2.05703,0.358067,0.0039057,2.11918,0.407437,0.172822,0.362104,0.0942584,2.29899
41.238639456,0.51717,0.045309,0.12315,1.71074,0.324608,0.00546284,1.89691,0.500449,0.207238,0.277368,0.143211,2.6554
41.285079365,0.189469,0.0358072,0.129803,1.43594,0.154744,0.00499246,1.77311,0.792803,0.212741,0.282809,0.268833,2.97532
41.331519274,0.101002,0.000281374,0.221046,1.50606,0.101943,0.0208334,2.02192,0.343024,0.115518,0.264691,0.0362842,3.09333
41.377959184,0.035415,0.0631547,0.500517,1.76206,0.0750301,0.138047,1.87713,0.112202,0.199988,0.343943,0.0425977,3.04636
41.424399093,0,0.0500962,0.315012,2.15965,0.134794,0.141582,2.11256,0.091833,0.151981,0.741418,0.309075,2.78509
41.470839002,0.509818,0.00281386,0.125171,2.20296,0.108824,0.197254,2.24058,0.0690144,0.219239,0.708153,0.0935571,2.4917
41.517278912,0.779193,0.00418627,0.157365,2.13027,0.0559616,0.139382,1.72269,0.609441,0.355844,0.357946,0,2.51056
41.563718821,0.807577,0.0103874,0.16468,2.2163,0.0806623,0.0833468,1.41663,0.919833,0.446188,0.103597,0.347432,2.4317
41.610158730,0.544985,0.155601,0.144898,2.37744,0.13893,0.0620727,1.32137,0.943413,0.33545,0,0.661398,2.14042
41.656598639,0.215478,0.115838,0.316492,2.32734,0.164152,0.0729557,1.71048,0.563785,0.105883,0,0.721824,2.14738
41.703038549,0.501499,0.0421586,0.274045,1.36449,0.514606,0.124568,1.76734,0.847933,0.113179,0.0191511,0.629375,2.10918
41.749478458,0.795179,0.23653,0.664081,0.64671,0.874161,0.280746,1.38612,1.26853,0.0916437,0.185295,0.187444,2.14642
41.795918367,0.887039,0.440274,0.88843,0.624011,0.99046,0.459848,0.93117,0.956461,0.117851,0.153479,0.257193,2.26543
41.842358277,0.40576,0.247782,0.755933,0.616696,1.36482,0.427293,0.911296,0.56898,0.414666,0.127273,0.637879,2.32744
41.888798186,0.0482925,0.154271,0.12419,0.558279,2.06033,0.274542,0.7685,0.659956,0.877512,0.141967,0.839674,2.47838
41.935238095,0.0246771,0.0155571,0.0697962,0.383497,2.56262,0.0600703,0.411094,1.1587,1.59045,0.225196,0.859827,2.48546
41.981678005,0,0.0501789,0.0609321,0.393712,2.75626,0.0069798,0.379123,1.6292,1.68437,0.160128,0.509882,2.35933
42.028117914,0,0.121061,0.0634581,0.451236,2.6224,0.0188726,0.484473,1.57305,1.84194,0.111008,0.180985,2.43337
42.074557823,0,0.234865,0.145048,0.167221,2.56837,0.0124549,0.5341,1.31425,1.88002,0.0657273,0.132748,2.68427
42.120997732,0,0.0879535,0.0402005,0.539607,2.15888,0.421441,0.488521,0.413775,1.94093,0.00514736,0.172181,2.98494
42.167437642,0,0.242346,0.0246503,0.621259,1.57697,0.579212,0.325511,0.0214881,1.70078,0.0136309,0.14875,3.01218
42.213877551,0,0.160886,0.0150937,0.920943,1.06906,0.589684,0.444196,0.166607,1.7021,0.0518854,0.126231,2.70863
42.260317460,0.0454651,0.107325,0.0824649,1.13743,0.96858,0.483932,0.271289,0.663287,1.84547,0.0540034,0.0826358,1.84913
42.306757370,0.208083,0.0356104,0.355912,0.974052,1.16065,0.23952,0.0807252,0.647822,2.11465,0.0222113,0.00159118,1.19933
42.353197279,0.334112,0,0.391045,0.780774,1.76844,0.21652,0.148786,0.358212,2.33463,0.000646399,0.0546383,1.15049
42.399637188,0.0728318,0,0.000762597,0.729863,2.20354,0.0132521,0.0933138,0.361283,2.26334,0.0941378,0.534545,1.74444
42.446077098,0.0465469,0.00225236,0,1.14347,2.37862,0.177821,0.0823742,0.18929,2.33062,0.0836006,0.621557,2.26132
42.492517007,0.0224839,0.138554,0.186653,0.959222,2.24778,0.251809,0.286892,0.0828942,2.51894,0.0806103,0.652532,2.35699
42.538956916,0.0573711,0.100457,0.310163,0.641196,2.4652,0.222175,0.345363,0.144452,2.43952,0.0239071,0.530476,2.15265
42.585396825,0.126433,0.00209091,0.35764,0.656929,2.86075,0.0992609,0.30438,0.0415742,2.48553,0,0.396529,2.28885
42.631836735,0.210793,0.00224101,0.2169,0.595864,3.05779,0.0145212,0.398837,0.0364871,2.7786,0,0.16487,1.97484
42.678276644,0.260434,0.126719,0.138009,0.652811,3.06731,0.00767068,0.346515,0,2.88182,0,0,1.46182
42.724716553,0.232378,0.112991,0.148335,0.733334,2.73131,0,0.22558,0,3.07712,0.0186497,0,1.83019
42.771156463,0.193852,0.0980258,0.374133,1.1199,2.03975,0.033252,0.0659392,0.0835734,2.94231,0.0492212,0,2.0485
42.817596372,0.566185,0.0389407,0.312954,1.29833,1.33734,0.4274,0,0.240359,2.1823,0.0657715,0.117508,2.0621
42.864036281,0.442052,0.0023555,0.24,1.59917,0.562931,0.605862,0,0.455705,1.69403,0.153815,0.173418,2.31565
42.910476190,0.349639,0.00119288,0.31664,1.41225,1.27778,0.450214,0.17463,0.400728,1.40323,0.101514,0.213385,2.65282
42.956916100,0.215922,0.0451394,0.552392,0.566447,1.43868,0.239147,0.395164,1.38817,1.31268,0.087772,0.000995845,2.93304
43.003356009,0.101772,0.285477,1.15875,0.0385659,1.30312,0.133994,0.471355,2.022,1.20507,0.0459629,0.00231311,2.75709
43.049795918,0.0492397,0.436787,1.16253,0.0651661,1.71757,0.00873663,0.556607,2.03426,1.33942,0.0734952,0.0168778,2.12805
43.096235828,0.015084,0.503192,0.729825,0.253498,2.34687,6.83e-05,0.762949,1.6607,1.7742,0.116624,0.000761751,1.90444
43.142675737,0,0.434303,0.200046,0.678185,2.67068,0,0.730055,0.743716,2.17056,0.167198,0.150034,1.72399
43.189115646,0.0189037,0.0731632,0.142061,0.689973,2.7498,0,0.450208,0,2.5852,0.214904,0.377613,1.76414
43.235555556,0.178147,0.00197653,0.0997849,0.878638,2.75303,0,0.28585,0.121021,2.53229,0.30453,0.0465938,2.13491
43.281995465,0.124247,0.0165283,0.182137,1.25595,2.37156,0,0.350837,1.04243,1.43556,0.159422,0.00961415,2.59519
43.328435374,0,0.52065,0.464587,0.654698,1.88208,0,0.357396,1.55665,0.63259,0.0179169,0.462098,2.70359
43.374875283,0,0.638899,0.356121,0.614496,1.48454,0,0.839749,1.62046,0.337556,0.0274436,0.615478,2.30061
43.421315193,0.313633,0.815025,0.151311,1.13248,1.26974,0,0.618972,1.04964,1.11174,0.0150268,0.677728,1.81807
43.467755102,0.597086,0.781108,0.0965261,1.11818,1.21517,0.179486,0.323398,0.0291118,1.80887,0.0708037,0.593401,1.37372
43.514195011,0.533326,0.390948,0.171306,1.03758,1.34988,0.505184,0.20313,0.0270934,2.24008,0.00249674,0.0656849,1.49703
43.560634921,0.442715,0.00177194,0.167506,1.12067,1.50081,0.334412,0.285195,0.182208,2.29737,0.000635364,0,2.05135
43.607074830,0.0610686,0.00233989,0.42243,1.02899,1.56924,0.0394082,0.386752,0.427173,2.40353,0,0.0282655,2.59641
43.653514739,0,0.0022444,0.730951,0.820208,1.53876,0.0551245,0.0572935,0.730596,2.65468,0,0,2.52554
43.699954649,0,0,0.660326,0.617209,1.88604,0.067541,0.00298332,0.600388,2.87136,0,0.0451928,2.31756
43.746394558,0.0859023,0.0150078,0.496872,0.319247,2.07888,0.0308237,0.149256,0.272972,2.7537,0.00849533,0.00171252,2.19324
43.792834467,0.267494,0.47674,0.208053,0.107663,2.31505,0.0107687,0.631726,0.421143,1.83522,0.0489424,0.00281745,2.14032
43.839274376,0.192177,0.803115,0.227532,0.0389005,2.31971,0.00311107,0.867527,0.567529,1.30896,0,0.344526,2.1915
43.885714286,0.113765,0.890306,0.275125,0.11476,2.15218,0.0543514,0.710432,0.0775633,1.11762,0,0.478491,2.31006
43.932154195,0.226922,0.766185,0.147206,0.481141,1.93932,0.103038,0.69439,0.141091,0.532284,0,0.54224,2.32175
43.978594104,0.354065,0.533813,0.166863,0.596352,1.9262,0.0917155,0.505516,0.29811,0.633484,0,0.577523,2.47951
44.025034014,0.202717,0.144473,0.00551754,0.637132,2.45064,0.0764775,0.58611,0.313325,0.765619,0,0.431333,2.46018
44.071473923,0.547751,0.00364853,0.00504715,0.633081,3.09274,0,0.432955,0.540079,0.668837,0.00223519,0.0979167,2.42854
44.117913832,0.56841,0.00355654,0.0048677,0.465965,3.17982,0.277244,0.175842,1.07478,0.572234,0.00555458,0.00143549,2.28411
44.164353741,0.499311,0.0022069,0.00381692,0.383985,2.72855,0.405833,0.152142,1.21901,0.388379,0.0373008,0.00169352,2.11551
44.210793651,0.569059,0.000931541,0.00456037,0.353841,2.84545,0.201135,0.220351,0.98472,0.221675,0.0180633,0.045882,1.76162
44.257233560,0.776785,0.0323368,0.0035778,0.221355,2.75461,0.0448118,0.0448545,1.03889,0.202351,0.197015,0.224689,1.83743
44.303673469,0.850205,0,0.0699816,0.126679,2.19018,0.310741,0.0432981,1.10204,0.261425,0.0584906,0.170541,2.10572
44.350113379,1.27367,0.165524,0.0823307,0.127498,1.71037,0.129672,0.120669,1.23539,0.362897,0.0350302,0.0250132,1.86535
44.396553288,1.3359,0.263325,0.0158649,0.341588,1.46585,0.0590166,0.121753,0.698941,0.295367,0.050244,0.0735012,1.72417
44.442993197,0.973004,0.34473,0.0641934,0.658021,1.03723,0.0874304,0.518647,0.422569,0.128523,0.222166,0.161145,1.67289
44.489433107,0.642299,0.230302,0.207712,1.1068,0.663277,0.224018,1.98577,0.10193,0.122692,0.39086,0.415014,1.93419
44.535873016,0.224468,0.000548872,0.166901,1.76383,0.159819,0.165165,2.13901,0.0732284,0.0972555,0.454476,0.351824,3.02001
44.582312925,0.0656622,0.27057,0.0990622,2.09402,0.0918398,0.118834,2.1836,0.0470137,0.0417719,0.491196,0.21093,3.21723
44.628752834,0.0540808,0.354558,0.0477593,2.20526,0.0376705,0.0450816,2.41131,0.0259558,0,0.387325,0.415494,2.86394
44.675192744,0.806244,0.4757,0.00437277,2.13353,0,0.0073834,2.24803,0.0222465,0.156968,0.449786,0.600251,1.99407
44.721632653,1.26726,0.398326,0.00473229,1.83483,0.0102566,0.183734,1.97176,0.0241875,0.218865,0.511763,0.794506,1.66722
44.768072562,1.18356,0.308159,0.134233,1.43926,0.0119652,0.229021,2.05155,0.0240059,0.259008,0.648641,0.605773,1.32394
44.814512472,0.892201,0.116448,0.276594,1.10137,0.0340722,0.222483,1.96394,0.0232024,0.34897,0.69723,0.374279,1.30145
44.860952381,0.577388,0.155514,0.184033,0.94366,0.0468346,0.435174,2.06387,0.0706156,0.188581,0.561102,0.641912,1.8454
44.907392290,0.168688,0.215145,0.0011465,0.825624,0.0976371,0.498124,2.58012,0.0700373,0,0.0790544,0.658218,2.3647
44.953832200,0.049949,0.669744,0.0330802,0.664426,0.121683,0.276508,2.8012,0,0,0.00132602,0.601078,2.55992
45.000272109,0.0024496,1.25595,0.0652674,0.925145,0.267585,0.08393,2.77395,0.0791809,0,0.133734,0.577189,2.13589
45.046712018,0.0763043,1.21425,0.074619,1.21214,0.108965,0.0197448,2.38008,0.547391,0,0.0160842,0.66873,1.75401
45.093151927,0.142622,1.11185,0.0523266,1.26416,0.115773,0.014773,1.99148,1.27554,0.0990107,0.0511412,0.617361,1.77146
45.139591837,0.179306,0.719215,0.264962,1.06325,0.122802,0.103588,2.70975,0.631497,0.148412,0.189392,0.546037,2.10884
45.186031746,0.156317,0.650886,0.280334,0.676462,0.144663,0.172401,3.045,0.0256054,0.0904061,0.242834,0.606628,2.29499
45.232471655,0.126292,0.832873,0.263581,0.391873,0.141436,0.160022,2.81225,0,0.112437,0.168878,0.810741,2.25289
45.278911565,0.0241608,0.866092,0.23634,1.02398,0.10368,0.21478,2.52274,0.247618,0.109081,0.0757753,0.657284,2.38111
45.325351474,0.233434,0.46594,0.0325077,1.6418,0.0868496,0.00295998,2.12802,0.810627,0.0842608,0.079555,0.462304,3.23839
45.371791383,0.482903,0.398765,0.00516687,1.57009,0.0636048,0.0822944,2.21713,0.699436,0.0309085,0.10019,0.433161,3.045
45.418231293,0.540419,0.575064,0.00326297,1.21912,0.0843576,0.083696,2.50422,0.615993,0,0.117292,0.187864,2.57285
45.464671202,0.551987,0.500281,0.0362649,0.987419,0.107526,0.0739742,3.0195,0.164987,0,0.0657603,0.176259,2.1426
45.511111111,0.446357,0.576866,0.0875178,0.724906,0.0711838,0.0857443,3.0733,0.00274689,0,0.316521,0.111175,2.0964
45.557551020,0.219073,0.656256,0.345249,0.166293,0.0309013,0.152908,3.17204,0.0159568,0.0159453,0.220142,0.0618595,2.21548
45.603990930,0.0695316,0.813261,0.180391,0.18722,0.0359955,0.195173,3.32596,0.0653148,0.215911,0.0757751,0.0793733,1.84605
45.650430839,0.052258,0.954307,0.168603,0.485228,0.0435043,0.0163832,2.90704,0.0625341,1.1395,0.106184,0.00247862,2.13767
45.696870748,0.0510564,1.21144,0.168172,0.770523,0.0708162,0.0605984,2.23497,0.0825088,2.03127,0.097425,0.0018454,2.15589
45.743310658,0.0381758,1.09707,0.116633,0.950137,0.110743,0.161142,1.67091,0.0520965,2.24358,0.115008,0.000479042,2.08163
45.789750567,0.00450485,0.584377,0.0795172,0.961661,0.358435,0.126899,1.4968,0.134594,2.10802,0.139719,0.00375216,2.1717
45.836190476,0.025671,0.488022,0.025998,1.16926,0.271084,0.127601,1.34418,0.257357,2.16635,0.000526149,0,2.58877
45.882630385,0.131809,0.502393,0.0702748,1.29164,0.195192,0.0868201,0.647364,0.274003,1.50628,0.0274319,0.0418233,2.54305
45.929070295,0.142782,0.428847,0.0477662,1.39867,0.192406,0.112258,0.628133,0.467374,1.45738,5.44515e-05,0.0622717,2.14973
45.975510204,0.0968264,0.419132,0.0615921,1.24424,0.156314,0.111009,0.956788,0.657063,1.15641,0,0.0391106,2.43888
46.021950113,0.180001,0.60142,0.0262104,0.985149,0.135662,0.111625,1.54007,0.660057,0.215698,0.0723942,0.12539,2.48366
46.068390023,0.250044,0.608567,0.0120882,0.695844,0.124175,0.149835,1.87795,0.585932,0.0508315,0.380167,0.140536,2.24748
46.114829932,0.295091,0.488949,0.00794084,0.755296,0.247923,0.161601,1.83631,0.192367,0.0392098,0.588122,0.144535,2.02016
46.161269841,0.172766,0.496678,0.0624871,0.772534,0.114646,0.163345,0.972545,0.392886,0.164991,0.478698,0.172443,2.08148
46.207709751,0.169457,0.695986,0.00454514,0.734187,0.0815514,0.105427,0.855067,1.08882,0.477279,0.0055654,0.0880752,2.45957
46.254149660,0.148029,0.917805,0.260589,0.553328,0.0958975,0.145974,1.12781,1.07704,0.344923,0.0285982,0.0680019,2.58041
46.300589569,0.128728,0.336235,0.730704,0.0778994,0.154598,0.446457,1.35558,0.951184,0.0494615,0.00176942,0.0546106,3.11186
46.347029478,0.124287,0.0630527,0.341226,0.081791,0.537905,1.70748,0.886796,0.512033,0.16252,0,0.03807,3.04687
46.393469388,0.139071,0.019414,0.127491,0.652062,0.723464,1.8552,0.707267,0.249649,0.294438,0,0.000978608,3.12202
46.439909297,0.0312485,0,0.217508,1.27309,0.840449,1.16971,1.00019,0.0370545,0.295351,0,0.00596249,3.55837
46.486349206,0.00570371,0.000252232,0.128373,1.8179,0.678545,0.193474,1.35644,0.00971038,0.23439,0.0427598,0.0570039,3.85988
46.532789116,0,0.000421425,0.147227,2.51957,0.667602,0.0953435,1.35807,0.535002,0.124068,0.236705,0.427807,3.29111
46.579229025,0.00705316,0.0449281,0.130537,3.11121,0.147247,0.127405,1.23793,0.874089,0.129121,0.261852,0.540941,2.65728
46.625668934,0.292352,0.0520675,0.0197503,3.31719,0.110816,0.0644773,1.15756,0.805498,0.0359645,0.495653,0.534714,2.07657
46.672108844,0.672695,0.003368,0.00528907,2.86021,0.125604,0.0252663,1.38343,0.35826,0.113084,0.412139,0.705033,1.77574
46.718548753,0.540404,0.00304868,0.0343895,2.37983,0.127622,0.0229195,1.46648,0.391023,0.00880291,0.157689,0.714543,2.13334
46.764988662,0.34289,0.0248579,0.0148225,2.39156,0.126494,0.0206739,1.1278,0.449715,0.042678,0.0912352,0.611375,2.49419
46.811428571,0.102192,0.000843842,0.00495571,3.09176,0.119749,0.240312,0.501638,0.739731,0,0.0253587,0.559196,2.4378
46.857868481,0.179088,0.00167517,0.00364348,3.34992,0.0458136,0.67429,0.435493,0.902199,0.294886,0.00228973,0.55018,2.03645
46.904308390,0.257177,0.000696487,0.0183055,3.25559,0.00576549,0.858772,0.575423,0.925273,0.315335,0.00362794,0.593975,1.25914
46.950748299,0.719719,0.00707495,0.138669,2.90888,0.0972891,0.911417,0.609347,1.00118,0.385817,0.00348226,0.44192,0.501435
46.997188209,0.881036,0.326772,0.259308,2.20026,0.191926,0.873391,0.444534,0.758655,0.351483,0.0522939,0.625068,0.322454
47.043628118,0.748831,1.27253,0.305652,1.33944,0.200023,0.648874,1.26758,0.379839,0.434065,0.0998948,0.79158,0.304017
47.090068027,0.42199,2.3603,0.358696,0.0128216,0.198402,0.062781,1.76031,0.331236,0.47026,0.0817385,0.865302,0.242893
47.136507937,0.276182,2.475,0.211981,0.0247308,0.188824,0.0283537,1.99856,0.668279,0.387293,0.0701711,0.711993,0.202055
47.182947846,0.689789,1.90107,0.121476,0.0317198,0.171871,0.0718561,2.68935,0.259424,0.472443,0.0425289,0.504201,0.210297
47.229387755,0.882173,1.65952,0.00558409,0.0236048,0.149478,0.127403,3.43439,0.0361219,0.611918,0.0271553,0.579058,0.274508
47.275827664,0.37695,1.43514,0.400133,0.0159847,0.127386,0.145114,3.75721,0.0729811,0.725025,0.00586785,0.81318,0.284492
47.322267574,0.643049,1.35037,0.372374,0.0106829,0.0763395,0.326272,3.34214,0.0364221,1.12256,0.00254999,0.432686,0.537242
47.368707483,0.762511,1.61037,0.267909,0.00973448,0.0644218,0.469453,2.80672,0.048553,1.112,0.0264783,0.324459,0.377544
47.415147392,0.671314,2.21432,0.107786,0.00270989,0.0855681,0.489806,2.72245,0.0432083,0.880057,0.0902297,0.380605,0.128815
47.461587302,0.41124,2.7686,0.00227339,0.0258294,0.0856086,0.555461,2.70516,0.0457154,0.655184,0.172745,0.571168,0.12172
47.508027211,0.0770418,2.70251,0.00455205,0,0.130256,0.671345,2.30955,0.602,0.700847,0.171369,0.679243,0.118975
47.554467120,0.274383,2.57938,0.00421122,0,0.285715,0.664331,1.83837,0.679154,0.897791,0.00142511,0.725036,0.164108
47.600907029,0.450565,2.41286,0.00188868,0.0118614,0.271384,0.478803,1.96739,0.358845,1.00276,0.00451236,0.725103,0.236082
47.647346939,0.497334,2.31312,0.416282,0.0825589,0.211379,0.480132,1.9605,0.357134,0.566771,0.0664058,0.901494,0.180083
47.693786848,0.167171,2.04793,1.16932,0.0822871,0.168842,0.590551,1.89,0.253807,0.107851,0.0041174,1.15468,0.2348
47.740226757,0.102329,1.75954,0.980284,0,0.117938,0.424988,2.08358,0.0507179,0.123823,0.00161152,1.38316,0.381347
47.786666667,0.10378,1.39316,0.406817,0.00254044,0.443218,0.433863,2.18869,0.029169,0.176512,0.132206,1.64395,0.553071
47.833106576,0.040909,1.47205,0.521417,0.501617,0.539979,0.320214,1.94619,0.00342417,0.300716,0.0551493,1.85263,1.0798
47.879546485,0.0182342,1.19654,0.385877,0.831682,0.287227,0.318562,1.9407,0.0157467,0.298171,0.00163353,1.79177,1.06525
47.925986395,0.490374,0.870316,0.229226,1.06728,0.187695,0.412297,2.0157,0.0452092,0.317375,0.0176296,1.68551,1.00349
47.972426304,0.655302,0.634762,0.0527765,1.2053,0.27551,0.469212,1.83361,0.0524284,0.199344,0.0215099,1.74142,0.892888
48.018866213,0.43478,0.76769,0.00708308,1.13831,0.151647,0.663411,1.84715,0.0389301,0.104941,0.0468735,1.68827,0.647486
48.065306122,0.706188,0.857557,0.110893,1.03678,0.21952,0.372811,2.09642,0.0251931,0.0324496,0.0023482,1.93428,0.352535
48.111746032,0.870947,0.658224,0.95805,0.665196,0.370763,0.395197,2.3063,0.0503088,0.079206,0,2.07848,0.211818
48.158185941,0.290584,0.37425,1.44435,0.0884959,1.19297,0.565776,1.98863,0.0785141,0.142657,0.00845989,1.51571,0.28226
48.204625850,0.168515,0.328105,1.3306,0.0343874,1.43485,0.620481,1.84304,0.0869912,0.178947,0.0170529,1.14156,0.987331
48.251065760,0.052537,0.839043,0.547286,0.0259505,1.49194,0.480252,1.93728,0.0715269,0.127617,0.0239201,1.29101,1.40289
48.297505669,0.000240344,0.52525,0.166383,0.160106,1.18893,0.524134,2.37107,0.00314544,0.143293,0.0301383,1.40837,1.87003
48.343945578,0,0.440131,0.0746941,0.720851,0.536998,0.430689,2.99837,0.0213523,0.110036,0.0614572,1.6607,1.85112
48.390385488,0.107985,1.06884,0.00742287,0.59868,0.215522,0.452647,3.56138,0.00383006,0.0869276,0.0368589,1.9173,1.33805
48.436825397,0.0505944,1.47015,0.132969,0.0696359,1.1121,0.671499,3.54068,0.00579693,0.0622295,0.0365244,2.13016,0.276525
48.483265306,0.00527064,1.28447,0.35456,0.0127433,1.35069,0.758368,3.00988,0.0067931,0.250237,0.0184812,2.0628,0.205482
48.529705215,0.909587,1.92625,0.317856,0.00749713,1.43949,0.520724,2.66902,0.0356953,0.163731,0.0448929,1.90434,0.198448
48.576145125,1.64093,1.65518,0.219261,0.00842064,1.36838,0.249195,2.86846,0.0354505,0.225484,0.0804178,1.04777,0.521961
48.622585034,1.66862,1.36598,0.0765595,0.0119917,0.952282,0.201957,3.01954,0.0252058,0.343972,0.119861,0.773121,0.515527
48.669024943,1.09597,1.91727,0.032141,0.0107593,0.403578,0.229494,2.29343,0.0654704,0.671912,0.143349,0.740961,0.738437
48.715464853,0.43755,2.52468,0.0345398,0.0118737,0.220031,0.614543,1.91264,0.0893833,0.717103,0.0630273,0.586999,0.52229
48.761904762,0.142941,2.77154,0.0300968,0.0142303,0.172366,0.704575,2.07074,0.211142,0.59966,0.0633365,0.572488,0.656181
48.808344671,0.0824601,2.87093,0.0496723,0.0217016,0.36203,0.353654,1.77958,0.460359,0.383027,0.0618396,0.60288,0.625067
48.854784580,0.102018,2.82369,0.115475,0.029665,0.431245,0.261707,1.24932,0.956871,0.449898,0.0612807,1.09408,0.370265
48.901224490,0.046657,2.78585,0.154613,0.000631996,0.392851,0.384297,1.44325,0.983107,0.600241,0.0625451,0.949738,0.235893
48.947664399,0.182628,2.48172,0.200482,0,0.392407,0.547501,1.48901,0.880469,0.834322,0.0711887,0.546484,0.0739517
48.994104308,0.247366,2.22117,0.160234,0.00181865,0.172146,0.528247,1.45346,1.13463,0.982081,0.133161,0.650234,0.0915527
49.040544218,0.142998,2.42241,0.0592919,0.0151956,0.254675,0.418981,1.72627,1.06031,0.802165,0.0430691,0.996399,0.281142
49.086984127,0.107974,2.54011,0.0775925,0.0129946,0.170748,0.272853,2.29241,0.52201,0.60234,0.0325968,1.13969,0.50226
49.133424036,0,2.02576,0.166739,0.0119491,0.170109,0.223454,2.4787,0.536561,0.424921,0.0481771,1.1516,0.687366
49.179863946,0,2.12939,0.178363,0.00502896,0.14416,0.101421,2.82125,0.532164,0.357279,0.0769274,1.22344,0.827901
49.226303855,0.788773,1.81191,0.0555525,0.0623341,0.107073,0.0773891,2.82943,0.269607,0.429315,0.0733028,1.26396,0.843614
49.272743764,0.998721,1.63186,0.00631277,0.261452,0.102981,0.205987,2.7205,0.303446,0.4268,0.0468974,1.13583,0.859851
49.319183673,0.749158,1.74099,0.045941,0.221547,0.108391,0.33438,3.01161,0.509809,0.206479,0.057473,1.47273,0.819652
49.365623583,0.725876,1.71413,0.267355,0.0846912,0.109776,0.363566,3.52469,0.332076,0.0233771,0.0798727,1.92973,0.159055
49.412063492,0.460327,1.9259,0.00610475,0.0151312,0.115519,0.242733,3.87986,0.377308,0.191692,0.0794056,2.20431,0.129364
49.458503401,0.177839,1.82977,0.00502901,0.0131172,0.126176,0,4.11477,0.258044,0.286179,0.210171,1.94837,0.0778091
49.504943311,0.209547,1.53416,0.00319457,0,0.152378,0.114941,3.78812,0.15717,0.200507,0.22807,1.79271,0.152384
49.551383220,0.286116,1.32043,0.203573,0,0.163411,0.0732001,3.48117,0.0526897,0.751357,0.0680296,1.32436,0.14403
49.597823129,0.322006,0.967909,0.433956,0.162121,0.142716,0.0289718,3.20057,0.217648,0.857735,0.00745996,0.949255,0.0941217
49.644263039,0.439133,0.676374,0.574587,0.352213,0.128049,0.220255,3.02413,0.0625973,0.638442,6.02328e-06,0.61575,0.154414
49.690702948,0.396781,0.435343,0.628669,0.395715,0.0840104,0.323384,3.12641,0.216848,0.308479,0,0.268111,0.244898
49.737142857,0.765152,0.563888,1.26491,0.110313,0.0370317,0.109522,3.15411,0.34683,0.10423,0,0.783553,0.498737
49.783582766,0.41163,0.54218,0.63733,0.803259,0.322203,0.521451,1.88765,0.952376,0.428136,0.307379,1.02687,0.919972
49.830022676,0.0785564,1.15175,0.367107,0.452272,0.482757,0.690031,2.09713,1.3759,0.226439,0.436882,0.854644,0.201502
49.876462585,0.0446043,1.06546,0.245804,0.17271,0.0550316,0.606013,1.90923,1.12849,0.344146,0.162345,0.562938,0.499623
49.922902494,0.0913838,1.37336,0.239277,0.370292,0.190032,0.393404,1.28005,1.32305,0.354737,0.210724,0.426409,0.802939
49.969342404,0.206928,1.41432,0.295,0.420529,0.14871,0.305558,0.411678,1.47038,0.395533,0.588321,0.379877,0.996908
50.015782313,0.635273,1.03512,0.368266,0.819273,0,0.296069,0.019424,1.40957,0.34228,0.807338,0.182942,1.17068
50.062222222,1.22202,0.79074,0.175508,1.24594,0.00146723,0.433449,0.51081,0.743845,0.422425,0.986202,0.865365,1.04764
50.108662132,1.14444,0.827923,0.719035,1.10143,0.0231802,0.237835,0.698018,0.383756,0.495927,0.563672,1.57961,1.00472
50.155102041,0.682518,0.971954,1.18584,0.694584,0,0.230596,0.526853,0.662436,0.572287,0.296207,1.56003,0.881665
50.201541950,0.0405826,1.65594,1.23707,0,0,0.287024,0.454577,1.51583,0.78427,0.340452,1.79786,0.166918
50.247981859,0.0654829,1.80704,1.33535,0.0538987,0.145232,0.558501,0.434504,1.69879,0.385896,0.455851,1.33029,0.176993
50.294421769,0.118231,1.63995,1.07868,0.105515,0.297018,0.869412,0.131472,1.36701,0.34795,1.01238,1.06229,0.175714
50.340861678,0.266221,1.07545,1.11469,0.135817,0.656268,0.721129,0.0876116,0.827119,0.169866,1.0737,1.23771,0.0760556
50.387301587,0.405413,0.412652,1.01319,0.393765,1.15906,0.322288,0.803656,0.947069,0.0947188,0.88217,1.36151,0.031268
50.433741497,0.947716,0.509492,0.116499,1.06865,1.2325,0.153933,1.24289,0.632114,0.155841,0.97777,1.07044,0.427195
50.480181406,1.35535,0.30476,0.371874,0.874251,0.621558,0.425826,0.61571,0.222373,0.380457,0.754967,0.664408,0.462168
50.526621315,1.77159,0.375303,0.35042,1.06418,0.379093,0.353651,0.562521,0.593339,0.523993,0.738302,0.161793,0.286043
50.573061224,1.73672,0.253796,0.142913,1.0642,0.0975394,0.387645,0.439775,1.01524,0.66605,0.600577,0.213214,0
50.619501134,1.68854,0.264895,0.249619,0.911845,0.149791,0.69856,0.141303,0.961397,0.837462,0.407635,0.0697545,0.00894044
50.665941043,1.51947,0.108301,0.28796,0.751597,0.234199,0.910179,0.203084,1.17966,0.871118,0.192819,0,0.183505
50.712380952,0.879364,0.0018359,0.411184,0.579368,0.292727,1.01245,0.41924,1.28756,0.380494,0.0460276,0,0.170394
50.758820862,0.355577,0.00977391,0.637545,1.0516,0.622873,1.01197,0.6135,1.37442,0.337481,0.0480733,0.000417202,0.403673
50.805260771,0.0978968,0.139495,0.465602,1.49601,0.827481,1.10093,0.344569,1.61409,0.297255,0.0143331,0.00272756,0.689394
50.851700680,0.818377,0.128373,0.379857,1.37524,0.461539,0.771791,0.403252,1.34825,0.120044,0.0773728,0.112546,0.517848
50.898140590,1.07285,0.126125,0.265113,1.48423,0.0279364,0.482045,0.465511,1.02292,0.326145,0.203909,0.617266,0.436738
50.944580499,0.810171,0.0645276,0.351225,1.15187,0.00683606,0.83244,0.468125,0.673956,0.633093,0.109326,1.03247,0.251
50.991020408,0.268177,0.489373,0.490358,1.36282,0.0690752,0.916962,0.355871,0.180108,1.03362,0.0350053,1.10859,0.0547507
51.037460317,0.156677,0.108069,0.627502,2.12056,0.455737,0.703587,0.405701,0.0556629,1.96624,0.0900998,0.231065,0.541521
51.083900227,0.00364825,0.16647,0.926327,2.00472,0.666678,0.681469,0.198931,0.0586741,2.22922,0.053884,0.345365,0.34683
51.130340136,0.166403,0.125679,0.809918,1.74518,0.629366,0.892023,0.00374808,0.0971139,2.15484,0,0.652274,0.309519
51.176780045,0.622302,0.277336,0.727811,0.935689,0.702444,1.1467,0.0233804,0.262937,1.12942,0.292916,0.19958,0.194126
51.223219955,0.820429,0.306065,0.770935,0.857018,0.717426,1.10271,0.411322,0.470083,0.721753,0.218795,0.675311,0.181977
51.269659864,0.794923,0.204119,1.03609,0.918856,0.509456,1.18445,0.512144,0.572621,0.676908,0.189527,0.452039,0.125027
51.316099773,0.895582,0.287636,1.17169,0.816587,0.503114,0.918902,0.664091,0.656697,0.537552,0.129828,0.627632,0.0433296
51.362539683,1.16701,0.226743,1.07767,0.427771,0.385318,0.737151,0.317442,1.13446,1.16391,0.0825803,0.945723,0.0443891
51.408979592,0.962818,0.218763,1.16881,0.210408,0.18069,0.721621,0.306235,1.26863,1.30572,0.244059,1.19087,0.312224
51.455419501,0.945491,0.145147,1.74586,0.149557,0.175427,0.499572,0.521249,0.749448,1.30081,0.46923,0.686363,0.824801
51.501859410,0.98737,0.238574,2.07583,0.126134,0.148283,0.376977,0.705637,0.457427,1.43808,0.368903,0.265816,1.44882
51.548299320,0.750575,0.280217,1.35933,0.438969,0.00271139,0.418963,0.64538,0.746275,1.22412,0.342857,0.504306,1.48577
51.594739229,0.454035,0.176945,1.26067,0.491432,0.273475,0.376878,0.522602,0.914794,1.28822,0.396715,0.761461,1.16706
51.641179138,0.169468,0.142177,1.3678,0.548477,0.617655,0.353697,0.400221,0.965162,1.21931,0.388473,0.717398,0.686835
51.687619048,0.357288,0.28444,1.21435,0.767223,1.10451,0.342035,0.312522,0.826942,0.918829,0.263897,0.69467,0.695782
51.734058957,0.651059,0.837582,0.839621,0.488473,1.34637,0.354228,0.190767,0.859395,1.05259,0.322582,0.676449,0.986825
51.780498866,0.405944,1.00944,0.768724,0.374506,0.18932,0.865234,0.103123,0.768866,0.201326,0.971488,0.181612,0.974814
51.826938776,0.542533,0.474276,0.734807,0.586181,0.180643,1.08103,0.267048,0.513986,0.0999553,0.862508,0.0106038,1.12062
51.873378685,0.724151,0.240668,0.73039,0.669791,0.0106281,1.01864,0.524843,0.365197,0.0920508,0.85394,0.00140317,1.21863
51.919818594,1.00835,0.1253,0.974502,0.67819,0.0633656,0.875502,0.600057,0.447425,0.0339925,0.62537,0.0700748,1.15746
51.966258503,1.26589,0.105687,1.53989,0.422156,0.114442,0.716147,0.730649,0.907611,0,0.293859,0.153635,0.959611
52.012698413,1.69862,0.0025409,2.09544,0.00744438,0.150886,0.462078,0.911275,2.07194,0.00068283,0.119009,0.410813,0.771308
52.059138322,2.20614,0.00312278,1.93996,0.166828,0.621655,0.436377,0.640685,2.4289,0,0.0137355,1.14395,0.509056
52.105578231,2.60451,0.000494544,1.37046,0.0710765,0.629348,0.713273,0.753318,2.24392,0.0850588,0.0332117,1.17659,0.157983
52.152018141,2.62748,0,0.966517,0.279686,0.782951,0.5123,1.042,1.43337,0.515438,0.0621173,0.582863,0.279904
52.198458050,1.97233,0.0965438,0.348273,0.852659,0.7431,0.646421,1.95516,0.305206,0.179702,0.567173,0.256716,0.566141
52.244897959,0.7661,0.0831137,0.285674,1.57821,0.385102,0.554235,2.34238,0.0348287,0.0284679,0.971796,0.295751,1.11447
52.291337868,0.0153853,0.272142,0.262801,1.89546,0.118115,0.216964,2.3268,0.0187142,0.0499464,1.41584,0.501895,1.52003
52.337777778,0.0141838,0.273419,0.318026,1.63208,0.0439976,0.13276,2.18401,0.052888,0.0784534,1.4614,0.625341,1.76925
52.384217687,0.0142509,0.227561,0.224563,0.922339,0.0618831,0.0566291,2.30865,0.0865771,0.0950565,1.26594,0.565682,2.43808
52.430657596,0.518381,0.00102779,0.139388,0.963648,0.115309,0.0501279,2.25436,0.0085532,0.103748,1.00801,0.242531,3.02312
52.477097506,1.22539,0.00243651,0.12259,1.29008,0.112171,0.0233232,2.12865,0.220434,0.161579,1.03368,0.099343,2.34548
52.523537415,1.62301,0.0308973,0.0908243,1.30661,0.0775266,0.0441979,1.5163,0.864841,0.241084,0.992908,0.00439108,1.84218
52.569977324,2.00503,0.0748134,0.0150008,1.11318,0.0825723,0.513164,0.826044,0.906255,0.478339,0.418228,0,1.49566
52.616417234,1.74774,0.00157779,0.16908,0.644219,0.193762,0.767493,0.797491,1.42593,0.492621,0.0972331,0.127961,1.67018
52.662857143,1.22453,0.16722,0.613064,0.0974934,0.855238,0.342719,0.504586,1.04761,0.363919,0.105282,0.663953,1.76646
52.709297052,0.0817244,0.164044,0.722016,0.521101,1.67287,0.127425,0.406253,0.692228,0.846389,0.113483,0.538977,2.36804
52.755736961,0,0.0603399,0.835149,0.491454,2.09271,0.236708,0.759721,0.0395101,1.60377,0.102509,0.286776,2.98313
52.802176871,0,0.00113044,0.416008,0.486602,2.52341,0.191674,0.812565,0.0310453,1.72007,0.163239,0.255143,3.03616
52.848616780,0,0.00230956,0.117593,0.465459,2.69806,0.0135176,0.850795,0.0184781,1.74991,0.242286,0.392513,2.97368
52.895056689,0.000179617,0.00220536,0.203949,0.232784,3.03409,0.00442134,0.807854,0.0155575,1.88743,0.113084,0.381012,2.86164
52.941496599,0,0.0316049,0.35514,0.199446,3.14483,0.179432,0.676443,0.163347,1.89806,0.000199267,0.449936,2.76483
52.987936508,0,0.0810567,0.655882,0.258269,2.62808,0.277227,0.765434,0.175961,2.00068,0.0626299,0.426968,2.64049
53.034376417,0,0.0827141,0.867703,0.330192,1.63972,0.782556,0.710057,0.124701,1.81917,0.0363632,0.724933,2.87344
53.080816327,0.111627,0.0121306,0.394633,1.03104,0.626084,0.996382,0.932894,0.0191763,1.31488,0.124728,0.594717,3.38729
53.127256236,0.557622,0.0034654,0.388876,1.34419,0.719407,0.575816,0.910213,0,1.1574,0.173961,0.484847,2.80452
53.173696145,1.15142,0.0309786,0.591743,1.45327,0.757126,0.443637,0.855592,0,0.698863,0.179246,0,1.9423
53.220136054,1.25665,0.0023872,0.584639,0.900036,0.512649,0.444112,0.734439,0.678378,0.180913,0.499013,0.0814652,1.63547
53.266575964,0.984829,0.194848,0.847857,0.256177,0.307667,0.211355,0.978716,1.11393,0.307251,0.779325,0.117906,0.842323
53.313015873,0.566281,0.26806,1.29531,0.181895,0.713589,0.0786445,0.984898,0.988053,0.144224,0.731585,0.398741,0.38184
53.359455782,0.00308081,0.494801,1.59824,0.187954,0.845577,0.00211254,0.643251,1.20596,0.516256,0.66391,0.926932,0.300711
53.405895692,0.00217343,0.901401,0.608891,0.150976,1.10167,0,0.775023,1.15315,0.438476,1.61433,0.827495,0.282404
53.452335601,0.000304198,0.801075,0.306291,0.201934,1.31223,0,0.929433,0.97648,0.290489,2.29877,0.63886,0.462319
53.498775510,0.0100162,0.862056,0.193557,0.236965,1.31624,0,0.792764,0.703496,0.079307,2.83345,0.316467,0.66647
53.545215420,0.0138726,0.890354,0.0986826,0.295875,1.41462,0.0151193,0.487601,0.452402,0,2.95626,0.386408,0.698468
53.591655329,0.0203604,0.927726,0.0694809,0.166542,1.39064,0.015463,0.335861,0.400432,0,2.84192,0.416379,0.768925
53.638095238,0.0524441,0.854204,0.222992,0.104878,1.31712,0,0.341721,0.770304,0,2.6858,0.409586,0.841201
53.684535147,0.00566608,1.22698,0.195576,0.28678,1.45252,0,0.329327,1.23018,0.0282874,2.32903,0.546636,0.788622
53.730975057,0.986908,0.921258,0.0992263,1.23158,1.26337,0.142857,0.376966,0.816602,0.425406,1.78976,0.380167,0.908135
53.777414966,0.910521,0.00438843,0.0948655,1.02695,0.581822,0.435178,0.555236,0.615246,0.722323,1.71543,0.359058,0.927302
53.823854875,0.827623,0.00311555,0.0820691,1.18863,0.491203,0.419882,0.703507,0.300455,0.851439,0.945515,0.304499,1.34168
53.870294785,0.403451,0.00199175,0.00621913,1.3321,0.746256,0.193115,0.674242,0.387604,1.20039,0.569748,0.194123,1.99714
53.916734694,0.109015,0.000715147,0.00402624,1.08911,2.07051,0.00360883,0.547162,0.578138,1.65184,0.362826,0.458108,2.17161
53.963174603,0.430475,0,0.127152,0.627898,3.22928,0.00953234,0.387221,0.225818,1.71865,0.166214,0.287011,2.3661
54.009614512,0.0457771,0,0.0466864,0.799273,3.08873,0.00634571,0.470774,0.0982542,1.60175,0.255184,0.315553,2.54247
54.056054422,0,0,0.321294,0.898653,2.26214,0.019198,0.540925,0.0298478,1.78868,0.292848,0.235058,2.83519
54.102494331,0,0,0.483405,0.845128,1.57941,0.376677,0.624177,0.0191782,1.86687,0.176323,0.330327,2.8797
54.148934240,0,0.198847,0.343382,1.35529,0.658104,0.225485,1.60762,0.059821,1.59446,0.119626,0.712612,2.78118
54.195374150,0.0152471,0.416059,0.216537,1.82124,0.333467,0.0256394,1.86336,0.0370938,0.842879,0.274393,0.538629,2.75123
54.241814059,0.0556917,0.328013,0.102607,2.16842,0.158292,0.00908952,1.84202,0.00228227,0.205282,0.798234,0.418822,3.23815
54.288253968,0.0606337,0.283046,0.126143,2.15409,0.14172,0.0581531,1.46105,0.0287911,0.0720963,0.964378,0.303805,3.47728
54.334693878,0.0106718,0.257408,0.144663,1.75695,0.107334,0.519838,1.07657,0.0639066,0.110516,0.901515,0.199134,3.6019
54.381133787,0.012036,0.0491039,0.0605504,1.39205,0.0541492,0.317897,0.916943,0.0707251,0.385239,0.976253,0.0867017,3.44223
54.427573696,0.789925,0.00169894,0.0803112,1.22536,0.180183,0.427249,0.512303,0.0308069,0.472062,0.987042,0.152706,2.42821
54.474013605,1.23086,0.0409711,0.00977131,1.56935,0.756464,0.389653,0.19792,0.62235,0.409868,0.944414,0,1.08516
54.520453515,1.05477,0.0631471,0.00525895,1.8945,0.514689,0.345273,0.119617,1.32814,0.520684,0.867212,0.119797,0.536283
54.566893424,0.43398,0.0296342,0.00579877,1.61572,0.652914,0.468418,0.120867,1.38905,0.683323,1.53506,0.220673,0.665756
54.613333333,0,0.492377,0.0467547,0.119737,1.05289,0.554569,0.0869913,1.29384,0.580174,2.15351,0.371044,0.809225
54.659773243,0,0.754399,0.00454604,0.189644,1.27785,0.436473,0.080111,1.14016,0.575585,2.08571,0.344663,1.09192
54.706213152,0.439718,0.736898,0.643872,0.147172,1.19925,0.344363,0,0.990481,0.614814,1.56915,0.521373,1.00994
54.752653061,1.11769,0.0355751,0.91435,0.302523,0.62009,0.0849641,0.875872,0.540206,0.844947,0.866944,0.493179,1.39125
54.799092971,0.681662,0.0168752,0.47954,0.906532,0.206407,0.11887,1.3742,0.0896479,0.39851,0.474846,0.24472,2.51057
54.845532880,0.058609,0.198648,0.202161,1.29292,0.00329658,0.174208,1.4834,0.00337787,0.116808,0.664736,0.121115,3.69724
54.891972789,0.0502686,0.486424,0.108386,1.32551,0,0.174208,1.56709,0.00634109,0.145781,0.684955,0.00149569,3.87784
54.938412698,0.0614856,0.50971,0.147511,1.4752,0,0.238407,1.63716,0.0570893,0.135895,0.752985,0.0104388,3.57467
54.984852608,0,0.646093,0.155726,1.59621,0,0.46828,1.79544,0.0799372,0.273654,0.78298,0.00306638,3.16289
55.031292517,0.319772,0.0643058,0.415978,1.48318,0,0.294679,2.2562,0.0330166,0.25796,0.805713,0.0219023,2.35902
55.077732426,1.32973,0.040049,0.376365,1.01794,0.100737,0.236017,2.25372,0.0361164,0.0876218,0.790718,0.00161377,1.35117
55.124172336,1.82041,0.0135744,0.204114,0.837729,0.0148704,0.234245,1.78192,0.226789,0.158818,0.768351,0.321646,0.876907
55.170612245,1.97475,0.176803,0.521312,0.871771,0.0828865,0.051069,1.13648,0.30663,0.13583,0.283435,0.660287,1.09254
55.217052154,1.27911,0.18772,0.760563,0.813059,0.780516,0.0959092,1.04529,0.643339,0.135593,0.148233,0.48967,1.91025
55.263492063,0.204479,0.141416,0.483661,0.547098,1.47213,0.111386,0.866914,0.765583,0.545206,0.283495,0.4334,2.48693
55.309931973,0,0.0810837,0.471288,0.443418,1.55173,0.376396,0.574411,0.440112,1.13281,0.31955,0.31236,2.96984
55.356371882,0,0.00171336,0.598379,0.354088,2.20667,0.0765321,0.500584,0.0780286,1.56878,0.327801,0.297978,2.87343
55.402811791,0,0.00266541,0.536912,0.392338,2.68303,0.051096,0.707237,0.0121161,1.64324,0.334024,0.389411,2.48252
55.449251701,0,0.0028151,0.403135,0.3627,2.52943,0.106216,0.989447,0,1.62566,0.367795,0.308544,2.40659
55.495691610,0.0349662,0.00277326,0.395044,0.396819,2.64639,0.123762,1.2004,0.0333807,1.63429,0.158101,0.173684,2.24094
55.542131519,0.0083349,0.00172023,0.563339,0.31181,2.56495,0.175793,1.12213,0.0655263,1.92012,0.0895284,0.0404116,2.27127
55.588571429,0.0362729,0.0432066,0.659034,0.290349,2.34255,0.0146934,1.02686,0.1419,1.88126,0.0917163,0.273691,2.43707
55.635011338,0,0.0140151,0.703958,0.505169,1.2975,0.442514,1.02032,0.181302,1.78446,0.223058,0.403483,2.90849
55.681451247,0.341488,0.0820916,0.479791,1.51587,0.815138,0.115235,1.21006,0.187253,1.58345,0.492059,0,2.69023
55.727891156,0.826974,0.119828,0.39363,1.72908,0.452184,0.166243,1.23731,0.1814,1.03188,0.877124,0,2.00883
55.774331066,1.16133,0.116009,0.00902066,1.73448,0.352183,0.150669,1.22861,1.03637,0.512952,0.934129,0,1.33255
55.820770975,1.24611,0.0564173,0.0383963,1.28169,0,0.275688,0.873323,1.47308,0.600818,0.694662,0,1.37009
55.867210884,0.698209,0.043572,0.65328,0.942803,0.918482,0.498132,0.711418,1.57965,0.347449,0.409593,0,1.33119
55.913650794,0.24608,0.106753,1.0237,0.614762,1.68346,0.249659,0.642751,1.50073,0.228389,0.959081,0.295422,0.80646
55.960090703,0.417466,0.122529,0.748237,0.907499,1.53219,0.0504483,0.692678,0.891166,0.0553015,1.78006,0.0723399,0.601629
56.006530612,0.137932,0.399659,0.184434,0.766787,1.52416,0.0113343,0.613111,1.08087,0.140667,2.08413,0.0844049,0.896606
56.052970522,0.0529254,0.988476,0.134423,0.5919,1.62123,0.0084212,0.4769,1.1845,0.228001,2.17278,0.107318,1.13491
56.099410431,0,1.57884,0.129249,0.63362,1.72866,0.010036,0.323444,1.08476,0.392363,2.12973,0.153551,1.27554
56.145850340,0.0635014,1.58866,0.0763676,0.634238,1.65343,0.00510817,0.425463,0.647077,0.573391,2.16032,0.0399332,1.1735
56.192290249,0.0581007,1.52269,0.170972,0.389756,1.53281,0.0614074,0.560796,0.521061,0.403667,2.02249,0.211951,0.911462
56.238730159,0.0622664,1.18558,0.189303,0.182403,0.84199,0.365823,0.571413,0.967697,0.434806,1.77656,0.630131,0.768042
56.285170068,0.346254,0.609719,0.123266,0.314486,0.589796,0.493919,0.64124,1.16077,0.51328,1.26806,0.796249,0.584199
56.331609977,1.64474,0.354206,0.00787563,0.828582,0.861106,0.75806,0.679922,0.712686,0.669972,0.813358,0.398785,0.577589
56.378049887,1.68799,0.113368,0.00711711,0.954531,0.660812,0.831948,1.1063,0.620187,0.427508,0.327721,0.482581,1.07238
56.424489796,1.57204,0.00133385,0.00655046,0.965523,0.552046,0.776993,0.922391,0.506782,0.444213,0.440479,0.254122,1.32224
56.470929705,1.14683,0.00061783,0.247728,0.782468,1.2467,0.340416,0.630432,0.0324099,1.11303,0.78027,0.161604,1.51879
56.517369615,0.32597,0.00186636,0.583376,0.496278,2.14717,0.0809866,0.75203,0.0879676,1.68089,0.497855,0.0549825,1.67703
56.563809524,0.0169104,0.00231873,0.407501,0.394148,3.116,0.0548807,0.783119,0.120042,1.52493,0.180803,0.198297,2.42368
56.610249433,0.202798,0.00193859,0.22403,0.530306,2.83104,0.0547844,0.797942,0.111372,1.39268,0.401166,0.00610154,2.86092
56.656689342,0.238455,0.0796357,0.16938,0.651629,2.25052,0.059095,0.830054,0.10355,1.18991,0.411313,0.0754578,3.22262
56.703129252,0.359936,0.0128325,0.0610941,0.682013,1.58311,0.0262946,1.68267,0.073108,0.468622,0.347996,0.103843,3.37514
56.749569161,0.15154,0.00490041,0.166125,1.38945,0.669869,0.0041419,2.27272,0.0457517,0.168521,0.623325,0.108369,3.65735
56.796009070,0.0404707,0,0.167514,2.02742,0.169617,0.114167,2.35317,0.0201483,0.0760258,0.688557,0.0808361,3.33262
56.842448980,0.0977427,0.0007061,0.0907024,1.96015,0.00721253,0.197116,2.37222,0.00587499,0.0745206,0.507742,0.0527335,3.44761
56.888888889,0.0331733,0.0218382,0.192111,1.80039,0.00871555,0.190384,2.55443,0.0955901,0.0908911,0.403908,0.04179,3.61672
56.935328798,0.00720437,0.000347619,0.180869,1.6678,0.0324713,0.208299,2.3503,0.125212,0.156207,0.199788,0,4.17545
56.981768707,0.261105,0.016077,0.0106233,1.58815,0.137591,0.283846,1.41941,0.873983,0.300392,0.198654,0,3.91377
57.028208617,0.983574,0.00474375,0.00886707,1.3594,0.321888,0.376385,0.718192,1.2238,0.36534,0.362349,0,2.98385
57.074648526,1.44909,0.00332507,0.00680319,1.08111,0.364033,0.471316,0.615719,1.35859,0.155182,0.665357,0.0254479,1.87149
57.121088435,1.50414,0.00351446,0.078031,0.892835,0.419602,1.05167,0.592154,1.67311,0.102769,0.922928,0.176185,0.807704
57.167528345,1.82874,0.00376543,0.179173,0.375116,0.386773,1.57164,0.512057,1.73719,0.0771978,1.17896,0.353614,0.494541
57.213968254,2.03092,0.0011206,0.765642,0.484304,0.454777,1.31818,0.757258,1.38314,0.0414714,1.02476,0.897539,0.44839
57.260408163,1.88188,0.173092,1.26073,0.252994,0.34307,1.12977,0.568391,1.63404,0.0726671,0.638908,1.67248,0.612306
57.306848073,1.58439,0.157104,1.2479,0.572432,0.032501,1.31898,0.576397,1.93859,0.0345241,0.603871,2.21072,0.795468
57.353287982,1.4999,0.117119,0.956107,0.561891,0,1.27364,0.776563,1.61457,0.0883239,0.672615,2.02657,0.728628
57.399727891,1.25602,0.106958,0.512814,0.470511,0.194747,1.15309,0.843818,0.678198,0.289092,0.732315,1.70449,0.957924
57.446167800,0.929248,0.000694624,0.259297,0.239698,0.120795,0.681668,1.1217,0.590459,0.0785913,0.0403339,1.07704,1.54687
57.492607710,0.83917,0.444721,0.698717,0.0511761,0.260196,0.0238001,1.70413,0.374053,0.0750331,0.259072,0.939762,1.06915
57.539047619,0.679534,0.369555,0.874936,0.107376,0.0565825,0.0037772,2.89565,0.340158,0.0346627,0.228397,0.852351,0.730748
57.585487528,0.444464,0.559291,0.76164,0.0345907,0.0522047,0.101474,3.41104,0.0885229,0.130359,0.116349,0.763852,0.659117
57.631927438,0,0.658397,0.223654,0.0166394,0.00685152,0.199958,3.54615,0.00936137,0.293038,0.19337,0.599138,0.349125
57.678367347,0,1.2678,0.266481,0.058689,0.0106375,0.27163,3.3348,0.0482539,0.15544,0.180549,0.505214,0.581086
57.724807256,0.0985467,1.47485,0.178823,0.00786217,0.0152563,0.0977846,3.39466,0.0399928,0.0968911,0.123362,0.47796,0.645824
57.771247166,0.201414,1.51522,0.159728,0.00406017,0.0614143,0.0453791,3.27131,0.0538265,0.0835901,0.046112,0.750086,0.724014
57.817687075,0.234732,1.25095,0.291644,0.0121192,0.106123,0.0304056,3.19818,0.215526,0.0447635,0.0761919,0.772401,0.809941
57.864126984,0.0567504,0.58532,0.628917,0.108946,0.115527,0,3.07642,0.266184,0.000955055,0.171635,0.705488,0.500434
57.910566893,0.12218,0.49671,0.206456,0.273055,0.164195,0,3.53452,0.173601,0.0126622,0,0.817724,0.331641
57.957006803,0.0810008,1.23857,0.174405,0.547063,0.122898,0.000707921,3.23284,0.128099,0.0721916,0.000707451,0.670134,0.587377
58.003446712,0.00925017,1.5358,0.164836,0.44405,0.253398,0.036955,2.99612,0.0750758,0.127213,0.0194444,0.864405,0.744191
58.049886621,0.00182496,1.77191,0.136334,0.108993,0.371172,0.0037827,2.76088,0.0829689,0.105471,0.0281472,1.06265,0.859424
58.096326531,0,1.8739,0.131966,0.026945,0.330156,0.00173509,2.67222,0.0728446,0.0897882,0.043624,1.20034,0.893019
58.142766440,0,1.71481,0.176799,0.0133739,0.0653915,0.0046273,3.3653,0.0384547,0.0494974,0.083077,1.2809,0.822167
58.189206349,0.00789027,1.32686,0.215695,0.0917192,0.0432658,0,3.66968,0.0234119,0.00259111,0.182619,0.935201,0.355674
58.235646259,0.0926822,1.18303,0.113575,0.0728666,0.0856869,0,3.61645,0.122743,0.0173919,0.033591,0.877007,0.0794739
58.282086168,0.0719208,1.19849,0.151658,0.121991,0.0783453,0.476779,2.84163,0.563293,0.154174,0.00563072,0.974102,0.136435
58.328526077,0,0.977158,0.13356,0.0331676,0.24247,0.476465,1.91922,0.737633,0.231809,0.029555,1.12013,0.340242
58.374965986,0,1.04649,0.0846479,0.00749575,0.468093,0.334933,1.27416,0.563106,0.10836,0.0288456,1.52095,0.363127
58.421405896,0.0317687,0.936844,0.0802817,0.174652,0.269065,0.182121,0.597067,0.0502441,0.825067,0.208169,1.89333,0.48545
58.467845805,0.225053,0.404998,0.0894303,0.589654,0.016185,0.295099,0.580465,0.0311938,1.97335,0.52742,1.00092,0.607969
58.514285714,0.238311,0.0745377,0.0241901,1.06194,0.0162838,0.219525,0.648063,0.0383603,2.6678,0.345619,0.677076,0.604328
58.560725624,0.169264,0.00141028,0.442504,0.951016,0.0398613,0.254156,0.456057,0.0210679,3.13829,0.00503558,0.452011,0.129639
58.607165533,0.138195,0.750611,0.124645,0.915503,0.343094,0.413186,0.485969,0.128273,3.16686,0.0403339,0.428375,0.357388
58.653605442,0.105264,0.809596,0.197165,0.793124,0.455569,0.370715,0.457394,0.136363,3.24999,0.0447333,0.612173,0.651133
58.700045351,0.08503,0.85911,0.160439,0.796428,0.524385,0.229461,0.468207,0.450132,2.77495,0.041294,0.68093,0.678098
58.746485261,0.0766431,0.77894,0.148928,0.786034,0.334199,0.293225,0.691583,0.621325,2.53538,0.0515359,0.578671,0.70473
58.792925170,0.139474,1.04101,0.867671,0.74949,0.148238,0.0083529,1.49506,0.59383,1.42602,0.0778641,0.614101,0.733603
58.839365079,0.676688,1.16705,0.751936,0.302715,0.152442,0.00773123,2.741,0.163177,0.0989105,0.119858,0.567928,0.486201
58.885804989,0.389532,1.48833,0.0036135,0.371318,0.189294,0.155404,3.06212,0.410348,0.0175169,0.0650145,0.259149,0.114555
58.932244898,0,2.11732,0.0438888,0.529572,0.368565,0.555303,2.90274,0.34998,0.0631224,0.0827512,0.22364,0.847775
58.978684807,0,2.33218,0.167692,0.254056,0.653902,0.558023,2.33534,0.177883,0.299402,0.0730979,0.416745,0.900788
59.025124717,0,2.17716,0.143164,0.0515639,0.527788,0.207155,2.2103,0.0536931,0.249439,0.04666,0.825435,0.891106
59.071564626,0,1.78217,0.114655,0.000715898,0.427453,0.0764697,2.25406,0.150802,0.105733,0.0586769,0.939068,0.836322
59.118004535,0,1.39567,0.105161,0.00608815,0.548917,0.010295,2.38813,0.282777,0.0626693,0.0996064,1.03892,0.611567
59.164444444,0,1.27612,0.109938,0.61484,0.825799,0.00274619,2.23575,0.11563,0.0196926,0.160911,0.916671,0.253568
59.210884354,0.0122432,1.27965,0.546953,0.375248,0.757478,0,2.30284,0.362241,0.0151585,0,0.683257,0
59.257324263,0.13003,1.2067,0.909614,0.0843083,0.44431,0.0909387,1.35607,0.351175,0.159895,0.114397,0.705602,0.60754
59.303764172,0.172917,0.810279,0.974839,0.676512,0.211608,0.185236,1.01843,0.17604,0.214154,0.142854,1.07153,0.747173
59.350204082,0.123585,0.291905,0.844951,1.59044,0.00931546,0.157918,0.530274,0.167155,0.315005,0.00886592,1.63508,0.692054
59.396643991,0.0587999,0.0644827,0.554428,2.3117,0,0.107967,0.600205,0.174535,0.232635,0.0269057,2.19417,0.639249
59.443083900,0.00764611,0.082194,0.23183,3.23582,0,0.111796,0.725599,0.1668,0.126767,0.0884072,2.16857,0.425016
59.489523810,0.000142227,0.10347,0.315538,3.70961,0,0.122435,0.585214,0.160901,0.0351129,0.150363,1.48106,0.22002
59.535963719,1.81373,0.103541,0.0128503,2.64127,0,0.379241,0.95463,0.236996,0.0064446,0.194328,1.26522,0.384493
59.582403628,1.55473,0.169501,0.013911,1.94406,0.0856838,0.855597,1.20078,0.920526,0.24027,0.000898756,0.058315,1.14742
59.628843537,1.34399,0.257897,0.167407,1.57444,0.267966,1.02659,1.39749,0.92085,0.155296,0.000844565,0,1.26056
59.675283447,1.24723,0.216803,0.123888,1.54212,0.447399,1.11861,1.76793,0.680962,0.152237,0.0877441,0.0630793,0.656189
59.721723356,0.949323,0.258052,0.0633936,1.32974,0.231704,1.47203,1.93325,0.259954,0.132097,0.484377,0.265037,0.379581
59.768163265,0.979631,0.605005,0.248813,0.64354,0.433959,1.35063,1.50056,0.0760691,0,0.679022,0.513582,0.279606
59.814603175,0.496822,0.915915,0.796795,0.041392,1.01282,1.13419,1.53688,0.326797,0.071145,0.977992,0.964097,0.240286
59.861043084,0.908183,0.74099,0.539893,0.272167,0.98193,0.589582,1.84186,0.1596,0.0903301,1.35339,0.873384,0.508751
59.907482993,0.620372,0.571654,0.246774,0.259199,0.388107,0.568304,1.94963,0.0848815,0.107744,1.35291,0.576625,0.990225
59.953922902,0.518139,0.195262,0.292041,1.33495,0.0228793,0.379904,2.22124,0.163892,0.118771,1.24044,0.580998,1.38399
60.000362812,0.484104,0.00408587,0.352107,2.00878,0.0277899,0.278045,2.41223,0.0232766,0.110043,1.12405,0.44425,2.07284
60.046802721,0.140177,0.00315189,0.195609,2.28528,0.0703093,0.205172,2.23273,0.00727022,0.0597806,1.13893,0.112604,2.79472
60.093242630,0.138243,0.00218341,0.116829,2.08201,0.105291,0.515202,1.89621,0,0.0597408,1.02654,0.418703,2.78834
60.139682540,0.0866183,0.00982364,0.177507,1.93574,0.103689,0.781222,1.9538,0,0.0746093,0.971324,0.259485,2.8733
60.186122449,0.0416691,0.164398,0.0733042,1.89183,0.0985878,0.502257,1.98279,0.0478335,0.0782456,0.897344,0.00350375,3.1515
60.232562358,0.395435,0.109189,0.205168,1.45417,0.159338,0.220908,1.88063,0.0441245,0.0870062,0.761002,0.00203169,2.96782
60.279002268,0.800675,0.0988716,0.425084,1.10741,0.344486,0.213885,1.59938,0.449675,0.077701,0.357134,0,2.16222
60.325442177,0.769254,0.142285,0.256126,0.927915,0.540285,0.500509,1.13572,1.15341,0.0961159,0.0946637,0.0023898,1.29619
60.371882086,0.433911,0.0990142,0.43156,1.0243,0.332091,0.49034,1.51217,1.3484,0.221741,0.13885,0.0975659,1.37042
60.418321995,0.418449,0.0902625,0.757561,0.657857,1.31185,0.182234,1.53604,0.883913,0.804891,0,0.0584904,1.9842
60.464761905,0.300107,0.0581439,0.448036,0.593493,2.57587,0.017648,0.79622,0.273436,1.44147,0.279985,0.0196999,2.19529
60.511201814,0.0360669,0.00111818,0.38385,0.605812,3.15359,0.00773633,0.503648,0.0627778,1.84792,0.277137,0.0476351,2.36906
60.557641723,0,0.00212548,0.308831,0.575191,3.26868,0.00710944,0.524753,0.0451081,1.87651,0.202956,0.151899,2.36475
60.604081633,0,0.00279678,0.24532,0.38174,3.2947,0.00903715,0.5341,0.0197515,2.01614,0.234516,0.0872338,2.4711
60.650521542,0.0100302,0.00229293,0.27736,0.198424,3.51772,0.0107258,0.548182,0.0621848,1.93511,0.118181,0.0771305,2.43348
60.696961451,0.0218411,0.000336813,0.441591,0.109928,3.39161,0.00817987,0.582631,0.0348271,1.80307,0.0709893,0.0914453,2.33097
60.743401361,0,0.281892,0.463998,0.100021,2.92147,0.280353,0.599089,0.108307,1.5303,0,0.0750356,2.48346
60.789841270,0,0.253338,0.377921,0.438842,2.81431,0.287025,0.826506,0.130744,0.652118,0.142864,0.441192,2.21326
60.836281179,0.522528,0.1587,0.0705127,1.07142,2.04435,0.0642585,0.988241,0.511306,0.246675,0.705751,0.524675,1.50201
60.882721088,1.09645,0.173684,0.00574901,1.14866,1.53112,0.0586039,0.933067,1.0034,0.310929,0.889895,0,1.09757
60.929160998,1.53636,0.38643,0.00442007,1.07488,1.19347,0.0554704,1.03024,1.34222,0.318903,0.686731,0.000465554,0.54176
60.975600907,1.45697,0.466544,0.0049966,0.666807,0.883307,0.314012,0.96352,1.72927,0.25733,0.686053,0.000784348,0.478386
61.022040816,0.545173,0.646124,0.00480311,0.398663,0.655647,1.1149,0.639743,2.21916,0.0618484,0.58845,0.0810663,0.607302
61.068480726,0.0513675,0.917545,0.00834477,0.0525722,0.957979,0.778455,0.505414,2.35219,0.0211914,0.563488,0.633474,0.851957
61.114920635,0,1.56522,0.0998437,0.247433,1.43015,0.38346,0.195968,2.20582,0.0382588,0.745449,0.791206,0.549692
61.161360544,0,1.69439,0.228026,0.745222,1.4264,0.0163936,0.0655289,1.87723,0.0214918,1.67942,0.288831,0.499766
61.207800454,0,1.45543,0.252165,0.85832,1.59039,0.00183869,0.100265,1.40606,0,2.00508,0.3026,0.598385
61.254240363,0,1.45045,0.266909,0.781942,1.56858,0,0.220882,1.05156,0.000141127,1.84637,0.337665,0.7924
61.300680272,0,1.37435,0.255124,0.719176,1.41945,0.147857,0.182237,0.876073,0.0073078,1.7457,0.251165,1.02862
61.347120181,0,1.14046,0.31584,0.356544,1.07039,0.795733,0.433566,0.852314,0.0107601,1.52447,0.214428,1.32186
61.393560091,0,1.05901,0.337502,0.223192,1.16469,0.810812,0.418213,0.848408,0.364448,1.17904,0.372024,1.26376
61.440000000,0,1.18724,0.27309,0.418567,1.17428,0.73995,0.393059,1.2058,0.481326,1.412,0.285781,1.14595
61.486439909,0.557005,0.345036,0.109057,1.26038,1.06563,0.610232,0.219854,0.989267,0.270395,1.89866,0.283591,1.31405
61.532879819,1.61929,0.249378,0.0116798,1.38317,0.577179,0.131373,0.365881,0.365354,0.473819,1.67616,0.303504,0.770269
61.579319728,1.60935,0.195182,0.0062217,1.5333,0.729994,0.138974,0.237901,0.422442,0.397984,1.29836,0.182944,0.415715
61.625759637,0.920427,0.150953,0.0802771,1.5282,1.41016,0.0539501,0.0937867,0.619283,0.508252,0.92137,0.0268722,1.79081
61.672199546,0.321138,0.146313,0.145372,1.06331,2.66684,0.04151,0.296793,0.402421,1.02808,0.387705,0.00208532,2.41546
61.718639456,0.406558,0.189463,0.308744,0.446601,3.0511,0.0139867,0.429812,0.0731446,1.44021,0.590633,0.0800463,2.42778
61.765079365,0.18824,0.207674,0.422226,0.205444,3.32734,0.0234703,0.483136,0.0783997,1.64705,0.236499,0.29323,2.43766
61.811519274,0,0.074362,0.419784,0.126367,3.20974,0.29945,0.587516,0.0896914,1.83423,0.146188,0.3211,2.57833
61.857959184,0,0.0528961,0.308422,0.286522,2.99882,0.306469,0.6059,0.490755,1.60401,0.126166,0.181259,2.54805
61.904399093,0,0.225607,0.164995,0.485938,2.58004,0.285573,0.871534,0.435541,0.69539,0.657124,0.0226849,2.50995
61.950839002,0,0.207249,0.185053,0.917546,1.12035,0.156255,1.75997,0.0496751,0.247386,0.736877,0.0252376,2.98984
61.997278912,0.0265697,0.0528602,0.155926,1.41286,0.0250884,0.0121063,2.26874,0.0266727,0.0829418,0.659735,0.0875947,3.43281
62.043718821,0,0.212091,0.203576,1.214,0.0067864,0.015041,2.40151,0.222084,0.165136,0.581644,0.107779,3.48694
62.090158730,0,0.533893,0.00756341,0.899564,0.0545912,0.620321,2.45808,0.115726,0.0863647,0.376186,0.278078,3.42313
62.136598639,0.0535706,0.4773,0.00468695,0.846535,0.689882,1.38459,2.17426,0.0943572,0.105425,0.459458,0.48582,2.52689
62.183038549,1.17467,0.252377,0.00424725,0.720638,0.939677,1.29103,1.00607,1.04078,0.177099,0.378041,0.318372,1.24549
62.229478458,1.37048,0.349207,0.0050567,0.623968,0.811127,0.628724,0.464581,1.50715,0.193728,0.395827,0.35665,0.930622
62.275918367,1.01046,0.390789,0.00666607,0.470891,1.00059,0.086985,0.241606,1.74756,0.0986175,0.559334,0.200116,0.387011
62.322358277,0.340053,0.36183,0.0244989,0.422283,1.70897,0.019658,0.301447,1.96901,0.00260857,1.05531,0.173299,0.529136
62.368798186,0.0945523,0.261005,0.0072392,0.371709,1.70364,0.0912902,0.397033,1.64901,0.0549204,1.53389,0.251545,0.800571
62.415238095,0.00997249,0.045038,0.00290266,0.649798,1.63248,0.111184,0.31706,1.25961,0.0641893,1.97904,0.308843,1.09376
62.461678005,6.17795e-05,0.0750242,0.000741599,0.822332,1.54987,0.0990839,0.343003,1.12946,0.172102,2.13624,0.399503,1.31237
62.508117914,0,0.103322,0.0731645,0.73058,1.61315,0.142766,0.345634,0.927002,0.303204,1.94253,0.463913,1.69396
62.554557823,0,0.107747,0.213148,0.198643,1.81767,0.142237,0.461245,0.721705,0.475212,1.38316,0.522593,2.05477
62.600997732,0,0.402622,0.235342,0.0830913,1.53004,0.387406,0.374558,0.666976,0.882205,0.53748,0.739671,1.80097
62.647437642,0.490352,0.514464,0.235272,0.449244,0.549249,0.455441,0.681291,0.468834,0.415495,0.892932,1.10526,1.16264
62.693877551,0.252148,0.0735166,0.379843,1.46931,0.00608525,0.152118,0.74606,0.825276,0.0136367,0.969974,1.71308,0.377347
62.740317460,0,0.101293,0.574526,1.77729,0.0171927,0.310899,0.57988,0.730634,0.0106812,0.66051,1.82092,0.091535
62.786757370,0,0.421259,0.534149,1.6854,0.376666,0.367124,0.247885,0.690084,0.398126,0.233112,1.66992,0.0876873
62.833197279,0,0.522093,0.311782,1.18193,1.41983,0.276106,0.195627,0.84582,0.20503,0.0480395,1.34884,0.496594
62.879637188,0,0.364415,0.223825,1.43668,1.57718,0.0727207,0.435651,0.465989,0.322824,0.0314752,1.55887,0.647429
62.926077098,0,0.200045,0.161103,2.08141,1.26215,0,0.464927,0.63832,0.213653,0.0308838,1.79799,0.640494
62.972517007,0,0.054043,0.177121,2.64783,0.57696,0.00131517,0.549409,0.545091,0.0738041,0.0622448,1.85906,0.598494
63.018956916,0,0.061024,0.235648,3.06912,0.253728,0.0187338,0.827975,0.324432,0.00308649,0.154025,1.49273,0.21618
63.065396825,0.0155158,0.060758,0.157403,3.12753,0.18461,0,0.691806,0.139638,2.59604e-05,0.316223,1.6425,0.225926
63.111836735,0.0509675,0.662727,0.427004,2.13911,0.203246,0.00663384,0.398385,0.247286,0.175878,0.00656876,2.23414,0.257016
63.158276644,0.187244,0.576635,0.276262,1.75607,0.315014,0.191526,0.506954,0.336115,0.431872,0.0433509,2.31211,0.436397
63.204716553,0.0540314,0.393908,0.111892,1.69054,0.351317,0.147056,0.582291,0.431611,0.463298,0.0209384,2.37529,0.552484
63.251156463,0,0.202198,0.0781299,1.88426,0.287546,0.133451,0.474263,0.485557,0.395891,0.0201277,2.3996,0.649228
63.297596372,0.00179489,0.0682064,0.105901,2.74268,0,0.142018,0.489107,0.435181,0.203218,0.0472367,2.03205,0.575688
63.344036281,0.00853582,0.0510945,0.092371,3.48674,0,0.0831906,0.691693,0.440656,0.0439353,0.102011,1.65894,0.533556
63.390476190,0.179953,0.0526354,0.087986,3.85289,0.130875,0.0496598,0.755131,0.600954,0,0,1.51882,0.0376994
63.436916100,0.0387206,0.385123,0.102638,3.17168,0.159689,0.242937,0.130395,0.658264,0.0611638,0.0956727,1.80789,0.0250898
63.483356009,0,0.353234,0.148485,2.25128,0.458722,0.475074,0.193827,0.805246,0.392972,0,2.03108,0.338381
63.529795918,0,0.299784,0.196153,1.77102,0.521958,0.197781,0.402426,0.765886,0.434838,0.00405409,1.89469,0.471158
63.576235828,0,0.132251,0.505588,1.38401,0.626282,0.0805556,0.432758,0.522951,0.444232,0.0280749,1.92603,0.573524
63.622675737,0.0403848,0.00397843,0.816456,1.14517,1.16131,0.0480308,0.547772,0.389553,0.354604,0.103466,1.47224,0.743175
63.669115646,0.00322356,0.00347122,0.762768,0.595935,1.65789,0.407032,0.662169,0.233668,0.170948,0.22863,0.94102,1.05728
63.715555556,0.0692234,0.315978,0.629858,0.193419,1.8692,0.699101,0.777512,0.142286,0.0386915,0.0807616,0.862224,0.826575
63.761995465,0.0178819,0.671529,0.164106,0.653594,1.9532,0.55731,0.363599,0.181408,0.22696,0.102283,1.14254,0.920107
63.808435374,0.00385674,0.43606,0.414932,0.382715,2.73147,0.580494,0.28602,0.0783657,0.700835,0,0.960642,0.877453
63.854875283,0.0594157,0.333052,0.604332,0.429349,2.3503,0.444688,0.451661,0.187733,0.648302,0,0.991749,0.981904
63.901315193,0.243417,0.163505,0.613933,0.738364,2.16274,0.034023,0.53349,0.354594,0.511683,0.0181495,1.01719,1.02593
63.947755102,0.259478,0.0454572,0.329899,0.823077,2.05322,0.00635061,0.662701,0.194367,0.264405,0.0556919,1.1669,0.969676
63.994195011,0.223879,0.0824711,0.234206,1.14655,2.20466,0.00787882,0.708353,0.18228,0.00792743,0.155564,0.958579,0.3948
64.040634921,0.199657,0.110683,0.116632,1.09153,2.3593,0,0.448367,0.339894,0.0443128,0.0443263,1.17311,0.167731
64.087074830,0.14203,0.561967,0.0898232,0.464158,2.2695,0.20198,0.312092,0.637802,0.208099,0.0155785,1.94509,0
64.133514739,0,0.583259,0.190859,1.04734,1.60011,0.498573,0.381526,0.747431,0.334247,0.0441339,2.06784,0.183684
64.179954649,0.00135738,0.477024,0.442416,1.08173,1.30712,0.197568,0.752241,0.697723,0.342895,0.0269727,2.16384,0.278718
64.226394558,0.0105096,0.344478,0.108023,0.0494931,2.55624,0.00956205,0.722997,0.368703,0.317686,0.029146,1.80896,0.675718
64.272834467,0,0.200157,0.125145,0.0245846,2.89028,0.00635463,0.540348,0.186034,0.348698,0.059761,0.873974,1.27688
64.319274376,0.0645902,0.191534,0.102699,0.0270652,2.67705,0,0.652412,0.24145,0.260999,0.141937,0.797064,1.40036
64.365714286,0.120534,0.148742,0.211451,0.185407,2.69586,0,0.787218,0.0816611,0.217159,0.0680065,0.79105,0.974459
64.412154195,0.119768,0.0827282,0.338869,0.317845,2.68572,0,0.685512,0.413637,0.12794,0.000699025,0.993717,1.10492
64.458594104,0,0.358424,0.260963,0.943227,1.28753,0.0282743,0.535296,0.79497,0.378707,0.25378,1.1153,0.83518
64.505034014,0.0763388,0.474133,0.451137,0.991303,0.451377,0.0256346,0.566388,0.598584,0.703785,0.627341,1.27231,0.0837056
64.551473923,0.240845,0.266608,0.920657,1.08111,0.206677,0.0233013,0.470198,0.371276,0.756354,0.458141,1.53145,0.199869
64.597913832,0.180984,0.110333,0.907458,0.883226,0.0301312,0.859923,0.37136,0.287149,0.730317,0.203228,1.40291,0.854388
64.644353741,0.157319,0.00792974,0.751436,0.302492,0.0383154,1.78124,0.322647,0.282223,0.589286,0.0757173,0.575921,2.12119
64.690793651,0.707842,0.0847869,0.581337,0.787762,0.00341208,1.11375,0.386341,0.955892,0.00512523,0.471367,0,2.11304
64.737233560,1.65109,0.5036,0.276061,0.967565,0,0.768897,0.529672,0.867493,0.120694,0.800745,0.0358416,0.846222
64.783673469,1.81175,0.714603,0.230717,0.976204,0,0.714898,0.368785,1.12819,0.168644,0.642936,0.0930778,0.897489
64.830113379,1.65875,0.591041,0.306231,0.820788,0.00890256,0.627098,0.893721,1.31503,0.483507,0.415583,0.0968487,1.22227
64.876553288,1.12268,0.124921,0.30778,0.800808,0.00917514,0.664253,1.28577,1.8061,0.388697,0.153172,0.0886316,2.07898
64.922993197,0.595408,0.00173527,0.253719,0.668641,0.0450479,0.659041,1.41434,1.90868,0.0338605,0.0679341,0.0390855,3.08483
64.969433107,0.513661,0.00385201,0.557446,0.350623,0.0410118,0.593053,1.4391,1.80733,0.0363868,0.213581,0.176039,3.0484
65.015873016,0.540181,0.0966557,0.155914,0.606504,0.0432049,0.795094,1.33191,1.51978,0.0431779,0.331639,0.11587,3.11584
65.062312925,0.455747,0.165671,0.0983781,0.86118,0.0307882,0.927675,1.28562,0.934167,0.0531827,0.213393,0.0468699,3.128
65.108752834,0.369372,0.118325,0.11854,0.832784,0.0234275,0.665455,1.74829,0.390084,0.254447,0.119167,0.0055878,3.06279
65.155192744,0.123552,0.0459138,0.198732,0.902095,0.0049694,0.24502,1.89129,0.15772,0.176003,0.293862,0.00413973,3.39929
65.201632653,0.121841,0.0283389,0.185842,1.08035,0,0.113716,2.1165,0.0389937,0.124368,0.969138,0.0205638,3.34026
65.248072562,0.128013,0.00120912,0.182717,1.21485,0.0358661,0.0534965,2.3961,0.00432803,0.318692,1.15695,0.377799,3.31763
65.294512472,0.0543964,0.000824164,0.222817,1.41078,0.101261,0.0250736,2.16053,0.140851,0.508278,1.02827,0.352609,3.34413
65.340952381,0,0.00124557,0.142749,1.6885,0.144194,0.0218312,1.91566,0.151139,0.384015,0.826624,0.0301045,3.49994
65.387392290,1.01808,0.00172716,0.38802,1.34167,0.0617392,0.016258,1.65371,0.0970984,0.145594,0.689496,0.0505868,3.1358
65.433832200,1.55535,0.00212866,0.319333,1.14563,0.219419,0.101921,1.24864,0.323135,0.122263,0.885542,0.0774907,2.1681
65.480272109,1.5927,0.00294274,0.216933,1.14405,0.520929,0.315069,1.03443,0.762234,0.168032,0.86504,0.168872,2.1398
65.526712018,1.00967,0.0257556,0.390015,1.4182,0.312362,0.475927,1.24711,0.789558,0.0289159,0.562887,0.0575723,2.50808
65.573151927,0.248781,0.230573,0.499494,0.905732,0.846782,0.465722,1.24512,1.0358,0.360006,0.634374,0.335209,2.3354
65.619591837,0,0.183508,0.258499,0.8036,1.27809,0.725722,1.04539,0.625235,0.739376,0.781264,0.336774,2.49623
65.666031746,0,0.0669483,0.489383,0.504247,1.86496,0.436471,0.770296,0.0513808,1.49561,0.611539,0.0539186,2.73784
65.712471655,0,0.0176437,0.661533,0.40403,2.4738,0.111631,0.452276,0.0417671,1.6851,0.398027,0.0908683,2.68824
65.758911565,0,0.00246097,0.566217,0.342567,2.74946,0,0.480495,0.0331003,1.63793,0.308099,0.357508,2.53626
65.805351474,0,0.00199155,0.434783,0.238455,2.71757,0.0133334,0.516479,0.00382576,1.81946,0.417244,0.106415,2.58142
65.851791383,0,0.000308665,0.321974,0.179025,2.5856,0.0126119,0.565894,0.182342,2.03506,0.485928,0.0445097,2.62156
65.898231293,0,0.0442543,0.414762,0.0452961,2.51273,0.0717278,0.541978,0.238307,1.98519,0.217144,0.0458302,2.5752
65.944671202,0,0.0291297,0.536065,0.0156277,2.1297,0.127698,0.487062,0.181047,1.94407,0.152985,0.0104073,2.61595
65.991111111,0.0586981,0.00132206,0.221664,1.0769,1.68854,0.299397,0.96432,0.0630343,1.67076,0.219281,0.000449531,2.62956
66.037551020,0.82195,0.00141886,0.125588,1.39264,1.3758,0.569392,1.126,0.0578907,1.08431,0.325605,0.000511364,2.28022
66.083990930,1.35381,0.00166576,0.050758,1.49189,1.12194,0.541498,1.10235,0.0872503,0.734603,0.416214,0.0013066,1.75492
66.130430839,1.30569,0.00292337,0.0946184,1.34953,0.798544,0.271141,0.895499,0.430618,0.641312,0.274462,0.0291636,1.95686
66.176870748,0.99214,0.226683,0.0104568,0.993036,1.03136,0.0357198,0.577759,0.885305,0.536999,0.461392,0.180943,1.85369
66.223310658,0.48331,0.419129,0.212078,0.0103409,1.38649,0.214101,0.262587,1.27075,0.468677,0.542742,0.357487,1.74937
66.269750567,0.0413336,0.610548,0.147069,0.27169,1.67833,0.207735,0.3314,1.43096,0.545539,0.901769,0.627716,1.08701
66.316190476,0,1.00562,0.186907,0.60265,1.91665,0.0469299,0.611202,1.5198,0.347598,1.3011,0.459788,0.315541
66.362630385,0.088468,1.31249,0.171493,0.812512,2.02136,0.0205911,0.775086,1.52886,0.0527593,1.44638,0.327658,0.102884
66.409070295,0.223297,1.39873,0.137261,0.883907,1.82905,0,0.710614,1.34103,0,1.63874,0.41422,0.134525
66.455510204,0.265487,1.22838,0.0778378,0.927321,1.47587,0.0485263,0.498056,1.02663,0,2.00774,0.399805,0.327129
66.501950113,0.0700455,1.15389,0.0818212,0.713045,1.41581,0.236013,0.684807,0.805306,0.100962,1.89305,0.625444,0.201965
66.548390023,0.0987707,0.930982,0.0985297,0.127101,1.35923,0.16598,0.792972,1.06465,0.4575,1.48142,0.757234,0.208869
66.594829932,0.000524525,1.33358,0.0715054,0.186073,1.20939,0.256428,0.742894,1.15454,0.515437,1.4596,0.979831,0.199127
66.641269841,0.985569,0.89202,0.0614647,1.55454,0.744773,0.673973,0.476379,0.705997,0.569216,1.5207,0.302079,0.272433
66.687709751,1.38068,0.951138,0.0440178,1.49999,0.225399,0.687986,0.246998,0.0626671,0.526032,1.70832,0.193493,0.564388
66.734149660,1.66315,0.656092,0.00528322,1.32355,0.294244,0.622225,0.261704,0,0.454074,1.46617,0.354721,1.19383
66.780589569,1.32157,0.281396,0.00527149,1.18577,0.660471,0.181217,0.265888,0,0.637413,0.645861,0.528177,2.07265
66.827029478,0.527251,0.209808,0.00629392,0.985405,1.199,0.0416669,0.550587,0.011338,1.18289,0.336787,0.604619,2.60259
66.873469388,0.413642,0.180767,0.239426,0.20698,1.99163,0.034933,0.733358,0.0904713,1.38166,0.489924,0.612866,2.56155
66.919909297,0.225085,0.164178,0.245554,0.456644,1.617,0.0573737,0.911688,0.0942118,1.40051,0.532993,0.589783,2.63707
66.966349206,0,0.0767178,0.122993,0.504235,1.41286,0.0284327,1.08224,0.0955495,1.51639,0.464056,0.656049,2.83938
67.012789116,0,0.0117302,0,0.676542,1.11874,0.0136435,1.84829,0.133841,1.42854,0.102935,0.509207,3.0133
67.059229025,0,0,0,1.35867,0.801955,0.181392,2.29492,0.09084,0.860997,0.0456646,0.264699,2.88824
67.105668934,0.0315765,0.133354,0.09888,2.13933,0.287231,0.400582,2.30698,0.0976013,0.31344,0.398502,0.0977447,2.86883
67.152108844,0.0294199,0.415622,0.0907606,2.3062,0.0551264,0.081682,2.09626,0.0102068,0.131514,0.636372,0.261788,2.90236
67.198548753,0.0080171,0.416645,0.183318,2.14635,0.00078841,0.0670365,2.16894,0,0.132061,0.732536,0.744801,2.88682
67.244988662,0.00426349,0.750388,0.183409,1.93422,0.00305268,0.120449,2.29314,0,0.133711,0.622931,0.609821,2.93875
67.291428571,0.351191,0.759245,0.034233,1.72901,0.0841557,0.196918,2.48829,0,0.0541939,0.540397,0.310736,2.51226
67.337868481,1.49701,0.198944,0.0637747,0.946755,0.142317,0.157819,2.04923,0,0.0382977,0.447517,0.344662,1.97135
67.384308390,2.0098,0.0228992,0.12753,0.526987,0.144277,0.784942,1.27708,0,0.270764,0.298828,0.152882,1.32439
67.430748299,1.9317,0.0311677,0.18072,0.341188,0.201522,1.09317,1.09491,0.219863,0.309852,0.634286,0.240034,0.841693
67.477188209,1.972,0.036891,0.324798,0.249934,0.701992,1.17891,0.897339,0.691046,0.27214,1.04844,0.33043,0.744204
67.523628118,2.11905,0.281645,0.770103,0,0.735974,1.16543,0.544194,2.12479,0.233159,1.16562,0.501987,0.50398
67.570068027,2.46241,0.0548195,1.77825,0.0106535,0.777447,0.932413,0.330174,2.53661,0.203679,0.313097,0.581399,0.113749
67.616507937,2.31269,0.108315,1.77626,0.0629858,0.709757,0.718019,0.206111,2.67392,0.000612665,0.182402,1.26624,0.244796
67.662947846,1.60467,0.217968,1.27466,0.0250781,0.678579,0.76142,0.216585,2.6903,0.0176886,0.0405754,1.64347,0.474531
67.709387755,0.871764,0.210382,1.01015,0.0186382,0.575682,0.779904,0.438006,2.16441,0.138889,0.00784882,1.42267,0.734892
67.755827664,0.114846,0.247903,0.617677,0.0103346,0.240769,0.858483,0.750648,1.40807,0.156123,0.0305041,1.10065,1.48161
67.802267574,0.150606,0.813871,0.543451,0.0189739,0.0635948,0.275805,2.9667,0.0483857,0.185364,0.0196155,1.13763,0.3994
67.848707483,0.454976,0.789734,0.724059,0.181511,0.0694744,0.0325896,3.11955,0.03179,0.0555941,0.0546,1.14902,0.242696
67.895147392,1.05016,0.795472,0.628038,0.611404,0.0819746,0.00915118,3.32779,0.0214114,0.323928,0.0706249,0.414656,0.16201
67.941587302,1.73809,1.00039,0.261948,0.730247,0.111475,0.19709,2.64848,0.00165044,0.259778,0.0264656,0.290682,0.348129
67.988027211,1.77426,1.06113,0.0203933,1.00886,0.0996568,0.0923546,2.34936,0.163516,0.217685,0.115572,0.258813,0.267823
68.034467120,1.68569,1.0969,0.0092106,0.98687,0.122792,0.275278,2.17988,0.358406,0.259156,0.134704,0.34361,0.207997
68.080907029,1.74536,1.11046,0.0333417,1.01095,0.291076,0.576354,1.93312,0.445816,0.174405,0.30997,0.3601,0.155966
68.127346939,1.17747,0.678403,0.09066,0.797684,0.465025,0.826205,1.25103,0.753204,0.0605435,0.399302,0.425344,0.168654
68.173786848,0.102269,0.0496122,0.412903,0.40182,0.278758,0.677726,0.640926,1.41181,0.0981241,0.207489,0.824276,0.378641
68.220226757,0.000239306,0.216327,0.887008,0.839181,0.221172,0.583319,0.842873,1.49675,0.22302,0.213604,0.0821203,0.63045
68.266666667,0.173733,0.828469,0.40551,1.08515,0.0782127,0.567195,1.50945,2.18529,0.0733001,0,0.0868036,0.533821
68.313106576,0.121332,1.22794,0.348371,0.453446,0.0161855,0.283035,1.48953,1.76693,0.170137,0.0166839,0.546141,1.08435
68.359546485,0.240118,1.85638,0.289154,0.0582366,0.022143,0.162931,1.31739,1.51564,0.185915,0.0232092,0.910259,1.11525
68.405986395,0.353686,1.80376,0.217764,0.00584189,0.0401256,0.0251586,1.49273,1.36772,0.197139,0.031291,1.03627,1.11081
68.452426304,0.504629,1.41726,0.185741,0.00614394,0.0838736,0.00339217,1.58031,1.46292,0.209826,0.0521673,1.04496,1.0568
68.498866213,0.123137,1.02786,0.122404,0.180884,0.0818688,0.00638497,2.53553,0.498156,0.055786,0.128666,0.923564,0.992936
68.545306122,0.735973,0.766027,0.0926873,1.45706,0.0605225,0,3.26743,0.000361171,0.0789964,0.127475,0.452975,0.0819926
68.591746032,1.30235,0.433197,0.00816522,1.50795,0.0470943,0.00252077,1.67935,0.154718,0.489915,0.490416,0.142592,1.2082
68.638185941,1.07666,0.186278,0.00933127,1.29052,0.10438,0.105679,0.847183,0.908887,0.884757,0.617434,0.0074681,1.42102
68.684625850,0.862026,0.18437,0.00422939,1.10313,0.137624,0.214996,0.928735,1.2025,1.08099,0.561977,0,1.27717
68.731065760,1.102,0.0990025,0.107881,1.22982,0.0938261,0.295809,0.813398,1.20267,0.840043,0.525697,0.0374577,1.00318
68.777505669,0.549797,0.00194727,0.344048,1.57536,0.10342,0.91066,0.57941,1.17579,0.858766,0.658743,0.0225089,0.580542
68.823945578,0.296913,0.127398,0.545821,1.16546,0.185787,1.03806,0.0410723,0.256153,1.92707,0.454451,0,0.759405
68.870385488,0.205641,0.00191192,0.308955,1.18086,0.414824,0.84611,0.0441881,0.240199,2.99094,0.32124,0.161819,0.692483
68.916825397,0.150308,0.00646494,0.266734,1.12001,0.535509,0.704381,0.049061,0.349015,3.55742,0.0719595,0.647745,0.391315
68.963265306,0.209432,0.593828,0.250516,0.852149,0.583447,0.619222,0.0539783,0.36021,3.60306,0.148538,0.790421,0.00233827
69.009705215,0.449972,0.721885,0.283465,0.582748,0.507609,0.379133,0.0438775,0.338521,3.86794,0.308637,0.641934,0.0118497
69.056145125,0.48699,0.438132,0.197435,0.678114,1.02176,0.0920753,0.0177752,0.0491922,3.932,0.112143,0.489506,0.00687374
69.102585034,0.254835,0.297777,0.240342,0.670682,1.24348,0.0326928,0.0224136,0.0877159,3.67116,0,0.313921,0
69.149024943,0.236196,0.452661,0.180105,0.721904,0.919555,0,0.0156506,0.121367,3.39933,0.0432102,0.284764,0.215997
69.195464853,0.618363,0.280922,0.337038,1.27231,0.679028,0.181082,0.00224663,0.112447,3.23619,0.0769513,0.260244,0.454158
69.241904762,0.830005,1.22492,0.143712,1.3245,0.298858,0.446397,1.00951,0.198416,1.34193,0.128127,0.0582276,0.364164
69.288344671,0.631006,0.811346,0.00833422,1.24824,0.110789,0.45868,1.89352,0.404742,0.0529919,0.430042,0.317699,0.217232
69.334784580,0.646711,0.681461,0.00604645,1.12177,0.0993113,0.209907,2.07538,0.342763,0.12664,0.632343,0.386913,0.202658
69.381224490,0.491868,0.728955,0.11466,1.05534,0.130803,0.00154873,2.39629,0.252384,0.343991,0.560538,0.368402,0.0654537
69.427664399,0.27901,1.1614,0.44609,0.58624,0.058493,0.335907,2.18242,0.0262927,0.317769,0.275804,0.759975,0.468122
69.474104308,0.0760887,0.940036,0.406208,0.100098,0.253827,0.569437,1.58557,0.113695,0.140687,0.467914,1.35587,0.28929
69.520544218,0.174761,0.338245,0.178882,0.374483,0.294794,0.383437,1.36557,0.269361,0.217969,0.555333,0.972068,0.333125
69.566984127,0,0.339794,0.126011,0.370733,0.626431,0.0632512,1.87723,0.397669,0.160637,0.206466,0.695095,1.08703
69.613424036,0,0.161267,0.00495026,0.802968,1.02388,0.282456,1.70987,0.517316,0.250517,0.417756,1.03134,0.215737
69.659863946,0.000725975,0.0117887,0.0054577,1.38198,0.74982,0.267603,1.19726,0.752493,0.365629,0.328566,1.57367,0.0493209
69.706303855,0.208949,0.109412,0.00787167,2.23913,0.36327,0.245438,1.02714,0.963977,0.130308,0.0609828,1.67346,0.0611151
69.752743764,0.0380912,0.194427,0.282842,3.5225,0.161631,0.115277,0.740141,0.897625,0.0937568,0.145248,1.45459,0.0109508
69.799183673,0.0104283,0.225068,0.319392,3.66913,0.0532793,0.479136,0,0.681096,0.182367,0.0627202,1.45595,0.13299
69.845623583,0.0137633,0.290789,0.557335,3.19671,0.0124496,0.590223,0,0.740537,0.148359,0.0742461,1.28551,0.540686
69.892063492,0.31199,0.609939,0.488153,1.45009,0.0328619,0.688139,0.00466505,1.72266,0.259181,0.133316,1.35486,0.722541
69.938503401,0.699089,0.604824,0.121433,1.44053,0.038031,0.759703,0.0161763,1.5598,0.0776125,0.131002,0.592965,0.755502
69.984943311,0.935368,0.527896,0.00703408,1.46417,0.055723,0.622217,0.292557,1.18557,0.0741439,0.289532,0.514142,0.476168
70.031383220,1.16048,0.530279,0.00752083,1.31534,0.386939,0.430058,0.981952,0.914679,0.177654,0.416326,0.395082,0.356215
70.077823129,1.53053,0.605541,0.0288401,0.626652,1.08151,0.484783,0.999912,1.29141,0.174091,0.483086,0.511865,0.38956
70.124263039,1.54366,0.734445,0.0545949,0.0357269,1.53877,0.0858257,1.49001,1.25491,0.106168,0.635363,0.626934,0.560862
70.170702948,1.33253,0.876042,0.00451784,0.0438732,1.109,0.0139847,1.59018,1.35334,0.0659774,1.01253,0.437315,0.970329
70.217142857,0.833206,1.1655,0.0842755,0.962177,0.402283,0.28327,1.27919,1.22145,0.156164,0.829376,0.32201,1.28357
70.263582766,0.214856,1.12393,0.109016,1.61213,0.0411911,0.554545,0.919172,0.846471,0.736853,1.04073,0.182714,1.08102
70.310022676,0.0157249,0.885226,0.154103,1.93396,0.062802,0.387823,0.761715,0.0841726,0.836368,1.42596,0.118832,1.1684
70.356462585,0.147661,0.43988,0.197956,2.26513,0.0765528,0.190195,1.06178,0.0387046,0.281129,1.41388,0.021526,1.88304
70.402902494,0.18058,0.0220438,0.248894,2.21232,0.21277,0.137595,1.9708,0.0165994,0.104206,1.14223,0.30375,1.86304
70.449342404,0.0143669,0.162502,0.297699,2.05767,0.153141,0.291425,1.78988,0,0.0900227,0.849527,0.543507,2.36724
70.495782313,0.00295365,0.138229,0.0837694,2.07804,0.120339,0.262109,2.0071,0,0.127127,0.621535,0.458636,2.73621
70.542222222,0.59272,0.219839,0.00553672,1.94264,0.0812974,0.198848,2.08211,0.164886,0.242362,0.565508,0.00187493,2.35945
70.588662132,0.535908,0.175335,0.00633386,1.77961,0.0895809,0.257909,1.59268,0.739084,0.341579,0.536665,0.000286318,1.7403
70.635102041,0.54548,0.0747375,0.00587615,1.58274,0.286833,0.301651,1.23626,1.13966,0.402759,0.359636,0.464456,1.47395
70.681541950,0.720712,0.00409579,0.00292547,1.45884,0.175948,0.446862,1.17701,1.33369,0.404321,0.188641,0.447387,1.48361
70.727981859,1.18533,0.215876,0.292992,0.924632,0.745053,0.430779,1.08117,0.91874,0.544207,0.176462,0.215551,1.60534
70.774421769,0.745957,0.15707,0.192921,0.775453,1.97693,0.532286,0.887064,0.641122,0.948188,0.107809,0.207327,1.62316
70.820861678,0.178888,0.04927,0.329387,0.638889,2.68558,0.466295,0.570006,0.342828,1.47447,0.132339,0.0842883,1.91432
70.867301587,0.0212949,0.00103729,0.513412,0.339675,3.06365,0.120213,0.36428,0.0452376,1.79589,0.0892157,0.0881782,2.27906
70.913741497,0.021635,0.00232596,0.344003,0.387435,2.79708,0.00620799,0.430842,0.0297102,1.59406,0.114988,0.265433,2.61625
70.960181406,0.0206807,0.00251151,0.222164,0.580364,2.95644,0.0682559,0.364346,0,1.64229,0.161941,0.304676,2.63324
71.006621315,0.0276555,0.000741008,0.360598,0.764097,2.86968,0.0732201,0.281462,0.0296586,1.72475,0.129329,0.218075,2.59228
71.053061224,0,0,0.515353,0.762229,2.24573,0.0527542,0.260606,0.0358411,1.77993,0.166371,0.197184,2.75996
71.099501134,0,0.0432287,0.644996,0.642873,2.00366,0.434997,0.223967,0.0473,1.98025,0.200115,0.108202,2.78147
71.145941043,0,0.0308576,0.348783,0.687141,2.01075,0.65498,0.214489,0.0347876,1.87946,0.298089,0.251438,3.18574
71.192380952,0.54991,0.107666,0.0184989,1.58631,1.35832,0.535789,0.0256203,0.500914,1.0743,0.353217,0.236977,3.05271
71.238820862,1.22648,0.191978,0.00220551,1.80647,0.869245,0.141851,0.0545322,1.17358,0.445198,0.625489,0.532467,2.39693
71.285260771,1.22823,0.366878,0.00453101,1.51694,0.532689,0.413159,0.180274,1.30418,0.20781,0.693852,0.196005,1.92061
71.331700680,1.00344,0.257928,0.0211147,0.996933,0.825616,0.221344,0.453085,1.04422,0.407913,0.836013,0.0476607,1.86112
71.378140590,0.161349,0.36698,0.879516,0.107129,1.05987,0.344503,0.499932,1.24896,0.212344,0.6146,0.189188,1.64766
71.424580499,0.0169567,0.590581,0.197475,0.508295,1.36232,0.0576666,0.268749,2.37439,0.128648,0.607803,0.462619,0.866297
71.471020408,0.0862762,0.936211,0.162023,0.894817,1.7501,0.137872,0.375828,1.91086,0.0810676,0.879855,0.576313,0.506061
71.517460317,0.263465,0.983368,0.177471,1.03662,1.69862,0.185012,0.497507,1.48398,0.0117991,1.56035,0.090604,0.527688
71.563900227,0.0522289,0.918351,0.138324,0.991501,1.81741,0.132301,0.479099,1.23277,0.0386095,1.95742,0.162457,0.770007
71.610340136,0,0.808823,0.163651,0.934401,1.92731,0.00638406,0.506095,0.89418,0.0774604,2.24854,0.276497,0.868644
71.656780045,0,0.36364,0.0788337,0.914795,2.01254,0.00629738,0.423682,0.820146,0.221004,2.31808,0.257628,0.937214
71.703219955,0,0.364199,0.162908,0.745485,2.10115,0.336239,0.649435,1.08885,0.558421,1.57877,0.441597,1.07324
71.749659864,0,1.13593,0.149201,0.707328,1.78988,0.297422,0.790688,1.21564,0.519511,1.21121,0.398989,0.962336
71.796099773,0.198401,1.01871,0.0891878,1.38135,1.01975,0.0222361,0.6766,1.03527,0.0445477,1.55361,0.135401,1.34332
71.842539683,1.10751,0.038807,0.00685629,1.55632,1.25501,0.206024,0.19339,0.527228,0.0101387,0.996471,0.0730907,1.53418
71.888979592,1.28058,0.00444852,0.070444,1.79413,1.06909,0.172717,0.126584,0.208792,0.0452446,0.673285,0.0216238,1.80219
71.935419501,1.04657,0.00298557,0.118196,2.03486,1.06376,0.0174174,0.785978,0.076602,0.133932,0.531756,0,1.92973
71.981859410,0.36819,0.0024583,0.157459,1.91494,1.63271,0.0164406,1.05057,0.0830905,0.193265,0.401512,0.147795,2.27591
72.028299320,0.060398,0.00214878,0.4964,0.972293,2.66506,0.0138097,1.06102,0.220191,0.789299,0.717647,0.0231768,2.14535
72.074739229,0.000491054,0.00107666,0.482781,0.650666,2.86746,0.0272502,1.01945,0.0939754,1.24374,0.779501,0,2.19751
72.121179138,0.000120675,0.00324147,0.374342,0.537332,3.03543,0.0777479,1.10671,0.105072,1.22034,0.50499,0.192958,2.26885
72.167619048,0,0,0.267328,0.546462,2.81163,0.152387,1.36375,0.188985,0.700437,0.100016,0.24014,2.65266
72.214058957,0,0.0351697,0.179383,0.816925,2.02597,0.177368,1.95223,0.204813,0.237887,0.542444,0.139258,2.79538
72.260498866,0.0612232,0.198203,0.353244,1.90199,0.953756,0.445074,1.69431,0.0369536,0,0.812855,0.0175695,3.08876
72.306938776,0.0716557,0.117873,0.316701,1.82766,0.19831,0.653407,1.58973,0.000432954,0.123829,0.836384,0.378391,3.35188
72.353378685,0.0547773,0.078043,0.239894,1.77901,0.377235,0.558399,1.90319,0.157021,0.0862716,0.579085,0.543779,3.19846
72.399818594,0,0.425518,0.207561,1.5066,0.738148,0.444593,1.86523,0.209556,0.147082,0.375395,0.681937,2.88446
72.446258503,0.901084,0.271198,0.066767,1.1762,0.872138,0.0909047,1.83088,0.0651045,0.311626,0.221073,0.453204,2.56542
72.492698413,1.27356,0.0244054,0.00737073,1.30158,0.317365,0.932053,1.18663,0.0180562,0.869437,0.26991,0.1893,2.49092
72.539138322,1.24501,0.0914816,0.00618317,1.59554,0.0459332,1.48772,0.199321,0.222825,1.14315,0.524076,0.00235928,1.95076
72.585578231,1.17705,0.104447,0.00619152,1.73256,0.267409,1.11063,0.301395,1.03927,0.966872,0.911752,0.00237818,1.25775
72.632018141,0.938989,0.0540373,0.00654014,1.72259,0.825466,0.123703,0.4148,1.27737,0.713383,1.42223,0.00124672,0.525142
72.678458050,0.41099,0.0207383,0.00666799,1.05759,1.49322,0.0268885,0.304178,1.0447,0.738618,1.86534,0.0586676,0.874304
72.724897959,0.135603,0.282072,0.00424283,0.724432,1.72797,0.0285204,0.245502,0.75641,0.626105,2.20798,0.16262,1.2779
72.771337868,0.000112576,0.417885,0.0117919,0.572243,1.60673,0.0783477,0.321652,0.561113,0.635345,2.55875,0.104933,1.44055
72.817777778,0,0.431495,0.0439814,0.277123,1.75692,0.170222,0.440335,0.445731,0.715149,2.509,0.0458809,1.53201
72.864217687,0,0.607508,0.300788,0.00725982,1.35628,0.134932,0.574065,0.44679,0.84932,2.2561,0.0933175,1.64398
72.910657596,0.228247,0.701826,0.484562,0.00729665,1.16005,0.0666374,0.943619,0.382526,0.978713,2.02376,0.407075,1.19189
72.957097506,0.260954,0.727167,0.713167,0.311535,1.01348,0.319581,0.940465,0.369279,0.261149,0.969202,0.339625,1.05188
73.003537415,0.181795,0.212143,0.681075,1.28323,0.277773,0.549796,0.751421,0.467756,0.41805,0.470083,0.428983,0.52566
73.049977324,0.0980009,0.241222,0.202278,2.17231,0.0223332,0.325761,1.02785,0.819451,0.822742,0.610414,0.390589,0
73.096417234,1.43304,0.634954,0.00488778,1.34337,0.404152,0.0362853,0.839926,0.820533,0.211563,0.869323,0.651608,0
73.142857143,1.33686,0.51705,0.00598158,1.2727,0.331929,0.182139,0.84917,0.733748,0.267748,0.756882,0.187893,1.08455
73.189297052,1.11866,0.0886764,0.291211,1.10587,0.694888,0.373403,0.682778,0.995862,0.393707,0.56699,0.255396,1.47097
73.235736961,1.14719,0.000388741,0.258326,0.986893,0.667352,0.0521448,0.601536,1.13737,0.511974,0.690055,0.33034,1.41999
73.282176871,0.727502,0.0230797,0.00262058,0.909611,0.687128,0.283661,0.507596,1.50649,0.342518,0.695408,0.374581,1.03391
73.328616780,0,0.181147,0.00128572,0.823336,0.600069,0.910333,0.15542,1.85132,0.126855,0.528915,0.700856,0.443704
73.375056689,0.00502307,0.335299,0,1.39605,0.308814,0.8268,0.250795,1.81739,0.0115711,0.0866584,0.704854,0.21158
73.421496599,0.42679,0.149211,0.0116861,1.92192,0.481037,0.11646,0.18718,1.36397,0.449187,0.507145,0.29031,0.163429
73.467936508,0.483814,0.0451028,0.160059,2.00791,0.399245,0,0.219458,0.838427,1.25077,0.779392,0.48279,0.295653
73.514376417,0.270446,0.0115468,0.230294,2.03403,0.200679,0.0115459,0.197826,1.27257,1.27625,0.189741,0.937717,0.40265
73.560816327,0.0489979,0.0553632,0.00167646,2.53008,0.00232648,0.0814922,0.12261,1.22196,1.07453,0.137726,1.36789,0.437707
73.607256236,0,0.131339,0.0499381,2.82681,0.0105212,0.300681,0.111865,1.0612,0.694043,0.105647,1.49567,0.238925
73.653696145,0,0.343374,0.304298,2.76888,0.103874,0.421253,0.0940638,0.87403,0.646445,0.101453,1.91736,0.0381988
73.700136054,0,0.443674,0.276203,2.91361,0.328244,0.375701,0.0452203,0.512216,0.598303,0.0870676,1.99115,0.000107357
73.746575964,0.0019033,0.5277,0.383728,2.94843,0,0.555748,0.113729,0.500838,0.211935,0.623124,1.39506,0.0458107
73.793015873,0.349225,0.621953,0.256394,2.51945,0.224051,0.548871,0.240512,0.796737,0.194629,0.846968,0.725649,0.128723
73.839455782,0.761963,0.463783,0.157558,2.01178,0.356155,0.274529,0.45252,0.934398,0.37336,0.917381,0.174391,0.58469
73.885895692,1.04234,0.362712,0.121192,1.82466,0.395525,0.00604171,0.695055,0.954949,0.493617,0.854979,0.296326,0.456164
73.932335601,0.464883,0.200806,0.321628,1.59447,0.287678,0.0122035,0.824649,1.1603,0.934244,0.393784,0.282782,0.549064
73.978775510,0.0516128,0.229329,0.663401,0.815976,0.497162,0.220116,0.539804,1.14768,1.34476,0.0959558,0.339649,1.00616
74.025215420,0.00319751,0.267328,0.736918,0.407198,1.60082,0.177358,0.423497,0.430302,1.36398,0.00253818,0.359577,1.53186
74.071655329,0,0.24428,0.630077,0.203234,1.90813,0.0856624,0.749792,0.0887384,1.27878,0.70063,0.385341,1.60969
74.118095238,0,0.123841,1.03496,0.556098,1.37282,0.0758208,0.793453,0.315979,1.29029,1.36468,0.710541,1.30882
74.164535147,0.0170599,0.0689455,1.29362,0.580075,1.05682,0.214158,0.710227,0.0427567,1.76298,0.871882,0.794678,1.51566
74.210975057,0.0375241,0.00545697,1.52663,0.576663,1.01311,0.0856149,0.764044,0.0803578,2.09837,0.303001,0.957633,1.31238
74.257414966,0.00929585,0.0122495,0.858523,0.220744,0.560372,1.08729,0.414421,0.475306,1.80586,0.252165,0.748001,0.87936
74.303854875,0.0790391,0.309909,0.0978226,0.0494111,0.705305,1.5315,0.25114,0.191729,1.67278,0.0460397,0.247833,0.788875
74.350294785,0.0115905,0.412988,0.14659,0.0232722,0.6078,1.67464,0.250363,0.0861778,1.54801,0.0358895,0.128757,0.879406
74.396734694,1.59234,0.217473,0.142431,0.299743,0.276773,1.63195,0.347554,0.142376,0.818908,0.605768,0.0959598,0.479421
74.443174603,1.40604,0.193424,0.0389492,0.965564,0.197252,0.767427,0.664072,0.788239,0.817121,1.1596,0.0182525,0.499295
74.489614512,1.2217,0.208187,0.170289,1.75831,0.164407,0.538771,0.941253,1.10003,0.536872,0.720044,0.636968,0.135867
74.536054422,1.0162,0.176928,0.190706,2.49683,0.0022602,0.639155,0.9488,1.3534,0.344247,0.0929291,1.1561,0.225653
74.582494331,0.444755,0.187899,0.00630063,3.07698,0.00328516,0.837275,0.732657,1.60422,0.155851,0,1.31516,0.245643
74.628934240,0.130862,0.121068,0.00456552,3.26182,0,0.935344,0.382401,1.46048,0.139428,0,1.53584,0.191641
74.675374150,0.0905121,0.0236616,0.00351872,2.55171,0.378842,0.344512,0.319545,1.39112,0.164632,0.494173,1.62874,0.180595
74.721814059,0.0772624,0.126516,1.21883,1.89048,0.643393,0.115167,0.45644,0.53763,0.00191603,0.622434,1.75762,0.129438
74.768253968,0.0482865,0.252629,1.94492,1.09196,0.541849,0.110402,0.728036,0.16636,0,0.00701407,1.96737,0.321356
74.814693878,0.0618581,0.13711,2.09067,0.683107,0.801166,0.0695518,1.67588,0.0511296,0.208377,0.201109,0.960199,0.724706
74.861133787,0.0862841,0.0470194,1.82986,0.601941,1.01689,0.0261129,1.82654,0.301298,0.303666,0.244806,0.0762025,1.73494
74.907573696,0.133722,0.577259,0.863986,0.510483,0.729712,0.617271,1.09686,0.766746,0.106335,0.189169,0,3.15571
74.954013605,0.0980801,0.823278,0.173973,0.563556,1.00084,0.849651,1.04691,0.662656,0.0993212,0.167533,0,3.43088
75.000453515,0,0.817413,0.138059,0.806026,0.899079,0.822755,0.914224,0.683246,0.0940695,0.172927,0,3.55668
75.046893424,0,0.649233,0.141933,1.26839,0.0546704,1.03736,0.955687,0.960567,0.0796768,0.199835,0.00082784,3.06243
75.093333333,0.54162,0.689077,0.15445,1.38333,0.0345703,0.942246,1.38724,1.02811,0.0607035,0.230028,0.0017679,0.934207
75.139773243,0.792172,0.314973,0.0888592,1.83816,0.0301132,0.679714,1.64525,0.902763,0.130809,0.442002,0.00199969,1.11615
75.186213152,0.981438,0.126737,0.0390337,1.76279,0.0458185,0.421546,1.87001,0.893205,0.111644,0.486658,0.0802602,1.46749
75.232653061,0.994198,0.0590536,0.134769,1.48072,0.0695468,0.340738,2.02248,1.293,0.00855638,0.159442,0.00122307,1.64853
75.279092971,0.76776,0.0550145,0.972789,0.119308,0.373747,0.457451,1.59756,1.87184,0.0586679,0.0539066,0.284052,2.5976
75.325532880,0.328834,0.343175,1.30953,0.0193257,0.661135,0.585566,0.996301,2.05565,0.028434,0.304964,0.413604,2.61686
75.371972789,0.0933954,0.284197,0.978207,0.706008,0.277672,0.969507,0.601117,1.8725,0.0581454,0.930154,0.207242,2.5122
75.418412698,0.0307042,0.211568,0.199232,1.17365,0.0331293,1.28673,0.250306,1.69452,0.118459,1.43261,0.113527,2.4537
75.464852608,0.0193576,0.116291,0.0466495,1.66022,0.0337971,0.635762,0.917232,1.02712,0.142051,1.83056,0.179982,2.75103
75.511292517,0.0484704,0.00114639,0.17065,1.81657,0.0414671,0.14538,1.57569,0.430587,0.163623,1.89131,0.282954,3.06223
75.557732426,0.105195,0.0014462,0.172376,2.0384,0.0447367,0.110838,1.85477,0.295285,0.125138,1.70626,0.368043,2.50081
75.604172336,0.072021,0.00127688,0.254288,2.10577,0.00646485,0.082172,1.71486,0.241336,0.126966,1.24641,0.265622,2.45374
75.650612245,0.0810384,0.00126567,0.235409,2.42757,0,0.125751,1.79961,0.0110747,0.192812,0.997066,0.280693,2.38447
75.697052154,1.07692,0.0903086,0.234233,1.88887,0.00126213,0,1.75403,0.121715,0.156344,1.12125,0.715639,1.71628
75.743492063,1.22767,0.173398,0.236754,1.29677,0,0,1.90976,0.379561,0.0994077,1.05242,0.814654,0.832803
75.789931973,1.29849,0.131342,0.316383,1.28113,0.151377,0.00832049,1.75222,0.414597,0.0415784,0.948629,0.738319,0.450866
75.836371882,1.35658,0.0547733,0.374716,1.29538,0.293084,0.251658,0.737887,0.714804,0.0168421,0.380338,0.566569,0.210263
75.882811791,0.737737,0.180139,0.867271,0.547063,1.20737,0.500102,0.444772,1.47226,0.156824,0.194336,0.555764,1.0971
75.929251701,0.312123,0.260369,1.10392,0.11442,1.72401,0.319662,0.348901,1.00642,0.713554,0,0.492909,2.33359
75.975691610,0.0746462,0.182328,1.05543,0.183397,1.95038,0.237448,0.439367,0.0931282,1.46246,0,0.340371,2.61765
76.022131519,0.0459588,0.00045157,0.84938,0.174535,2.38315,0.0132613,0.582447,0.0304001,1.67797,0.0343349,0.38771,2.54903
76.068571429,0,0.00182135,0.389556,0.176181,2.64322,0.00668407,0.665791,0.0292272,1.77538,0.0943324,0.474838,2.67308
76.115011338,0,0.00225061,0.20374,0.190531,2.47953,0,0.703896,0.0222267,1.83252,0.188593,0.339777,3.0162
76.161451247,0,0.00204228,0.183537,0.184215,2.51076,0.0875666,0.726746,0.20549,1.79212,0.143841,0.0232017,3.14579
76.207891156,0,0.060158,0.28047,0.249306,2.42284,0.167729,0.721838,0.197358,1.97219,0.181113,0,3.28285
76.254331066,0.187364,0.16386,0.543403,0.269582,2.29293,0.369613,0.505861,0.159211,2.36864,0.156641,0,3.27157
76.300770975,0.235391,0.119543,0.760198,0.440287,1.40671,0.656024,0.440493,0.0217834,2.46245,0.0741679,0,3.46656
76.347210884,0.0959652,0.00425471,0.298949,1.77853,0.975935,0.378646,0.602057,0.110023,1.96494,0.102637,0,3.66258
76.393650794,1.0468,0.00493286,0.00844369,2.25726,0.921075,0.145405,0.715854,0.330065,0.662535,0.122674,0,3.27767
76.440090703,1.32916,0.25075,0.00277468,2.28491,0.710556,0.429907,0.740369,0.525177,0.0892699,0.139398,0.0399538,2.87255
76.486530612,1.33843,0.350397,0.00582162,1.76721,0.35128,1.03797,0.842323,0.742193,0.364329,0.0931108,0.000521755,2.3557
76.532970522,0.834352,0.259056,0.394277,1.1814,0.67415,0.672454,0.538883,0.811151,0.581723,0.0775131,0.0390467,2.0973
76.579410431,0.491904,0.258853,0.975274,0.108588,1.9134,0.0928918,0.163901,0.851637,0.677342,0.231258,0.0893939,1.36105
76.625850340,0.159245,0.488735,0.33008,0.185543,1.9761,0.0078028,0.477626,1.04961,0.192885,0.940708,0.0983474,1.09159
76.672290249,0.000877331,0.493026,0.146788,0.475841,2.03933,0.0302583,0.899651,0.961435,0.0207377,1.40068,0.00456502,0.700598
76.718730159,0,0.668632,0.10192,0.591333,1.95388,0.0259155,0.751419,0.568242,0.00395001,1.88528,0.0295529,0.581753
76.765170068,0,0.831112,0.0672427,0.684264,1.99639,0.015922,0.42944,0.897962,0.161724,2.1671,0.0784648,0.467839
76.811609977,0.0325288,0.458115,0.197004,0.808232,1.73292,0.0300383,0.38203,0.786463,0.310013,2.07719,0.0895155,0.642211
76.858049887,0.019385,0.322804,0.568979,0.824682,1.68967,0.0334809,0.38899,0.919765,0.328268,1.55657,0.30629,1.15989
76.904489796,0,0.165958,0.717235,0.858879,1.6876,0.103471,0.430055,0.897704,0.386575,1.51037,0.31029,1.03506
76.950929705,0,0.289532,0.348745,1.23815,1.56676,0.182739,0.142438,0.689825,0.483803,1.65713,0.1733,0.742896
76.997369615,1.02904,0.247374,0.238668,1.59652,0.900578,0.42849,0.0281644,0,1.02091,1.68119,0.0569107,0.653115
77.043809524,1.28005,0.152751,0.418427,1.5466,0.608539,0.819964,0.107109,0,1.35026,1.23747,0.0119793,0.486479
77.090249433,1.44284,0.157668,0.246152,1.5507,0.773817,0.586459,0.275432,0,1.66445,1.12291,0.109996,0.624806
77.136689342,1.05747,0.189359,0.359303,1.38247,1.60947,0.0337432,0.360347,0.209564,1.74346,0.516035,0.251494,1.1595
77.183129252,0.379123,0.0269962,0.85146,0.561137,2.32989,0.0362102,0.399115,0.329097,1.61849,0.284108,0.0505406,1.6766
77.229569161,0.078407,0,0.734184,0.124046,2.79268,0.0291664,0.554002,0.263353,1.96596,0.491087,0.0076734,1.73693
77.276009070,0,0.0434677,0.835001,0.0917473,2.85811,0.00783184,0.658433,0.273588,2.26736,0.278601,0.0442058,1.58539
77.322448980,0.0301614,0.14888,0.427795,0.0391911,2.34247,0.0475369,0.693305,0.28826,2.06637,0.410641,0.422972,1.44159
77.368888889,0.139562,0.597906,0,0.0538863,1.67664,0.130504,0.864957,0.301177,1.68627,0.480383,0.73573,1.10904
77.415328798,0.108101,0.290399,0.00475973,0.664736,0.629469,0.158323,2.39101,0.22316,1.31208,0.72909,0.507001,1.79303
77.461768707,0.0513178,0.167563,0.133531,1.16695,0.00286881,0.130925,2.22415,0.157417,0.205058,0.899073,0.333374,3.19463
77.508208617,0.047011,0.322955,0.122056,1.70281,0.0259053,0.15331,2.25718,0.0498589,0.20217,0.842906,0.336888,3.45605
77.554648526,0.00189096,0.473455,0.219239,1.85853,0,0.204506,2.29776,0.0475249,0.285742,0.566397,0.432508,3.64443
77.601088435,0,0.0818747,0.174003,1.73509,0,0.138822,2.42661,0.039173,0.36728,0.613105,0.115121,3.6741
77.647528345,0.536683,0.120519,0.119947,1.04857,0,0.24363,1.914,0.0708132,0.3491,0.958278,0.0262765,3.35281
77.693968254,0.731604,0.171621,0.0650026,0.982576,0,0.242745,1.30724,0.579882,0.334321,1.09635,0.0479852,2.72421
77.740408163,1.03683,0.103126,0.0249226,1.04359,0,0.777867,1.42262,1.11975,0.289515,0.80798,0.30448,0.991795
77.786848073,0.855529,0.0364119,0.050178,0.755497,0.0997029,1.44905,0.861067,1.82703,0.14097,0.60077,0.825599,0.947453
77.833287982,0.464465,0.0264116,0.725835,0.415091,0.128818,1.53198,0.297408,1.95908,0.131447,0.0677238,1.03861,0.768349
77.879727891,0.402529,0.0508523,0.820313,0.741125,0.20151,1.37487,1.01925,1.34255,0.130363,0.103215,0.707571,0.667892
77.926167800,0.678966,0.140704,0.480435,1.06372,0.324722,0.873749,1.03526,1.17424,0.215439,0.0197681,0.302694,1.16201
77.972607710,0.145807,0.00712923,0.408658,0.664466,0.385415,0.836851,0.711335,1.42006,0.911673,0.0463033,0.389998,2.26793
78.019047619,0.0347656,0,0.496807,0.602301,0.382091,0.863585,0.381424,1.3391,0.808356,0.0762277,0.399069,3.03992
78.065487528,0.0366248,0,0.491021,0.787667,1.05341,0.547306,0.294802,0.818987,0.739,0.0784073,0.282565,3.1476
78.111927438,0,0.0050575,0.736752,0.688883,1.38591,0.756417,0.396717,0.0196007,0.844289,0.437534,0.154844,3.17262
78.158367347,0,0.00186496,0.910839,0.644158,1.44374,0.9033,0.434686,0.022044,1.3104,0.203239,0.198448,3.09923
78.204807256,0.0397023,0.0474386,0.441838,0.495942,1.33074,0.766406,0.460553,0.0140157,1.66158,0.0533684,0.299367,2.90299
78.251247166,0,0.391862,0.205765,0.410583,1.28897,0.585837,0.316975,0.00243642,2.08857,0,0.290358,2.94868
78.297687075,0.157506,0.430298,0.518647,0.644074,1.00662,0.256861,0.346883,0.0854376,2.22125,0.064452,0.289255,2.54341
78.344126984,0.488694,0.212213,0.513886,0.71142,0.826694,0.120801,0.38337,0.181846,2.13949,0.313689,0.402035,1.91171
78.390566893,0.501117,0.0312773,0.425922,0.544227,0.640853,0.410658,0.290833,0.251965,2.48392,0.309311,0.440294,1.60826
78.437006803,0.400085,0.03022,0.310768,0.730218,0.895595,0.764144,0.308856,0.21702,2.43036,0.0826411,0.292991,1.70732
78.483446712,0.126879,0.0407278,0.325744,0.683648,1.04925,0.507554,0.401514,0.123046,2.67547,0.085866,0.414592,1.94006
78.529886621,8.05198e-07,0.00227539,0.568041,0.630829,1.50439,0.409794,0.547266,0.034476,2.54538,0.0508231,0.39942,2.36295
78.576326531,9.52775e-05,0.0233419,0.403813,0.510996,1.86504,0.582198,0.5367,0.113333,2.08319,0.0410852,0.263621,2.76247
78.622766440,0.000114821,0.0540712,0.232585,0.481117,1.9259,0.49413,0.458199,0.234552,2.07141,0.0229011,0.185344,3.01757
78.669206349,0.0594538,0.0911332,0.422538,0.521014,1.68976,0.281587,0.220381,0.242495,2.40057,0.0838241,0.0480916,2.79591
78.715646259,0.191485,0.0137869,0.700316,0.477689,2.19978,0.344735,0.0414747,0.0725267,2.56001,0.010219,0.0333741,1.90941
78.762086168,0.20867,0.00234451,0.803098,0.294391,2.49408,0.272956,0.0557251,0.0296979,2.87342,0.022608,0.0465681,1.57521
78.808526077,0.160772,0.00225288,0.828852,0.192139,2.32374,0.215701,0.0446427,0.00733561,3.13453,0.0975089,0.0496325,1.44808
78.854965986,0.091168,0.00168329,0.875489,0.228331,2.08941,0.178089,0.34192,0.00236021,3.21002,0.00270615,0.110844,1.30718
78.901405896,0.0510379,0.0776661,0.420089,0.400568,1.9878,0.0816609,0.10912,0.0329391,3.16288,0.091663,0.239306,1.46065
78.947845805,0.0838789,0.00517481,0.190323,0.662622,1.75054,0.0206944,0.0201024,0.0311689,2.92854,0.111608,0.392076,1.84341
78.994285714,0.137902,0.00158635,0.565912,0.753231,0.8514,0.345353,0.0712374,0.0171948,2.40697,0.0975539,0.319359,2.40191
79.040725624,0.232338,0.0114235,0.792407,1.13621,0.672074,0.405522,0.589143,0.00864704,1.24776,0.0687808,0.152698,2.69145
79.087165533,0.158679,0.00241203,0.830254,1.04386,0.925174,0.191608,1.24524,0.136553,1.17827,0.117599,0.129057,2.56822
79.133605442,0.0330653,0.0345784,0.721117,0.55552,1.14885,0.0440137,1.72829,0.21709,1.26165,0.154267,0,2.75204
79.180045351,0.0521327,0.21723,0.318896,0.522108,1.2539,0,1.64943,0.445769,0.832715,0.251848,0,2.62733
79.226485261,0.0710946,0.0448894,0.362464,0.317491,1.22199,0,0.820822,0.334926,2.22533,0.329275,0,2.61383
79.272925170,0.0671264,0.00266505,0.505016,0.302817,1.74051,0.0715277,0.27768,0.0505037,2.87097,0.30831,0,2.46468
79.319365079,0.0537523,0.00260282,0.350717,0.382156,1.88554,0.112892,0.167813,0.0124761,2.92607,0.30795,0.267428,2.33281
79.365804989,0.0638702,0.00255859,0.323186,0.429118,2.30014,0.240758,0.0631275,0,2.76448,0.223303,0.183908,2.30346
79.412244898,0.00386188,0.00129643,0.317884,0.350204,2.51967,0.229328,0.386081,0.149445,2.51286,0.186211,0.0393086,2.30159
79.458684807,0.0212919,0,0.28403,0.199041,2.37258,0.0141845,0.760423,0.240103,1.65181,0.0829608,0.0830487,2.39776
79.505124717,0.0548446,0.0241742,0.487698,0.245088,2.38145,0,0.703354,0.18925,0.899857,0.0650801,0.124639,2.30104
79.551564626,0.0243483,0.00175551,0.673687,0.26102,2.46238,0.0468548,0.345891,0.503133,1.216,0.0852136,0.0759727,2.33092
79.598004535,0.0668642,0.00282873,0.792407,0.671,1.94471,0.00797561,0.0662926,0.775313,2.10809,0.0904786,0.0174161,2.11656
79.644444444,0.252931,0.00195392,0.770233,1.049,1.1171,0.0193296,0.0596589,0.776845,2.21484,0.107681,0.00140758,2.09601
79.690884354,0.25453,0.0184398,0.602954,1.26436,0.703246,0.10559,0.0396241,0.731942,2.42714,0.107374,0.0045421,2.42556
79.737324263,0.253632,5.43636e-05,0.445561,1.11248,0.780715,0.191625,0.181304,0.0999244,2.65644,0.0594884,0.0638102,2.44417
79.783764172,0.127499,0.00073481,0.371397,0.609934,1.14518,0.371878,0.356838,0.0289139,2.71999,0.27055,0,2.16861
79.830204082,0.0565827,0,0.302067,0.464132,1.59046,0.246266,0.389789,0.0195701,2.82826,0.277305,0.22307,2.45474
79.876643991,0.0189166,0.0216768,0.417756,0.350997,2.0347,0.0515593,0.388565,0.000684066,2.63105,0.00444236,0.545294,2.6795
79.923083900,0.0271423,0.0724922,0.66634,0.188342,2.26438,0.135287,0.572127,0.115942,1.96075,0.0154903,0.526475,2.8082
79.969523810,0.0337908,0.129149,0.609484,0.212959,2.20588,0.291885,0.591185,1.02689,0.837887,0.0239018,0.446752,2.55932
80.015963719,0.12017,0.0216397,0.143946,0.497732,2.35778,0.415232,0.50022,1.03469,0.90916,0,0.189927,2.36517
80.062403628,0.212173,0.0776707,0.217828,0.693728,2.46548,0.0637803,0.426423,0.657635,0.943173,0.00116989,0.12083,2.50215
80.108843537,0.0751326,0.149891,0.246955,0.84406,2.18656,0.18293,0.372871,0.176187,1.34274,0.0139871,0.325193,2.65117
80.155283447,0,0.250276,0.195036,1.00369,1.92238,0.234182,0.312479,0,1.84025,0.115151,0.369912,2.89517
80.201723356,0.0138194,0.0206211,0.372464,1.11163,1.68106,0.161109,0.447831,0.000990811,2.0614,0.149319,0.312533,3.01223
80.248163265,0.227962,0.000557214,0.748467,1.33668,1.55457,0.0994318,0.576443,0.00190098,1.57609,0.147541,0.193397,2.01254
80.294603175,0.403808,0,0.96801,1.11682,1.46418,0.718052,0.410741,0.00149678,0.623476,0.202276,0.0154973,1.66657
80.341043084,0.244204,0,1.12949,0.493416,1.60416,0.905721,0.437836,0.200598,0.356467,0.243294,0.0919614,2.2241
80.387482993,0.4246,0.00175167,0.901928,0.550372,2.00357,0.61742,0.704601,0.455795,0.233336,0.184137,0.081886,2.70098
80.433922902,0.979078,0.00357154,0.231198,0.26316,2.2837,0,0.147775,1.00494,0.416237,0.152459,0.0774587,2.68844
80.480362812,1.27148,0,0.237971,0.881728,1.53338,0.470458,0.186142,1.10816,0.667304,0.0763085,0.0673162,1.93141
80.526802721,1.36624,0,0.257085,1.31784,0.800812,0.918916,0.928816,1.29681,0.322682,0.13553,0.036045,1.42735
80.573242630,0.996846,0.0818562,0.388091,1.38728,0.523119,0.878226,0.927727,1.36354,0.132475,0.0960531,0.00273931,1.48559
80.619682540,0.507897,0.169222,0.846545,1.38272,0.183946,0.630492,1.62546,0.411552,0.0635573,0.750023,0.00228729,1.84865
80.666122449,0.049972,0.0993284,0.903908,1.71392,0.0640856,0.344026,2.44357,0.344686,0.0856327,0.805695,0.0236778,2.87293
80.712562358,0,0.00137625,0.107131,2.02358,0.0523611,0.0190933,2.44413,0.259674,0.0775117,0.772941,0.0117161,3.21369
80.759002268,0.00191725,0.00246735,0.0597813,2.09753,0.0933695,0.00855874,2.34749,0.137146,0.0382918,0.54242,0.00189204,3.60277
80.805442177,0.0292876,0.00228948,0.0469114,1.78675,0.135927,0.00783303,2.34129,0.0486066,0.00107744,0.442139,0.00196185,3.91486
80.851882086,0.821561,0.00172713,0.00595103,1.23147,0.130414,0.0337307,2.57975,0.0623123,0.00485057,0.56847,0.0955422,3.12692
80.898321995,0.81339,0.00182124,0.417407,1.24682,0.146197,0.137718,2.28568,0.0891888,0,0.254538,0.189383,2.6419
80.944761905,0.639536,0.0852724,0.578627,1.28602,0.221919,0.151574,1.94989,0.306917,0.0271054,0.26472,0.305979,2.2798
80.991201814,0.440978,0.0925133,0.426112,1.04277,0.662839,0.0632212,1.91285,0.313938,0.0301588,0.357866,0.79128,2.39453
81.037641723,0.259373,0.136868,0.0854127,0.940411,0.433955,0.0711263,2.69474,0.0974094,0.0173878,0.490839,0.706605,2.64562
81.084081633,0.176688,0.421334,0.00544283,0.897076,0.138857,0.0401243,2.86503,0.0658259,0.00231602,0.4315,0.335396,2.76964
81.130521542,0.024793,0.572926,0.0561143,1.77672,0.0018752,0.16182,2.86503,0.0171306,0,0.495465,0.203146,2.47848
81.176961451,0.0386682,0.598542,0.249606,2.47233,0.0362896,0.157056,2.435,0.148703,0,0.60071,0.0870265,2.54194
81.223401361,0.0845896,0.682154,0.207367,2.16792,0.133547,0.0377365,1.95985,0.474809,0,0.328527,0.0945205,2.59584
81.269841270,0,0.83411,0.182973,1.63459,0.278869,0.129951,2.01031,0.551191,0.0710416,0.337035,0.251489,2.33493
81.316281179,0.144608,0.701363,0.196614,1.32233,0.209531,0.15591,2.10629,0.450907,0.0852675,0.36368,0.297192,2.55362
81.362721088,0.151249,0.747093,0.0989281,1.20918,0.0802443,0.0601021,2.62266,0.349749,0.102917,0.388633,0.389004,2.58014
81.409160998,0.163241,0.660731,0.163082,1.19339,0,0.0176628,2.97897,0.135317,0.108987,0.495365,0.566998,2.48186
81.455600907,0.0892575,0.693587,0.138121,1.0736,0,0,3.04452,0.184528,0.0886914,0.655491,0.5834,2.54557
81.502040816,0.0515044,0.832804,0.0560514,1.05495,0.032895,0,2.69281,0.136469,0.0783568,0.701279,0.617749,2.75912
81.548480726,0.183513,0.133167,0.115838,1.24119,0.103761,0.0370223,2.58977,0.0168471,0.078069,0.563169,0.561119,2.44812
81.594920635,0.497216,0.0670073,0.0468886,1.12389,0.125046,0.00652134,2.75202,0,0.046585,0.425228,0.493646,2.07279
81.641360544,0.512387,0.170018,0.0313378,1.23857,0.627526,0.105223,2.38798,0.0327591,0.0197939,0.0486463,0.383074,2.3626
81.687800454,0.367322,0.199299,0.00549303,1.34109,0.718006,0.146311,2.16816,0.172785,0.106727,0,0.274712,2.53476
81.734240363,0.438929,0.0864187,0.118199,1.17539,0.493777,0.0834566,2.10138,0.202275,0.0599898,0.196733,0.172681,2.86185
81.780680272,0.297556,0.135799,0.202865,0.855627,0.154467,0.122236,2.36231,0.0582694,0.124256,0.587352,0.0938873,2.67973
81.827120181,0,0.440579,0.185439,0.96183,0.150483,0.135663,2.15862,0.133474,0.722422,0.649566,0.150799,2.31253
81.873560091,0,0.27796,0.158832,1.75028,0.123637,0.127013,2.00161,0.0225347,1.25008,0.473313,0.148989,2.23583
81.920000000,0.0190242,0.120749,0.15958,2.32651,0.0985843,0.0999868,1.72742,0,1.41476,0.393832,0.0631749,2.2749
81.966439909,0.0996724,0.262661,0.0651918,2.46618,0.158377,0.145431,1.38636,0.0312881,1.647,0.371645,0.00210609,2.25336
82.012879819,0.132896,0.375067,0.0316335,2.25028,0.0544373,0.128674,1.10723,0.0473816,1.99593,0.323268,0.00169068,2.39508
82.059319728,0.300608,0.649758,0.216074,2.04758,0,0.030643,0.895485,0.0352119,2.47343,0,0.0746335,2.33844
82.105759637,0.451272,0.754237,0.169846,1.83397,0,0,1.48692,0.037575,2.71859,0.0298887,0.122971,1.87127
82.152199546,0.852829,0.993448,0.206534,1.33269,0,0.0635132,2.12635,0.0359792,1.88903,0.0798231,0.042608,1.60251
82.198639456,0.648075,0.703024,0.467285,0.998339,0.0421856,0.0996453,2.10306,0.044542,0.853018,0.075057,0.0350776,1.4338
82.245079365,0.260372,0.923508,0.441681,1.06858,0.0664713,0.264066,2.17932,0.126137,0.371948,0.0417832,0.293025,1.73818
82.291519274,0.117915,0.975666,0.322831,0.961595,0.0806315,0.339425,2.56519,0.0624192,0,0.234977,0.274162,2.12686
82.337959184,0.134108,1.15235,0.0846076,0.841597,0.0716728,0.0980994,2.99907,0.0471312,0.0144142,0.626315,0.419001,2.33102
82.384399093,0.0661051,1.31786,0.102346,0.833058,0.0406953,0.12326,2.62557,0.0640483,0.049417,0.650395,0.482485,2.70682
82.430839002,0.000843209,1.39098,0.0564946,0.687903,0.0277828,0.861058,1.83108,0.0764767,0.063297,0.559446,0.355309,2.96394
82.477278912,0,0.901503,0.0241875,0.996868,0.0185923,1.10776,1.53535,0.0466669,0.0978616,0.701336,0.391479,3.04857
82.523718821,0,0.31949,0.164526,1.18969,0.596055,0.6757,1.51014,0.0564129,0.0332435,0.812546,0.309075,3.07186
82.570158730,0.0044147,0.236027,0.542771,0.782572,1.08888,0.343572,1.24493,0.0366128,0.0817541,1.11125,0.122431,2.73023
82.616598639,0.15768,0.312896,0.146311,1.17381,0.86986,0.0715577,1.4686,0.0224444,0.0527894,1.7647,0.128891,2.35817
82.663038549,0.162677,0.588271,0.00258765,1.72475,0.651897,0.081047,1.68537,0.0106607,0.00638851,1.15282,0.588598,2.33868
82.709478458,0.037283,0.454353,0.0919143,2.04765,0.5608,0.06533,1.43091,0.0826704,0,0.0686931,0.288873,2.83667
82.755918367,0,0.165085,0.131243,2.11375,0.542749,0.00709439,1.33339,0.245326,0.0226174,0.102443,0.335327,2.98108
82.802358277,0.0588532,0.109469,0.068964,1.73203,0.520741,0.00334705,1.40733,0.084927,0.0212573,0.0762304,0.710263,2.95965
82.848798186,0.306988,0.0300698,0.0923799,1.70566,0.440729,0.0104893,1.5317,0.0495162,0,0.0793465,0.944892,2.81264
82.895238095,0.289148,0.00646666,0.552589,1.9541,0.175132,0.0226444,1.45742,0.106541,0.071619,0.0706841,1.13568,2.42269
82.941678005,0.258041,0.000587354,0.277549,2.38435,0.157571,0.114356,1.21941,0.203637,0.110346,0.288821,1.13396,1.86234
82.988117914,0.180898,0.00124124,0.00210084,2.80986,0.16532,0.188298,0.931248,0.545083,0.11382,0.387341,1.07178,1.18225
83.034557823,0.186002,0.0637737,0.0277722,3.00706,0.177969,0.00327294,0.742503,1.41872,0.0820635,0.211337,1.18438,0.867355
83.080997732,0.533504,0.00104209,0.00440333,2.94773,0.192201,0.0363931,1.19949,1.06381,0.134814,0.146819,1.11467,0.694213
83.127437642,0.66269,0.0720725,0.0183523,2.34202,0.154282,0.195703,2.25703,0.832804,0.392103,0.161199,1.10919,0.178254
83.173877551,0.477615,0.696299,0.0547618,1.15864,0.233893,0.177425,2.29331,1.05913,0.638181,0.143676,1.20099,0.171586
83.220317460,0.456526,2.37145,0.0650721,0.22695,0.394277,0.216524,1.95158,0.679379,1.27515,0.0987095,1.02459,0
83.266757370,0,2.98512,0.070019,0.0525396,0.233276,0.353864,1.82333,0.913273,1.20056,0.0729534,0.696424,0
83.313197279,0,2.94964,0.0510564,0.0187284,0.0828592,0.608682,2.12739,0.894497,1.06793,0.0784949,0.642078,0.125117
83.359637188,0,2.74204,0.0105372,0.0429832,0.0295539,0.600598,2.5146,0.690184,1.02414,0.100207,0.786629,0.0811577
83.406077098,0,2.7429,0.0115068,0.00450747,0.0539675,0.480786,2.94103,0.317537,0.958408,0.0645382,0.79759,0.122178
83.452517007,0.436004,2.7155,0.0101643,0.0020072,0.143214,0.21574,2.78261,0.00542758,0.943002,0.0055588,0.794265,0.412567
83.498956916,0.571409,2.18943,0.00431514,0.190315,0.188268,0.0712086,2.45218,0.0462862,1.1222,0.0419826,0.871183,0.482662
83.545396825,0.603593,2.14927,0.00443226,0.294747,0.192502,0.428337,1.55623,0.383917,1.11631,0.0500548,1.09879,0.39305
83.591836735,0.629874,1.47398,0.315838,0.0237892,0.182364,0.541594,1.97093,0.402598,0.967349,0.0634434,1.0736,0.342595
83.638276644,0.421314,1.75947,0.600777,0.0777756,0.158853,0.60633,2.19207,0.279521,0.842902,0.0567983,0.829833,0.304749
83.684716553,0.380205,2.36564,0.577362,0.127069,0.112999,0.59578,2.38365,0.122725,0.75567,0.00185658,0.838815,0.14065
83.731156463,0.442646,2.447,0.506754,0.132288,0.067939,0.388543,2.82999,0.026175,0.516218,0.00521187,1.16217,0.14921
83.777596372,0.384389,2.5469,0.313368,0.0737415,0.0298089,0.423226,3.12975,0.0429102,0.357674,0.0408763,1.23882,0.0615509
83.824036281,0.0814268,2.86596,0.074624,0.0248033,0.0449542,0.474114,2.77798,0.151396,0.302827,0.0733346,1.06367,0.264454
83.870476190,0.0811841,3.10006,0.160403,0.127806,0.127262,0.767129,2.20363,0.109215,0.282104,0.00283429,0.822607,0.40741
83.916916100,0.0818453,2.91811,0.119395,0.179871,0.0371967,0.770788,2.06201,0.0868329,0.408911,0.000302956,0.935554,0.314049
83.963356009,0.111412,2.65173,0.0785829,0.16483,0.032317,0.480274,2.15265,0.104772,0.56062,0,1.30556,0.266119
84.009795918,0.0713071,2.47548,0.147513,0.168214,0.0286539,0.299578,2.09979,0.144765,0.496822,0,1.48744,0.341927
84.056235828,0.622539,1.97008,0.0263645,0.148441,0.0309373,0.368152,2.89038,0.10562,0.505144,0.00460538,1.27376,0.703596
84.102675737,0.846072,1.74909,0.00459474,0.0861225,0.310239,0.358975,3.04232,0.0328569,0.545131,0.0190026,1.33388,0.720411
84.149115646,0.788048,1.29293,0.00503291,0.0111365,0.514295,0.386761,2.63932,0.0889319,0.402612,0.0291605,1.90844,0.486932
84.195555556,0.329235,1.06614,0.00517216,0.10557,0.62559,0.405095,1.97238,0.507823,0.0538643,0.0585193,2.16753,0.413578
84.241995465,0.253682,1.23557,0.00723229,0.170892,1.15939,0.126289,1.65986,0.620826,0.0212613,0.00986948,2.20509,0.270415
84.288435374,0.334575,1.45839,0.107165,0.223514,1.40386,0.175669,1.83066,0.173733,0.0672912,0.00522594,1.78964,0.176496
84.334875283,0.25522,1.50471,0.202992,0.0519998,1.5376,0.77751,1.6544,0.0538581,0.0939184,0.0439897,1.66281,0.236125
84.381315193,0.293093,1.41759,0.11621,0.0874253,1.80371,0.646193,1.41815,0.0641686,0.102843,0.0453738,1.55081,0.62177
84.427755102,0.414421,1.32193,0.0590836,0.318693,1.71743,0.555776,1.33462,0.0615185,0.0815083,0.0404373,1.51103,0.957281
84.474195011,0.361978,1.45685,0.00829136,0.584417,1.50647,0.483857,1.40152,0.052158,0.0344657,0.053522,1.68235,1.14777
84.520634921,0.041416,1.95219,0.00766433,0.652233,1.23699,0.547803,1.69322,0,0.00542467,0.0565843,1.78188,1.03735
84.567074830,0.258694,2.37912,0.00706084,0.35314,0.939731,0.436817,2.31732,0.00883497,0,0.00197959,1.98022,0.301334
84.613514739,0.333619,2.20584,0.0453138,0.293371,0.564075,0.405202,2.66659,0.00380236,0.0139051,0.0513998,2.05693,0.0991911
84.659954649,0.277196,1.58302,0.0665375,0.596927,0.420274,0.533095,2.18864,0.0202947,0.0968714,0.0568958,1.68771,0.612297
84.706394558,0.174755,1.35097,0.0701242,0.418314,0.496196,0.631088,1.67001,0.047921,0.141053,0.0730932,1.47435,0.718827
84.752834467,0.380887,1.08445,0.0558758,0.2007,0.40598,0.583594,1.3263,0.973003,0.436677,0.0918605,1.10935,1.20559
84.799274376,0.523293,0.743242,0.260164,0.329904,0.336089,0.528243,1.22803,1.20975,0.694376,0.0372772,0.564824,1.08042
84.845714286,0.562173,0.596863,0.48335,0.558827,0.358648,0.456939,1.22355,1.23982,0.943063,0.053987,0.508165,0.693542
84.892154195,0.45919,0.68738,0.215248,0.137864,0.294826,0.492052,1.83589,0.950928,1.05473,0.000673566,0.490768,0.953228
84.938594104,0.473414,1.28035,0.0253708,0.0245095,0.305341,0.706354,2.43745,0.289317,0.998562,0.00561408,0.552577,0.911906
84.985034014,0.274783,1.56715,0.01224,0.0282783,0.245116,0.773168,2.43115,0.0437123,0.858779,0.000438219,0.781183,0.827035
85.031473923,0,2.34802,0.0508697,0.0414448,0,0.533709,2.62266,0.112613,0.620507,0.0297912,0.950978,0.726453
85.077913832,0.019067,2.57022,0.0982407,0.0757338,0,0.407352,2.83735,0.0594877,0.631619,0.0603363,1.02881,0.649691
85.124353741,0.0922289,2.52502,0.228563,0.13283,0.0783936,0.36453,2.84203,0.0117166,0.530971,0.0799199,0.895578,0.547838
85.170793651,0.21406,2.50256,0.180045,0.150147,0.167297,0.426956,2.71362,0.000457711,0.452434,0.0821109,0.844361,0.288436
85.217233560,0.153819,2.41302,0.13957,0.105774,0.167861,0.539819,2.87644,0.00652489,0.368203,0,0.897434,0.0703981
85.263673469,0.242121,2.08445,0.309414,0.0115727,0.0393305,0.589166,2.73617,0.0114506,0.568005,0,1.32747,0.385818
85.310113379,0.579889,1.29581,0.344062,0.430185,0.0488875,0.404068,2.63236,0.0432717,0.468186,0.0377065,1.40833,0.641713
85.356553288,0.620107,1.16671,0.246937,0.864763,0.0560857,0.0617917,2.87257,0.0680194,0.727829,0.0837799,1.36467,0.616265
85.402993197,0.803918,1.01361,0.018516,1.24906,0.0716987,0.151334,2.93438,0.0530732,1.08537,0.0857387,1.62781,0.541211
85.449433107,0.884411,1.1548,0.0477063,1.06761,0.0579807,0.33469,3.00227,0.0478401,1.0158,0.0662627,1.37809,0.604507
85.495873016,0.836384,1.48103,0.00387911,0.529421,0.0827401,0.327775,3.43545,0.0637129,0.460831,0.0618581,0.950394,0.465
85.542312925,0.602937,2.43659,0.00395181,0.00100632,0.095598,0.480637,3.08527,0.0248778,0.121596,0.015316,0.769541,0.529385
85.588752834,0.822413,2.54045,0.00350032,0.0184557,0.0703978,0.832419,2.42518,0.161673,0.0957132,0.22814,0.346065,0.805558
85.635192744,1.19017,1.53736,0.210075,0.0155157,0.0785161,0.868352,1.90618,0.80016,0.0947463,0.233904,0.228643,1.20849
85.681632653,1.23069,0.805088,0.549529,0.0309958,0.173609,0.677283,1.38066,1.35332,0.293332,0.409668,0.0106827,1.48529
85.728072562,1.09152,0.364876,0.974029,0.0902241,0.060796,0.44647,1.22357,1.1978,1.65013,0.00130312,0.0215829,1.52351
85.774512472,0.306758,0.724441,1.24711,0.237443,0.0436298,0.0457809,1.0028,0.551611,1.77695,0.00136189,0.18348,1.77614
85.820952381,0,1.00066,0.557556,0.394201,0,0.0279949,1.08781,0.5325,1.37372,0.243486,0.189243,2.28413
85.867392290,0,0.987701,0.188431,1.05337,0,0.0409474,2.17746,0.164694,0.550329,0.899637,0.285579,2.52162
85.913832200,0,1.04018,0.0887271,1.39788,0,0.0681768,2.93994,0.0371741,0.0214935,1.24327,0.377006,2.52862
85.960272109,0,1.02172,0.00657275,1.43115,0.0243076,0.207544,3.11469,0.0109129,0,1.00284,0.371548,2.46088
86.006712018,0.0568746,0.969453,0.00383162,1.39857,0.147314,0.030074,3.27922,0,0,0.777641,0.373389,2.24877
86.053151927,0.165355,0.974722,0.24949,1.18074,0.0411514,0,3.34894,0,0,0.718936,0.372645,1.95206
86.099591837,0.472672,0.939892,0.637162,0.779301,0.0470688,0.00494164,3.33996,0.296881,0,0.601554,0.33936,1.3414
86.146031746,0.469477,0.995136,0.775658,0.400812,0.0459859,0.0333061,3.02042,0.608563,0.0446628,0.616973,0.380559,1.18717
86.192471655,0.392557,0.826988,0.803192,0.318017,0.0546514,0.0512991,3.0352,0.0424974,0.0968431,0.72985,0.361536,1.4204
86.238911565,0.19926,0.90291,0.195261,0.790334,0.0844042,0.072986,2.79328,0,0,0.672576,0.307539,1.93836
86.285351474,0.0556723,0.592023,0.000836917,1.58112,0.110053,0.421331,2.22163,0,0,0.807379,0.184698,2.28498
86.331791383,0.0785325,0.601984,0.060671,2.19797,0.252524,0.227834,1.63405,0,0.0513077,0.934339,0.12081,2.7913
86.378231293,0.0796211,0.571698,0.125926,2.59483,0.294214,0,1.70744,0.0387356,0.172276,0.800589,0.0760274,2.88797
86.424671202,0.059342,0.419753,0.124586,2.85025,0.171336,0.0648009,1.63798,0.494558,0.139929,0.576133,0.0151845,2.23184
86.471111111,0.0505133,0.210794,0.10716,2.93183,0.0253512,0.107517,1.47409,0.695656,0.0540068,0.295465,0.263591,2.12227
86.517551020,0.0963144,0.168651,0.113634,2.96407,0.0192843,0.102833,1.59703,0.3128,0.047183,0.246039,0.409023,2.37722
86.563990930,0.326467,0.119322,0.116967,2.73668,0.0473219,0.0255191,1.43882,0.0111687,0.0393904,0.131965,0.667556,2.47323
86.610430839,0.423251,0.0769201,0.134341,3.11498,0.0219234,0,1.27475,0.134959,0.0616001,0.0745432,0.498649,2.5372
86.656870748,0.171739,0.105059,0.005337,3.06717,0,0,1.56197,0.0854551,0.00918788,0.387794,0.38621,2.29117
86.703310658,0.395365,0.108578,0.00968489,2.57633,0,0,1.48405,0.0790904,0.000430236,0.980702,0.241541,2.0692
86.749750567,0.61911,0.131819,0.0512378,2.23232,0,0.0711487,1.32375,0.140828,0.293181,0.987159,0.014654,1.94107
86.796190476,0.635726,0.0839768,0.252126,1.96416,0.173148,0.0560616,1.36886,0.071451,0.405862,0.693147,0,1.49451
86.842630385,0.256144,0.0011946,0.467292,1.8027,0.0819517,0.0583381,1.84934,0.111612,0.416876,0.47482,0,1.93031
86.889070295,0,0,0.268386,1.84319,0.0880895,0.403362,1.78348,0.330666,0.347343,0.253677,0.0022873,2.51134
86.935510204,0,0.576938,0.270772,1.78082,0.140914,0.529862,1.32637,0.370924,0.0851564,0.186923,0.042634,2.84701
86.981950113,0,0.603474,0.152498,2.01393,0.144015,0.371001,1.38118,0.300375,0.087315,0.485512,0.00666748,2.95543
87.028390023,0.00822271,0.252059,0.158287,2.19138,0.124261,0.0773661,1.83137,0.0141201,0.0624507,0.835461,0.00151215,3.18638
87.074829932,0.00338504,0.202856,0.196129,2.31402,0.118798,0.0357167,1.95275,0,0.023832,0.786865,0,3.47613
87.121269841,0.0631294,0.177846,0.111237,2.03322,0.127555,0.228855,2.29033,0,0,0.593732,0,3.54944
87.167709751,0.14032,0.204743,0.222487,1.59735,0.0840279,0.189242,2.47266,0.0206422,0.0288474,0.411058,0,3.34641
87.214149660,0.126155,0.285253,0.320292,1.02405,0,0.318763,2.32427,0.105936,0.0529128,0.619142,0.0283171,2.9289
87.260589569,0.0536959,0.505994,0.181151,1.1256,0,0.452494,1.95284,0.220359,0.0574951,1.03602,0.103906,2.52942
87.307029478,0.883721,0.228671,0.0268297,1.95311,0.185201,0.514523,1.48633,0.0738978,0.000260095,1.26484,0.0830789,1.87895
87.353469388,1.44544,0.209017,0.00721887,1.76534,0.18502,0.457377,1.36759,0.0482202,0,1.07422,0.05739,1.85972
87.399909297,1.53762,0.120208,0.00504691,1.35161,0.178726,0.324065,2.00364,0.0341266,0,1.00876,0,1.58167
87.446349206,1.26946,0.172816,0.00438568,1.17719,0.410041,0.177484,2.24856,0.00875685,0.0324458,0.988347,0.0357898,1.35953
87.492789116,1.09444,0.181757,0.00446576,1.18867,0.503882,0.0653747,2.28827,0.0417282,0.112485,0.927779,0.0789187,1.63791
87.539229025,1.19663,0.000251394,0.213953,1.19435,0.305077,0.00185819,2.18955,0,0.204003,0.960611,0.185861,1.79642
87.585668934,1.2704,0,0.372411,1.3298,0,0.0112559,2.44197,0,0.365196,0.912745,0.163933,1.84437
87.632108844,0.840549,0.00224807,0.485985,1.2803,0.00563219,0.0491017,2.7417,0,0.231112,0.491253,0.347402,2.45403
87.678548753,0.340807,0.00337023,0.326717,1.40362,0.0788836,0.0753872,2.60341,0.0176832,0,0.0286738,0.580216,2.7915
87.724988662,0.274463,0.0451408,0.0608157,2.24865,0.0967517,0.149202,2.33916,0.0310552,0.0561192,0.0148268,0.727765,2.62956
87.771428571,0.0960581,0.0020807,0.134399,2.39446,0.0715874,0.151552,2.12082,0.022617,0.0905109,0,0.746652,2.903
87.817868481,0.123724,0.00225677,0.113622,2.41337,0.049509,0.0422181,2.34758,0.0874405,0.0852466,0.152002,0.693186,3.04983
87.864308390,0.218822,0.00133514,0.110265,2.50268,0.0489537,0.0293937,2.6634,0.14719,0.0684797,0.371666,0.57464,2.87721
87.910748299,0.083771,0.000624359,0.111479,2.28983,0.0606233,0.00215533,2.56969,0.0677254,0.0658258,0.304518,0.46537,3.02428
87.957188209,0.0246305,0.00167525,0.137836,1.74118,0.0468598,0.147141,2.46702,0.0939212,0.0388757,0.0750188,0.623882,3.12518
88.003628118,0.34672,0.00200934,0.273674,1.26176,0.0872244,0.663747,2.20309,0.131003,0.0455195,0.106871,0.484996,2.47674
88.050068027,0.507746,0.00217808,0.177958,1.26841,0.270336,1.01004,1.76993,0.00622292,0.336475,0.449444,0.172885,1.64357
88.096507937,0.441124,0.415922,0.144268,1.7116,0.309761,0.946787,1.51366,0.00327823,0.241841,0.646584,0.0655266,1.81408
88.142947846,0.158244,0.453414,0.604313,1.18507,0.166713,0.54953,1.51252,0.0406705,0.248517,0.53662,0.308153,2.0594
88.189387755,0.171862,0.25977,0.669543,0.730272,0.711675,0.550817,0.94172,0.33003,0.256804,0.433966,0.575141,1.8144
88.235827664,0.31233,0.0744596,0.687102,0.693092,0.824135,0.692293,0.619559,1.11371,0.089608,0.122511,0.856731,1.8248
88.282267574,0.623564,0,1.08956,0.594729,0.652569,0.685343,0.564603,1.28185,0.0824752,0.0876628,0.926362,2.01396
88.328707483,0.470074,0,1.69246,0.391039,0.395278,0.434222,0.91021,0.826872,0.220519,0.125067,0.724738,2.47281
88.375147392,0.169249,0.0309494,1.2652,0.616151,1.25147,0.308769,0.915521,0.718044,0.412386,0.100279,0.346166,2.28659
88.421587302,0.368996,0.0939918,0.526413,0.601133,1.98369,0.340793,0.624556,0.0631882,0.361311,0.189011,0.194482,2.1839
88.468027211,0.890637,0.00189016,0.330536,0.566465,2.15209,0.235916,0.698802,0,0.25289,0.651548,0.216346,2.12324
88.514467120,1.05009,0.00294004,0.0314641,0.64147,2.24095,0.105502,1.20919,0.00902151,0.39098,0.934055,0.262086,2.0942
88.560907029,0.959285,0.00254693,0.0336232,0.774107,2.10598,0.0115726,1.60103,0,0.599423,0.701917,0.212961,2.29673
88.607346939,0.673629,0.100284,0.0586624,0.850698,1.20513,0.0275483,1.47209,0.00257211,1.00487,0.500284,0.0128675,2.70682
88.653786848,0.184986,0.312238,0.110142,1.14748,1.07859,0.140345,0.616617,0.0323908,1.23094,0.124161,0,2.98573
88.700226757,0.261706,0.169056,0.167346,1.29097,1.09569,0.244314,0.236189,0.0234366,1.69567,0.0994056,0.0027513,2.59873
88.746666667,0.497487,0,0.179455,1.17483,1.28535,0.0849736,0.0133669,0.103125,2.42699,0.25478,0.0749769,1.88959
88.793106576,0.28228,0,0.112529,0.861887,2.3501,0.0356616,0.0340815,0.227943,2.43703,0.249838,0.0409053,1.69528
88.839546485,0.0261127,0.00173687,0.000386602,0.647491,2.87469,0.0222468,0.0408633,0.326257,2.4987,0,0.339867,2.28919
88.885986395,0.0595821,0.00295234,0,0.558423,2.83276,0,0.0284765,0.354743,2.41859,0.117686,0.140213,2.41605
88.932426304,0.124307,0.097038,0.0581058,0.335404,2.9679,0.196595,0.145902,0.0749163,2.62043,0.222239,0.0511416,2.15449
88.978866213,0.171025,0.168511,0.102078,0.274395,2.81896,0.265347,0.125871,0.0363309,2.95253,0.125453,0.0304488,2.03429
89.025306122,0.190023,0.155177,0.0651479,0.371936,2.06619,0.272124,0.0991445,0.0471557,3.14496,0.0660982,0.000546961,2.27876
89.071746032,0.244921,0.0640002,0.207867,0.463647,1.72865,0.0425852,0.125697,0.0336138,3.09796,0,0.0426585,2.3306
89.118185941,0.201106,0.0184834,0.361174,0.500768,1.70517,0.0733477,0.0638343,0.010667,2.91872,0,0.0609054,2.00707
89.164625850,0.181362,0.000981207,0.359046,0.432485,1.5917,0.125047,0.362762,0.00322053,2.99733,0,0.0191555,1.81859
89.211065760,0.138989,0.000894447,0.450099,0.525772,1.29619,0.194236,0.517139,0.0150168,3.15255,0,0.00289538,1.76256
89.257505669,0.153014,0.00226983,0.278566,0.938377,1.11334,0.199676,0.376359,0.0790002,3.25626,0.0381192,0.00343481,2.31653
89.303945578,0.634336,0.210379,0.20017,1.39911,0.98477,0.0233465,0.226607,0.334892,2.77697,0.036585,0.00252437,2.4211
89.350385488,0.672043,0.160841,0.375291,1.5183,1.12726,0.0323914,0.270676,0.69388,2.09184,0.0230551,0.00264567,2.50567
89.396825397,0.409237,0.00263375,0.516692,1.14552,1.76195,0.0348682,0.702581,0.571575,1.49097,0.106245,0.00282985,2.52172
89.443265306,0.0828529,0.275966,0.294102,0.263318,2.24751,0.00627533,1.38845,0.494259,1.25655,0.0187771,0.221023,2.57902
89.489705215,0.0343177,0.845981,0.128901,0.226792,2.1788,0,1.59662,0.677692,1.02831,0,0.312108,2.46055
89.536145125,0,0.921673,0.0914628,0.448813,1.55508,0,1.85249,0.546405,1.19996,0.0638622,0.311531,2.45342
89.582585034,0,0.672121,0.0899027,0.293452,1.42325,0,1.6717,0.0981445,2.53139,0.0839287,0.253694,2.28379
89.629024943,0,0.295948,0.0975654,0.510016,1.91237,0,0.925229,0.0272323,2.84924,0.0971002,0.510009,1.80171
89.675464853,0,0.00227329,0.0593805,0.553269,1.52057,0.0742317,0.606449,0,2.85542,0.145909,0.491952,1.91083
89.721904762,0,0.00204319,0.190905,0.579838,1.33274,0.221309,0.66287,0.0767602,2.70721,0.0939664,0.141714,2.18856
89.768344671,0,0.186826,0.409188,0.210579,1.31286,0.193581,0.629188,0.758923,1.70018,0.113492,0.208041,2.29902
89.814784580,0,0.486101,0.257299,0.156332,0.984105,0.239125,1.10261,1.75557,0.199437,0.111029,0.572983,1.62757
89.861224490,0.0201786,0.390713,0.321066,0.147299,0.79213,0.281237,1.1566,1.6419,0.346383,0.124037,0.705979,1.55948
89.907664399,0,0.446279,0.721893,0.425581,0.577852,0.297398,0.509378,0.839948,1.84853,0.128678,0.154706,2.09934
89.954104308,0.355803,0.434908,0.715805,0.705149,0.581918,0.322529,0.313734,0.158283,2.44136,0.0830316,0.0546034,1.8106
90.000544218,0.54918,0.048379,0.728849,0.945829,0.613229,0.263783,0.15187,0.349164,2.50987,0.0966188,0.051719,1.66623
90.046984127,0.471343,0.0386883,0.798798,0.847704,0.837653,0.0352145,0.0805499,0.201762,2.43654,0.132078,0.166001,1.84581
90.093424036,0.16469,0.0783857,0.948133,0.543363,1.24265,0.149547,0.393218,0.0571172,2.55341,0.100994,0.0967656,1.79175
90.139863946,0.000644481,0.000482225,0.731508,0.552657,1.64867,0.290272,0.0693499,0.00485862,2.66135,0.0118306,0.0648705,2.0132
90.186303855,0.000434814,3.00609e-05,0.603192,0.629303,2.03922,0.0775174,0.0824903,0,2.54638,0.0224291,0.00620387,2.00474
90.232743764,0.157504,0.144242,0.54815,0.639915,1.89302,0.00242371,0.482497,0.49694,2.05336,0.0590029,0.00114411,2.24076
90.279183673,0,0.624409,0.592874,0.47562,1.59155,0.0112023,0.837688,0.994797,1.06616,0.129604,0,2.56519
90.325623583,0.00383198,0.869866,0.571827,0.12021,1.0574,0.192701,0.83349,0.932012,0.637539,0.0489994,0.028515,2.63965
90.372063492,0.0843597,1.06294,0.239712,0.0418894,1.18056,0.425106,0.670728,0.642904,0.391863,0,0.0560677,2.64458
90.418503401,0.122572,1.16384,0.00729021,0.0521313,2.33544,0.198285,1.33827,0.0587637,0.309591,0.00084099,0.028824,2.42363
90.464943311,0.157511,0.883112,0.00585225,0.146553,2.83109,0.0135682,1.30508,0.225086,0.526029,0,0.0700604,2.08135
90.511383220,0.339383,0.334728,0.00397724,0.194813,2.93251,0,0.569145,0.0223605,1.02402,0.0671352,0.108885,2.13841
90.557823129,0.587221,0.123365,0.0619974,0.171873,2.74833,0.595311,0.290284,0.0572433,1.58117,0.0620177,0.0459503,2.27973
90.604263039,0.965908,0.114683,0.0732921,0.347854,2.59525,0.75552,0.518523,0.0508462,1.33702,0.0383474,0.0587523,1.72017
90.650702948,0.706022,0.0633141,0.0319881,0.534051,2.35354,0.775915,0.546661,0.0510683,0.876198,0.00320659,0.286357,1.60277
90.697142857,0.304837,0.0502342,0.000820514,0.426141,2.40228,0.839761,0.232355,0.109043,0.728346,0,0.322368,1.73235
90.743582766,0.630472,0.061283,0,0.236795,2.78149,0.682666,0.0770922,0.92601,0.483453,0.0663958,0.00388119,1.84006
90.790022676,1.1239,0.0500538,0.00581199,0.166536,2.5548,0.485532,0.058181,1.03901,0.357568,0.00166322,0.00324505,1.43792
90.836462585,1.30344,0.000400026,0.0115849,0.688582,1.99977,0.33689,0.0590101,1.07231,0.371576,0.00216316,0.0505004,1.00588
90.882902494,1.25823,0.0700175,0.0702214,1.13067,1.3705,0.158919,0.108201,0.817057,0.169556,0.00767288,0.131943,1.3741
90.929342404,0.900335,0.0687805,0.131538,1.47668,0.749678,0.223916,0.576498,0.89963,0.158587,1.13085,0.0970568,1.90751
90.975782313,0.475959,0.0631994,0.145142,1.66417,0.265195,0.266851,1.18912,0.668022,0.125556,1.34699,0.152672,2.32055
91.022222222,0.0170872,0.018433,0.106734,1.90274,0,0.0285653,2.014,0.106929,0.10237,1.32532,0.0269225,2.89048
91.068662132,0.0320237,0.00126211,0.0811874,1.95569,0,0.0918758,2.15359,0.0453792,0.0809139,1.19908,0.0302389,3.1905
91.115102041,0.0402675,0.00227842,0.0730766,1.89601,0,0.0993313,2.09146,0.0212583,0.0293539,1.09749,0.264691,3.24311
91.161541950,0.0764856,0.00147995,0.51586,1.70529,0,0.0973109,2.21245,0.0511598,6.81348e-05,0.820836,0.202735,3.36324
91.207981859,0.137375,0,0.720204,1.37545,0.0800056,0.0406437,2.09098,0,0.0297728,0.254391,0.276408,3.20565
91.254421769,0.365571,0,0.886403,1.24989,0.170018,0.0638784,2.02941,0,0.0447738,0,0.443065,2.3403
91.300861678,0.384789,0.00939334,0.790549,1.51901,0.18197,0.226527,2.11782,0.0550984,0.0588672,1.62587e-05,0.642717,1.6817
91.347301587,0.118987,0.0114335,0.482055,1.75139,0.541571,0.399536,2.29657,0.101154,0.0388045,0.140225,0.452404,2.01453
91.393741497,0.0129235,0.260989,0.088435,1.14473,0.539652,0.127398,2.73824,0,0.010815,0.224129,0.378195,2.18161
91.440181406,0.00743071,0.479439,0.0847186,0.87073,0.197783,0.0080186,2.74338,0.0677291,0.00525867,0,0.288157,2.41664
91.486621315,0,0.484794,0.0679512,0.995064,0.189749,0.044769,2.7766,0.104688,0,0,0.383249,2.66366
91.533061224,0,0.593391,0.0966322,0.887025,0.124147,0.0259406,2.63661,0.170058,0,0,0.435968,2.53778
91.579501134,0,0.694385,0.121667,0.620055,0.106652,0.0089781,2.32198,0.235132,0,0,0.479081,2.21662
91.625941043,0,0.928827,0.129732,0.761777,0.110254,0.00118352,2.07274,0.364937,0.0205752,0.0135693,0.511331,2.0457
91.672380952,0,1.10401,0.0882481,1.03459,0.125508,0.0269515,2.3679,0.319583,0.0351042,0.340479,0.484628,2.24737
91.718820862,0.0154147,1.29351,0.160882,1.22177,0.13192,0.0215815,2.62001,0.00271241,0.054398,0.614184,0.442399,2.35008
91.765260771,0.324087,1.37412,0.203642,1.49914,0.0920453,0.00286891,2.37563,0.0280623,0.0913732,0.566068,0.677814,2.18566
91.811700680,0.644001,1.16859,0.0850865,1.68912,0.10285,0.0718822,2.99749,0.0292471,0.0927005,0.736859,0.474819,1.56039
91.858140590,0.872254,0.607227,0.238822,1.43093,0.0830399,0.288468,3.09017,0.0456748,0.0829283,0.611378,0.172335,1.60372
91.904580499,0.846047,0.606139,0.215361,0.994583,0.079689,0.274121,3.08285,0.0467239,0.0651893,0.341822,0.000732081,1.80727
91.951020408,0.883543,0.578604,0.23761,0.672748,0.193127,0.136159,3.16703,0,0,0.101906,0.0729994,2.27522
91.997460317,0.775128,0.451481,0.0155364,0.519047,0.173668,0.102478,3.24579,0.0212176,0,0.00625535,0.174206,2.38624
92.043900227,0.432194,0.608756,0.0286377,0.338345,0.165109,0.0679651,2.87602,0.0941775,0.0270957,0,0.273669,2.46508
92.090340136,0,0.761323,0.189735,0.334853,0.171495,0.368199,2.24569,0.335294,0.295432,0.0545428,0.27675,2.65692
92.136780045,0,0.707392,0.205788,1.09872,0.154533,0.141764,1.99403,0.268296,1.14293,0.0549348,0.0231208,2.65597
92.183219955,0.0941529,0.460536,0.113846,1.82865,0.235492,0.0376384,1.7249,0.138226,1.50168,0.121524,0.00227216,2.52183
92.229659864,0.115849,0.396334,0.00586278,1.97644,0.248416,0.0651767,1.3841,0.213364,1.88244,0.110091,0.00340534,2.52423
92.276099773,0.11366,0.129601,0.00396256,2.05745,0.282507,0.000438056,1.60148,0.214646,1.86696,0.299525,0.00967277,2.48427
92.322539683,0.0191088,0.00149097,0.0212304,1.74326,0.122538,0.0357139,2.05443,0,2.25715,0.390616,0.0284125,2.42827
92.368979592,0.230434,0.100497,0.0933129,1.46045,0.146123,0.0694208,2.09211,0,2.22163,0.22757,0.0955882,1.88704
92.415419501,0.456487,0.229161,0.17994,1.42924,0.165637,0.0537865,1.6286,0,2.29691,0.0175962,0.0832267,1.93632
92.461859410,0.167932,0.0417588,0.121835,1.44915,0.146454,0.0207188,1.53795,0.100484,1.93628,0.0388171,0,2.4924
92.508299320,0.0880394,0.015878,0.0062607,1.14177,0.0820738,0.0492892,1.63608,0.53916,0.897886,0.0416737,0,2.98959
92.554739229,0.381428,0.00333769,0.168189,1.13703,0.0542948,0.0470985,1.72278,0.497115,0.150686,0.0901212,0.218181,2.90675
92.601179138,0.542624,0.136072,0.296242,1.11807,0.159427,0,2.10449,0.0363927,0.0215141,0.0508139,0.667652,2.6317
92.647619048,0.39445,0.168001,0.266064,0.970639,0.170561,0.00729811,2.54246,0.10208,0.0225648,0.0453234,0.584084,2.51825
92.694058957,0.504145,0.210167,0.253062,0.768215,0.166558,0.18346,2.45057,0.0219629,0.0130515,0.0634208,0.464713,2.67551
92.740498866,0.250812,0.243241,0.219843,0.929464,0.17509,0.45117,2.04715,0.0111979,0.0825516,0.0494281,0.169655,3.04674
92.786938776,0.0894756,0.104861,0.213937,1.09644,0.242766,0.422072,1.83054,0,0.253236,0.221925,0,3.56111
92.833378685,0.117691,0.0107836,0.191299,0.250358,0.50866,0.828993,1.11355,0.159019,0.383722,0.836474,0.00263923,3.05519
92.879818594,0.240791,0.0134035,0.128342,0.136557,1.1304,0.868018,0.89578,0.250808,0.385863,1.17558,0.000979625,2.27114
92.926258503,0.157095,0.0169181,0.0693105,0.249751,1.47438,0.664382,1.07669,0.22449,0.25089,1.2549,0.290127,2.15611
92.972698413,0.0117092,0.0778437,0.284566,0.224788,1.21087,0.244932,1.29107,0.144059,0.168792,1.06733,0.491619,2.58424
93.019138322,0.0898779,0.0745255,0.577898,2.03699,0.546562,0.0137962,1.64227,0.21168,0.0827488,0.858873,0.485145,2.49492
93.065578231,0.155292,0.102863,0.493107,2.83866,0.0896962,0.131417,1.55533,0.61271,0.0320168,0.890983,0.719647,1.63157
93.112018141,0.457096,0.0789773,0.244693,2.98796,0.0497116,0.180229,1.65489,0.611839,0.086696,0.792673,0.451441,1.2475
93.158458050,1.11396,0.058647,0.0359361,2.6144,0.136331,0.0638251,1.76963,0.410679,0.0766031,0.723827,0.612404,1.18502
93.204897959,1.21948,0.0724012,0.000813868,2.34133,0.150161,0.0330502,1.67197,0.399566,0.0627702,0.411553,0.770429,1.29197
93.251337868,1.19897,0.0586373,0.00168681,2.76372,0.177474,0,1.53749,0.46616,0.00247827,0.100156,0.797056,1.12412
93.297777778,0.596928,0.000930195,0.00302384,3.02842,0.178774,0,0.957496,0.709469,0,0.0062343,0.717697,1.47166
93.344217687,0.183222,0.00192462,0.00194453,2.88141,0.112634,0,0.543181,1.18537,0.116544,0.000179793,0.846105,1.82372
93.390657596,0.233549,0.0450884,0.10725,2.38318,0.114048,0.0161247,0.372444,1.57647,0.115285,0.0206306,0.952691,1.62082
93.437097506,0.68559,0.360353,0.389673,1.89095,0.707816,1.10866e-05,0.526847,1.67738,0.0894564,0.0138748,1.067,0.579885
93.483537415,0.566748,1.06532,0.664437,1.24494,0.757435,0.0151129,0.499366,1.78574,0.431936,0.0732006,0.860572,0.397251
93.529977324,0.119127,2.16597,0.452588,0.494621,0.529549,0.0285992,0.625509,1.85698,0.391962,0.0813845,0.460363,0.442508
93.576417234,0.145159,3.18578,0.370232,0.138512,0.221095,0.0403223,0.628169,1.70656,0.377278,0.084043,1.06416,0.312565
93.622857143,0.162033,3.3059,0.329057,0.0664708,0.123253,0.0743906,0.926037,1.67913,0.34403,0.0796614,1.33361,0.112951
93.669297052,0.149722,3.03058,0.101393,0.179564,0.0882307,0.1074,1.57772,1.64985,0.458964,0.0965317,1.39261,0.0516537
93.715736961,0.373467,2.44557,0.00423029,0.477703,0.0626894,0.102661,2.94659,1.10072,0.593494,0.0690013,1.41511,0.282399
93.762176871,0.538193,2.28249,0.00487674,0.200967,0.0557273,0.0859314,3.48998,0.368402,0.414831,0.00736508,1.95821,0.456302
93.808616780,0.59705,1.90227,0.268926,0.127833,0.0566001,0.0785133,3.22833,0.227533,0.662292,0.0065174,1.55939,0.512285
93.855056689,0.524722,2.32284,0.34025,0.104165,0.0982485,0.173651,2.42488,0.166085,1.00263,0.00473956,0.601578,0.460139
93.901496599,0.238623,2.93995,0,0.0841127,0.122727,0.199018,1.79848,0.68819,0.853566,0.00166598,0.562413,0.282131
93.947936508,0.233031,2.91824,0,0.0580589,0.140381,0.0807163,1.86343,0.868153,0.944559,0.0104329,0.686785,0.122636
93.994376417,0.237257,2.88905,0,0,0.181641,0,1.72259,0.959942,1.06679,0,0.354928,0.168481
94.040816327,0.359702,2.48752,0,0,0.206284,0.0402692,1.83898,0.741647,1.10824,0,0.272696,0.302092
94.087256236,0.436953,1.7296,0.0808798,0.00695431,0.180076,0.298612,2.20174,0.317862,1.40468,0.0303594,0.273866,0.308262
94.133696145,0.423158,1.29474,0.671777,0.164597,0.138546,0.671445,1.91943,0.00723575,1.12582,0.306761,0.322279,0.0852263
94.180136054,0.0879295,1.31986,0.988518,0.24856,0.186055,0.874274,1.53422,0.162322,0.385362,0.403664,0.725737,0.0349907
94.226575964,0.0292741,1.46788,0.986,0.236979,0.260754,0.708487,1.73056,0.510539,0.296368,0.186672,1.37096,0.0418904
94.273015873,0.0827932,1.55994,0.884259,0.220549,0.760743,0.62728,1.98431,0.493159,0.178187,0,1.26594,0.210212
94.319455782,0.117009,1.60683,0.118741,0.393618,1.24113,0.529862,1.71922,0.387552,0.523699,0,1.65049,0.341192
94.365895692,0.368575,1.34709,0.0979256,0.781531,1.13813,0.258944,1.22943,0.177093,0.577649,0.00658338,2.04638,0.363869
94.412335601,0.495672,1.05824,0.0446764,0.922354,0.948031,0.455178,1.30426,0.0200247,0.465011,0.0162545,2.27964,0.897695
94.458775510,0.665597,0.803529,0.077283,1.54845,0.371429,0.305559,1.64653,0.150017,0.265013,0.0103901,2.18172,0.83282
94.505215420,0.356518,0.595098,0.385684,1.76224,0.085121,0.736165,1.97732,0.499193,0.178752,0.0238518,1.79287,0.677
94.551655329,0.639528,0.52285,0.404406,1.62552,0.1568,0.884082,2.02971,0.436253,0.19656,0.00276805,1.25009,0.445696
94.598095238,0.807937,0.576638,0.323269,1.49253,0.314078,0.643918,2.12082,0.103997,0.410032,0.00114527,0.941565,0.680485
94.644535147,0.676952,0.734121,0.270407,0.676943,0.209123,1.60793,1.4147,0.0341228,0.21304,0,1.08438,1.53701
94.690975057,0.454823,0.792938,0.262049,0.596289,0.552998,1.62065,0.927082,0.0317725,0.112776,0.0203938,1.36651,1.7525
94.737414966,0.16868,1.13776,0.200181,0.443779,1.01048,1.50427,1.08651,0.00450587,0.0817128,0.0563749,1.26795,1.47246
94.783854875,0.00610647,1.33793,0.643919,0,0.864425,1.02355,1.81944,0.0344437,0.121771,0.110545,1.37315,1.22791
94.830294785,0,1.71136,0.686093,0.0139263,0.337251,0.43236,2.4062,0.411591,0.281178,0.225364,1.44294,1.17589
94.876734694,0.374328,2.15669,0.28774,0.0898494,0.452498,0.408302,2.67617,0.292898,0.301888,0.285667,1.64454,0.694298
94.923174603,0.665151,2.3915,0.0217986,0.0963233,1.46055,0.278589,2.22795,0.0480677,0.398398,0.165712,2.08222,0.0328987
94.969614512,0.652292,1.92154,0.0508872,0.142355,1.77919,0.386305,1.45485,0.25455,0.393789,0.0331912,1.96244,0.322616
95.016054422,0.340823,1.51013,0.0997161,0.266604,1.94113,0.442099,1.3346,0.504057,0.055841,0.0608843,1.46282,0.606897
95.062494331,0.490846,1.38754,0.0874236,0.229541,1.54645,0.379153,1.42476,0.472938,0.354577,0.0791176,0.688023,0.807657
95.108934240,0.70062,1.73858,0.0487023,0.0972678,0.283388,0.315614,1.38669,0.158544,1.24825,0.110869,0.384038,1.05045
95.155374150,0.370492,2.53809,0.00740803,0.00668123,0.146907,0.512611,1.44006,0.439094,1.25554,0.140691,0.38629,0.864115
95.201814059,0.243549,2.71834,0.00443185,0.00289599,0.120635,0.558352,1.73352,0.900749,1.02361,0.0546837,0.833223,0.510261
95.248253968,0.111566,2.7534,0.0159975,0.00177486,0.125092,0.44963,1.91896,1.09092,0.624067,0.0734271,0.977901,0.31341
95.294693878,0.17224,2.94856,0.106665,0.0459751,0.171448,0.304887,1.50087,0.909144,0.37827,0.0695013,1.07939,0.0871141
95.341133787,0.502657,3.11759,0.152598,0.0518609,0.153052,0.26791,1.17044,0.615862,0.61476,0.0581592,1.38322,0.107423
95.387573696,0.614843,3.13114,0.117554,0.007109,0.102237,0.262315,1.09078,0.55826,0.828407,0.0561641,1.52498,0.127385
95.434013605,0.844941,2.87134,0.0302508,0.112973,0.0895403,0.217986,0.969142,0.513334,0.85098,0.0343866,1.61492,0.392957
95.480453515,1.10516,2.39158,0.00786531,0.112349,0.112176,0.256187,0.847122,0.669841,0.892443,0,1.45498,0.643715
95.526893424,1.40033,2.09872,0.00461291,0.0166064,0.298953,0.206312,1.9674,0.551214,0.862067,0.0360189,1.00651,0.634104
95.573333333,1.21099,2.24461,0.0031384,0.0315526,0.380855,0.249998,3.06294,0.558551,0.178837,0.0954348,1.03698,0.344256
95.619773243,0.510374,2.15719,0.00453892,0.295672,0.211063,0.268246,2.94037,0.364055,0.0171735,0.114698,1.11853,0.804005
95.666213152,0,1.87737,0.047508,0.231794,0.280381,0.4303,2.83431,0.184666,0.0912296,0.0767347,1.78477,1.12028
95.712653061,0.381405,1.56629,0.0269033,0.0255332,0.125421,0.41184,3.17817,0.00472652,0.101944,0.0699055,2.20223,0.795722
95.759092971,0.572287,1.12811,0.0714354,0.154558,0.028994,0.273544,3.21622,0,0.0892023,0.131859,2.01486,0.653466
95.805532880,0.652861,0.967272,0.0753165,0.182222,0.0569122,0.247146,3.25851,0.0820745,0.126649,0.120574,1.96645,0.62875
95.851972789,0.642715,1.01154,0.10834,0.0282605,0.0853663,0.398386,3.17803,0.0782746,0.101325,0.0697648,1.85807,0.65449
95.898412698,0.212935,1.01533,0.127143,0.0126887,0.086406,0.329728,3.20067,0.246505,0.0568335,0.239392,2.18441,0.625181
95.944852608,0.0315182,1.65323,0.250674,0.0108193,0.100432,0.0599421,3.75431,0.172593,0.083482,0.36355,2.21384,0.454578
95.991292517,0.040803,1.79087,0.0557311,0.0295597,0.107023,0.00324856,4.18133,0.0151276,0.230273,0.197501,1.92224,0.111297
96.037732426,0.0741538,1.95533,0.00557028,0.069436,0.122033,0.139832,3.88901,0.402963,0.313378,0.159916,1.96896,0.112122
96.084172336,0.162494,1.91557,0.133633,0.14747,0.101735,0.416431,3.52718,0.808959,0.414895,0.0120708,1.85192,0.0154207
96.130612245,0.393708,1.84544,0.131626,0.204409,0.0351363,0.672,3.16186,0.907561,0.424954,0.213929,1.28736,0
96.177052154,0.435487,1.55155,0.240577,0.236024,0.0193564,0.877047,2.85415,1.08037,0.393966,0.301863,0.710108,0.189414
96.223492063,0.114423,1.20281,0.341498,0.615087,0.683469,0.551806,2.46923,1.6098,0.488878,0.279035,0.0761624,0.372804
96.269931973,0.0125992,0.907563,0.77954,0.646692,0.706284,0.436919,2.24038,0.528758,0.78476,0.142805,0.273008,0.63185
96.316371882,0.000156423,0.979828,0.752695,0.313381,0.839351,0.32777,2.34943,0.241674,0.770737,0.411066,0.860057,0.108296
96.362811791,0.923062,0.748146,0.33217,0.5237,1.04448,0.720428,1.94978,0.292362,0.603473,0,1.02489,0.000341041
96.409251701,1.13382,0.428063,0.787717,0.86122,0.677674,0.722609,1.54481,0.317063,1.09913,0.000655885,0.500183,0.00666895
96.455691610,1.12414,0.262115,1.06815,0.792948,0.438708,0.514651,1.39276,0.501348,1.18738,0.0120709,0.453886,0.0090483
96.502131519,0.985013,0.528329,1.03429,0.652534,0.306021,0.361494,1.25472,0.789699,1.02861,0.0318351,0.760111,0.0278388
96.548571429,0.636621,1.26507,0.357037,0.404363,0.294134,0.475491,1.06332,1.28306,0.722515,0.387229,0.435519,0.0212913
96.595011338,0.500655,1.43414,0.112454,0.509367,0.537253,0.374348,0.902802,1.23241,1.12416,0.509917,0.833275,0.00030699
96.641451247,0.566882,0.890396,0.156794,0.397749,0.52958,0.250294,0.708075,0.957174,1.36665,0.252717,1.29713,0.156994
96.687891156,0.726029,1.19901,0.188698,0.0187859,0.459373,0.0686738,0.917886,1.19708,1.16644,0.0604429,1.67002,0.218195
96.734331066,0.584559,0.798958,0.323612,0.193943,0.475101,0.0404716,1.05589,1.16009,0.703747,0.0965705,1.54113,0.309969
96.780770975,0.122769,0.153598,0.489206,0.488518,0.832589,0.10248,1.06568,0.876937,0.78444,0.0917117,1.54152,0.141862
96.827210884,0.288596,0.159278,0.322431,1.03608,1.09229,0.17245,0.925782,0.992705,0.651861,0.0930879,1.21804,0.190507
96.873650794,0.335604,0.0691722,0.317328,1.56964,0.844483,0.409789,0.720262,1.61443,0.181811,0.0463677,0.566938,0.155179
96.920090703,0.267562,0.41573,0.219204,1.1593,0.481351,0.484355,0.726742,1.47007,0.184811,0.146472,0.835615,0.209425
96.966530612,1.01307,1.04159,0.428256,0.0573112,0.247968,0.732538,0.868482,0.439814,0.950546,0.800153,0.627677,0.30726
97.012970522,1.42745,1.18379,0.240532,0.0117362,0.197233,0.554411,0.854792,0.511921,1.03124,1.20173,0.0239707,0.389293
97.059410431,1.49881,1.04635,0.16816,0.0292751,0.303431,0.508304,0.8892,0.405796,1.14021,1.10242,0.0775984,0.398838
97.105850340,1.12734,0.791587,0.0352393,0.111364,0.466726,1.01548,0.926095,0.669181,1.351,0.879823,0.153307,0.292341
97.152290249,0.719936,0.386059,0.00450986,0.0459696,0.907579,0.965009,0.90412,1.21566,1.43039,0.518791,0.262999,0.245212
97.198730159,0.73563,0.000856283,0.00450142,0.585022,1.91545,0.473789,0.759346,1.42843,0.927755,0.283286,0.339986,0.000156357
97.245170068,0.817583,0.000578761,0.0387709,0.516174,1.87313,0.713582,0.76061,1.59813,0.31245,0.367315,0.197037,0.000298667
97.291609977,0.837145,0,0.204699,0.349832,1.35213,0.214032,0.600197,1.89521,0.282334,0.353805,0.344662,0.000335661
97.338049887,0.681922,0,0.307934,0.542215,1.13824,0.0487905,0.545689,1.86972,0.650265,0.185102,0.141091,0.320361
97.384489796,0.563589,0.0858793,0.779003,0.780043,0.95269,0.204229,0.769767,1.31551,0.64619,0.079385,0.611707,0.27993
97.430929705,0.291076,0.210624,0.701371,0.709055,0.614422,0.2799,1.00904,1.03045,0.593926,0.223561,1.04834,0.293537
97.477369615,0.196582,0.166669,0.452995,0.289902,0.587223,0.257911,1.12101,1.03269,0.913804,0.353862,1.15749,0.481663
97.523809524,0.884567,0.171569,0.60562,0.0438149,0.7564,0.371672,0.996432,0.201341,1.58291,0.0575431,1.00931,0.370679
97.570249433,1.25813,0.443433,0.418064,0.146095,0.710039,0.0354899,0.94934,0.174937,1.20488,0.604035,0.911777,0.320591
97.616689342,1.44922,0.203915,0.369048,0.54466,0.69996,0.432383,0.952576,0.217777,0.732488,0.520784,1.00672,0.43924
97.663129252,1.33059,0.298925,0.0899188,0.436903,0.686818,1.18951,0.785262,0.580583,0.583373,0.121132,1.31939,0.889313
97.709569161,1.15324,0.3552,0.00536917,0.360907,0.760155,0.934196,0.653531,1.01557,0.543861,0.0875354,1.40572,0.816898
97.756009070,1.4599,0.532176,0.0054188,0.521834,0.64696,0.703473,0.778222,1.11316,0.625696,0.231016,1.55432,0.35085
97.802448980,1.55022,0.950727,0.006316,0.539803,0.435693,0.779055,0.826264,0.990485,0.546815,0.478492,1.61433,0
97.848888889,0.862874,1.34782,0.233533,0.111463,0.00707353,1.12908,0.315181,0.924386,0.660336,0.976003,0.892144,0.599082
97.895328798,0.688717,1.25546,0.220734,0.17845,0.00190472,1.46535,0.249176,0.969397,0.707052,1.12416,0.859413,1.20115
97.941768707,0.51853,0.918843,0.183006,0.205525,0.14645,0.925169,0.268427,1.2495,0.703243,1.32206,0.781735,1.37293
97.988208617,0.0757317,0.92832,0.591586,0.304544,0.132805,0.643624,0.209017,1.57459,0.690788,0.997091,0.743577,1.58074
98.034648526,0.0423292,0.597492,1.01751,0.84904,0.101401,0.570913,0.282254,1.30916,0.677096,0.397534,0.0813179,2.09622
98.081088435,0.0726447,0.420908,1.12543,1.12216,0.761352,0.763081,0.271625,0.922289,0.967256,0.0770562,0.266568,1.71669
98.127528345,0.0558002,0.253505,1.01665,1.16004,1.10351,0.371201,0.0239273,1.3526,1.12138,0.0117329,0.890242,1.41751
98.173968254,0.416978,0.213789,0.930426,1.15231,1.13722,0.254568,0.0327082,1.15369,0.847181,0,1.11976,0.917152
98.220408163,0.569147,0.257376,1.19121,0.734799,0.644392,0.517862,0.386406,0.353927,0.700253,0.273131,1.38222,0.660715
98.266848073,0.719912,0.584431,0.502702,1.28671,0.559651,0.898564,0.651383,0.0877341,0.357921,0.752305,1.4078,0.215295
98.313287982,0.935466,0.565392,0.346591,1.41756,0.527464,0.921941,0.97507,0.25901,0.199876,0.710854,1.09875,0.123675
98.359727891,0.907144,0.483726,0.256221,1.58059,0.610856,0.899048,1.0536,0.84205,0.124374,0.465308,0.943825,0.288102
98.406167800,0.984149,0.282939,0.1934,1.67208,0.551412,0.683241,1.09794,1.13324,0.0952476,0.677653,0.66348,0.488616
98.452607710,1.1757,0.328078,0.193247,1.53647,0.344928,0.736391,1.09799,1.61684,0.039924,0.829922,0.411098,0.418361
98.499047619,1.35601,0.401272,0.84352,0.375127,0.66614,1.03706,0.532221,1.94416,0,0.733581,0.947408,0.639828
98.545487528,1.35025,0.218388,1.30444,0.444259,1.06152,1.1024,0.476862,1.85656,0,0.646318,1.40043,0.179707
98.591927438,1.29268,0.179297,1.90118,0.229743,0.950198,0.740919,0.285536,1.56392,0.203275,0.68647,1.6544,0.686782
98.638367347,1.03572,0.237867,2.0201,0.304354,0.60535,0.576566,0.510675,0.861675,0.331614,0.657817,1.48089,1.03045
98.684807256,0.634319,0.222762,1.57159,0.660689,0.0863083,0.655759,1.82006,0.103572,0.491645,0.567001,0.633428,1.11705
98.731247166,0.100972,0.0264991,0.37953,1.41776,0.0910787,0.0322723,2.32281,0.0425688,0.583442,1.07674,0.405824,2.20898
98.777687075,0.142959,0.000300823,0.197427,1.79774,0.108918,0.026805,2.59698,0.0425168,0.213978,1.021,0.173216,2.7126
98.824126984,0.474574,0.000562507,0.236818,1.58327,0.0731585,0.0485022,2.80336,0.0713823,0.122153,1.07733,0.0971711,2.44796
98.870566893,0.528615,0.162557,0.329015,1.22675,0.037134,0.172089,2.53201,0.0947542,0.107034,0.865921,0.179101,2.55741
98.917006803,0.842298,0.238631,0.16436,1.13418,0.0190455,0.16963,2.27147,0.102271,0.114013,0.701045,0.229767,2.61002
98.963446712,0.846054,0.27239,0.00439646,1.39936,0.0198401,0.113848,1.93252,0.0591041,0.234368,0.869724,0.183789,2.06301
99.009886621,1.21271,0.223363,0.00551412,1.71423,0,0.0641451,1.36927,0.398124,0.456429,0.915087,0.091846,1.57831
99.056326531,1.54386,0.00496176,0.00608317,1.52901,0,0.144786,0.883429,1.00515,0.518861,0.882968,0.0328141,1.8364
99.102766440,1.16427,0.0950383,0.0346327,1.00902,0.303418,0.210869,0.965806,1.9593,0.141193,0.853332,0.168409,1.73774
99.149206349,0.523889,0.251417,0.641077,0.49254,1.36722,0.226213,1.03968,1.89938,0.0922067,0.680431,0.230245,1.30784
99.195646259,0.194411,0.170442,0.77057,0.407127,2.01776,0.246275,1.19067,1.03133,0.827285,0.501406,0.673377,1.51663
99.242086168,0.0285435,0.073207,0.766741,0.312847,2.3213,0.25198,0.83753,0.106983,1.56352,0.0619474,0.399045,2.47717
99.288526077,0,0.00196065,0.762421,0.378671,2.45076,0.117881,0.627133,0.035842,1.94992,0.0576593,0.0430162,2.89358
99.334965986,0,0.0027758,0.601844,0.502819,2.67518,0.0118603,0.733489,0.0303045,2.01304,0.0937401,0.0299769,2.80992
99.381405896,0.14742,0.00330723,0.558682,0.494768,2.78657,0.00635846,0.667959,0.00652123,1.8787,0.0570063,0.0496917,2.67821
99.427845805,0.0825253,0.00222624,0.735503,0.463807,2.6018,0.505751,0.651186,0.0239758,2.05486,0.000486541,0.0446618,2.98374
99.474285714,0,0.0825647,1.00147,0.445397,2.37831,0.559932,0.774925,0.0303005,2.01906,0.0150207,0.0194237,2.92
99.520725624,0,0.158013,1.09995,0.409338,1.86506,0.58474,0.740377,0.0421994,1.85991,0.116975,0.140706,3.15139
99.567165533,0,0.037768,0.828791,0.565894,1.46687,0.171194,0.77249,0.14247,1.47726,0.259438,0.0899117,3.18733
99.613605442,0.143698,0.0174661,0.410137,0.804207,0.864756,0.0681553,0.833346,1.08136,0.989641,0.677946,0.0410177,2.43184
99.660045351,0.252356,0.00349894,0.0563508,0.992385,0.922146,0.0528452,0.97169,1.93456,0.409691,0.84603,0.0292085,1.62265
99.706485261,0.291733,0.00363257,0.132132,1.01609,1.14769,0.178232,0.937866,2.24704,0.133216,0.48941,0.0286152,1.39923
99.752925170,0.297064,0.208996,0.56749,0.516886,0.996332,0.278824,0.742653,2.00382,0.224469,0.432073,0.387859,1.34221
99.799365079,0.416565,0.376485,0.734014,0.0466271,1.58464,0.131529,0.502491,1.98899,0.0924028,0.84391,0.890314,0.698888
99.845804989,0.232648,0.450311,0.129647,0.0114307,2.00862,0.0117343,0.394394,1.69074,0.558894,1.46074,1.22887,0.382843
99.892244898,0.109934,0.447623,0.110725,0.00568995,1.91123,0.0203471,0.319499,0.912299,0.767623,1.79075,0.946755,0.34196
99.938684807,0.0544424,0.51415,0.0782638,0.0807659,1.77877,0.0186244,0.343965,0.678124,0.793689,2.24777,0.570766,0.285275
99.985124717,0.0726244,0.773648,0.0372012,0.279272,1.91651,0.00467839,0.514248,0.647557,0.618443,2.44799,0.474053,0.347652
100.031564626,0.00324868,0.868988,0.00689536,0.360462,1.68993,0.0114063,0.468755,0.636216,0.623377,2.70191,0.287486,0.492362
100.078004535,0.0212241,0.99477,0.00252134,0.35651,1.33604,0.0741223,0.625216,0.594841,0.615989,2.74109,0.281073,0.550653
100.124444444,0.0306868,1.23492,0.112741,0.267436,1.41568,0.0327273,0.833171,0.55307,0.555023,1.88706,0.676375,0.517809
100.170884354,0.02086,1.01009,0.1357,0.520861,1.29804,0,0.875844,0.670541,0.355628,1.46242,0.832894,0.447247
100.217324263,0.0606541,0.0271756,0.278162,1.04061,0.962474,0,0.764449,1.28251,0.344117,0.956697,0.709296,1.32185
100.263764172,1.13336,0.00380351,0.511778,1.24242,0.953969,0.0027731,0.543405,1.42468,0.144718,0.704484,1.12605,1.14769
100.310204082,1.45243,0.0369425,0.218902,1.12886,0.617613,0.0222695,0.572553,1.22542,0.249413,0.895994,0.693558,1.0099
100.356643991,1.1784,0.00910957,0.568083,1.14922,0.753104,0.00105698,0.598419,0.928318,0.431811,0.799372,0.232757,1.29389
100.403083900,0.548225,0.000578997,0.800376,0.913617,1.42019,0.0326627,0.862872,0.465169,1.23621,0.408441,0.315309,1.80175
100.449523810,0.269526,0,0.810773,0.619658,2.01748,0.0764112,0.82921,0.208812,1.84198,0.24422,0.198505,1.97566
100.495963719,0.0817215,0,0.618897,0.665566,2.36132,0.0275883,0.439474,0.16782,2.05685,0.195023,0.0269987,2.39916
100.542403628,0,0.0308714,0.421257,0.732864,1.90826,0.0017482,0.627149,0.062478,2.14852,0.57994,0,3.02846
100.588843537,0,0.128608,0.071163,0.643128,1.48098,0.169584,1.13405,0.353219,1.96116,0.535498,0.220095,3.43716
100.635283447,0.0304905,0.137428,0.155523,1.15258,0.999022,0.10834,1.69997,0.492194,1.42778,0.0881545,0.482414,3.71129
100.681723356,0.111753,0.00150807,0.29078,2.05901,0.1433,0.0918918,1.71649,0.445186,0.529574,0.290874,0.43528,3.87583
100.728163265,0.140289,0.00151708,0.197299,2.39416,0.158079,0.198811,2.0744,0.0164073,0.16109,0.653593,0.232505,3.39639
100.774603175,0.104109,0.000515251,0.1907,2.48977,0.135292,0.19736,2.28887,0.0330913,0.146913,0.650264,0.298802,3.09575
100.821043084,0.0771658,0.204969,0.141638,2.41902,0.126423,0.147865,2.33604,0.16968,0.102016,0.49252,0.450693,2.88572
100.867482993,0.310176,0.0760962,0.0817805,2.39684,0.0744817,0.154825,1.62888,0,0.337565,0.745133,0.563028,2.35011
100.913922902,0.622418,0.0145483,0.00536061,2.02863,0.443833,0.134555,1.29379,0.00128987,0.421022,0.828877,0.369497,1.9091
100.960362812,0.808833,0.0448532,0.00638165,1.50924,0.640142,0.218119,0.618795,0.265923,0.371681,0.999597,0.144977,1.3021
101.006802721,0.478025,0.282242,0.0573232,1.4519,0.679943,0.16296,0.197353,0.610812,0.273128,1.37417,0.0694212,0.772341
101.053242630,0.0771388,0.183731,0.312614,1.24609,0.535247,0.0546131,0.100032,0.706364,0.141259,1.8501,0.274492,0.879845
101.099682540,0.0189437,0.35859,0.112487,0.274449,1.18464,0.0112148,0.128134,0.908073,0.028508,2.06825,0.366525,1.28188
101.146122449,0.0507088,0.173702,0.00293219,0.269642,1.28694,0.028355,0.437169,0.947178,0.0257615,2.2614,0.338885,1.84355
101.192562358,0.0303181,0.115253,0.132762,0.261475,0.987752,0.334791,0.733134,0.815654,0.0783275,1.76151,0.305092,2.24595
101.239002268,0.0206046,0.0985191,0.423344,0.640433,0.33568,0.556771,1.23641,0.209787,0.639461,1.13469,0.360321,2.55845
101.285442177,0.0222408,0.0887509,0.260279,1.32398,0.161954,0.296363,1.92312,0,0.443592,1.00163,0.814135,2.74808
101.331882086,0.149225,0.14559,0.114081,1.80347,0.107643,0.251153,2.15832,0.00243064,0.0950517,1.07552,0.940384,2.99009
101.378321995,0.446202,0.0381973,0.364373,1.23265,0.127334,0.0956048,1.77593,0,0.0887447,0.845156,0.63144,3.28274
101.424761905,0.509197,0.00160346,0.344461,0.845676,0.132941,0.109903,1.55861,0.0100767,0.0883105,0.900627,0.272439,3.00125
101.471201814,0.500935,0.00106992,0.178499,0.95582,0.24875,0.0954049,1.94581,0.110316,0.095162,0.891577,0.237162,3.06906
101.517641723,0.858892,0.00153159,0.176897,1.12393,0.201848,0.0397519,2.2511,0.011499,0.0674367,1.12464,0.239167,2.79768
101.564081633,1.53706,0.00887648,0.356651,0.831226,0.185242,0.0897312,1.87313,0.284732,0.0899676,1.24882,0.114757,1.88915
101.610521542,1.65823,0.200648,0.330631,0.773148,0.233286,0.202943,1.33059,0.738579,0.107424,1.14587,0.00368558,1.75706
101.656961451,1.52362,0.182552,0.405003,0.574136,0.402121,0.379782,1.36397,1.05015,0.157902,0.69179,0.138753,1.76174
101.703401361,1.00887,0.000782201,0.686524,0.564494,0.8357,0.497887,1.36496,1.2122,0.0704399,0,0.128042,2.17517
101.749841270,0.335748,0.0573518,0.520198,0.607634,0.770638,0.491463,0.947969,1.56143,0.196952,0.119248,0.0424483,2.39361
101.796281179,0,0.129729,0.334165,0.575531,1.12292,0.240537,0.410018,1.1632,1.55151,0.187572,0.000790386,2.54994
101.842721088,0,0.122301,0.514606,0.570832,2.55036,0.0782323,0.255882,0.440612,2.2221,0.153919,0.0015756,2.4885
101.889160998,0,0.0764977,0.597952,0.556887,3.26398,0.00335959,0.0769089,0.0483284,2.33134,0.168146,0.00204591,2.50427
101.935600907,0,0.0448393,0.577943,0.436724,3.15269,0.00833691,0.248187,0.0234889,2.33443,0.403462,0.0912097,2.50958
101.982040816,0,0.0026594,0.557003,0.294552,3.35401,0.0343779,0.516274,0.0101014,2.19661,0.25808,0.040626,2.27783
102.028480726,0,0.141032,0.634871,0.165074,2.97118,0.352475,0.598567,0.330672,2.07001,0.185073,0.0480595,2.3404
102.074920635,0.106227,0.199545,0.937384,0.155844,2.35062,0.576116,0.668911,0.259594,2.00818,0.175268,0.168489,2.49021
102.121360544,0.0651421,0.102597,1.0376,0.472511,2.03442,0.63589,0.660275,0.098622,1.78882,0.186926,0.296743,2.80481
102.167800454,0.000213837,0.00505505,0.877839,0.939542,1.6267,0.773376,0.954207,0.0984195,1.19529,0.236798,0,3.04036
102.214240363,0.705606,0.116699,0.722269,1.29954,0.874148,0.967973,1.00798,0.593542,0.472254,0.31715,0,2.45354
102.260680272,0.811303,0.48632,0.692242,1.05183,0.600725,0.961516,0.6335,1.09839,0.0998554,0.359241,0,1.84366
102.307120181,0.845303,0.747618,0.722279,0.638663,0.558835,0.881877,0.224452,1.68154,0.121263,0.0882495,0.0421114,1.24947
102.353560091,0.304818,0.586686,0.906291,0.373542,0.705511,0.994744,0.250706,2.02678,0.105553,0.141419,0.0858373,1.061
102.400000000,0,1.02026,0.674716,0.74527,0.862756,0.882322,0.484572,1.81715,0.0756801,0.396115,0.49222,0.626148
102.446439909,0,1.25619,0.242473,0.752957,1.29168,0.294506,0.942119,1.30227,0.0571332,0.899144,0.764157,0.465771
102.492879819,0,1.27415,0.0337932,0.646349,1.55753,0.0177217,0.967529,0.931437,0.0357022,1.9726,0.848915,0.597488
102.539319728,0,1.1372,0.0107608,0.373197,1.79733,0.0425505,0.557942,0.945837,0.411763,2.18213,0.591087,0.995728
102.585759637,0,0.890442,0.0479486,0.189085,1.69439,0.0679049,0.498569,0.84616,0.746509,2.14242,0.124487,1.25203
102.632199546,0,0.800539,0.146291,0.301222,1.61852,0.0552907,0.53238,0.616176,0.683093,2.19138,0.00265597,1.33839
102.678639456,0,0.824888,0.210464,0.334847,1.69114,0,0.5955,0.663688,0.948947,1.90302,0.0518927,1.19366
102.725079365,0.00528605,0.931597,0.25012,0.273494,1.63921,0,0.532696,0.792173,0.895622,1.09108,0.548384,1.16655
102.771519274,0.0950282,0.432732,0.131009,0.40335,0.990045,0.0712675,0.403215,1.47807,0.929522,0.504066,0.64685,1.65068
102.817959184,0.773657,0.344354,0.150193,1.14939,0.302745,0.0983163,0.310973,1.67136,0.496408,1.12776,0.258273,1.69487
102.864399093,0.873809,0.366563,0.128255,1.28539,0.349413,0.215824,0.335434,1.47536,0.0848897,1.50347,0.208314,1.56281
102.910839002,0.823871,0.368069,0.157113,1.16413,0.542336,0.317505,0.445182,1.15129,0.202853,1.58238,0.0854703,1.71365
102.957278912,0.409417,0.199826,0.332317,1.19666,1.05947,0.356561,0.345212,0.932447,0.174871,1.26318,0.0625336,2.27576
103.003718821,0.0761042,0.104366,0.758031,0.851234,1.87017,0.0975394,0.974003,0.667247,0.127985,0.106371,0.073511,2.45424
103.050158730,0.000146225,0.0712474,0.704114,0.804424,2.10784,0.0654908,1.1615,0.592005,0.571921,0.101795,0.105535,2.50066
103.096598639,0.0933659,0.00139018,0.760974,0.807973,1.95322,0.0418294,1.23647,0.378675,0.766183,0.0930054,0.109899,2.83309
103.143038549,0.087867,0.0468337,0.763759,0.897849,1.40919,0.0287354,1.06459,0.227615,0.812176,0,0.0655203,3.40219
103.189478458,0.193479,0.108295,0.364016,1.33792,0.467516,0.096313,0.786665,0.239147,0.375393,0.327392,0.171672,3.71963
103.235918367,0.109735,0.217885,0.160874,1.90748,0.167881,0.0087044,1.08274,0.0698887,0.151011,0.870675,0.189603,3.57497
103.282358277,0.0237671,0.395389,0.131076,2.16427,0.00369805,0.0580862,2.11232,0.0484406,0.105022,1.02396,0.220789,2.97382
103.328798186,0.0322481,0.446556,0.126216,2.02467,0.0357785,0.0186493,2.63902,0.0173758,0.0506112,0.960256,0.281111,2.8644
103.375238095,0,0.474521,0.282828,1.87553,0.0564687,0.0219027,2.79719,0.080099,0.0605463,0.691161,0.422585,2.81054
103.421678005,0.0216947,0.600569,0.149604,1.76958,0.0743916,0.200795,2.94371,0.176075,0.0528314,0.627913,0.301325,2.7902
103.468117914,0.270479,0.481714,0.42661,1.70761,0.0648012,0.0894614,2.52108,0.163731,0,0.691428,0.169669,2.99169
103.514557823,0.833331,0.427145,0.311469,1.6076,0.0671967,0.0463152,1.95435,0.228106,0.0241518,0.84578,0.32841,2.59696
103.560997732,1.34111,0.356438,0.225754,1.46719,0.0210322,0.709641,1.14605,0.310748,0.0101852,1.03133,0.438356,1.72337
103.607437642,1.42305,0.315736,0.182002,1.32909,0,1.64242,0.512763,0.80543,0.0716103,0.874134,0.328499,1.13951
103.653877551,1.34867,0.23246,0.67557,0.764807,0.0586469,2.3791,0.446485,1.07338,0.0838308,0.45562,0.267952,0.93553
103.700317460,1.35161,0.205612,0.946668,0.290702,0.516663,2.58419,0.63323,1.08223,0.0813949,0.370279,0.596302,0.729438
103.746757370,1.58182,0.000446511,0.588692,0.412002,0.667941,2.6747,0.467844,0.702756,0.415916,0.365312,0.746046,0.865165
103.793197279,2.1829,0.000422517,0.301399,0.112622,0.45546,2.14097,0.793614,0.563359,0.788037,0.0988068,0.905603,1.10377
103.839637188,1.69108,0.0993407,0.235736,0.369869,0.00359909,1.35096,1.68231,0.38742,0.627059,0.2672,0.780681,1.41758
103.886077098,0.632043,0.00117596,0.273711,1.03309,0.0696536,0.173201,2.04967,0.318624,0.324241,0.999645,0.412889,1.45889
103.932517007,0.0166431,0.000397299,0.324346,0.934644,0.0789236,0.162911,2.1061,0.0753169,0.203318,1.38913,0.142181,1.82839
103.978956916,0.0259555,0.24734,0.308571,0.689066,0.0440652,0.100528,2.1564,0.0478357,0.135481,1.49445,0.17647,2.01187
104.025396825,0.0613012,0.188881,0.386858,0.955787,0.0182357,0.100802,2.08022,0.0924446,0.108878,1.43058,0.158414,2.3874
104.071836735,0.109663,0.00092918,0.574444,1.81249,0.00940265,0.111063,2.25625,0,0.0527344,1.27202,0.427583,2.61
104.118276644,0.207758,0.00116555,0.741168,1.94686,0,0.190171,1.8365,0.0151567,0.277078,1.14947,0.471252,2.57537
104.164716553,0.491224,0.00113531,0.566968,1.3912,0,0.659151,1.51989,0.415772,0.623959,1.27604,0.177217,2.32975
104.211156463,0.896008,0.000378405,0.522567,0.880618,0.0798398,0.663208,1.44232,0.698197,0.668158,1.01626,0,2.09652
104.257596372,1.24538,0.122869,0.824235,0.767919,0.402439,0.93604,1.38293,1.06543,0.345908,0.15045,0,2.04649
104.304036281,1.26389,0.142751,1.06653,0.541102,1.01248,1.05382,1.05587,1.1549,0.0892769,0.14782,0.091539,1.68465
104.350476190,0.851851,0.144225,0.55423,0.0863676,1.72671,0.530851,0.611782,0.371581,1.79408,0.261187,0.346015,2.19301
104.396916100,0.143633,0.12224,0.441563,0.0637059,2.48696,0.256927,0.358184,0.0274983,2.12442,0.185824,0.33671,2.3188
104.443356009,0,0.00536381,0.504532,0.1035,3.14828,0.0116535,0.420713,0.0057184,2.12147,0.226029,0.219559,2.37211
104.489795918,0,0.00380848,0.341598,0.173143,3.2242,0.0188456,0.379143,0.00316938,1.9895,0.213856,0.183239,2.52727
104.536235828,0,0.00233238,0.331184,0.0476872,3.39342,0.0181835,0.440297,0.00117374,2.0528,0.165929,0.399583,2.62512
104.582675737,0,0.00161948,0.322614,0.013246,3.54165,0.125561,0.467909,0.031662,2.17538,0.0975245,0.12437,2.60384
104.629115646,0,0.075411,0.323722,0.0169083,3.42225,0.282334,0.436464,0.0743473,2.22562,0.0838487,0.0427257,2.75776
104.675555556,0,0.100728,0.361984,0.0127862,3.09809,0.431846,0.353392,0.166959,1.86939,0.0205568,0.0991133,3.0372
104.721995465,0,0.0140795,0.4072,0.312452,2.53397,0.29666,0.307731,0.0904036,1.16957,0,0.0670299,3.14215
104.768435374,0,0.00218185,0.528943,1.24844,1.49187,0.0573766,0.0593323,0.228632,0.892099,0,0.150961,3.47149
104.814875283,0.188074,0.00244964,0.684269,1.44327,1.09795,0.0750008,0.0404852,0.996851,0.460147,0,0.246567,3.03397
104.861315193,0.335736,0.00181391,0.852464,1.40522,0.715153,0.388795,0.0130815,1.25575,0.243025,0.451232,0.03714,2.76225
104.907755102,0.721337,0.0282436,0.858938,0.837345,0.028637,0.279255,0.240068,1.65073,0.274858,0.56184,0.190209,2.65951
104.954195011,0.500846,0.221394,1.50485,0.105491,0.28714,0.543322,0.223897,1.2758,0.33241,0.391948,0.18224,2.42945
105.000634921,0.325691,0.364622,0.914586,0.118141,0.744302,0.0934938,0.481981,1.19353,0.468536,0.711697,0.165483,1.36947
105.047074830,0.085714,0.854297,0.173518,0.353254,1.14651,0,0.456069,1.52729,0.360641,1.46259,0.201965,0.932075
105.093514739,0.0982778,0.975984,0.115163,0.359299,1.21215,0,0.418568,1.79996,0.187876,1.65963,0.121551,1.2369
105.139954649,0.161451,0.999847,0.0958296,0.342032,1.021,0,0.317242,1.72852,0.011605,2.04178,0.238657,0.974525
105.186394558,0.0659673,1.10001,0.0687166,0.429213,0.865686,0.113134,0.130608,1.56259,0,2.36953,0.3479,0.787342
105.232834467,0,0.976419,0.0237726,0.530138,0.785397,0.23932,0.211377,1.56675,0,2.34977,0.273397,0.87742
105.279274376,0,0.885983,0.176957,0.448111,0.791263,0.577464,0.300399,1.6553,0.00855821,1.87362,0.313666,1.13342
105.325714286,0,0.988643,0.227242,0.220663,1.33421,0.441524,0.470455,1.77175,0.101696,1.35348,0.370751,0.816236
105.372154195,0.394122,1.136,0.0803327,0.328773,1.33928,0.182922,0.874675,1.56174,0.12937,1.65322,0.16537,0.350727
105.418594104,0.781211,0.388165,0.172001,0.946885,1.21947,0.31693,0.9985,0.716492,0.0746429,1.74884,0.000457748,0.433464
105.465034014,1.18117,0.241526,0.312069,1.01044,1.00091,0.594864,0.876068,0.181706,0.101398,1.73577,0.0732736,0.541154
105.511473923,1.06199,0.256051,0.406158,0.935825,1.00532,0.731518,0.812684,0,0.371314,1.42074,0.0945705,0.841715
105.557913832,0.527285,0.203038,0.602516,0.678647,1.52045,0.467217,0.835358,0.0287949,0.807816,0.721046,0.0596813,1.32642
105.604353741,0.0261371,0.0138751,0.937622,0.187222,1.95877,0.0175631,0.662268,0.0962183,1.55437,0.405446,0.0397864,2.56826
105.650793651,0.323897,0.00041612,0.598703,0.357999,2.95062,0,0.555587,0.117082,1.72569,0.136188,0.141741,2.6869
105.697233560,0.196526,0.000490631,0.228267,0.404427,2.98359,0.00772422,0.676478,0.128941,1.68279,0.314901,0.400206,2.6557
105.743673469,0.135306,0.166671,0.107746,0.278755,2.74836,0.0404604,0.773355,0.479275,1.51781,0.156651,0.480387,2.66543
105.790113379,0.128059,0.179805,0.0812875,0.149542,2.25215,0.0499088,1.47917,0.603234,1.0305,0.189072,0.526344,2.70451
105.836553288,0.14058,0.188426,0.18205,0.628134,0.664053,0.0447922,2.2473,0.243935,0.216901,1.12421,0.234122,3.06126
105.882993197,0.157307,0.11954,0.166861,1.68625,0.0126416,0.108083,2.47947,0.00795263,0.128087,1.26846,0.297715,2.80485
105.929433107,0.109309,0.209375,0.179254,1.97819,0.0186161,0.182403,2.39104,0,0.119355,0.950619,0.892923,2.82998
105.975873016,0,0.214161,0.184476,1.94863,0.054746,0.820049,2.19681,0,0.108616,0.896966,1.13306,2.57936
106.022312925,0,0.159412,0.159657,1.56279,0.0741548,0.745341,1.99632,0.0129658,0.089161,0.986952,1.11032,2.10635
106.068752834,0.303536,0.167908,0.270139,1.63301,0.280514,0.741105,1.61808,0.023212,0.26164,0.71179,0.69344,1.56483
106.115192744,0.536935,0.144923,0.251285,1.47691,0.433734,1.02489,0.831341,0.053862,0.487669,0.728782,0.478479,1.29551
106.161632653,0.500244,0.00239473,0.0952547,1.33129,0.553534,1.12359,0.202541,0.480708,0.609144,0.996096,0.337119,0.914534
106.208072562,0.253386,0.546147,0.0430586,1.17519,0.817687,0.903491,0.0645489,1.23065,0.474274,1.67768,0.0753754,0.58665
106.254512472,0.153285,0.949874,0.0960645,0.679213,1.40925,0.205811,0.0559428,1.56171,0.0411794,2.25715,0.0777717,0.66711
106.300952381,0.051016,0.801569,0.00988146,0.838958,1.56007,0.0350558,0.325774,1.37736,0.0116914,2.59444,0.0722118,0.994855
106.347392290,0,0.306171,0,1.19327,1.37786,0.0227755,0.654876,1.14474,0.15903,2.44826,0.0439653,1.31853
106.393832200,0.000280224,0.0582394,0.205877,0.825049,1.36174,0.107157,1.27225,0.942933,0.398295,1.28064,0.416679,2.03215
106.440272109,0.000186605,0.0835068,0.503799,0.416507,0.873494,0.138848,2.11766,0.793409,0.427987,0.404478,0.712499,2.39574
106.486712018,0.0196272,0.00119438,0.658437,0.870866,0.0495166,0.138912,2.55914,0.340604,0.185549,0.583029,0.433235,2.95554
106.533151927,0.145139,0.00159112,0.150866,1.65535,0.0119326,0.160988,2.61645,0.324075,0.0752309,1.00791,0.0120028,3.21625
106.579591837,0.162502,0.251197,0.129622,1.46631,0.019399,0.15641,2.47681,0.595006,0.0652058,0.582117,0.366588,3.04247
106.626031746,0.179015,0,0.177812,1.49833,0.0770182,0.268976,2.43163,0.440394,0.0785317,0,0.25725,3.43789
106.672471655,0.426602,0,0.103089,1.69676,0.123843,0.212276,2.40136,0.162422,0.0888277,0.039702,0.11437,3.36513
106.718911565,1.0563,0,0.075625,1.5829,0.467826,0.16697,2.50204,0.234663,0.200752,0.096113,0,2.36259
106.765351474,1.68047,0.0961083,0.0457522,1.20001,0.67181,0.127897,2.26095,0.396152,0.277251,0.243936,0,1.57957
106.811791383,1.54962,0.133215,0.231851,0.634503,0.790936,0.141979,1.79159,0.920344,0.286739,0.228832,0.134568,1.48458
106.858231293,0.995959,0.00127701,0.475908,0.10443,0.693321,0.150603,0.993656,1.39011,0.387486,0,0.319393,1.92132
106.904671202,0.409868,0.0696536,0.778952,0.0926835,1.12549,0.368642,0.627051,0.624953,0.778451,0.00602365,0.195621,2.48121
106.951111111,0.0189716,0.129034,1.20791,0.156142,1.48942,0.443071,0.429508,0.16944,1.4607,0.0945013,0.10354,2.84568
106.997551020,0,0.0180403,0.995614,0.254193,1.85557,0.273725,0.364396,0.0395088,1.93552,0.136825,0.0727082,2.98033
107.043990930,0,0.00323245,0.694874,0.353979,2.30251,0.318067,0.272445,0.0414609,1.96051,0.202313,0.0795555,2.93243
107.090430839,0,0.00266565,0.593103,0.209913,2.36233,0.306955,0.21227,0.0245479,2.00305,0.271264,0.0796301,2.93486
107.136870748,0.190757,0.00224968,0.580994,0.256416,2.50185,0.246375,0.383597,0.0290742,1.87309,0.235375,0.0786248,2.89259
107.183310658,0.172366,0.000705783,0.795629,0.453457,2.52945,0.0104245,0.63225,0.00900008,1.6218,0.221249,0.0507572,2.86081
107.229750567,0.021777,0.0766547,0.966956,0.566074,1.91955,0.343277,0.762121,0.000313075,1.45467,0.183038,0.00250111,2.92503
107.276190476,0.0306365,0.145615,0.99497,0.649958,1.35619,0.299478,0.976732,0.002002,1.47677,0.169631,0.0425241,2.70203
107.322630385,0.371221,0.0320278,0.675203,0.730015,0.733635,0.192732,0.993448,0.00378609,1.3841,0.290943,0.206948,2.3975
107.369070295,1.1074,0.00409851,0.361156,1.19494,0.696639,0.0342894,0.898105,0.267443,0.493317,0.568999,0.144394,2.24461
107.415510204,1.49114,0.0596312,0.147469,1.26336,0.699522,0.151169,0.639964,0.624808,0.131845,0.592551,0.105508,1.83928
107.461950113,1.07585,0.25453,0.256989,0.996934,0.902148,0.75405,0.445148,1.47001,0.0670889,0.36697,0.00241667,2.22723
107.508390023,0.908794,0.275434,0.557722,0.265324,1.36505,0.79942,0.0650254,1.61706,0.395037,0.235671,0.0376074,2.26934
107.554829932,0.619432,0.263258,0.883012,0.135715,1.22571,0.784158,0.170579,1.68599,0.597867,0.674042,0.0340402,1.61856
107.601269841,0.110899,0.584901,0.346297,0.12218,1.57808,0.697783,0.512284,1.38109,0.466729,1.21446,0.233191,0.783685
107.647709751,0,0.849012,0.23369,0.240444,1.87518,0.221506,0.508615,1.21783,0.507908,1.89292,0.29281,0.448414
107.694149660,0,0.888147,0.226568,0.229942,2.00329,0.00840873,0.264857,0.956984,0.437684,2.36867,0.43796,0.360871
107.740589569,0,1.04647,0.203589,0.225463,1.93141,0.0020019,0.256661,0.703886,0.31557,2.70504,0.597411,0.335988
107.787029478,0.170175,1.08482,0.085602,0.232514,1.58061,0,0.263288,0.502552,0.397993,2.94572,0.581749,0.419571
107.833469388,0.112533,1.06819,0.113776,0.251526,1.30839,0.0310284,0.301719,0.906403,0.456651,2.69843,0.468542,0.290282
107.879909297,0.0593277,0.853701,0.211201,0.216775,1.41377,0.0336797,0.597356,1.29014,0.208899,2.13433,0.507845,0.335881
107.926349206,0.0231711,0.600941,0.228288,0.475139,1.44474,0.215506,0.679061,1.25713,0.0808055,1.88202,0.897523,0.519687
107.972789116,0.696952,0.272591,0.0109412,0.554785,1.30499,0.528499,0.558678,0.696433,0.106711,1.8072,0.779776,1.40934
108.019229025,0.340518,0.2136,0.0123703,0.587958,1.39543,0.697083,0.586232,0.285712,0.162791,1.41453,0.89808,1.56388
108.065668934,0.6509,0.077782,0.00936291,0.574675,1.7609,0.385896,0.803298,0.00894746,0.60304,0.943406,0.595736,1.75618
108.112108844,0.539055,0.00270955,0.0685168,0.378251,2.45697,0.0413873,0.911241,0,0.850402,0.545787,0.231606,1.94299
108.158548753,0.237693,0.00339784,0.316663,0.235381,2.94447,0.0204497,0.899158,0.125176,1.36139,0.0231103,0.284918,2.20766
108.204988662,0,0.017121,0.553132,0.35683,2.86887,0.0183789,1.16444,0.137737,1.65481,0,0.255484,2.45978
108.251428571,0,0.0370007,0.684735,0.41768,2.70241,0.0303438,1.20842,0.0850473,1.65432,0.0247127,0.0559294,2.81525
108.297868481,0,0.0036286,0.690096,0.478914,2.18257,0.115868,1.0615,0.0561948,1.15058,0.0539135,0.0260329,3.12859
108.344308390,0.770577,0.00467781,0.778234,1.09586,1.33674,0.113012,1.73273,0.0294758,1.15405,0.0814668,0.042661,2.92917
108.390748299,1.11912,0.00471235,0.665502,1.27111,0.390834,0.120671,2.36874,0.0733407,1.11663,0.156627,0.132878,2.33213
108.437188209,1.1741,0.509442,0.119711,1.17447,0.0174521,0.215537,2.18762,0.465905,0.690181,0.424614,0.274916,1.7675
108.483628118,0.742127,0.468666,0.0045319,1.02092,0.0678601,0.0585469,2.20568,0.819345,0.102612,0.567281,0.865876,1.72645
108.530068027,0.755449,0,0.541722,0.482489,0.757826,0.066466,2.68585,0.289424,0.00765222,0.372353,1.17408,1.55551
108.576507937,0.719215,0.0758382,0.532742,0.364565,0.594092,0.172835,2.6091,0.125035,0.0160787,0.272791,0.862471,2.08788
108.622947846,0.0388692,0.223455,0.222228,0.483455,0.612859,0.370415,2.42664,0.507862,0.0177041,0.296076,0.605926,2.2822
108.669387755,0.112074,0.185529,0.41302,0.268983,0.540476,0.243243,2.58584,0.440512,0.127722,0.390807,1.42785,1.77803
108.715827664,0.793204,0.00382176,0.511776,0.0108124,0.367458,0.101533,2.05709,0.566242,0.20248,0.497009,1.8851,1.17114
108.762267574,1.64315,0.00436678,0.316164,0.287733,0.449467,0.283486,1.16508,0.959251,0.118981,0.501603,1.83474,0.740174
108.808707483,1.59234,0.0041993,0.324178,0.311982,0.252078,0.505945,1.09529,1.19939,0.0703102,0.659251,1.63396,0.729277
108.855147392,1.35961,0.00337372,0.459613,0.282726,0.0786235,0.565654,1.22055,1.45801,0.0496173,0.739233,1.53542,1.12218
108.901587302,1.09381,0.00157995,0.550105,0.217596,0.0716824,0.429225,1.61963,1.70665,0.128857,0.659884,1.37714,1.39288
108.948027211,0.93905,0.0674846,0.541413,0.610344,0.0614368,0.467471,1.55333,1.68286,0.587469,0.425487,0.935379,1.6232
108.994467120,0.579842,0.118395,0.621137,1.07611,0.0711164,0.542259,1.052,1.75612,1.08839,0,0.432436,1.65358
109.040907029,0.183176,0.192279,0.613451,1.62395,0.395298,0.237723,0.591776,1.64929,1.3831,0.115925,0.238714,1.90352
109.087346939,0.170125,0.0590546,0.827452,1.60914,0.878206,0.061896,0.564096,0.312319,3.04442,0.19038,0.00350624,2.18485
109.133786848,4.94177e-05,0.00450305,0.78255,1.3386,1.35271,0.00752188,0.577314,0.217296,3.30059,0.293385,0.00612797,2.28734
109.180226757,0,0.00266228,0.887823,1.24079,1.49973,0.00568794,0.511832,0,3.30197,0.311495,0.471133,2.36555
109.226666667,0,0.155866,0.59963,1.24223,1.64945,0.00645814,0.383436,0.0152015,3.29939,0.198981,0.37996,2.20144
109.273106576,0.135386,0.00155946,0.0133941,1.46799,1.3062,0,0.519156,0.0778586,3.38437,0.178197,0.463255,1.57016
109.319546485,0.991663,0.0012286,0.177248,1.61453,0.794009,0.0667218,0.717786,0.0168741,3.41339,0.164226,0.156891,0.877418
109.365986395,1.02926,0,0.189111,1.18001,0.90133,0.352587,0.959815,0.0235729,3.0801,0.206271,0,0.90683
109.412426304,0.987373,0,0.226029,1.09502,1.35718,0.278567,1.37,0.0496952,2.72809,0.173526,0.000618261,1.06322
109.458866213,0.944978,0,0.175199,1.41514,1.75443,0,1.49669,0.0390646,2.59046,0.112466,0.00200679,1.17008
109.505306122,0.604339,0,0.289966,1.4053,1.89972,0,1.24897,0.0378679,2.69517,0.0978174,0.00310401,1.68015
109.551746032,0.391832,0.00160221,0.431747,1.26662,1.61811,0,0.754242,0.0353087,2.98629,0.208425,0.00293247,2.02385
109.598185941,0.0109543,0.0018811,0.69385,1.27875,1.57375,0.107307,0.361154,0.0472994,3.22048,0.231462,0.106341,2.32797
109.644625850,0.0159477,0.0828472,0.763858,1.25461,1.39269,0.0588314,0.400999,0.0693524,3.03353,0.329993,0.350329,2.19081
109.691065760,0.233246,0.143077,0.860969,1.1366,1.1753,0,0.559097,0.071188,2.58199,0.372393,0.475505,2.18487
109.737505669,0.379575,0.000711983,0.418059,1.35343,1.42053,0,0.491123,0.0518504,2.54171,0.310996,0.441868,2.23278
109.783945578,0.545762,0.00158265,0.0760816,1.62221,1.40572,0,0.297134,0.0229734,2.26527,0.271521,0.320261,2.00203
109.830385488,0.702708,0.00183878,0.00551735,1.89677,1.2576,0,0.353729,0.0179279,2.02152,0.0806725,0.445027,1.7769
109.876825397,0.642256,0.0055495,0.0061683,1.97905,1.72669,0,0.360335,0.0290309,2.13999,0,0.393752,1.62924
109.923265306,0.975305,0.108583,0.0146837,1.90278,1.82924,0.0155285,0.428029,0.0301118,2.26123,0.00899896,0.297897,1.44372
109.969705215,1.0778,0.064331,0.0148879,1.67024,1.39229,0.117209,0.428828,0.0326756,2.32947,0.223385,0.0322332,1.51313
110.016145125,1.11095,0.0042657,0.00546194,1.57538,0.985808,0.472186,0.430848,0.00913569,2.74226,0.204753,0.0016695,1.35582
110.062585034,1.11614,0.00398632,0.00562566,1.62706,1.00794,0.33602,0.461522,0.0108484,3.09873,0.034745,0.107707,1.09536
110.109024943,0.866197,0.165953,0.00396802,1.83672,0.933484,0.357288,0.389751,0.0387969,2.87685,0.00386459,0.167543,1.61013
110.155464853,0.831798,0.182007,0.0103845,1.47075,0.917438,0.351915,0.42923,0.0626607,2.76797,0.0340395,0.300293,2.11209
110.201904762,0.804812,0.149396,0.043238,1.16266,1.15945,0.280522,0.61077,0.0750609,3.03545,0.0968701,0.326181,2.16061
110.248344671,0.674693,0.0436886,0.00584506,1.11018,1.47594,0.100777,0.672293,0.0951051,3.35459,0.143729,0.25279,2.21816
110.294784580,0.457858,0.00257942,0.00894689,1.29603,1.66342,0,0.596397,0.0298521,3.38201,0.143069,0.290388,2.20692
110.341224490,0.557325,0.00180937,0.00854733,1.50385,1.67642,0.000431471,0.532124,0.00540007,3.38134,0.129974,0.146061,2.39029
110.387664399,0.586492,0.00107437,0.0254256,1.55681,1.82079,0,0.538653,0.0232797,3.25985,0,0.0960571,2.55869
110.434104308,0.305878,0.083745,0.0372349,1.39967,1.62825,0.150822,0.76125,0.0195663,2.94422,0.00110234,0.034695,2.82253
110.480544218,0.0904215,0.18205,0.117167,1.32627,1.14534,0.170557,0.920838,0.00169,3.01154,0.0437329,0.0407772,2.83741
110.526984127,0.00590654,0.184912,0.100541,1.18474,0.576182,0.250249,0.869432,0.00604539,3.5415,0.112349,0.057629,2.39078
110.573424036,1.09025,0.0767901,0.326579,1.14362,0.810695,0.179947,0.894247,0,3.70382,0.129437,0.101722,1.38607
110.619863946,1.48612,0.00162302,0.42968,0.87515,0.790109,0.0131669,0.796678,0,3.5036,0.12433,0.427249,0.947732
110.666303855,1.44322,0.00101656,0.383346,0.801641,0.726093,0.0262466,0.97072,0,3.38342,0.122101,0.360329,0.893713
110.712743764,0.936482,0,0.214238,1.14595,1.01396,0.0348318,1.22554,0,3.36154,0.111649,0.154323,0.608479
110.759183673,0.101751,0,0.010042,1.32926,1.45998,0.0311956,1.21427,0,3.20952,0.320793,0.00345691,0.666321
110.805623583,0,0,0.00199455,1.24455,1.7637,0.031171,0.88104,0,3.39205,0.325206,0.128378,1.25504
110.852063492,0.0614494,0,0,1.26693,1.87641,0.00107299,0.744716,0.017077,3.32979,0.470989,0.103876,1.66589
110.898503401,0.100317,0.0292736,0.0890187,1.01581,2.01016,0.240558,0.919963,0.040897,2.76017,0.228599,0.0706411,2.05829
110.944943311,0.15529,0.129906,0.501382,0.656243,1.4732,0.244334,1.46125,0.00293088,1.6826,0.084042,0.249408,2.69423
110.991383220,0.203308,0.05429,0.531927,0.545486,0.671289,0.426105,2.02343,0.0448954,0.841257,0.0917538,0.993831,3.0156
111.037823129,0.25949,0.155393,0.541362,0.279043,0.614204,0.646768,2.33777,0.031649,0.448124,0.10108,1.38283,2.76
111.084263039,0.236919,0.293373,0.429039,0.202922,0.272507,0.731801,2.46992,0.0193879,0.581417,0.124076,1.14668,2.77378
111.130702948,0.0974798,0.453487,0.223824,0.262548,1.19919,0.506934,1.8424,0.0127811,1.00974,0.184874,0.823996,2.63783
111.177142857,0,0.540559,0.170547,0.187797,2.27203,0.250784,0.903305,0.0213448,1.52794,0.321358,0.771438,2.38275
111.223582766,0.349489,0.011821,0.146737,0.127593,2.56988,0.186464,0.79468,0.0130914,1.76577,0.557638,0.603115,1.75624
111.270022676,0.96507,0.0023477,0.0051379,0.109705,2.35777,0.00794245,0.57571,0.14543,1.2065,0.794237,0.328978,1.32756
111.316462585,0.727657,0.00175357,0.00595978,0.0109786,2.64518,0.541937,0.207826,0.248543,1.27806,0.708763,0.0183828,1.47557
111.362902494,0.1588,0.0252889,0.15679,0.0146975,3.04667,0.491891,0.0377051,0.125106,1.48675,0.34114,0.0140986,1.95195
111.409342404,0.227955,0.220562,0.276978,0.0152752,3.38781,0.0969255,0.0419041,0.615426,1.41884,0.171642,0.0601025,2.02288
111.455782313,0.699448,0.205945,0.0210162,0.0157238,3.38528,0.273832,0.0473916,1.11353,1.17932,0.133355,0.0279125,1.91665
111.502222222,0.736544,0.208867,0.00062652,0.016472,3.3284,0.322012,0.0247956,1.56741,1.0672,0,0.0456702,2.00773
111.548662132,0.466258,0.247657,0.0694319,0.0135781,3.29257,0.203133,0.0699278,1.63964,0.881791,0.0003431,0.148502,1.99515
111.595102041,0.0863724,0.509655,0.184942,0.01624,3.22365,0.179459,0.197836,1.06151,0.39575,0.117522,0.13638,2.30427
111.641541950,0.0229208,0.434402,0.183926,0.0549832,2.60284,0.0334524,1.0073,0.341834,0.323405,0.419086,0.169982,2.93048
111.687981859,0.0077078,0.333533,0.171226,0.367974,2.20179,0.0241836,1.29945,0.054812,0.258142,0.774822,0.0799842,3.19059
111.734421769,0.0225545,0.423379,0.136186,0.430419,2.08648,0.031775,1.72812,0.0401839,0.16353,0.860935,0.112051,3.1063
111.780861678,0.0372249,0.535185,0.0273085,0.486996,1.27428,0.045649,2.51412,0.0454255,0.0949305,0.655985,0.577622,3.0503
111.827301587,0.342759,0.931772,0.0421581,0.408765,0.163728,0.0641547,2.95293,0.0427619,0.00824609,0.413123,1.0001,2.84377
111.873741497,0.743505,0.713915,0.0515616,0.415638,0.0968187,0.0391965,3.07579,0.0335869,0.0109692,0.432648,0.88982,2.33698
111.920181406,0.988046,0.526409,0.0196746,0.644412,0.199921,0.00973254,2.9759,0.109609,0.0093065,0.544527,0.740585,1.89255
111.966621315,1.12528,0.627985,0.00392578,0.873669,0.260742,0.015346,2.85995,0.235361,0.0057862,0.638901,0.276532,1.48268
112.013061224,0.926959,0.908403,0.00358852,1.13177,0.341671,0.0760097,3.07101,0.177123,0.0469043,0.497333,0.496905,1.06987
112.059501134,0.473426,0.998271,0.0019599,1.31605,0.351944,0.00110376,3.28464,0.0744999,0,0.188194,0.596939,1.15369
112.105941043,0.317494,0.902695,0.00103999,1.06301,0.333119,0.00674063,3.32334,0.12105,0,0.129618,0.736515,1.7108
112.152380952,0.124302,0.504925,0,1.06594,0.160721,0.0846117,3.42239,0.00969387,0,0.166662,0.669374,2.23649
112.198820862,0.100416,0.610107,0.0537171,1.35844,0.109775,0.0704382,3.13149,0.00331824,0,0.379625,0.363942,2.6512
112.245260771,0.0353774,0.556602,0.175616,1.50685,0.0125199,0.116857,2.87655,0,0.0179541,0.85156,0.584361,2.79096
112.291700680,0.0757063,0.678447,0.235282,1.79775,0,0.126557,2.55059,0.0288713,0.0625043,0.901517,0.621069,2.66665
112.338140590,0.140566,0.818348,0.168532,1.67209,0.0535021,0.127894,2.5211,0.0167413,0.0787921,0.7307,0.641712,2.66969
112.384580499,0.181411,0.747794,0.131985,1.28535,0.132294,0.16633,2.62849,0.0705502,0.0739225,0.670214,0.724529,2.53982
112.431020408,0.18156,0.536727,0.223317,0.828853,0.162491,0.0980265,2.92306,0,0.0847888,0.487019,1.30994,2.22767
112.477460317,0.0938121,0.414717,0.157857,1.04688,0.134587,0.0655612,2.99012,0,0.0401694,0.514336,1.00828,2.48444
112.523900227,0.172226,0.196701,0.128725,1.26717,0.10656,0.107918,2.90658,0,0.0148499,0.512703,0.84933,2.18107
112.570340136,0.369261,0.185596,0.109512,1.2967,0.160419,0.0279005,2.80307,0.169046,0.0273584,0.539327,0.753552,1.98694
112.616780045,0.390433,0.242455,0.0324643,1.20232,0.441624,0.00621915,3.07444,0.170593,0.0258536,0.855593,0.726857,1.50133
112.663219955,0.345217,0.709846,0.0102616,0.985588,0.166641,0,3.59991,0.0818431,0.0192362,0.956403,0.791591,1.11614
112.709659864,0.232072,1.0136,0.109653,0.440294,0.099521,0.00831474,3.30738,0.162534,0.0355642,0.899394,0.751184,1.61
112.756099773,0.243206,0.984579,0.164687,0.753584,0.0946366,0.0508337,3.11007,0.0994992,0.0810251,1.01144,0.639339,1.92026
112.802539683,0.00631906,0.717431,0.1528,1.48937,0.0764591,0,2.49159,0.0251258,1.31674,0.84696,0.543546,2.28597
112.848979592,0,1.1448,0.114941,2.03498,0.0469725,0.00378589,1.87721,0.0372969,1.7684,0.690263,0.569815,2.38471
112.895419501,0.165565,0.780347,0.106867,1.939,0.0557162,0.0105288,1.71861,0.0116483,1.92023,0.684539,0.546885,2.37708
112.941859410,0.552286,0.66962,0.00647424,1.85291,0.209817,0.0514498,1.86867,0.0165246,1.70171,0.728269,0.411441,2.18112
112.988299320,0.622441,0.568029,0.00772891,1.81507,0.194842,0.134392,1.91677,0.0250803,1.50694,0.689168,0.383647,2.44637
113.034739229,0.26535,0.89142,0.194214,1.74389,0.110424,0.148062,1.8956,0.268513,1.01742,0.533152,0.494711,3.0555
113.081179138,0.00102548,1.25467,0.382454,1.42796,0.184622,0.20212,2.10709,0.278958,0.0334055,0.374403,0.506295,3.23933
113.127619048,0.026126,1.38711,0.300603,0.973207,0.201025,0.323354,2.17438,0.385053,0.0552489,0.0602224,0.448983,3.27432
113.174058957,0.29603,0.797762,0.275619,0.94052,0.19059,0.249408,2.3272,0.103548,0.136246,0.0704815,0.331646,3.16759
113.220498866,0.371373,0.415502,0.380651,1.11823,0.192638,0.595195,2.16199,0.0115415,0,0.152841,0.272585,2.90142
113.266938776,0.686024,0.250385,0.265993,1.28759,0.411572,0.703705,2.17424,0.0751941,0,0.605287,0.308851,2.3312
113.313378685,0.69027,0.0297422,0.101536,1.50104,0.78268,0.615007,2.15416,0.0164806,0.0253852,1.29765,0.301052,1.52246
113.359818594,0.481765,0.0155476,0.312383,1.28859,1.37558,0.346339,1.8817,0.00993757,0.159147,1.55318,0.128738,1.49504
113.406258503,0.227908,0.0597181,0.397826,0.90961,1.82083,0.134721,1.65319,0.0344653,0.381249,1.67314,0.0749606,2.09456
113.452698413,0.0134004,0.0744434,0.245063,0.913295,2.49988,0.0432759,1.35778,0.0148411,0.728392,1.7164,0.0315632,2.27181
113.499138322,0,0.0649863,0.192747,0.502972,3.13711,0.00401701,1.12075,0.00983167,0.911949,1.41362,0.327553,2.06457
113.545578231,0.00434149,0.0872971,0.153919,0.0902436,3.40504,0.00377036,1.09031,0.0323983,0.818907,0.972837,0.753037,1.98215
113.592018141,0.042757,0.00118852,0.154217,0.13197,3.1747,0.0527929,1.10456,0.0470661,0.516573,0.571284,1.0969,1.97447
113.638458050,0.091959,0,0.134937,0.727275,2.28052,0.0203158,1.32386,0.253081,0.0369307,0.453559,1.10523,2.31274
113.684897959,0.111283,0,0.0289813,1.73046,0.739596,0.00823103,1.49632,0.27136,0.0326783,0.684044,1.3285,2.25311
113.731337868,0.0527443,0.0153585,0.0627754,2.55515,0.0776675,0.064638,1.42535,0.354663,0.0477208,0.7306,1.07506,2.17735
113.777777778,0.138592,0.00260415,0.0119992,2.77208,0.10398,0.0551009,1.17863,0.601775,0.0159994,0.596035,0.379331,2.59072
113.824217687,1.28388,0.0614537,0.00829447,2.53816,0.111029,0.0162394,1.09591,0.465393,0.148462,0.107671,0.289555,2.46716
113.870657596,1.92926,0.102321,0.0286372,2.47046,0.049615,0.0169377,1.55679,0.20493,0.19685,0.0544661,0.32179,1.69685
113.917097506,1.92316,0.0016511,0.00382761,2.39086,0.057605,0.00307805,2.08755,0.0282572,0.13759,0.442147,0.636431,1.29751
113.963537415,0.861589,0.00182261,0.0690955,2.48287,0.0728247,0,2.04219,0.333586,0.03499,0.773456,0.653594,1.4305
114.009977324,0.273239,0.0623639,0.152034,2.47287,0.114234,0,1.60281,1.10291,0.0319281,0.585335,0.397292,1.45574
114.056417234,0.455871,0.0454879,0.317961,2.13523,0.196338,0.00693115,1.87487,1.12613,0.0783308,0.125877,0.0772428,1.81849
114.102857143,0.539852,0.484713,0.40844,1.78357,0.1798,0.00271448,1.93524,1.02765,0.418638,0.00112983,0.216156,2.02399
114.149297052,0.347621,0.896954,0.471454,1.39772,0.171855,0.00635838,1.95682,0.949713,0.565843,0.000762767,0.991632,1.856
114.195736961,0.261493,1.57439,0.286508,0.454852,0.0701108,0.121942,2.21822,0.485622,0.58984,0,1.75513,1.41626
114.242176871,0.30145,2.30389,0.254866,0.13983,0.284423,0.333531,2.5221,0.0840304,0.653436,5.06146e-05,1.86908,0.799511
114.288616780,0.393012,2.56844,0.170701,0.038745,0.347654,0.218653,2.64202,0.0685162,0.598552,3.63189e-05,1.91767,0.116762
114.335056689,0.425181,2.33987,0.110399,0.0629408,0.350409,0.276993,2.80802,0.0458851,0.654109,0.0445474,1.87516,0.137079
114.381496599,0,2.16588,0.23433,0.134504,0.28851,0.164747,3.27317,0.025078,0.664726,0.0761091,2.0331,0.335421
114.427936508,0.147365,2.16358,0.474308,0.2245,0.0021767,0.165921,3.3794,0.00437903,0.353361,0,1.93062,0.336581
114.474376417,0.36252,1.91111,0.683934,0.215667,0.221128,0.588744,2.84579,0.0231017,0.325901,0,1.67373,0.334814
114.520816327,0.428235,1.67849,0.634241,0.139711,0.500753,0.556234,2.27261,0.256393,0.32071,0.0242548,1.73586,0.2853
114.567256236,0.60425,1.35969,0.518068,0.127215,0.591694,0.335365,2.25094,0.346276,0.575367,0.0881112,1.95183,0.469102
114.613696145,0.597622,1.66982,0.283677,0.0967448,0.433316,0.35817,2.73663,0.00361218,0.497417,0.0865808,2.08905,0.374404
114.660136054,0.294405,2.37891,0.37501,0.383226,0.202427,0.300906,2.81207,0.0116733,0.225626,0.0853483,1.99144,0.25174
114.706575964,0.0346126,2.55365,0.350201,0.856084,0.0673044,0.353417,2.72757,0.187239,0.175289,0,1.91584,0.147396
114.753015873,0.158074,2.44011,0.128672,1.23199,0.0177258,0.345916,2.64316,0.032378,0.195732,0,2.20082,0.186557
114.799455782,0.0226034,2.64603,0.0611057,0.957085,0.0465782,0.442663,2.1929,0.26031,0.0865011,0.107046,2.50758,0.477798
114.845895692,0.0131154,2.65519,0.160891,0.580959,0.296707,0.399624,1.69455,0.739934,0.0634355,0.128224,2.68568,0.542365
114.892335601,0.0733825,2.96779,0.237321,0.291559,0.532426,0.411563,1.35449,0.586374,0.148115,0.0264302,2.59793,0.478151
114.938775510,0.15934,3.07229,0.250475,0.133224,0.691054,0.526406,1.22444,0.29863,0.357212,0.00648014,2.02231,0.20433
114.985215420,0.194459,3.08403,0.223138,0.141541,0.781198,0.666745,1.44937,0.259961,0.208166,0.0233921,1.93344,0.142866
115.031655329,0.508745,2.58447,0.215317,0.135696,0.541098,0.41532,2.21518,0.0777755,0.234406,0.000970074,1.77389,0.0862558
115.078095238,0.745042,2.19756,0.0102671,0.209216,0.128275,0.371521,2.22475,0.127267,0.184588,0.00119407,1.70062,0.454065
115.124535147,1.00202,1.38308,0.0510904,0.427609,0.152753,0.481802,1.74031,0.0904278,0.369667,0.00721531,1.67395,0.541909
115.170975057,0.850933,0.885757,0.00740566,0.918732,0.264765,0.492282,1.98879,0.397924,0.476422,0.0836111,1.59529,0.412
115.217414966,1.21003,0.32663,0.00702705,1.24084,0.533955,0.375666,1.92174,0.657666,0.420389,0.161157,1.53973,0.347494
115.263854875,0.731745,1.12742,0.0057069,1.37355,1.1551,0.156194,1.59629,0.489371,0.0670856,0.143077,1.69444,0.229642
115.310294785,0.0570526,1.80463,0.00848903,0.800988,1.80199,0.405706,1.6725,0.260478,0.139373,0.000771189,1.89299,0.416158
115.356734694,0.0188609,2.19466,0.0763247,0.197119,1.81049,0.374651,1.72755,0.0351951,0.390004,0.0812023,2.19828,0.944338
115.403174603,0.00284435,2.1753,0.0856892,0.0414945,1.6988,0.448426,2.39213,0.0386484,0.511328,0.103796,2.07446,1.03215
115.449614512,0,2.09049,0.180893,0.00715772,2.38786,0.274438,2.445,0.0309435,0.399241,0.117194,1.79308,0.948336
115.496054422,0,1.84905,0.196624,0.00444554,2.57562,0.100711,2.34264,0.00631597,0.377259,0.128305,1.52961,1.08505
115.542494331,0.0686323,1.90123,0.171363,0.0873829,2.53599,0.116886,2.57789,0.0939788,0.388602,0.0524792,1.68337,0.792605
115.588934240,0.0416712,2.1909,0.0970527,0.102522,2.23659,0.128018,2.5941,0.320105,0.327848,0.0642266,2.0406,0.73521
115.635374150,0.0693507,2.29491,0.0659291,0.79161,1.74774,0.103109,2.72756,0.300594,0.162622,0.0410961,2.35947,0.523071
115.681814059,0.1028,2.16121,0.0648277,1.49794,0.672677,0.218655,2.715,0.238927,0.12094,0.020423,2.43735,0.254628
115.728253968,0.305422,1.51126,0.00626678,1.87484,0.0389828,0.160241,2.27397,0.197135,0.439533,0.0271696,2.16394,0.283695
115.774693878,0.758716,0.542163,0.00543736,1.89748,0.0423608,0.0769163,1.84038,0.170381,0.60359,0.0427199,2.15593,0.786684
115.821133787,0.82072,0.00487031,0.00578143,1.73559,0.108659,0.27837,1.72171,0.166104,0.513003,0.068061,2.20714,0.818583
115.867573696,0.782213,0.164092,0.00822359,1.663,0.165079,0.380718,1.32039,0.139011,0.585077,0.0343386,2.05682,0.619575
115.914013605,0.410957,0.448272,0.10837,1.65075,0.0895091,0.427485,0.997773,0.0193061,0.874911,0.0540072,1.95159,0.606995
115.960453515,0.365938,1.40959,0.12292,1.29665,0.1012,0.383926,1.15077,0.250409,0.889822,0.0604635,2.07209,0.776516
116.006893424,0.246348,2.02195,0.131226,0.1857,0.176782,0.397608,2.20452,0.0324008,0.436863,0.052631,2.35628,0.775983
116.053333333,0.107269,2.3086,0.125493,0.176299,0.0450404,0.495391,2.56486,0.062914,0.0936568,0.0313026,2.35874,0.698057
116.099773243,0.192189,2.61265,0.0660611,0.277407,0.0178581,0.372203,2.35134,0.0561806,0.175008,0.0302667,2.08055,0.26953
116.146213152,0.235376,2.70782,0.00874568,0.275551,0.066234,0.577205,2.06239,0.0543765,0.316596,0.240708,1.98262,0.00208484
116.192653061,0.174879,2.86427,0.00686107,0.0605657,0.0993153,0.770591,1.80456,0.0337929,0.306236,0,2.19258,0.0935479
116.239092971,0.36442,2.83302,0.11662,0.082013,0.120337,0.569205,1.76697,0.137686,0.286992,0,2.23477,0.2213
116.285532880,0.496497,2.63385,0.153347,0.135795,0.334579,0.336116,1.86719,0.249996,0.442624,0.00984646,2.10991,0.165025
116.331972789,0.221588,2.71067,0.102045,0.175167,0.274884,0.344732,1.89908,0.492549,0.431049,0.0230485,2.19673,0.211791
116.378412698,0,2.44652,0.323711,0.268122,0.305441,0.224348,1.83896,0.419758,0.63918,0.0206556,2.26266,0.247123
116.424852608,0.45704,1.56011,0.642252,0.406523,0.120484,0.239718,1.54736,0.195926,0.988094,0.00982369,1.89935,0.770195
116.471292517,0.948434,0.724912,0.629339,0.477203,0.142136,0.479054,1.3327,0.133917,1.24965,0,1.5218,0.694935
116.517732426,0.696732,0.809371,0.554528,0.118528,0.312068,0.565941,1.13489,0.439282,1.30107,0,1.30058,0.539579
116.564172336,0.829598,1.05011,0.981386,0,0.18448,0.764466,0.789444,0.78669,1.11227,0,1.10052,0.405435
116.610612245,1.13413,0.953139,1.29032,0.00384609,0.147177,1.08143,0.757007,0.70365,0.302338,0.674666,0.48699,0.217586
116.657052154,1.23448,0.488936,0.915327,0.187945,0.659943,1.05122,1.49551,1.18334,0.0197751,0.868385,0.0362151,0.101487
116.703492063,1.03378,0.28197,0.608215,0.360255,0.835646,0.773507,2.696,0.840833,0.023696,0.954591,0.170688,0.387575
116.749931973,0.589892,0.368376,0.267878,0.459405,0.426867,0.443162,3.05067,0.061244,0,1.39355,0.225784,1.13042
116.796371882,0.00549967,0.490838,0.179421,0.872122,0.0240925,0.349127,2.79232,0,0.0181573,1.33938,0.240724,1.96982
116.842811791,0,0.550236,0.156077,1.12603,0.0628319,0.519434,2.57707,0.0322707,0.0919985,1.41805,0.250779,1.99053
116.889251701,0.00139217,0.899363,0.0873071,1.13035,0.0292206,0.232562,2.50042,0.0322151,0.0841127,1.41856,0.417409,2.08123
116.935691610,0,1.20085,0.00890775,1.1267,0,0.10672,2.70907,0.0342937,0.0289896,1.20156,0.495629,2.29725
116.982131519,0,1.11416,0.00555558,1.09799,0,0.0728981,2.79839,0.0819709,0,1.24855,0.495407,2.45626
117.028571429,0.510382,0.774391,0.00648698,1.24521,0.00651551,0.0810789,2.27907,0.0779416,0,1.36638,0.446968,2.56644
117.075011338,0.806663,0.631235,0.129126,1.22029,0.0263244,0.124899,1.66461,0.0122315,0.112673,1.34515,0.315382,2.80038
117.121451247,1.12549,0.28642,0.0830348,1.10223,0.0286115,0.153157,1.72372,0,0.124534,1.18692,0.282132,3.00421
117.167891156,0.817814,0,0.196436,0.901558,0.00307692,0.0280206,1.88755,0.0198008,0.0944678,1.00765,0.349547,3.44319
117.214331066,0.0942024,8.0365e-05,0.120421,0.475853,0.0466461,0.0285759,2.28223,0,0.0125089,0.577599,0.431525,3.61228
117.260770975,6.23677e-05,0.831961,0.030836,0.513826,0.0573829,0.0217366,2.50434,0,0,0.399534,0.849127,2.74712
117.307210884,1.41346e-05,1.13353,0.000842095,0.983924,0.0333931,0.0057957,2.83791,0,0,0.234207,1.0484,2.20441
117.353650794,0,1.14401,0,0.95075,0.0726602,0.0266882,2.71281,0.0514052,0,0.168336,0.997132,2.23461
117.400090703,0.0183895,1.28081,0.000541974,0.997608,0.100436,0.0334713,2.22178,0.359003,0,0.328843,0.852461,2.03906
117.446530612,0.104214,1.37119,0.100237,1.31924,0.105887,0.153939,1.89189,0.356643,0.0870942,0.313635,0.716162,2.11116
117.492970522,0.135251,1.50847,0.150035,1.48951,0.164448,0.160284,1.98995,0.0272986,0.0740189,0.300079,0.642122,2.66356
117.539410431,0.106401,1.84436,0.123265,1.3942,0.381685,0.117528,2.20057,0.0594898,0.102299,0.384482,0.689688,2.25631
117.585850340,0.0692364,1.94085,0.186272,1.35831,0.470941,0.242757,2.1517,0.523388,0.158972,0.451269,0.597863,1.97842
117.632290249,8.04478e-05,2.12253,0.100881,1.28166,0.409992,0.0763081,2.5875,0.346609,0.143409,0.655768,0.144746,2.08943
117.678730159,0.799285,2.03114,0.00891381,0.649526,0.166641,0.150128,2.87178,0.03829,0.0885639,0.709434,0.197022,2.03344
117.725170068,0.849798,1.7277,0.0229846,0.683622,0.0757812,0.126335,2.70396,0.0538641,0.0587571,0.531595,0.303718,2.12547
117.771609977,0.832468,0.898031,0.0116685,0.975199,0.0834481,0.0893852,3.11753,0.0442267,0.0346828,0.403692,0.344952,2.00778
117.818049887,0.259739,0.540843,0.00588566,0.702824,0.0558766,0.250033,3.07562,0.0335821,0.0116992,0.617456,0.463062,2.13832
117.864489796,0.0775123,0.640008,0.0997226,0.0656809,0.0636213,0.125476,2.75732,0.188073,0.075631,0.687531,0.634682,2.33132
117.910929705,0.0501562,0.700716,0.107548,0.0813414,0.0472584,0,2.57289,0.166161,0.113338,0.709538,0.922377,2.47417
117.957369615,0,0.666326,0.122732,0.716021,0.0273736,0,2.46971,0.0488709,0.147713,0.880701,0.869614,2.65308
118.003809524,0,0.602041,0.0913848,1.77129,0.0264329,0,2.60747,0.0336494,0.0328132,0.909329,0.4197,3.00543
118.050249433,0.00871895,0.386701,0.182739,2.48438,0.0512116,0,2.77955,0.0701284,0.0206271,0.585701,0.467141,3.12387
118.096689342,0.0128754,0.23907,0.318217,2.659,0.121406,0,2.76199,0.056363,0.00688626,0.288733,0.771776,2.86546
118.143129252,0.011744,0.086072,0.0575493,2.85121,0.105617,0.00849276,2.84277,0.0597242,0,0.37462,0.813471,2.73258
118.189569161,0.169507,0.095404,0.148538,2.98679,0.00958643,0.0237757,2.94712,0.0869862,0.0449905,0.515414,0.829693,2.48515
118.236009070,0.703417,0.211839,0.175131,2.99075,0.0293913,0.05205,3.01994,0.0102382,0.104095,0.669353,0.686449,2.42055
118.282448980,0.761899,0.612732,0.141878,2.87277,0.0373153,0.0468435,3.04627,0,0.042653,0.746261,0.328192,2.64287
118.328888889,0.48425,0.617101,0.273296,2.26327,0.025893,0.0370379,2.97339,0.026991,0.108692,0.799018,0.479731,2.36116
118.375328798,0.431252,0.326608,0.475431,1.4956,0.0587579,0.0213785,2.85309,0.111676,0.170102,0.826605,0.51772,1.81834
118.421768707,0.420321,0.153393,0.735785,0.841561,0.0990063,0.0266456,2.90603,0.0201171,0.130407,0.84056,0.672826,1.0949
118.468208617,0.358937,0.71657,0.131233,0.611174,0.305996,0.052322,2.94878,0.0573172,0,0.894529,0.598095,0.979626
118.514648526,0.434109,1.05992,0.0422964,0.402769,0.338149,0.213914,2.913,0.726143,0,0.677296,0.66781,1.34166
118.561088435,0.152256,1.3654,0.0617229,0.313338,0.293688,0.372399,2.70996,0.923458,0,0.508876,0.455732,1.59884
118.607528345,0.33104,1.6453,0,0.319049,0.0682213,0.189175,2.67783,0.721287,0,0.481094,0.211055,1.92688
118.653968254,0.422648,1.57006,0.00418167,0.270872,0.123969,0.0507907,2.99216,0.526307,0,0.271333,0.481734,2.127
118.700408163,0.628855,1.24227,0.0858621,0.317775,0.138699,0,3.02654,0.432172,0.0582262,0.22336,0.563374,1.97818
118.746848073,0.572345,0.827766,0.19526,0.665125,0.112036,0.0339602,3.50015,0.139271,0.101215,0.432075,0.798733,1.60011
118.793287982,0.106,0.817898,0.175526,0.652692,0.0929385,0.0466996,3.30418,0,0.121617,0.496856,1.08141,2.03632
118.839727891,0.0397462,0.529051,0.132741,0.789989,0.0758578,0.0255474,3.00117,0.03205,0.0717506,0.400486,1.04081,2.43435
118.886167800,0.00164676,0.129191,0.165029,0.72705,0.324921,0.0164912,2.68785,0.158756,0.0588233,0.133641,1.09416,2.34048
118.932607710,0.296151,0.000456577,0.0949194,0.992693,0.359225,0.07672,2.60965,0.0190376,0.0275625,0.274466,0.912476,2.38782
118.979047619,0.543331,0.000491036,0.0203887,1.28624,0.10817,0.120849,2.22695,0.0352685,0.0114408,0.384071,0.253467,2.76639
119.025487528,0.466805,0.0011006,0.0094213,1.30776,0,0.14878,1.81459,0.0379969,0.136945,0.358132,0.142331,3.04008
119.071927438,0.47604,0.00107845,0.420803,1.23399,0,0.383423,1.60009,0.00650568,0.224003,0.249253,0.171375,3.22184
119.118367347,0.581486,0.0555256,0.397939,1.15809,0.215464,0.269381,1.47911,0.0175964,0.144095,0.125759,0.245048,3.19357
119.164807256,0.64743,0.415634,0.57906,0.3431,0.336044,0.0608381,1.24666,0.0635363,0.0992928,0.0186071,0.00300489,3.22925
119.211247166,0.430338,0.187379,0.670914,0.25542,0.345392,0.0393874,0.760808,1.43652,0.131892,0.0285658,0.418934,3.27096
119.257687075,0.669043,0.131638,0.633613,0.292502,0.178593,0.237718,0.819622,2.31754,0.043708,0,1.09931,2.55049
119.304126984,0.882087,0.150524,0.214557,0.522081,0.0941508,0.734779,0.997998,2.16078,0.0215386,0.271824,1.00734,1.74749
119.350566893,0.978088,0.251946,0.057092,1.13314,0.318467,1.03603,0.891686,1.33908,0.638888,0.538468,0.298014,1.79771
119.397006803,0.654791,0.196346,0.0242923,1.43512,1.3046,0.22552,0.814286,0.613881,1.71074,0.0546709,0.390064,1.92927
119.443446712,0.706124,0.0177421,0.0517694,1.46136,2.02911,0.00477205,0.614325,0.261153,2.14894,0.0361614,0.215463,2.25597
119.489886621,0.55567,0.250041,0.109943,1.63811,2.16973,0.0017692,0.498848,0.0426594,2.29753,0.0925782,0.0614225,2.56817
119.536326531,0.604584,0.608543,0.00429502,1.48699,2.2351,0,0.811934,0.00435792,2.27548,1.86771e-05,0.200795,2.45479
119.582766440,0.534235,0.146592,0.0041011,1.39799,2.0909,0,1.09288,0.0205228,2.31852,0,0.14135,2.35747
119.629206349,1.34294,0.0466397,0.144334,1.24604,1.82725,0.0509818,1.27746,0.00510468,2.23339,0,0.0323836,1.77664
119.675646259,1.3746,0.0301217,0.292597,1.28383,1.5123,0.109065,1.23799,0,2.45884,0.165663,0.00366266,1.38823
119.722086168,1.32079,0.0282799,0.331011,1.27725,1.42049,0.0312059,1.15702,0,2.96685,0.0484998,0.0699701,0.812759
119.768526077,0.915558,0.0186754,0.293207,1.07271,1.8002,0.0347762,0.875379,0.139948,3.23609,0.0232717,0.107485,1.05153
119.814965986,0.267163,0.000719257,0.0311253,0.641374,2.45915,0.0316688,0.645352,0.426309,3.17366,0.0094353,0.106682,1.4338
119.861405896,0.011286,0.00237163,0.0956671,0.537397,2.11826,0.00676149,0.526536,0.0960293,3.19547,0.191971,0.220973,1.99096
119.907845805,4.91849e-05,0.00774819,0.128639,0.736534,1.95623,0.0366764,0.750895,0.0179454,2.91177,0.213063,0.18281,2.04333
119.954285714,0,0.141085,0.361923,1.00389,1.54402,0.0661446,0.770982,0.011365,2.78048,0.00375831,0.281121,2.31187
120.000725624,0.0992224,0.133255,0.438625,1.33121,1.33809,0.106232,0.576769,0.029206,2.97902,0.00595737,0.184355,2.61728
120.047165533,0.441306,0,0.223479,1.50203,1.90547,0.0198121,0.507281,0.0936886,2.60758,0.0413035,0.127485,2.69613
120.093605442,0.37222,0.000914173,0.0179145,1.8004,2.1332,0.0241265,0.424912,0.0217655,2.00869,0.0573304,0.207932,2.70413
120.140045351,0.238546,0.00128042,0.00654064,1.94568,2.07916,0.0252607,0.364185,0.00610375,2.01346,0.0442128,0.25532,2.66667
120.186485261,0.0435728,0.0997794,0.00379966,1.8435,2.05034,0.00873608,0.491508,0.240273,2.42936,0.0283837,0.125546,2.51816
120.232925170,0.00445732,0.171544,0.00300831,1.80407,1.83933,5.78028e-05,0.850065,0.269122,2.54976,0.0746997,0.00350378,2.57859
120.279365079,0.623629,0.0551396,0.003508,1.53015,1.20307,0.0990698,0.864721,0.149607,2.39139,0.100279,0.0019308,2.58849
120.325804989,0.844722,0.0196924,0.00463976,1.25736,1.00337,0.573289,0.705321,0.0122767,2.2949,0.16581,0.011595,2.12518
120.372244898,0.739459,0.0509317,0.003946,1.21588,0.809571,0.794236,0.8117,0.0188913,2.41971,0.114406,0,1.97787
120.418684807,0.488408,0.0918496,0.00470018,1.42105,1.00962,0.684703,1.00502,0.106819,2.50999,0.000844077,0,1.94207
120.465124717,0.381371,0.13127,0.0304087,1.42125,1.33216,0.365591,0.762836,0.17695,2.58691,0.0638702,0,2.55599
120.511564626,0.215169,0.150886,0.00285857,1.33129,1.665,0.294805,0.60587,0.0775901,2.67039,0.0507855,0.000168522,2.90883
120.558004535,0.098072,0.0232412,0.0132113,1.35266,1.89202,0.101449,0.618921,0.0729196,2.7493,0.0546837,0.00970221,2.88667
120.604444444,0.139712,0.00299871,0.017908,1.42869,1.92294,0.0139848,0.561197,0.0557287,2.89349,0.171845,0.00456807,2.67045
120.650884354,0.184099,0.00278429,0.00391704,1.47481,1.77171,0.0166194,0.397964,0.0374139,2.95719,0.332475,0.000549841,2.64031
120.697324263,0.265581,0.0290143,0.00446751,1.57515,1.88533,0.00451496,0.420325,0.0134008,2.59933,0.199935,0.391927,2.67352
120.743764172,0.239102,0.113981,0.0715101,1.45095,1.83226,0.287986,0.469286,0.0292821,2.50327,0.28274,0.215039,2.59117
120.790204082,0.12003,0.156848,0.136221,1.27812,1.77782,0.163088,0.595737,0.0243573,2.63249,0.424456,0.165486,2.24839
120.836643991,0.229927,0.155801,0.0861722,1.30932,1.86876,0.012514,0.692015,0.0389128,2.70004,0.48092,0.249017,2.11961
120.883083900,0.438227,0.114411,0.0119323,1.46311,1.8567,0.000348259,0.745968,0.0489447,2.84789,0.29735,0.324273,2.27957
120.929523810,0.858457,0.0536452,0.00256381,1.39317,1.68661,0.115743,0.910389,0.0629262,2.83058,0.173526,0.341528,1.76061
120.975963719,0.822299,0.00335145,0.0954159,0.938321,1.40893,0.482108,0.930294,0.091849,2.85059,0.0850631,0.000958902,1.40678
121.022403628,0.594342,0.00197935,0.142596,0.773794,0.978642,0.432699,0.77699,0.0800474,3.28317,0.103565,0.000643506,1.53887
121.068843537,0.217007,0.00217896,0.072245,0.94232,1.23381,0.195611,0.451754,0.0703589,3.51038,0.102925,0,1.81374
121.115283447,0.0398267,0.003605,0.00235059,1.05489,2.05031,0.0390355,0.23721,0.00625898,3.39322,0.164493,0.0320972,1.80187
121.161723356,0.238015,0.00246044,0.00161256,1.20222,2.19705,0.0261442,0.31577,0.252088,2.80753,0.189386,0.0909722,1.91912
121.208163265,0.244979,0.0355531,0.000969068,1.12111,2.02736,0.0151232,0.861475,0.89465,2.52052,0.115585,0.00228392,2.00779
121.254603175,0.0743041,0.083402,0.493438,0.510775,1.93652,0,1.34326,1.06679,1.75779,0,0.300157,2.12204
121.301043084,0.048809,0.348983,0.613452,0.157692,1.55268,0,1.44214,0.818615,1.08765,0.00195497,0.912253,2.10447
121.347482993,0.115849,0.622737,0.608659,0.267405,1.51128,0,1.28633,0.240467,0.62936,0,1.037,2.50127
121.393922902,0.142677,0.634242,0.154614,0.377691,1.65533,0,1.3705,0.0119395,0.296446,0,0.991163,2.66936
121.440362812,0.0942058,0.86846,0.0466409,0.340296,1.89839,0,1.56446,0.136876,0.132882,0.514658,0.793463,2.68698
121.486802721,0,0.516854,0.0604577,0.364047,2.83813,0.188401,1.49214,0.322064,0.114061,0.764577,0.509832,2.54365
121.533242630,0.515224,0.0528582,0.371248,0.256324,3.26488,0.217581,1.20086,0.228817,0.135149,0.671897,0.262474,2.51583
121.579682540,0.846032,0.00225497,0.746164,0.467392,2.86692,0.158194,1.40869,0.104662,0.553714,0.390749,0,2.29654
121.626122449,0.671367,0.00158611,0.714167,0.483542,2.32447,0.238448,1.37342,0,1.46867,0.246213,0,2.10011
121.672562358,0.397873,0.000845698,0.74956,0.334485,2.30315,0.394747,1.23029,0,2.04696,0.108742,0,1.89224
121.719002268,0.507217,0.0010266,0.837191,0.0267336,2.65232,0.103319,0.895289,0.0638259,2.06096,0,0.000459961,1.63743
121.765442177,0.809023,0.00217323,0.571213,0.0715549,2.34687,0.394666,0.429649,0.66537,1.5175,0.0313364,0.00764356,1.22844
121.811882086,1.58544,0.00320966,0.503161,0.237734,2.10856,0.593636,0.144413,1.1066,0.90905,0.128416,0.0905969,0.713462
121.858321995,1.93318,0.126338,0.429272,0.126043,2.40759,0.271662,0.230182,1.24862,0.461124,0.427308,0.602545,0.625962
121.904761905,1.3606,0.220262,0.143448,0.0579374,2.98433,0.0364143,0.265002,1.28711,0.426501,0.693281,0.900419,1.11259
121.951201814,0.532586,0.220355,0.320118,0.00989813,2.96686,0.0769778,1.03968,0.504119,0.429176,0.738022,1.09651,1.71141
121.997641723,0,0.117217,0.383126,0.666756,1.5719,0.122464,1.77747,0.0087201,0.295892,0.920388,0.962732,2.59434
122.044081633,0,0.111837,0.235494,1.2461,0.867628,0.0816289,2.17727,0.027629,0.0913462,0.713328,0.760207,3.11102
122.090521542,0,0.875831,0.172349,1.17501,0.437872,0.0335917,2.39677,0.051267,0.0619829,0.521493,0.802608,3.1211
122.136961451,0.00447016,1.11776,0.0315023,1.13584,0.0540647,0,2.95849,0.0554655,0.0154079,0.500561,0.726898,2.88764
122.183401361,0.209629,1.1128,0.0128659,1.06468,0.0485739,0.000416609,3.0279,0.0379901,0.0175833,0.368153,0.537585,2.79491
122.229841270,0.69879,0.815971,0.0122857,1.01938,0.0732112,0.0219888,2.8879,0.0107923,0.0271802,0.319121,0.581446,2.56898
122.276281179,0.800312,0.500899,0.120272,0.84622,0.0869491,0.0126674,2.9931,0.0220502,0.0853158,0.344035,0.796436,2.27421
122.322721088,0.653745,0.608624,0.0509111,0.704023,0.110686,0,2.86598,0.16393,0.089234,0.325718,1.16033,1.79502
122.369160998,0.486311,0.923709,0.00213076,0.223891,0.155259,0.0150442,3.1133,0.0819626,0.0201424,0.404206,1.35255,1.58886
122.415600907,0.200411,0.86037,0.00330267,0.277375,0.205551,0.0167552,3.00216,0.214519,0.00847352,0.330444,1.41328,1.83344
122.462040816,0.0936569,0.916735,0.00313965,0.485395,0.146084,0.0384352,2.65047,0.30835,0,0.167668,1.20516,2.13903
122.508480726,0.00338128,1.03739,0.0122259,0.421124,0.16563,0.0581268,2.96386,0.106006,0,0.0969307,1.28121,2.08579
122.554920635,0.0230268,1.07867,0.0980672,0.353988,0.192937,0.00914009,2.86479,0.239361,0,0.101459,1.29966,2.16953
122.601360544,0.051161,1.07563,0.166071,0.66331,0.105851,0,2.73396,0.157966,0,0.390272,1.10165,2.34519
122.647800454,0.0952168,1.13162,0.214234,0.997468,0.073534,0.0965222,2.69056,0.0256969,0.0262009,0.7803,0.863586,2.23442
122.694240363,0.108279,1.09954,0.127644,1.16098,0.0497754,0.156003,2.61709,0.0383147,0.0882378,0.976798,0.770091,2.12207
122.740680272,0.13863,0.945267,0.190789,1.0537,0.104298,0.27141,2.87094,0.122286,0.0875657,0.868199,0.657358,2.12196
122.787120181,0.406325,0.843773,0.17951,0.94453,0.152206,0.33172,3.00723,0.176657,0.084621,0.869557,0.696662,2.44975
122.833560091,0.903028,0.51029,0.100414,0.451294,0.167642,0.246744,2.81305,0.064709,0.0770733,0.672591,0.881411,2.40754
122.880000000,0.782727,0.303136,0.391078,0,0.159782,0.159587,2.50726,0.00311685,0.233299,0.289983,1.02529,2.22286
122.926439909,0.5503,0.53193,0.341695,0.0408571,0.177486,0.2672,2.38416,0.0271902,0.49136,0.127509,0.941047,1.74775
122.972879819,0.487214,0.946675,0.00544454,0.272804,0.132285,0.13608,2.6895,0.478507,0.0932655,0.15764,0.79444,1.59874
123.019319728,0.643291,0.909296,0.0974535,0.633118,0.123097,0.0557895,3.48114,0.155318,0.0366541,0.522062,0.639641,1.33308
123.065759637,0.574397,0.849509,0.0527672,0.669038,0.0854504,0.168466,3.71038,0.0783646,0.0940258,0.584103,0.641549,1.2502
123.112199546,0.531947,1.01126,0.187518,0.690384,0.381042,0.208894,3.06969,0.418587,0.489934,0.0575628,0.55157,1.40474
123.158639456,0.100713,0.965893,0.175283,0.946313,0.285507,0.227119,1.8911,0.208368,1.6001,0.0517495,0.250256,1.99767
123.205079365,0.391492,0.44033,0.107366,1.31689,0.0423044,0.19732,1.53971,0.0397809,2.39087,0.0651902,0.0616806,2.61804
123.251519274,0.536748,0.00153926,0.115211,1.64406,0.00288049,0,1.67104,0.022012,2.73163,0.0733271,0.0916557,2.6672
123.297959184,0.471549,0.00147314,0.00565857,1.82452,0.315162,0,2.0885,0.0541145,2.50127,0,0.214329,2.19725
123.344399093,0.107919,0.0629974,0.17509,1.77313,0.158161,0,2.3445,0.124689,1.8318,0.0428995,0.485224,2.37284
123.390839002,0,0.203415,0.149768,1.29397,0.0831932,0.0637514,2.65847,0.134493,0.572891,0.301354,0.614263,2.46185
123.437278912,0,0.895722,0.037042,0.918505,0.100081,0.323496,2.84808,0.0803743,0.0588475,0.755023,0.536882,2.52796
123.483718821,0.0549925,1.07174,0.00522034,0.690265,0.13126,0.146569,2.89863,0.0829728,0.0102432,0.48483,0.835112,1.79065
123.530158730,0.376243,0.480079,0.391961,0.869783,0.152812,0.0901546,2.51471,0.451679,0.00587353,0.16258,1.46085,1.42545
123.576598639,0.756464,0.000922848,0.644639,1.06304,0.0997454,0.13467,2.26952,0.423347,0.0172948,0.166203,1.49972,1.34326
123.623038549,0.403252,0.000198806,0.624697,1.09561,0.492255,0.686479,2.1768,0.441075,0.0014538,0.34878,1.09891,1.43657
123.669478458,0.155368,0.443885,0.0833055,0.860079,1.94186,0.659093,1.99027,0.324146,0.00249704,0.670913,0.376606,1.58264
123.715918367,0.166376,0.383564,0.28038,0.514696,2.6024,0.323783,1.62143,0.118825,0.0374932,0.493042,0.712754,1.80659
123.762358277,0.0598345,0.217197,0.19421,0.2036,3.06521,0.0788513,1.27732,0.358051,0.273396,0.273809,0.792824,2.02171
123.808798186,8.24423e-05,0.145799,0.211141,0.100407,3.4364,0,1.13232,0.268472,0.786163,0,0.697281,2.16323
123.855238095,0.000134202,0.0721822,0.233529,0.0872642,3.40313,0,0.763322,0.0711012,1.04704,0,0.563412,2.56084
123.901678005,5.62377e-05,0.057876,0.145571,0,3.26706,0,0.493276,0.136821,0.919252,0,0.648153,2.61644
123.948117914,0,0.0246162,0.0974207,0.850242,2.68079,0.0127722,0.558599,0.204463,0.49636,0.221706,0.719991,2.74409
123.994557823,0,0.0831356,0.0065255,1.7485,1.24639,0.0208112,0.720149,0.458431,0.0219825,0.734715,0.863488,2.80344
124.040997732,0.090394,0.215365,0.112148,2.39135,0.0870019,0.0489679,1.208,0.523385,0.046299,0.707194,0.941396,2.42165
124.087437642,0.116219,0.261026,0.103766,2.81553,0.000474984,0.388888,1.67494,0.63747,0.0479523,0.460717,0.684073,2.32885
124.133877551,0.16633,0.228163,0.0228795,2.7327,0,0.204565,1.67803,0.734457,0.0438821,0.426664,0.573137,2.09959
124.180317460,0.532639,0.133761,0.240562,2.44489,0.0427471,0.0785087,1.46437,0.72089,0.0649336,0.740738,0.593192,1.84668
124.226757370,0.616009,0,0.107191,2.82731,0.177047,0.0710014,1.22153,0.38063,0.0924863,0.782907,0.531678,2.06837
124.273197279,0.420278,0,0.043335,3.07881,0.083219,0.12332,1.01924,0.471902,0.0816143,0.443383,0.446336,2.44711
124.319637188,0.224714,0.0219213,0.0013608,3.23369,0.0285029,0.242934,0.873965,1.30972,0.043058,0.0877348,0.21769,2.68915
124.366077098,0.550307,0.181564,0,2.86735,0,0.500732,0.720084,1.62216,0.496577,0.0501382,0.00116334,2.26315
124.412517007,0.911846,0.933983,0.0920735,2.53566,0.0521702,0.511228,0.645919,1.4649,0.681307,0.0619666,0.017849,1.77667
124.458956916,0.452482,1.78172,0.243816,2.26279,0.120911,0.478544,0.463233,1.3856,0.358103,0.00577139,0.222164,1.49444
124.505396825,0.0923475,2.29309,0.252227,1.27012,0.408806,0.336186,0.976229,1.10523,0.209355,0.0447196,1.03328,0.814773
124.551836735,0.0447408,2.28673,0.232362,0.417247,0.459528,0.279534,1.91514,0.369079,0.512554,0.202119,1.4826,0.459727
124.598276644,0.0725733,2.28673,0.131194,0.112155,0.432381,0.298391,2.58123,0.15161,0.791194,0.125421,1.49409,0.468853
124.644716553,0.0471968,2.40956,0.0964086,0.04633,0.266545,0.185651,3.21055,0.016952,0.821651,0.0844512,1.5939,0.667058
124.691156463,0,2.6992,0.145059,0.128784,0.302638,0.161311,3.44489,0.0558258,0.683581,0.0720576,1.29407,0.62891
124.737596372,0.0672163,3.06353,0.189652,0.139452,0.0272242,0.206093,3.43121,0.0457507,0.522547,8.33611e-05,0.861482,0.287052
124.784036281,0.39327,3.19586,0.00359226,0.798178,0.064001,0.658546,2.53716,0.0504617,0.444014,0,0.315481,0.555637
124.830476190,0.565667,2.97441,0.00181651,1.05607,0.101236,0.800583,1.51301,0.0515191,0.437374,0,0.609883,0.8362
124.876916100,0.762038,2.41385,0.0186498,1.12815,0.0882114,0.891329,1.06782,0.0369048,0.61555,0.000451319,1.19712,0.812756
124.923356009,1.10364,1.66649,0.00045758,1.09786,0.121239,0.74157,1.53206,0.0274079,0.782835,0,1.71345,0.650873
124.969795918,0.873464,2.2074,0,0.520208,0.224236,0.434169,2.04397,0.0071594,0.506885,0.0697051,1.93277,0.401641
125.016235828,1.03221,2.7282,0,0.144296,0.376072,0.357205,1.87969,0.0573403,0.411022,0.0759544,1.66458,0.467368
125.062675737,0.674741,2.83889,0.000916079,0.142661,0.274116,0.834581,2.40624,0.0118423,0.182891,0,1.41556,0.148426
125.109115646,0.231363,3.05489,0.0689951,0.170772,0.2327,0.92209,1.80217,0.0487482,0.347413,0,1.68074,0.158066
125.155555556,0.153875,3.13731,0.149122,0.171896,0.249277,0.823149,1.78591,0.0552974,0.314001,0.0329755,1.77312,0.387573
125.201995465,0.0634029,2.89482,0.214657,0.110509,0.413185,0.786874,1.94034,0.0519472,0.218437,0.0326397,1.98321,0.401938
125.248435374,0.0987408,2.63245,0.137877,0.137826,0.385001,0.555811,2.69097,0.036642,0.18252,0.0435273,1.94484,0.15101
125.294875283,0.117941,2.71126,0.114253,0.168757,0.455713,0.578883,2.97368,0.0191731,0.0690895,0.0493866,1.86298,0.0753061
125.341315193,0.0118895,2.79314,0.144801,0.192123,0.571261,0.280536,2.78377,0.195737,0.114454,0.0485056,2.03606,0.191893
125.387755102,0.0541182,2.99403,0.0405333,0.364002,0.342211,0.382167,2.32216,0.139198,0.302283,0.088741,2.13025,0.263946
125.434195011,0.351684,2.44934,0.00663383,1.07712,0.0311129,0.475636,1.99855,0.0448998,0.560409,0.109344,2.2352,0.224826
125.480634921,0.947296,1.25544,0.00472622,1.65886,0,0.47316,1.802,0.153375,0.478525,0.220251,2.01366,0.365238
125.527074830,1.08313,0.629083,0.00405934,2.72782,0,0.414025,1.95049,0.34999,0.151793,0.200486,1.78442,0.286019
125.573514739,0.587267,0.742361,0.00604358,3.04527,0,0.363233,2.52249,0.207433,0.0057448,0.107223,1.80395,0.224265
125.619954649,0.17521,1.31126,0.0387113,2.51325,0.0946516,0.242408,2.93103,0.147934,0.0421453,0.135702,1.86702,0.235121
125.666394558,0.135886,1.90297,0.111878,0.826288,2.08176,0.094579,2.20308,0.173786,0.121975,0.0943367,2.4936,0
125.712834467,0.140418,2.13878,0.0990322,0.00559249,3.19858,0.101472,1.63798,0.116276,0.31966,0.0383732,2.46287,0.00760966
125.759274376,0.154637,1.94496,0.0360649,0.00303122,3.44522,0.164853,1.45164,0.103167,0.333964,0.0408092,2.35039,0.225366
125.805714286,0.180719,0.983429,0.00742262,0.0224046,3.52438,0.142894,1.65001,0.135718,0.202006,0.0525846,1.9675,0.638463
125.852154195,0.196699,0.957109,0.00786315,0.117197,3.39431,0.15148,1.81202,0.0640739,0.0407799,0.137376,1.6702,0.887153
125.898594104,0.174444,1.32933,0.0911903,0.170652,3.12586,0.263469,2.13736,0.0222993,0.0622609,0.19233,1.63893,0.911353
125.945034014,0.0618627,1.31084,0.103299,0.736525,2.24358,0.381387,2.25779,0.056068,0.302255,0.1891,1.73976,0.839167
125.991473923,0,1.14346,0.00744363,1.8616,0.697877,0.537718,2.38444,0.133811,0.468442,0.129005,1.86936,0.779472
126.037913832,0,1.21258,0.00668949,2.47304,0.0938016,0.592324,2.31951,0.0807765,0.17777,0.0676098,2.25194,0.519135
126.084353741,0.451284,0.95472,0.00533206,2.3978,0.0486154,0.836036,1.96094,0.0905573,0.369843,0.0833401,2.07165,0.383663
126.130793651,0.872211,0.743607,0.00742223,2.30648,0.00283438,0.714774,1.52158,0.0815713,0.356491,0.074792,1.52342,0.455629
126.177233560,0.977132,0.524631,0.158262,2.35574,0.059399,0.573425,1.54738,0.253355,0.094839,0.0473128,1.2898,0.580304
126.223673469,0.880816,0.258807,0.346385,1.97797,0.253722,0.0710693,2.33141,0.241748,0.0625812,0.0974677,1.28891,0.517107
126.270113379,0.781446,0.685041,0.798135,1.17924,0.276418,0.16795,2.73649,0.0265036,0.00408209,0.109288,1.54649,0.525961
126.316553288,0.637453,1.51485,0.590584,0.228855,0.0882749,0.34298,3.11572,0.038807,0.343256,0.047803,1.58945,0.324562
126.362993197,0.420225,2.31462,0.162458,0.132992,0.0924518,0.69725,2.80339,0.0487837,0.594165,0.00466616,1.51615,0.279951
126.409433107,0.378971,2.64225,0.169627,0.073693,0.294236,0.637448,2.7544,0.062072,0.737705,0,1.2631,0.255675
126.455873016,0.524726,2.61073,0.112547,0.116302,0.220578,0.608928,3.03761,0.0556935,0.718825,0.0192195,0.798562,0.239711
126.502312925,0.499614,2.56272,0.0548102,0.152147,0.0733825,0.45975,3.4606,0.0330827,0.581441,0.081809,0.854523,0.304677
126.548752834,0.503091,2.44656,0.0458699,0.158052,0,0.171973,3.58359,0,0.374939,0.486927,0.92145,0.421127
126.595192744,0.525895,2.28263,0.185357,0.155117,0,0.129992,3.34065,0.0731932,0.0929309,0.86665,0.825588,0.449449
126.641632653,0.689689,1.7571,0.29815,0.102231,0.336395,0.199233,2.96838,0.353676,0.0731203,1.04752,1.22634,0.358316
126.688072562,0.546653,1.21258,0.60012,0.0383568,0.615794,0.253922,2.73219,0.245946,0.234981,0.700776,1.69922,0.598413
126.734512472,1.05097,0.494023,0.696844,0.0257552,0.238717,0.239542,2.65754,0.0726077,0.861726,0.264578,1.37812,0.713726
126.780952381,1.49834,0.337253,0.432029,0.0750468,0.151836,0.280255,2.74959,0.333655,0.857508,0.275292,0.712817,0.77388
126.827392290,1.6124,0.63327,0.399696,0.0472322,0.210547,0.278674,3.258,0.0767923,0.452214,0.22182,0.524513,0.723636
126.873832200,0.973213,1.2808,0.159794,0.0721748,0.3457,0.325485,3.48756,0.46637,0.0265432,0.137957,0.418413,0.267523
126.920272109,0.244187,1.79061,0.293646,0.0988541,0.38088,0.0344771,3.44514,0.792964,0.193577,0.173879,1.02908,0.0986459
126.966712018,0.105251,1.4463,0.439509,0.0992664,0.647471,0.0312183,3.64562,0.781933,0.337091,0.21301,1.69672,3.6446e-05
127.013151927,0.14787,1.46849,0.318226,0.0113961,1.00432,0.0313431,3.70943,0.00143535,0.376604,0.175596,2.00715,0.513195
127.059591837,0.139608,1.53997,0.142071,0.0469497,1.04351,0.0299928,3.20393,0.018829,0.640811,0.0580183,1.84911,1.36064
127.106031746,0.0846603,1.18333,0.321487,0.119086,0.911973,0.304459,2.85431,0.0703317,0.587118,0.0444922,1.3237,1.9642
127.152471655,0.0235425,0.257127,0.889188,0.227835,0.662475,0.550618,2.6623,0.172416,0.644101,0.0537391,0.918838,2.40725
127.198911565,0.0144672,0.124403,0.620096,1.02146,0.510388,0.447901,1.78789,0.0236345,0.967721,0.0452306,0.778776,2.62034
127.245351474,0.0351365,0.326364,0.0431815,1.66255,0.620171,0.332857,1.33819,0.493462,0.928018,0.12885,0.601964,2.42975
127.291791383,0.0264537,0.290002,0.06309,1.72616,0.556795,0.00788713,1.29025,0.719007,0.874402,0.3705,0.694703,2.22655
127.338231293,0,0.381957,0.146722,1.91751,0.176534,0,1.22148,0.78065,0.426169,0.311607,0.828488,2.28013
127.384671202,0.0336723,0.455517,0.75171,1.58188,0.020207,0,1.14506,0.229156,0.0519258,0.406857,0.741017,2.0885
127.431111111,0.0212567,0.497361,1.0279,1.30684,0.00169941,0.00506699,0.863093,0.242517,0.203075,0.591294,0.601105,1.84184
127.477551020,0.0742864,0.741947,0.948049,0.95496,0.00596652,0.0215757,0.577471,1.19055,0.16244,0.549957,0.597069,2.01357
127.523990930,0.397822,0.347171,0.918842,0.414425,0,0.0207928,0.582678,1.43827,0.269581,0.386976,0.401765,2.18357
127.570430839,0.40188,0.0639081,0.966884,0.439774,0.13545,0.0310266,0.447766,1.03834,0.412763,0.372004,0.230615,2.2574
127.616870748,0.211711,0.0746495,0.803508,0.381473,0.861384,0.0384113,0.378229,0.902145,0.539378,0.399072,0.12228,2.38772
127.663310658,0.0161386,0.213515,0.96664,0.236522,1.88302,0.0119763,0.890301,0.427257,0.36143,0.139942,0.00973336,2.63284
127.709750567,0.279258,0.0881238,0.837223,0.143583,2.27328,0.278668,1.06331,0.0745166,0.902018,0.0433363,0,2.7684
127.756190476,0.440336,0.153234,0.555216,0.200469,1.96987,0.234766,1.11033,0,1.17599,0.0745058,0.123448,3.10382
127.802630385,0.367128,0.197084,0.385336,0.298222,2.06246,0.17738,1.03585,0.00259222,1.30042,0.0518098,0.265988,3.27362
127.849070295,0,0.0791564,0.31152,0.387658,2.17465,0.333871,0.595418,0.297341,1.42095,0.0459392,0.14,2.99086
127.895510204,4.33392e-05,0.0727618,0.490086,0.397707,1.74486,0.570266,0.645414,0.348777,1.47093,0.311483,0.157945,2.8143
127.941950113,0,0.246629,0.419187,0.324584,1.40153,0.530634,0.91375,0.316648,1.36441,0.421265,0.442958,2.77987
127.988390023,0.263441,0.551885,0.176445,0.234824,1.21509,0.505266,1.3096,0.503907,1.00854,0.0195904,0,2.67837
128.034829932,0.430227,0.296848,0.0138121,0.721418,0.580227,0.312695,1.36441,0.890734,0.562536,0.00632264,0,2.88084
128.081269841,0.438661,0.468582,0.00626891,1.02783,0.263454,0.395564,0.980094,1.14973,0.5681,0.220572,0,2.83909
128.127709751,1.00343,0.282352,0.0239704,1.12281,0.0950702,0.085211,1.12554,1.17045,0.421902,0.54483,0,2.38745
128.174149660,0.77724,0.217964,0.0496042,0.644307,0.322826,0.628053,0.955815,1.26132,0.663908,0.213026,0.0730725,2.15611
128.220589569,0.286358,0.184772,0.318788,0.183989,0.485378,0.837715,0.830804,1.4836,0.328266,0.282189,0.0470818,1.86378
128.267029478,0,0.502605,0.371609,0.137325,0.515227,0.711319,1.0734,2.01111,0.296349,0.558867,0.130819,1.51119
128.313469388,0,0.601961,0.344278,0.108745,1.00118,0.400343,1.01791,2.0422,0.384388,0.846167,0.151859,1.37466
128.359909297,0,0.636068,0.34866,0.110434,1.83831,0,0.710058,1.80701,0.459881,1.14842,0.10534,1.09842
128.406349206,0,0.611208,0.638876,0.119471,2.26713,0,0.636496,1.28109,0.583969,1.25685,0.162282,0.853742
128.452789116,0,0.656959,0.516132,0.144712,2.87908,0,0.455791,1.32034,0.363433,1.26382,0.270796,0.642535
128.499229025,0.198288,0.534864,0.135237,0.189968,3.09959,0,0.334009,1.10277,0.210115,1.3945,0.432993,0.622967
128.545668934,0.225539,0.561665,0.159014,0.201099,2.86605,0.0683347,0.385777,1.21686,0.0755751,1.26492,0.689846,0.563302
128.592108844,0.0683528,0.835141,0.00536622,0.226217,2.62277,0.11999,0.251254,1.8075,0.0847798,1.04726,0.846811,0.842052
128.638548753,0.0624466,0.950936,0.00306053,0.427752,1.93948,0.141106,0.0467496,1.70102,0.0327804,0.890699,1.1458,1.08283
128.684988662,0.000741959,0.815853,0.0736297,0.839965,1.25208,0.391523,0.236139,0.759837,0.507554,0.715455,0.879629,2.13016
128.731428571,0.013101,0.33403,0.0573162,0.788536,1.10203,0.397172,0.333941,0.261786,0.706838,0.537814,0.645937,2.90848
128.777868481,0.107756,0.189423,0.00406209,0.707209,1.14423,0.15905,0.958368,0.136353,0.972986,0.438836,0.308982,3.25685
128.824308390,0.304943,0.109035,0.0131867,0.626916,1.51882,0.00616783,1.25435,0.379542,0.782115,0.0128263,0.241262,3.21142
128.870748299,0.262486,0.00137803,0.0214412,0.461003,1.28432,0.00712406,1.48626,0.674148,0.318946,0.0579876,0.512614,3.18171
128.917188209,0.0915279,0.0840274,0.475722,0.428589,1.08252,0.0563952,1.41714,0.520777,0.0843224,0.00183567,0.27481,3.19425
128.963628118,0.567851,0.150822,0.893758,0.624692,0.781074,0.0342797,1.5127,0.141048,0.148066,0.00229766,0.0161402,3.06047
129.010068027,0.644901,0.142506,0.571499,0.629138,0.804575,0.00990634,1.72761,0.0937774,0.246994,0.0506286,0,2.68616
129.056507937,0.225703,0.153433,0.0380657,0.686746,0.84745,0.129392,1.66766,0.304289,0.302333,0.0337695,0.0950875,2.82012
129.102947846,0.145476,0.138608,0.00844588,0.84844,0.703746,0.269313,1.44345,0.315702,0.418686,0.19626,0.205459,2.84284
129.149387755,0.0986592,0.305865,0.0306335,1.1769,0.469145,0.0928732,1.59921,0.00804265,0.724474,0.237712,0.118388,2.76766
129.195827664,0.0936887,0.296991,0.0567447,1.02019,0.74241,0.0208234,1.94802,0.1328,0.837037,0.12804,0.0860163,2.81932
129.242267574,0.0335095,0.270016,0.293768,1.01543,0.197021,0.00812785,1.89362,0.420378,0.835381,0.103886,0.31204,2.99563
129.288707483,0.800933,0.00124419,0.181703,1.07859,0.218753,0.219544,1.79199,1.01372,0.54165,0.205057,0.549181,2.80982
129.335147392,0.899706,0.00164554,0.0767216,1.24837,0.0345898,0.602608,1.53643,1.12595,0.0639216,0.872607,0.420581,2.17266
129.381587302,1.29452,0.000502133,0.125086,0.9007,0.00374083,1.01579,1.28453,1.17462,0.0825648,1.26885,0.229928,1.45229
129.428027211,1.51962,0,0.446345,0.560204,0.0025807,0.925067,1.32317,1.32018,0.0820504,1.43145,0.0649115,0.865717
129.474467120,1.54467,0.000706731,1.38654,0.448494,0.0336252,0.746034,1.20169,1.15958,0.121354,1.35039,0.197532,0.784739
129.520907029,1.37477,0.00272545,1.74789,0.598866,0.427053,1.09645,1.11247,1.28138,0.022475,0.995384,0.522927,0.372766
129.567346939,1.59479,0.00252925,1.06919,0.31803,0.649323,1.43572,1.39118,1.48447,0.0153236,1.04367,1.18025,0.0210564
129.613786848,1.6056,0.0694174,0.841615,0.0120921,0.591536,1.6721,1.51324,1.17022,0.0780937,0.968115,1.4412,4.22272e-05
129.660226757,1.29398,0.278809,0.609504,0.00823835,0.564887,1.39596,1.50784,0.665308,0.0667839,0.724083,1.57902,0.150765
129.706666667,0.837304,0.617658,0.511259,0.491852,0.831439,1.13699,1.28324,0.559429,0.0783648,0.0750647,1.74705,0.279512
129.753106576,0.416619,1.10188,0.52184,1.19686,1.00123,0.6503,1.26922,0.645983,0.0622535,0.10157,1.53693,0.744917
129.799546485,0.171094,1.25951,0.680041,1.44827,1.10186,0.0132456,1.3356,0.643424,0.0775739,0.0937785,0.939378,0.772075
129.845986395,0.175906,0.923526,0.52911,1.13629,1.0062,0.0202717,1.79992,0.796864,0.428398,0.340036,0.706832,0.997023
129.892426304,0.0564281,0.903444,0.268909,1.07508,0.835947,0.39851,1.76814,0.938286,0.416067,0.455423,0.822261,1.10854
129.938866213,0.0129526,0.821981,0.64433,1.21978,0.456724,0.452691,1.22173,1.0697,0.2306,0.181959,0.982719,1.37141
129.985306122,0.045945,0.887587,1.14885,1.07377,0.128896,0.0995215,0.801455,0.945579,0.220669,0.572269,1.10681,0.837994
130.031746032,1.02906,0.806219,1.50868,0.867316,0.0161347,0.00199702,0.789233,1.35282,0.259817,0.957431,0.935541,0.170576
130.078185941,1.67394,0.6063,1.32756,0.317266,0.0109403,0.0145398,0.727648,1.75934,0.274843,1.00881,0.760034,0.000169706
130.124625850,1.8795,0.55885,0.90797,0.201637,0.122946,0.0410718,0.480111,1.69453,0.261806,0.75875,0.488331,0
130.171065760,1.01532,0.935531,0.487449,0.00343498,1.31603,0.0527502,0.157039,1.41046,0.49772,0.778391,0.181033,0.0835377
130.217505669,0.364375,0.911541,0.292075,0.097934,2.32306,0.0491088,0.380855,0.991588,0.556656,0.771301,0.119627,0.555984
130.263945578,0.727059,0.541957,0.485618,0.0450964,2.50268,0,0.90576,0.398721,1.1547,0.63929,0.10886,1.17845
130.310385488,0.767866,0.0882362,0.757863,0.00905509,2.56218,0.000845167,1.03838,0.252663,1.74032,0.326957,0.00284821,2.22195
130.356825397,0.383267,0,0.559916,0.0246763,2.03551,0.00100678,0.774498,0.0076613,2.55668,0.0466221,0.0374267,3.21475
130.403265306,0.0747905,0.0292221,0.356204,0.0804392,2.79234,0.0240376,0.56189,0.300201,2.59642,0.00106628,0.0413307,3.09473
130.449705215,0.333013,0.279326,0.383754,0.0119791,3.24923,0.0233435,0.200556,0.608112,2.58164,0.00701444,0.0167837,2.23352
130.496145125,0.413993,0.268515,0.484858,0.00585844,3.03295,0.0360454,0.268569,0.468351,2.53419,0.00829348,0.0270161,1.61542
130.542585034,0.227234,0.269526,0.353652,0.0128528,3.10455,0.0637739,0.474396,0.179077,2.09591,0.0104952,0.0483635,1.909
130.589024943,0.67049,0.542233,0.135084,0.0103306,2.39438,0.0862994,0.86669,0.32587,1.13914,0.79331,0.00191706,1.84451
130.635464853,0.599439,0.5348,0.0161357,0.542484,1.42799,0.169068,0.944388,0.862336,0.950262,0.710242,0.197599,1.60775
130.681904762,0.519652,0.457675,0.0634552,0.672843,0.888586,0.331148,0.832648,1.13234,0.925239,0.635146,0.206526,1.54774
130.728344671,0.620787,0.434698,0.22175,0.036993,1.13424,0.44506,0.599642,1.31133,1.14801,0.31011,0.0468019,1.19732
130.774784580,0.495044,0.829129,0.271373,0.0391746,1.16036,0.609692,0.512986,1.44409,0.381244,0.521846,0.0203498,0.344266
130.821224490,0.0772115,1.33037,0.138262,0.0337889,1.09176,0.796273,0.472799,2.08073,0.128445,0.584121,0.079598,0.410386
130.867664399,0.0430853,1.58188,0.0370518,0.102878,1.55573,0.664793,0.157807,2.43285,0.121426,0.949267,0.163057,0.484609
130.914104308,0.0431892,2.0101,0.0233344,0.0822722,1.93445,0.602753,0.054794,2.40207,0.190047,1.76606,0.219093,0.0715361
130.960544218,0.0130526,2.27199,0.161854,0.0662046,2.22778,0.102091,0.093293,1.91822,0.218497,2.23958,0.122236,0.0179083
131.006984127,0.0323301,2.19236,0.254678,0.0315041,2.67643,0.0202607,0.173884,1.32415,0.21966,2.35628,0.00140997,0.20807
131.053424036,0.0954007,2.40226,0.193398,0.0188971,2.82797,0.102747,0.0537668,1.0085,0.156698,2.40696,0.0974053,0.504592
131.099863946,0.260941,2.32185,0.060546,0.0335542,2.33134,0.198407,0.0214139,1.00073,0.103457,2.58612,0.211164,0.744739
131.146303855,0.31406,2.2238,0.0926981,0.0455343,2.06547,0.511032,0.0200188,1.42441,0.116973,2.40311,0.471886,0.764021
131.192743764,0.181839,1.98838,0.13756,0.0546551,1.85195,0.645872,0.00422213,1.4962,0.130041,2.27995,0.65071,0.455952
131.239183673,0.658496,0.966203,0.507142,0.471177,1.42123,0.186268,0.311397,0.915403,0.0913768,2.05595,1.21348,0.0270527
131.285623583,0.796315,0.261929,1.15008,0.232834,1.12631,0.00301818,0.757347,0.457662,0.301727,1.56924,1.25534,0.892705
131.332063492,0.643462,0.036007,0.976616,0.00748907,1.51547,0,1.39066,0.879625,0.465707,0.639675,0.774259,1.64937
131.378503401,0.483071,0.322333,0.935201,0.00864505,1.70522,0.0173053,1.53952,0.997458,0.601932,0.293558,0.18566,2.31608
131.424943311,0.388185,0.0029336,0.780958,0.0366148,1.80842,0.0196295,1.61826,0.57225,1.01305,0.00915587,0.36384,2.47585
131.471383220,0.247575,0.191592,1.50364,0.188205,1.27444,0.0455129,1.81154,0.195714,1.21707,0.00032697,0.629718,2.15624
131.517823129,0.238162,0.62284,1.3957,0.588352,1.0601,0.0312928,1.70077,0.621631,0.659433,0.162946,0.353815,2.21011
131.564263039,0.316212,0.731753,1.18063,0.70235,0.669852,0.0411417,1.33232,1.02322,0.313864,0.0153764,0.154032,2.49577
131.610702948,0.739719,0.492029,0.750645,0.886689,0.385161,0.0615522,1.2321,0.930644,0.631049,0.0321433,0.187524,2.44914
131.657142857,0.815281,0.954386,0.103055,1.00286,0.400206,0.00643858,1.23472,0.883896,0.828556,0.278918,0.185969,2.46338
131.703582766,0.490327,1.06447,0.0395,1.03642,0.528097,0.0210924,1.72021,0.759019,0.746441,0.362601,0.0565872,2.88777
131.750022676,0.0173258,1.41171,0.0390442,1.27518,0.889547,0.29116,1.98816,0.507869,0.263078,0.124359,0.107632,2.74759
131.796462585,0.014754,1.2799,0.0999876,1.51703,0.826842,0.518517,1.74668,0.355808,0.0538153,0.0374248,0.538275,2.97269
131.842902494,0.902999,0.328838,0.0707802,1.60909,0.0457993,0.89951,2.08204,0.180018,0.367912,0.087769,0.532875,2.34569
131.889342404,1.61328,0.140447,0.0136495,1.48418,0.0132641,0.728257,1.75854,0.406226,0.475497,0.11914,0.313709,2.03984
131.935782313,1.84265,0.0298568,0.0312737,1.25008,0.126994,0.771622,1.12332,0.843416,0.372466,0.215801,1.05431e-05,1.87624
131.982222222,2.24601,0.0316,0.0595895,0.85618,0.229965,0.885575,0.26229,0.972818,0.462342,0.241618,0.0308326,1.21035
132.028662132,2.50987,0.221472,0.125963,0.651069,0.238707,0.893847,0.198969,1.36812,0.403743,0.485344,0.00551273,0.688347
132.075102041,2.54271,0.0950061,0.434938,0.464891,0,1.08124,0.607604,1.67977,0.316026,0.627979,0.277622,0.344314
132.121541950,2.14171,0.00147287,0.632527,0.151275,0.34403,1.46512,0.918312,2.19889,0.575785,0.295698,0.937654,0.360044
132.167981859,1.92307,0,0.0660255,0.306226,0.844541,1.44329,1.16933,2.50131,0.405527,0.147912,0.477951,0.38826
132.214421769,1.52082,0.00252057,0.0566946,0.219927,1.05748,0.822887,1.20424,2.48303,0.289103,0.0755311,0.96605,0.507551
132.260861678,1.06747,0.0911499,0.0479289,0.245541,1.42443,0.392202,1.25834,2.10072,0.547574,0.119668,1.4092,0.716241
132.307301587,0.281299,0.202068,0.00320108,0.664365,1.48898,0.292428,1.42273,1.35871,0.576717,0.674363,1.43562,1.07241
132.353741497,0.0580457,1.01947,0.00306797,1.19112,1.19543,0.0124376,1.11481,1.28698,0.572896,0.584616,1.1562,1.14588
132.400181406,0.367263,1.3957,0.00154998,1.12734,0.891868,0.00558458,0.817768,1.40122,0.338915,0.305913,0.921081,0.781201
132.446621315,0.282069,1.52768,0.0214854,1.04828,0.363147,0.148818,0.68255,1.64443,0,0.40118,0.723695,0.733032
132.493061224,0.0513357,1.22943,0.151031,1.15629,0.113648,0.5128,0.915479,1.44503,0,0.21557,0.664933,0.815504
132.539501134,0.126644,0.608884,0.912619,0.876436,0.0375661,0.353909,0.96125,1.4462,0.116648,0.0727221,0.92018,0.810923
132.585941043,0.463018,0.370412,1.47854,0.714868,0.0572298,0.00405411,1.03813,1.78811,0.326533,0.116238,1.24598,0
132.632380952,1.0252,0.763144,1.32483,0.232921,0.0672014,0.00375276,0.914626,1.86354,0.310926,0.10237,1.14272,0
132.678820862,1.46719,1.26405,0.762345,0.0165455,0.0147254,0,1.01076,2.24806,0.0721321,0.0316673,0.997896,0.134996
132.725260771,1.73329,1.16643,0.604003,0.0162149,0,0,1.96907,1.51443,0.0737399,0.497774,0.986953,0.426137
132.771700680,1.32549,1.20635,1.25732,0.0209535,0.370677,0,2.07631,0.847674,0.246148,0.715591,0.763902,0.73495
132.818140590,1.07492,0.46416,1.3381,0.0103594,0.743682,0.0315788,1.50006,0.597919,0.685927,0.650487,0.330915,0.990914
132.864580499,0.750327,0.152789,1.12206,0,1.21299,0.0518083,1.19481,0.0136947,1.54213,0.660049,0,1.04739
132.911020408,0.611974,0.0990761,0.592247,0,1.429,0.396874,1.54154,0.0521582,1.62896,0.904912,0,1.32051
132.957460317,0.563828,0.0752913,0.175654,0.463567,1.67246,0.202402,2.15526,0.0945376,1.56537,0.956138,0.108475,1.32736
133.003900227,0.244056,0.00442638,0.104485,0.489776,2.33577,0.409951,2.02995,0.180784,1.54927,0.264145,0.20843,1.84202
133.050340136,0,0.423926,0.000936803,0.120642,2.43193,0.806483,1.32342,0.232981,1.56995,0.0939181,0.224673,2.10161
133.096780045,6.20113e-05,0.750276,0.122276,0.0968021,1.83698,0.769989,0.843774,0.22825,1.24383,0.185874,0.20425,2.26401
133.143219955,0.650815,0.906612,0.129728,0.571662,1.19946,1.11955,1.46103,0.668564,0.943773,0.143717,0.0621595,1.30782
133.189659864,1.26368,0.29971,0.00501864,0.938987,0.700882,0.785255,1.92085,0.355497,0.674876,0.195324,0.0633158,1.12335
133.236099773,1.70607,0.211292,0.00567181,0.945341,0.284577,0.0152773,2.16996,0.291909,0.637649,0.316067,0.248893,1.10937
133.282539683,1.75185,0.149049,0.00468149,0.813054,0.14683,0.0259717,1.93033,0.642821,0.72894,0.385586,0.25749,0.971506
133.328979592,1.82129,0.244932,0.00449696,0.859451,0.457023,0.645664,1.16693,1.03676,0.815423,0.111263,0.152675,0.532948
133.375419501,1.13164,0.839038,0.00357736,0.347661,0.652961,0.719934,0.315481,1.4832,1.32567,0.0252184,0.125438,0.037597
133.421859410,0.412943,1.53527,0.114529,0.616139,0.759717,0.781619,0.106745,1.84758,1.54385,0,0.0226352,0.0602533
133.468299320,0.562719,1.59101,0.198915,0.798366,0.954521,0.538941,0.0325438,1.93426,1.76683,0.291553,0.00071577,0.109289
133.514739229,0.489658,1.56617,0.227179,0.744516,1.32672,0.00662299,0.106962,1.93696,2.02819,1.35768,0,0
133.561179138,0.414759,1.88294,0.227503,0.71197,1.72786,0,0.644312,1.0733,1.82631,1.85144,0,0
133.607619048,0.441481,1.76302,0.304074,0.702575,1.86068,0.00230665,0.981271,0.24123,1.9553,1.74465,0,0
133.654058957,0.35518,1.51342,0.496411,0.681535,1.72036,0.491768,0.657174,0.101631,2.10761,1.68061,0.0300585,0
133.700498866,0.287949,1.68257,0.352857,0.580027,1.98334,0.689568,0.030368,0.319359,1.7919,1.66752,0.195456,0.00946099
133.746938776,0.266113,1.80779,0.218061,0.219138,1.84209,0.844395,0.0287804,0.705885,1.24178,1.88897,0.291322,0.151372
133.793378685,0.238621,2.26282,0.0485054,0.0827846,0.932859,0.919046,0.778118,1.10363,0.159184,2.11679,0.226736,0.0940729
133.839818594,0.0476952,1.80289,0.217767,0.303552,0.545167,0.716088,1.24017,1.17782,0.100457,2.04646,0.137814,0.186456
133.886258503,0.359056,1.17782,0.394291,0.270888,0.543393,0.40407,0.984029,0.874595,0.0376549,1.68725,0.346677,0.483893
133.932698413,0.419885,1.05395,0.21225,0.0138952,0.779454,0.124156,1.14179,1.12261,0.0047621,1.2467,0.625094,0.61282
133.979138322,0.53004,0.927819,0.0737382,0.0106155,1.55287,0.00826404,1.69056,0.989806,0.119261,0.413816,1.03633,0.726788
134.025578231,0.439311,0.70159,0.122696,0.0161556,1.94145,0,1.69505,0.791325,0.259351,0.00218063,0.758894,1.65843
134.072018141,0.210639,1.16766,0.541103,0.0153493,1.69477,0.0133791,1.67902,0.638571,0.111421,0,0.406281,1.85601
134.118458050,0.0277343,1.26863,0.443686,1.09791,1.33679,0.148083,1.81031,0.362433,0,0,0.266853,1.7685
134.164897959,0.107681,1.17076,0.070709,1.82534,1.03829,0.512084,1.74741,0.236141,0.0136752,0.342304,0.156965,1.8538
134.211337868,0.146008,0.733044,0.111627,1.96374,0.836,0.770426,1.37414,0.297229,0.201102,0.287717,0.2022,1.8749
134.257777778,0.166127,0.196295,0.137803,1.82854,0.677532,0.609174,1.009,0.538936,0.39808,0.00919043,0.364127,2.15723
134.304217687,0.107834,0.298905,0.151966,1.80204,0.756856,0.228172,1.12604,0.279133,0.375703,0,0.379706,2.48137
134.350657596,0.0256843,0.484952,0.244778,1.69054,0.772887,0.111367,1.17998,0.118763,0.9068,0.00913997,0.266574,2.911
134.397097506,0,0.544083,0.223898,1.89243,0.37909,0.290688,1.13637,0.216338,0.948542,0,0.288369,3.24456
134.443537415,0.486708,0.768798,0.0380318,1.59875,0.445648,0.307484,1.54557,0.503273,0.360943,0,0.703475,1.55125
134.489977324,0.847526,0.810519,0.005863,1.11062,0.599231,0.270441,1.0456,1.15593,0.362552,0.0698438,0.772185,1.1761
134.536417234,0.839195,1.14921,0.0264858,0.720396,0.394786,0.553513,0.659841,1.22573,0.235461,0.134737,0.712655,0.833041
134.582857143,0.745465,1.04718,0.00667649,0.655943,0.139334,0.803662,1.20579,1.22211,0.124745,0.135736,0.660502,0.533956
134.629297052,0.470769,1.09649,0.0567295,0.398832,0.148035,0.794581,1.47626,1.16996,0.114695,0.356807,0.954436,0.525362
134.675736961,0.650149,0.98506,0.598478,0.0370069,0.734784,0.963523,1.69239,0.807564,0.103216,0.421665,1.36142,0.161142
134.722176871,0.990176,1.03156,0.322802,0.12067,0.918924,0.922144,1.57748,1.06878,0.0953982,0.372024,1.74475,0.157242
134.768616780,1.27549,1.13494,0.0617929,0.465025,0.811007,0.979292,1.76171,1.18769,0.0922691,0.199898,1.86119,0.135854
134.815056689,1.50809,1.1726,0.143742,0.756847,0.46708,0.40641,1.76711,1.02321,0.098386,0.0328676,1.92108,0
134.861496599,0.984532,1.08277,0.166625,1.35781,0.574805,0,1.45772,0.845549,0.0965173,0.0534335,1.67121,0.589691
134.907936508,0.265694,0.88082,0.235393,1.24248,0.590643,0.0361419,1.20951,0.549157,0.114561,0.594335,1.52847,1.42905
134.954376417,0.17297,1.76511,0.137785,1.47094,0.869019,0.00368607,0.840497,0.699073,0.0815814,0.74629,1.27555,1.59563
135.000816327,0.0717585,1.9268,0.152956,1.59885,1.07906,0.153997,0.912468,0.955801,0.0689909,0.498742,1.19412,1.06213
135.047256236,0.392055,1.71195,0.102396,1.28118,0.935415,0.344546,1.26391,0.891845,0.0875276,0.286599,1.01741,0.93972
135.093696145,0.569525,1.13495,0.232187,0.590151,0.545536,0.395371,1.58695,0.776909,0.0973882,0.292023,0.914439,0.710348
135.140136054,0.971239,1.07017,1.36017,0.787893,0.0934081,0.0991779,1.37567,0.386315,0.110668,0.226343,0.764928,0.353158
135.186575964,0.863346,0.845123,1.96956,0.712749,0.0933656,0.0490916,0.87692,0.592562,0.454315,0.0611712,1.15962,0.0987143
135.233015873,0.48525,0.584371,1.95507,1.40345,0.0330564,0,0.759703,1.06907,0.649235,0.00797687,1.12604,0.162191
135.279455782,0.754236,0.409521,1.3743,2.15194,0.0110045,0,0.277595,1.64579,0.364308,0.00107214,1.10528,0.390937
135.325895692,0.871458,0.100683,0.87819,2.60801,0.120898,0.0449825,0.00291023,1.86425,0.0732151,0,0.994413,0.932534
135.372335601,0.634337,0.0394806,0.805376,2.19971,0.551692,0.131242,0.023977,1.30194,0.485673,0.142127,0.317989,1.37159
135.418775510,0.543591,0.119492,0.456602,1.49005,0.920128,0.0831198,0.174436,0.526153,1.21389,0.0583764,0.131824,1.60388
135.465215420,0.68643,0.317921,0.184626,1.43615,1.34413,0.115937,0.343377,0.31828,1.5987,0.0493613,0.000786615,2.2655
135.511655329,0.640375,0.269677,0.150868,1.27742,1.79362,0.127974,0.52432,0.0663989,2.16568,0.0183189,0.0260883,2.49262
135.558095238,0.329866,0.494572,0.186296,0.835421,2.13294,0.351085,0.319983,0.359886,2.41557,0,0.0225968,2.46548
135.604535147,0.195796,0.0933327,0.0821283,0.650851,2.14151,0.654666,0.41619,0.672038,2.39498,0,0.034521,2.22613
135.650975057,0.10538,0.00143439,0.204415,0.82106,1.09115,0.957661,0.445176,0.626384,2.43544,0,0.161017,1.66506
135.697414966,0.00191635,0.00243328,0.178615,0.752152,0.787555,0.921883,0.449698,0.591501,2.42254,0.0192153,0.207563,1.93654
135.743854875,1.19801,0.030212,0.0157727,0.695929,0.878401,0.604663,0.697168,0.491301,2.04851,0.141849,0.0150878,1.74823
135.790294785,1.29446,0.00315218,0.00728227,0.573027,1.06243,0.120265,1.03961,0.583971,1.54998,0.227422,0,1.48896
135.836734694,0.979139,0.0680511,0.00650277,0.768493,0.772893,0.0424962,0.823584,0.66416,1.27455,0.261709,0.0620136,1.48541
135.883174603,0.797915,0.429294,0.0222703,0.84792,0.643478,0.0426963,0.255002,0.775023,0.956881,0.134901,0.121366,1.32503
135.929614512,0.413938,0.489598,0.00852182,0.842659,0.87358,0.97733,0.155853,1.3152,0.826135,0.384737,0.0596023,0.617455
135.976054422,0.187895,1.06136,0.00765264,0.143799,1.80803,0.958013,0.0366695,1.42519,0.287349,0.134405,0.09693,0.302495
136.022494331,0.0102923,1.20787,0.135686,0.0674026,2.25811,0.536653,0,1.7428,0.189729,0.229802,0.17556,0.648928
136.068934240,0,1.09969,0.330193,0.050675,2.54437,0.348326,0.00359125,1.98084,0.257701,0.822835,0.132364,0.692822
136.115374150,0.0237136,0.970887,0.463858,0.0613856,2.96976,0.289269,0.0873865,1.6862,0.380135,1.39373,0.0466896,0.701489
136.161814059,0.0290997,0.687081,0.508472,0.0654637,2.99815,0.0417616,0.343548,1.22393,0.480011,1.62181,0,0.828864
136.208253968,0.0375998,0.331882,0.422442,0.204182,2.79463,0.115215,0.615043,0.961826,0.457192,1.89656,0,0.742203
136.254693878,0.0681489,0.30617,0.2872,0.0746795,2.49176,0.26762,0.151999,0.64576,0.5198,2.05844,0.161228,0.374342
136.301133787,0.0322367,0.203338,0.253283,0.032545,1.98282,0.531711,0.145114,0.781492,0.57955,1.61993,0.974174,0.138985
136.347573696,0.0246217,0.441174,0.168131,0.0486142,1.80526,0.468421,0.0195201,0.998983,0.478117,1.40442,1.46737,0.0305712
136.394013605,0.0479823,0.767937,0.144626,0.757612,1.5598,0,0.179958,0.860381,0.194296,1.45156,1.70379,0.0819062
136.440453515,0.0556066,0.791187,0.104669,2.07448,0.549893,0.0910854,0.578101,0.289598,0.0691048,1.23303,1.74448,0.0900867
136.486893424,0,0.573537,0.326793,2.12824,0.572977,0,0.946715,0.146722,0.423711,0.371331,1.85568,0.377002
136.533333333,0,0.871659,0.517335,1.72189,0.654187,0.000600919,0.905327,0.287851,0.642874,0.112326,1.82238,1.12622
136.579773243,0.188704,0.735289,0.559748,1.24446,0.570828,0,0.544366,0.722644,0.222636,0.0100771,1.14505,2.05653
136.626213152,0.177205,0.242823,0.781702,0.949914,0.480042,0.00933651,0.362583,0.924187,0.300447,0.0115743,0.469884,2.12742
136.672653061,0.0131369,0.176487,0.871837,1.11559,0.891655,0.0508058,0.673391,0.777567,0.179374,0.0823356,0.343824,1.92351
136.719092971,0.459823,0.176965,0.649202,1.20888,0.732657,0.053217,1.10882,0.251969,0.0622546,0.148431,0.302529,2.30236
136.765532880,0.62117,0.637254,0.501504,0.96823,0.668879,0.120076,1.39604,0.020757,0.26326,0.275878,0.349728,2.4474
136.811972789,0.512527,0.973525,0.298637,0.172375,1.07116,0.155482,1.34725,0.307786,0.887303,0.0881595,0.288786,2.52539
136.858412698,0.512069,1.26924,0.195954,0.228211,0.75456,0.000111203,1.0456,0.444532,0.82652,0,0.0211793,3.41148
136.904852608,0.157612,1.01561,0.135856,0.400476,0.368181,0.00954471,1.09126,0.31983,0.603969,0,0.0165292,3.71506
136.951292517,0.123232,0.601232,0.159084,1.0182,0.354844,0.568871,1.39515,0.12275,0.352998,0,0.0761243,3.50237
136.997732426,0.0504409,0.519191,0.0304206,1.30956,0.520554,0.798363,1.59998,0.0475363,0.378334,0,0.317192,3.01719
137.044172336,0.805787,0.269692,0.472262,0.677596,0.674892,0.61013,1.58663,0.320833,0.88687,0.307506,0.223386,2.47736
137.090612245,1.18332,0.295217,0.499918,0.710889,0.805181,0.13402,1.02537,0.706122,0.623798,0.546995,0.0926295,2.2544
137.137052154,1.18032,0.18541,0.760679,0.763982,0.609163,0.234381,0.612659,0.588121,0.353624,0.910076,0,1.97861
137.183492063,0.80896,0.00822066,0.897061,0.591518,0.262551,0.815207,0.763086,0.576797,0.072563,0.866013,0.000777391,1.89088
137.229931973,0.624628,0.00355724,1.06114,0.319639,0.071771,1.24098,0.714249,0.56042,0.0500044,0.645016,0.0648421,2.04635
137.276371882,0.22379,0.0461709,0.963709,0.446834,0.149477,1.43419,0.724154,1.00323,0.036637,0.60321,0.0479536,2.59381
137.322811791,0.606911,0.00305027,0.896269,0.599109,0.427912,1.38484,1.21767,0.987418,0.104774,0.568674,0.0409469,2.22837
137.369251701,0.383623,0,0.819098,0.34921,0.484804,1.75735,1.36744,1.11462,0.300388,0.726013,0.0713087,2.12314
137.415691610,0.513307,0.0539648,0.679393,0.337699,0.577993,1.47655,1.59433,0.866987,0.213313,0.690079,0.631661,1.472
137.462131519,0.138368,0.0769136,0.43316,1.24171,0.740196,0.52561,1.49174,0.511604,0.216294,0.294685,0.836971,1.46603
137.508571429,0.0648228,0.695046,0.223415,2.05237,0.763422,0.347074,1.39969,0.250273,0.268493,0.00278158,0.741541,1.88183
137.555011338,0.0749366,1.24312,0.0953113,1.84722,0.832018,0.0290514,0.852186,0.385202,0.679625,0.0420006,0.743854,1.9823
137.601451247,0.0242577,1.3016,0.109465,1.50277,0.73492,0.407457,0.850535,0.388597,0.885246,0.371253,0.601283,1.86395
137.647891156,0.00337922,1.22467,0.0332607,1.10663,0.866249,0.692875,1.03352,0.550004,0.776301,0.507678,0.698535,1.57906
137.694331066,0.030054,0.987658,0.930063,0.845334,0.623691,0.142351,0.746489,0.825002,0.475442,0.749881,0.897073,1.20391
137.740770975,0.0685017,0.861081,1.23044,1.02528,0.404888,0,0.708638,0.839699,0.245378,0.5345,1.03442,0.483804
137.787210884,1.02915,1.12799,1.34065,0.779054,0.222288,0,0.746643,0.772326,0.231225,0.541904,1.02301,0.265027
137.833650794,1.28442,1.01612,1.24896,0.11097,0.135433,0.00160239,0.832063,1.0639,0.373603,0.31608,1.01225,0.433651
137.880090703,1.33912,0.807024,1.09217,0.0154207,0.137093,0.502039,0.928273,0.940615,0.458372,0.517866,0.820437,0.918596
137.926530612,0.958359,0.786638,1.08856,0.0131829,0.419105,0.476802,1.25048,0.561837,0.389873,0.501312,0.60376,1.17863
137.972970522,0.762242,0.551403,0.825926,0.00387907,0.693065,0.0179671,2.06816,0.399974,0.175725,0.361618,0.622932,1.39158
138.019410431,0.1391,0.264299,0.471944,0.0892739,1.59686,0,2.27125,0.432487,0.661158,0.00231786,0.751394,1.40332
138.065850340,0.012659,0.316592,0.214665,0.0768765,2.26082,0.00230778,1.57191,1.14964,0.88862,0.198907,0.504004,1.29494
138.112290249,0.098625,0.681177,0.119404,0.0319604,2.38493,0.00481826,1.26029,1.13965,0.907287,0.106169,0.411705,1.82664
138.158730159,0.194475,0.779523,0.199321,0.0021594,2.36975,0.00185531,1.34801,0.176944,1.61318,0,0.495082,2.122
138.205170068,0.613703,0.684658,0.237642,0.00459489,2.0808,0.0106659,1.41197,0.396272,1.61398,0,0.479762,1.57317
138.251609977,0.569488,0.472465,0.250835,0.00525434,1.63493,0.454552,1.21763,0.326155,1.65721,0.000498282,0.324784,1.654
138.298049887,0.706082,0.124798,0.217631,0.00877723,1.45217,0.640925,1.14586,0.262354,1.58482,0.0741119,0.202146,1.87458
138.344489796,0.793359,0.362944,0.700662,0.727322,1.40733,0.636245,0.655499,0.593188,1.08883,0.114104,0.123947,1.60125
138.390929705,1.04643,0.379381,0.239234,0.898472,0.952881,0.436148,0.483903,0.811135,1.12221,0.117221,0.342898,1.2521
138.437369615,1.06231,0.697519,0.0373456,0.837534,0.275828,0.463182,0.857868,0.805903,1.37269,0.101,0.251181,0.94422
138.483809524,1.02483,0.971379,0.00499132,0.86375,0.482699,0.556813,1.33077,0.951271,1.43201,0.0762618,0.0835238,0.454896
138.530249433,0.873771,0.711871,0.321443,0.695002,1.17763,0.405788,0.823376,1.01446,1.43585,0.074934,0,0.194085
138.576689342,0.462676,0.837293,0.195654,0.942399,1.21472,0.0326708,0.198614,1.39675,1.64458,0.194598,0.0798833,0.124382
138.623129252,0.399262,1.71938,0.150304,1.0702,1.18816,0.0275795,0.0401608,1.73577,1.63668,0.104302,0,0.284038
138.669569161,0.612454,2.04992,0.109681,0.807725,1.10342,0.190471,0.056169,2.05903,1.73684,1.053,0.00216596,0.359115
138.716009070,0.320512,2.03326,0.0621123,0.371403,1.59072,0.669189,0.265777,1.59652,1.47477,1.68433,0.00292856,0.41771
138.762448980,0.133181,1.96419,0.0622637,0.271563,2.11227,0.843834,0.467303,0.961926,1.17521,1.90208,0.248689,0.421572
138.808888889,0.164233,1.86217,0.0872174,0.232114,2.25357,1.07025,0.238126,0.600323,0.761977,1.95745,0.377196,0.4588
138.855328798,0.144076,2.01967,0.130555,0.0783795,1.76168,0.758831,0.410195,0.939639,0.260006,2.08347,0.367414,0.673402
138.901768707,0.108583,1.67343,0.22799,0.026752,1.02037,0.545756,1.29667,1.05975,0.202072,1.75605,0.384146,0.677829
138.948208617,0.0429983,1.59926,0.00504275,0.0253647,0.828929,0.505757,2.02868,0.996134,0.103736,1.39737,0.36456,0.531418
138.994648526,0.835542,1.37522,0.305674,0.066959,0.837568,0.063915,2.0723,0.569209,0.101252,1.42601,0.818384,0.0533742
139.041088435,0.504073,0.916778,0.55839,0.00609506,1.24973,0,1.59278,0.865487,0.318218,0.908864,1.10192,0.567296
139.087528345,0.398363,0.824568,0.552036,0.00805466,1.27687,0.0289125,1.31159,0.856151,0.596721,0.678949,1.07537,1.20975
139.133968254,0.431764,0.493084,0.317287,0.0195546,1.2386,0,1.70032,0.877725,0.396064,0.490399,0.912797,1.68177
139.180408163,0.509562,0.460168,0.320032,0.0286988,1.42291,0,1.96544,0.877638,0.00353632,0.395426,0.944923,1.48525
139.226848073,0.445613,0.447803,0.517541,0.0224284,1.8453,0,1.90509,1.04544,0,0.356757,1.13307,1.32973
139.273287982,0.639874,0.408335,0.46349,0.101294,2.19279,0,1.39178,0.998098,0.159877,0.51132,1.11319,2.06011
139.319727891,0.746734,0.0848524,0.252244,0.11838,2.20906,0.00235349,0.737427,0.847271,0.785504,0.55603,0.881132,2.27968
139.366167800,0.754974,0.112374,0.614552,0.173171,1.99465,0.0110954,0.570132,0.249532,0.94572,0.367413,0.347856,1.97661
139.412607710,0.127201,0.149705,0.559822,0.500717,1.80708,0.0107121,0.483652,0.434606,1.00178,0.0606859,0.586074,1.3285
139.459047619,0.114101,0.193135,0.203491,1.42091,0.793081,0.0089041,0.442395,0.957151,0.676341,0.00423973,0.567312,1.6493
139.505487528,0.157156,0.368911,0.17643,2.11081,0.30028,0.00523724,0.672747,1.2134,0.13263,0.00213303,0.40395,1.81065
139.551927438,0.0473543,0.587779,0.278869,2.25411,0.346347,0,0.741529,1.07221,0.129168,0,0.557827,2.04326
139.598367347,0.0340705,0.58147,0.00562219,2.24463,0.564786,0.217928,1.29149,0.894147,0.179945,0.4987,0.524097,0.961679
139.644807256,0.894197,0.725711,0.00370943,1.76543,0.777667,0.52388,1.49606,0.696965,0.270776,0.636586,0.375741,0.80053
139.691247166,1.05425,0.993541,0.00521909,1.15589,0.740454,0.633517,1.46741,0.749023,0.0610441,0.633013,0.283503,0.506244
139.737687075,1.02504,1.02856,0.208276,0.841875,0.646488,0.59222,1.47246,0.810937,0.085742,0.51665,0.39921,0.244633
139.784126984,0.89521,1.23036,0.00570896,0.72392,0.237472,0.682794,1.39548,0.828774,0.24233,0.622061,0.428633,0.368802
139.830566893,0.161627,1.05937,0.0947119,0.644639,0.12389,1.19057,1.53566,0.984529,0.126984,0.683652,0.872022,0.539526
139.877006803,0.0268923,1.03816,0.461975,0.511835,0.226134,1.53358,1.29376,1.11876,0.215646,0.440737,1.1286,0.60847
139.923446712,0.217928,0.967859,0.271402,0.0771614,0.158657,1.72827,0.935,0.984852,0.105486,0.32637,1.62389,0.584251
139.969886621,0.717647,1.2331,0.455273,0.0403981,0.148156,1.66704,0.873179,0.79848,0.0880764,0.0809037,1.78595,0.0396759
140.016326531,1.14512,1.0584,0.337629,0.131517,0.137491,1.42487,0.76441,1.09781,0.0915161,0.0156497,1.63577,0.0124485
140.062766440,1.29479,0.500958,0.560349,0.237811,0.139479,1.33334,0.909513,1.33,0.0701869,0.137612,1.33979,0.0592742
140.109206349,0.877067,0.929014,0.664407,0.217956,0.152198,0.414086,2.30632,1.04646,0.0666123,0.243197,0.877847,0.0200266
140.155646259,0.916113,1.19087,1.33602,0,0.806883,0.454315,1.88395,0.0176813,0.0829492,0.0128343,0.769878,0
140.202086168,0.713382,1.15711,1.20379,0.0230549,0.595313,0.53973,1.46824,0.451423,0.0250035,0.00038938,0.770405,0.40302
140.248526077,0.824786,0.880672,0.613729,0.0546559,2.14859,0.00226116,0.0979329,1.0642,0.157632,0.0050499,0.50897,0.573213
140.294965986,0.764778,0.412437,0.0027229,0.146781,2.39502,0.130368,0.162167,0.888638,0.265484,0.0815262,0.470333,0.552632
140.341405896,0.404784,0.639207,0.00201382,0.292148,2.45755,0.217586,0.364389,0.943163,0.318269,0.101124,0.550715,0.431951
140.387845805,0.0929927,0.90431,0.000762104,0.378151,2.40564,0.147048,0.430386,1.03239,0.347396,0.110157,0.576417,0.423324
140.434285714,0.037467,0.990572,0.00168154,0.20899,2.32653,0,0.546897,1.04631,0.39217,0.0641701,0.277391,0.317443
140.480725624,0.0322853,0.687841,0.00194723,0.251762,1.41707,0.0577282,0.710742,1.08662,0.422156,0.200105,0.126609,0.511215
140.527165533,0.154489,0.557359,0.00295255,0.942036,0.745569,0.0859369,0.653298,0.454913,0.275725,0.171755,0.125377,0.588712
140.573605442,0.20366,0.317797,0.00435441,1.33003,0.644389,0.0739191,0.668767,0.354496,0.236216,0.126702,0.0741529,0.744475
140.620045351,0.0494136,0.335208,0.0109172,1.46543,1.17597,0.117897,0.723359,0.641702,0.154932,0.115547,0,0.475715
140.666485261,0,0.436374,0.0115999,2.06082,1.17272,0.163825,0.247037,1.07632,0.0277956,0.109395,0.326113,0.204461
140.712925170,0.000158497,0.340385,0.0424147,2.51532,0.943707,0.0286552,0.019225,1.29495,0.0395052,0.107809,0.755711,0.179609
140.759365079,0.0192764,0.332865,0.0232543,3.09651,0.718918,0.00436739,0.189268,1.14362,0.114478,0.0600084,0.739892,0.179687
140.805804989,0.000578389,0.28373,0.0281871,3.72285,0.196671,0,0.162098,0.889417,0.184434,0.0496313,0.935443,0.304779
140.852244898,0.000385843,0.234743,0.00162219,3.59708,0.173877,0,0.0208309,0.674805,0.248644,0.0698765,0.975603,0.662325
140.898684807,0.00626746,0.695468,0.000920079,2.99392,0.279363,0,0.0596269,0.723604,0.100473,0.0557461,1.1253,0.448308
140.945124717,0.0309078,1.0208,0,2.28264,0.575712,0.12749,0.511766,0.716537,0.132653,0.00820608,0.992041,0.128221
140.991564626,0,0.994581,0,2.26419,0.53797,0.466303,0.830925,0.745383,0.124043,0.00948061,0.766223,0
141.038004535,0,0.851507,0,2.2943,0.624199,0.604671,0.691936,0.427953,0.117758,0.00116647,0.723614,0.129344
141.084444444,0.000117381,0.23587,0.00142389,2.12725,1.1037,0.729309,0.632518,0.403494,0.140784,0.00191428,0.695894,0.478611
141.130884354,0,0.101389,0.00143574,0.642194,3.38541,0.0283003,0.778213,0.210788,0.513116,0.120466,0.466329,0.802351
141.177324263,0.0043494,0.00225996,0.00463602,0.192621,3.81815,0.0228353,0.298789,0.811721,0.512615,0.204468,0.0890052,1.47661
141.223764172,0.055945,0.00281792,0.00626345,0.0143314,4.10311,0.0110978,0.178257,0.725601,0.478953,0.452594,0.0539541,1.26456
141.270204082,0.223002,0.00288357,0.104175,0.00770562,4.28724,0.00815897,0.03892,0.697391,0.469265,0.351978,0.612507,0.68301
141.316643991,0.0770687,0.0367129,0.137561,0,4.35468,0.0238078,0.0205373,0.731784,0.489495,0.215595,0.541231,0.715344
141.363083900,0.000310098,0.0897841,0.20693,0.00168932,4.23456,0.027101,0.0406549,0.652076,0.440094,0.00870211,0.0765451,0.690766
141.409523810,0.000436024,0.0354462,0.092749,0.113876,3.72433,0.0191039,0.0489128,0.492007,0.305411,0.0208635,0.102881,1.38267
141.455963719,0.0601182,0.0524347,0.0058451,0.281196,3.4588,0.0125026,0.0548305,0.22739,0.305793,0.0498895,0.13813,1.37372
141.502403628,0.000155038,0.317744,0.000679403,0.256698,3.57519,0.0246433,0.0483724,0.284929,0.246008,0.0729546,0.0842051,1.2298
141.548843537,0.000335,0.524731,0,0.301687,3.47518,0.0295155,0.00990217,0.369216,0.262305,0.0295005,0.167664,1.09863
141.595283447,0.135417,0.566962,0.000903439,0.651795,2.4882,0.0196463,0.0247003,0.579417,0.163099,0.132155,0.527947,0.628673
141.641723356,0.0337867,0.572645,0.00202168,1.10976,1.18753,0,0.291625,0.75277,0.239744,0.336679,0.565915,0.455481
141.688163265,0.0919621,0.562388,0.00225831,1.54013,0.336892,0,0.400955,0.801162,0.37498,0.210893,0.512091,0.505236
141.734603175,0.144133,0.610463,0.002695,1.47812,0.528648,0.131007,0.343422,0.774018,0.215321,0.134799,0.589699,0.581795
141.781043084,0.0035034,0.361535,0.0293317,1.27086,1.39621,0.201013,0.0806137,0.947215,0.30717,0.0867861,0.690924,0.627007
141.827482993,0,0.420062,0.231395,1.01914,1.6316,0.328702,0.198088,0.667584,0.186542,0.0105317,0.8197,0.552839
141.873922902,0.000169959,0.567505,0.648731,0.635192,1.43822,0.0996155,0.114104,1.26631,0.0409953,0.416229,0.808149,0
141.920362812,0.12544,0.317996,2.13173,0.253252,0.421906,0.0126159,0.153396,1.44203,0.109201,0.668093,0.385535,0
141.966802721,0.659399,0.249955,2.53716,0.000126053,0.132582,0,0.999755,0.724729,0.108186,0.571071,0.109996,0.217437
142.013242630,0.832525,0.284981,2.49252,0.00622958,0.122688,0.00107187,1.02353,0.0765241,0.163494,0.563443,0.0838927,0.747563
142.059682540,0.65582,0.523237,2.36468,0.00326671,0.468262,0.00100942,0.753595,0.0731307,0.00112796,0.527457,0.0242909,1.15028
142.106122449,0.364081,0.298086,1.86784,0.0402817,0.739984,0.0335012,0.322742,0.0801285,0.189548,0.702947,0,1.90711
142.152562358,0.235055,0.309764,0.404334,0.992794,0.136198,0.408588,0.835541,0.110144,0.547922,0.659966,0,1.39587
142.199002268,0.691398,0.221261,0.335715,1.03997,0.403595,0.724299,1.32794,0.0913918,0.697738,0.151708,0,1.1154
142.245442177,1.05482,0,0.359349,1.0829,0.447768,1.05639,1.43396,0.0727241,0.819297,0.390868,0,0.987013
142.291882086,0.863616,0,0.387867,0.960638,0.432834,1.30123,1.40241,0.0595287,0.965534,0.561017,0,1.10983
142.338321995,0.625389,0,0.288315,0.929888,0.481739,1.45912,1.15351,0.378648,0.977695,0.560781,0.000815146,1.19039
142.384761905,0.394649,0.502252,0.0967088,0.972579,0.888889,1.1104,0.463398,1.31728,0.250994,0.500517,0.830931,1.10177
142.431201814,0.300333,0.540548,0.00815289,0.448638,1.10357,0.473154,0.635012,2.01625,0.165128,0.446746,1.26489,0.764971
142.477641723,1.17547,0.47181,0.0418306,0.942964,0.239835,0.197939,1.2584,1.64392,0.0480222,0.72556,1.04714,0.777643
142.524081633,1.19717,0.24406,0.139514,1.05093,0.388326,0.586467,1.48312,1.461,0.00311687,0.577455,0.599403,0.984158
142.570521542,1.44522,0.0539435,0.279963,1.06578,0.800366,0.361735,1.69967,0.934473,0.119288,0.704812,0.00355255,1.22303
142.616961451,0.590773,0.000380167,0.229068,0.397289,1.37047,0.201639,1.21272,0.224906,1.16354,0.638939,0.00334843,2.46082
142.663401361,0,0.020891,0.372456,0.248447,1.87609,0.127684,0.837341,0.04238,1.7025,0.832958,0.0408824,2.62428
142.709841270,0.110966,0.0010868,0.83231,0.397046,1.46145,0.148795,0.901355,0.0365698,1.83627,0.865892,0.052189,2.31816
142.756281179,0.670299,0.00239922,0.838518,0.578156,1.26699,0.416784,1.08938,0.0260031,1.73172,0.775991,0.0471326,1.87831
142.802721088,0.491095,0.00214696,0.501306,0.62651,1.577,0.15005,1.07327,0.00476363,1.79021,0.556467,0.0393247,1.98665
142.849160998,0.238704,0,0.297645,1.52877,1.37684,0.150551,0.746817,0.154763,1.88668,0.538888,0.00708684,2.05592
142.895600907,0.892884,0.124693,0.228229,1.66538,1.02351,0.202666,0.601805,0.237599,2.05043,0.380475,0,1.53902
142.942040816,0.935549,0.229705,0.20168,1.66167,0.778104,0.315681,0.276563,0.234623,2.39894,0.297557,0.0270323,1.50637
142.988480726,0.68416,0.0738229,0.16244,1.63039,0.998638,0.221348,0.115035,0.200378,2.63604,0.182965,0.0653616,1.86321
143.034920635,0.238719,0.0016777,0.136438,1.47454,1.17845,0.0950431,0.157482,0.17748,2.47861,0.0821076,0.266426,2.15965
143.081360544,0.262804,0.0150584,0.332937,0.663966,1.3274,0.0325785,0.289548,0.0106831,2.55282,0.0214901,0.347587,2.1209
143.127800454,0.179805,0.0342172,0.32955,0.68876,1.24057,0.00942269,0.438148,0.0538183,2.51528,0.0350614,0.271347,2.33538
143.174240363,0.163868,0,0.371752,0.834388,1.44846,0.116984,0.615346,0.204211,2.3536,0.0625013,0,2.59498
143.220680272,0.160127,0,0.464041,1.10423,1.53363,0.0894693,0.613023,0.343117,1.64896,0.299867,0,2.23151
143.267120181,0.173486,0,0.67429,1.05912,1.38382,0.0492102,0.62026,0.233673,1.708,0.303916,0,1.76815
143.313560091,0.211342,0,0.592622,0.498161,1.56998,0.0104006,0.221639,0.113883,2.10223,0.105542,0.044838,1.86905
143.360000000,0.228603,0.0895439,0.245656,0.234863,1.72106,0.0618256,0.0704243,0.0485362,2.77465,0,0.0819547,1.89683
143.406439909,0.210431,0.218917,0.116491,0.342394,2.05759,0.107199,0.0579019,0.0107056,2.97577,0,0.096727,1.4701
143.452879819,0.0760108,0.0815059,0.172592,0.527087,2.24431,0.167993,0.129405,0.00834854,3.19383,0.0206468,0.0484751,1.22018
143.499319728,0.118119,0.0177561,0.205394,1.32334,1.66852,0.021896,0.156439,0.0171389,3.1894,0.0472746,0.0017288,1.74604
143.545759637,0.182384,0.00248611,0.114332,1.48264,1.13249,0.00328628,0.0842664,0.560092,2.46303,0.110579,0.00134579,2.03225
143.592199546,0.375119,0.00210383,0.183273,1.39238,0.96414,0.195763,0.476403,0.261548,1.81923,0.191,2.96012e-05,2.20955
143.638639456,0.305037,0.000600587,0.219926,1.4077,1.41556,0.281333,1.01411,0.409235,0.708563,0.167619,0.077479,2.39274
143.685079365,0.127166,0.0617597,0.225214,1.0524,1.41389,0.361645,1.84252,0.260699,0.920413,0.223505,0,2.62972
143.731519274,0,0.125254,0.323994,0.514314,1.2515,0.264793,2.06762,0.216072,0.826761,0.273283,0,2.55811
143.777959184,0,0.148343,0.632981,0.361805,1.14805,0.307198,1.94353,0.163383,1.72066,0.250278,0.0877526,2.1787
143.824399093,0.0271824,0.00254572,0.597536,0.259121,1.32836,0.221162,1.22259,0.152011,2.85996,0.165172,0.175086,2.07222
143.870839002,0.0542432,0.00218715,0.378869,0.382488,2.50289,0.00156932,0.932664,0.0586254,2.98567,0.113722,0.347906,1.51874
143.917278912,0.0684445,0.00770605,0.267813,0.424223,2.72413,0.00312441,0.846626,0.0022285,2.95658,0.166897,0.413312,1.69681
143.963718821,0.0254561,0.00262555,0.428858,0.353776,2.91833,0.0789942,1.03906,0.0269695,2.60684,0.00177166,0.106209,2.07984
144.010158730,0,0.205825,0.397913,0.184656,2.5161,0.545043,1.14546,0.0169696,1.55392,0.00408977,0.221477,2.25665
144.056598639,0.044792,0.806897,0.262587,0.071849,1.96806,0.647354,1.43546,0.0806785,0.315179,0.00310665,0.496464,1.73094
144.103038549,0,0.832247,0.207121,0.0306841,1.47701,0.611139,1.29997,0.132432,0.479564,0.00170886,0.516157,1.81734
144.149478458,0.328447,0.7996,0.168334,1.21273,1.13559,0.697158,0.651517,0.0807065,1.4705,0.00273543,0.101723,1.56399
144.195918367,0.568262,0.643632,0.13751,1.53182,0.747931,0.76449,0.409545,0.0719605,2.46915,0.00980526,0.07685,1.49259
144.242358277,0.595108,0.196817,0.119399,1.58729,0.431908,0.765967,0.342898,0.032459,2.91419,0.109592,0.179252,1.73874
144.288798186,0.547697,0.00216724,0.154398,1.33701,1.36064,0.398843,0.525137,0,2.95313,0.174242,0.489641,1.58986
144.335238095,0.243698,0.00204484,0.425571,0.850241,1.85002,0.300019,0.727883,0,2.94744,0.205776,0.403268,1.40239
144.381678005,0.19436,0.000335007,0.53589,0.593254,1.93738,0.398071,0.575809,0,3.05277,0.190217,0.333191,1.72906
144.428117914,0.129004,0.00119945,0.458671,0.63045,1.63867,0.157288,0.461796,0.00800641,3.05261,0.0935434,0.464865,2.14871
144.474557823,0.0420011,0.177597,0.563954,0.402457,1.16168,0.168864,0.812026,0.0330572,2.34327,0.028888,0.40695,2.58125
144.520997732,0.00380765,0.323619,0.466354,0.126759,1.46157,0.10611,0.866429,0.247557,1.52802,0.000151786,0.146405,2.57602
144.567437642,0.054198,0.312393,0.105529,0.000772997,2.25192,0.149473,0.79857,0.20965,1.04137,0.0719158,0.100352,2.33948
144.613877551,0.203202,0.178984,0.146881,0.228581,2.74061,0.139061,0.483941,0.0915117,0.863546,0.136153,0.0658005,2.55182
144.660317460,0.296313,0.221808,0.104344,0.443901,2.67931,0.0595677,0.40369,0.030827,0.76604,0.203894,0.575442,2.43998
144.706757370,0.246534,0.322498,0.265781,0.625291,2.269,0.0103693,0.342653,0.131581,1.07333,0.249943,0.730085,2.45828
144.753197279,0.312783,0.0293456,0.703577,0.850399,1.98143,0,0.928515,0.216746,1.55874,0.263919,0.285014,2.11107
144.799637188,0.0811325,0.00208237,0.6774,0.886748,2.11398,0.000721787,0.792262,0.370337,1.44829,0.219935,0.0184218,2.57551
144.846077098,4.83142e-05,0.00291185,0.413278,1.36185,1.62652,0,0.477903,0.710097,1.15646,0.328744,1.90983e-07,2.63884
144.892517007,1.92324e-05,0.00309423,0.236749,1.23201,1.75985,0.0583379,0.463101,0.779521,1.31143,0.163016,0.00156428,2.64275
144.938956916,0.420397,0.00107778,0.285441,0.941157,2.09019,0,0.495598,0.272861,1.63995,0,0.00260511,2.71517
144.985396825,0.635183,0.0461249,0.00363972,0.562364,2.36572,0.651124,0.536596,0.486663,1.6277,0,0.0312872,2.67294
145.031836735,0.899147,0.0355282,0.000202828,1.13654,1.77581,0.531948,0.540136,0.907858,1.10851,0,0.101711,2.62437
145.078276644,0.896376,0.0292275,0.00679408,1.27097,1.13792,0.372951,0.41992,1.20962,0.542017,0,0.19475,2.40541
145.124716553,0.911709,0.6407,0.00653076,1.33998,0.552786,0.303342,0.389636,1.23944,0.325701,0.166494,0.740161,1.54853
145.171156463,0.35716,0.764893,0,1.36992,0.333523,0.455508,0.853184,1.04141,0.418648,0.551296,0.972528,1.80471
145.217596372,0.226915,0.491178,0.0247857,1.18261,0.0159868,0.570307,1.89665,0.266026,0.46384,0.943661,0.530991,2.5099
145.264036281,0.0893355,0.000807704,0.00324726,1.13203,0.0214582,0.368619,2.27833,0.0614217,0.400733,1.04714,0.00244467,3.06796
145.310476190,0.0430954,0.00152592,0.00760144,1.45842,0.0586759,0.258911,2.44434,0.0415585,0.23237,0.956785,0.0465753,3.26378
145.356916100,0,0.00182219,0.0292792,1.67671,0.13732,0.208364,2.30311,0.0195228,0.0182577,0.924988,0.194591,3.44828
145.403356009,0,0.0010385,0.00671173,1.28838,0.128419,0.147126,2.06764,0,0.0227708,1.29223,0.450334,3.13614
145.449795918,0.564991,0.000255,0.117008,0.580783,0.151662,0.148843,1.66783,0.0277776,0.0203421,1.37942,0.554733,2.4536
145.496235828,0.681976,0,0.213665,0.418061,0.148225,0.101113,1.78525,0.0518,0.0119412,1.58491,0.60316,1.68956
145.542675737,0.654541,0,0.124427,0.561963,0.116777,0.20292,1.8618,0.0621585,0.0131397,1.70576,0.664458,1.55544
145.589115646,0.486919,0,0,0.603717,0.0479188,0.352031,2.45263,0.0567281,0.0208379,1.39977,0.841032,1.78824
145.635555556,0.248243,0.09083,0.0628632,0.895043,0.0299715,0.311658,2.90839,0,0.017296,0.884013,0.745804,1.75612
145.681995465,0.121349,0.256163,0,1.13171,0.0764672,0.107958,2.96732,0.000564589,0.00356103,0.85297,0.443715,1.95881
145.728435374,0.142621,0.634215,0.0888122,1.24132,0.0580351,0.145595,2.77284,0.0092518,0.0130205,0.782887,0.47539,1.88365
145.774875283,0.556502,0.560111,0.204442,0.716188,0.00559895,0.176086,2.03086,0.031703,0.0352639,0.255637,0.75908,2.24477
145.821315193,0.42601,0.599677,0.241062,0.208557,0.00244401,0.110413,1.78107,0.163021,0.0813792,0.130594,0.709917,2.53993
145.867755102,0.08481,0.661189,0.113653,0.594916,0.0113462,0.112117,2.02313,0.215821,0.0770491,0.316655,0.636979,2.79784
145.914195011,0.0093446,0.830201,0.0170455,0.937195,0.0392259,0.12974,2.34155,0.126153,0.0623887,0.48299,0.64455,2.73926
145.960634921,0.0827569,0.974267,0.031659,0.938731,0.09925,0.170033,2.28104,0.0140874,0.0423983,0.656669,0.778449,2.43034
146.007074830,0.131114,1.01263,0.0887806,0.856435,0.075669,0.0985033,1.85756,0.144887,0.0569778,0.547145,0.669902,2.6104
146.053514739,0.0517597,0.912059,0.00689301,1.05436,0.0632093,0.0967201,1.59172,0.29579,0.0158069,0.366562,0.393977,3.26435
146.099954649,0.67653,0.455456,0.00309984,1.1214,0.132263,0.0227954,1.45829,0.44405,0,0.104945,0.325503,3.09653
146.146394558,1.01123,0.32516,0.00213126,1.02145,0.160523,0.0327355,1.1878,0.442295,0,0.204645,0.141235,2.38835
146.192834467,0.840276,0.297058,0.00351565,1.17126,0.165903,0.184126,1.21444,0.383143,0,0.460216,0,2.40082
146.239274376,0.400227,0.411342,0.0293138,1.07771,0.449468,0.261441,1.81555,0.168593,0.0107066,0.815376,0.00557499,2.70777
146.285714286,0.0735653,0.679503,0.341738,0.906092,0.70928,0.113869,2.15047,0.00381316,0.0676314,0.742944,0.014813,2.73251
146.332154195,0.0362128,0.869213,0.258306,0.679196,0.492101,0.0411006,2.25547,0.0252053,0.143649,0.774595,0.150405,2.7614
146.378594104,0.00282433,0.785184,0.18508,0.698291,0.146002,0,2.23991,0.0838047,0.715522,0.623557,0.313333,2.38358
146.425034014,0.00271326,0.684601,0.175852,1.19163,0.1132,0.00747416,1.71818,0.0345746,0.805423,0.466839,0.271932,2.53196
146.471473923,0,0.390803,0.180302,1.61004,0.00526666,0.0105796,1.53238,0.00575306,0.706844,0.0702088,0.113364,2.73042
146.517913832,0.26079,0.371629,0.0134893,1.41561,0.205604,0.0157627,1.63148,0,0.930534,0,0.00395924,2.61758
146.564353741,0.390601,0.393285,0.00224014,0.939609,0.0738082,0,1.73011,0.0604124,1.53134,0.00615877,0.00293346,2.67078
146.610793651,0.320251,0.357948,0.119741,0.741429,0,0.00326238,1.4899,0.130703,2.12614,0.0430049,0.0389114,2.82925
146.657233560,0.309819,0.176191,0.208056,1.14265,0,0.278544,1.13917,0.0509225,2.81526,0.0582561,0.173431,2.62865
146.703673469,0.129799,0.56825,0.181657,1.37853,0,0.228469,1.30023,0.0566321,2.85858,0.0469253,0.047926,2.20004
146.750113379,0.79603,0.940066,0.0247842,1.24189,0,0.0677255,1.74154,0.0580955,1.58443,0.232067,0.0448274,1.5497
146.796553288,0.860744,1.0792,0.0122054,1.20091,0.0936485,0.0767527,2.26473,0.0578249,0.642463,0.585593,0.226412,0.95312
146.842993197,0.421504,1.03674,0.0358035,1.44549,0.138366,0.348859,2.7983,0.124481,0.0781797,0.90624,0.176373,0.680703
146.889433107,0.0862008,1.11287,0.189256,1.65236,0.0458409,0.377729,2.9006,0.238328,0.0803564,0.874044,0.261094,0.879532
146.935873016,0,1.79645,0.00549907,0.906806,0,0.447903,2.67296,0.152799,0.127714,0.853852,0.854511,1.25157
146.982312925,0,1.78161,0.1285,0.546577,0,0.848397,2.56056,0.167768,0.115577,0.761345,1.10294,1.03077
147.028752834,0,1.62642,0.1596,0.485284,0.0385605,1.44443,1.94534,0.0640421,0.0824859,0.549841,0.624791,1.80583
147.075192744,0.00205078,0.491506,0.260361,0.592559,0.297691,1.79817,1.72328,0.122948,0.0448812,0.406207,0.181273,1.88426
147.121632653,0.256896,0.00346215,0.216772,0.508742,0.340848,1.92019,1.47335,0.192173,0,0.366704,0.210133,1.62934
147.168072562,0.339181,0.00269313,0.16897,0.544681,0.401575,1.75291,1.31011,0.118107,0.00210631,0.380763,0.17713,1.79748
147.214512472,0.0907918,0,0.140959,0.984054,0.518537,0.801867,1.41805,0.13067,0.036885,0.420208,0.0907172,2.50975
147.260952381,0.199765,0.0122633,0.197785,2.34325,0.111952,0.157218,1.25051,0.377907,0.125589,0.325491,0.11944,2.71371
147.307392290,0.189427,0.16245,0.100336,2.69256,0.0248454,0,1.38876,0.741167,0.0767822,0.0827966,0.419895,1.85105
147.353832200,0.114476,0.186413,0.00352108,2.71764,0,0,1.41155,0.377845,0.0450355,0.259279,0.851082,2.18514
147.400272109,0.698591,0.123115,0.0030471,2.37687,0,0.0117197,1.47359,0.0305457,0.0522038,0.316054,1.2168,2.30133
147.446712018,0.91262,0.0676206,0.00342252,2.34108,0.127579,0.0438981,1.27148,0.1578,0.0384327,0.260074,1.32549,1.86152
147.493151927,0.705147,0.125406,0.0050321,2.6195,0.628715,0.069953,1.29941,0.422917,0.00687105,0.150905,1.25801,1.48612
147.539591837,0.360925,0.133368,0.0678196,2.486,0.545093,0.0210583,1.32192,0.799906,0.00879543,0.230914,1.3509,1.22672
147.586031746,0.310947,0.114031,0.136095,2.28838,0.613772,0.00963284,1.45534,0.779326,0.112985,0.0167235,1.43466,1.02791
147.632471655,0.333753,0.128224,0.126372,2.42725,0.537307,0.0177846,1.55315,0.98413,0.0505061,0.10743,1.47785,0.841524
147.678911565,0.869004,0.00137273,0.122839,2.34618,0.448047,0.038704,1.55791,0.922685,0.0357655,0.172384,2.04028,0.542308
147.725351474,1.00839,0.0499088,0.578813,1.67983,0.48434,0.0591364,1.72614,0.562962,0.0842563,0.211863,2.08491,0.114465
147.771791383,0.586613,1.2289,0.673734,0.575128,0.526746,0.218294,1.07131,0.550511,0.65973,0.238104,2.24437,0.0735846
147.818231293,0.50914,1.94646,0.201098,0.277998,0.402842,0.220137,1.10557,0.829678,1.40279,0.120424,1.79585,0
147.864671202,0.0502925,2.64967,0.0774349,0.13791,0.181866,0.222232,1.02834,1.14558,1.22547,0.0705433,1.62051,0
147.911111111,0.053915,2.42015,0.0221252,0.129403,0.0124585,0.334636,1.70086,0.815539,1.21544,0.0513755,1.34523,0.246424
147.957551020,0,2.22296,0.00390273,0.202623,0.0140227,0.401431,2.43992,0.0485847,1.06436,0.106749,1.35896,0.555987
148.003990930,0,2.19463,0.0268837,0.0200583,0.00920047,0.30396,2.72539,0.0442309,1.07157,0.0642645,1.37004,0.282164
148.050430839,0.269563,1.91329,0.0429822,0.0595187,0,0.352228,2.75688,0.0510329,1.25895,0.0927832,0.780369,0.216276
148.096870748,0.459171,1.43001,0.323688,0.406239,0.0240643,0.401052,2.49019,0.0255117,1.39546,0.103646,0.383137,0.353774
148.143310658,0.313593,1.49804,0.576703,0.486703,0.0139539,0.460226,2.32732,0.00388218,1.25669,0.106718,0.899831,0.469061
148.189750567,0.114344,1.78886,0.657793,0.21029,0.10692,0.382561,2.75475,0.00293813,0.878721,0.0812528,1.3971,0.428081
148.236190476,0.0811655,2.32657,0.421639,0.0770742,0.105125,0.328279,2.85686,0.272325,0.48479,0.0423383,1.49547,0.337377
148.282630385,0.172035,2.51702,0.141194,0.0654259,0.0800588,0.459141,2.67962,0.334162,0.607897,0,1.0302,0.251839
148.329070295,0.211436,2.32769,0.242102,0.0313647,0.0282827,0.578418,2.66608,0.169691,0.70509,0.0565471,0.700477,0.381686
148.375510204,0.000173931,1.94235,0.847863,0.0527664,0.011396,0.70903,2.51326,0.0516835,0.536263,0.0794275,0.951983,0.405012
148.421950113,0.00416376,1.1894,1.27912,0.178131,0.00107973,0.716598,2.3551,0.0408276,0.314348,0.0681691,0.89259,0.312171
148.468390023,0.048574,1.1815,0.881388,0.207231,0,0.762717,2.24749,0.03506,0.376342,0,0.845839,0.289461
148.514829932,0.261487,1.79623,0.103535,0.196366,0,0.837065,2.47859,0.242196,0.510066,0.0459589,0.66203,0.198854
148.561269841,0.420109,2.70774,0.119963,0.179892,0.124271,0.491458,2.5679,0.444924,0.585836,0,0.367101,0.0316705
148.607709751,0.763118,3.06312,0.147394,0.167033,0.063297,0.150299,2.64018,0.307829,0.554827,0,0.645004,0
148.654149660,0.747024,2.89676,0.0767591,0.133587,0.00506183,0.266051,2.49217,0.19387,0.550871,0.0899147,0.804582,0.0677642
148.700589569,0.953212,2.33763,0.0458473,0.184127,0.660582,0.441646,1.85499,0.234234,0.518402,0.121509,0.857535,0.169341
148.747029478,0.872102,0.909115,0.0140012,0.477443,1.45725,0.6761,1.60509,0.457287,0.202629,0.212393,1.02469,0.637683
148.793469388,0.285234,0.515206,0.0288997,0.576861,1.46819,1.01996,1.24377,0.505619,0.204114,0.131051,0.623114,1.24116
148.839909297,0.0456333,0.195829,0.0694362,0.689219,1.62019,1.01804,1.04176,0.342869,0.247484,0.0912727,1.1202,1.30383
148.886349206,0,0.427477,0.143292,0.722992,1.61422,1.10655,0.471662,0.0441316,0.330265,0.088934,1.52641,1.12646
148.932789116,0,0.604185,0.271598,0.534797,2.04672,0.914003,1.11415,0.0386609,0.234287,0.0602588,1.70658,0.856389
148.979229025,0,0.758369,0.298593,0.0412614,2.48608,0.633778,1.5755,0.044679,0.0979005,0.0609131,1.77882,0.981596
149.025668934,0.317364,0.853136,0.213671,0.257449,2.05805,0.348565,2.02478,0.0489198,0.0402954,0.0757915,1.63979,0.954561
149.072108844,0.51699,1.19965,0.12283,0.442137,1.66788,0.263081,2.59204,0.0824009,0.0102417,0.0998368,1.55945,0.966131
149.118548753,0.219802,1.99414,0.0610182,0.343577,1.27253,0.304015,3.01483,0.0403685,0.00376271,0.00191278,1.92122,0.545025
149.164988662,0,2.35469,0.00929404,0.972156,0.638111,0.422686,3.24493,0.286884,0.0122395,0.00599755,1.80644,0.0828847
149.211428571,0,1.74586,0.199773,0.9979,0.416218,0.463195,2.72144,0.1612,0.129387,0.00943082,1.91666,0.235745
149.257868481,0,0.508135,0.268004,0.946519,0.463941,0.516701,2.42957,0.216712,0.272964,0.237311,2.11656,0.332583
149.304308390,0.395388,1.09906,0.468102,0.603543,0.278978,0.444514,2.3751,0.0943711,0.342136,0.317756,1.74005,0.510121
149.350748299,0.766328,1.24788,0.0754143,0.108042,0.096898,0.410047,1.93765,0.128402,0.817524,0.372045,1.41833,0.286942
149.397188209,0.883316,1.57753,0.0102152,0.337709,0.227574,0.355688,1.49851,0.466365,1.16539,0.168303,1.07414,0.104171
149.443628118,0.751801,1.79512,0.0172567,0.0368797,0.379397,0.421697,1.83776,0.361131,1.21023,0.0635186,1.14461,0.215389
149.490068027,0.68833,1.92806,0.0960811,0.00836657,0.263655,0.51661,2.32947,0.00480546,0.746347,0.0300371,1.1919,0.49228
149.536507937,1.0789,1.90673,0.414585,0.00833683,0.0926981,0.763442,2.45132,0.00177234,0.704027,0.169878,1.05903,0.477583
149.582947846,0.943598,2.34997,0.500894,0.0830898,0.0714339,0.921207,2.17031,0.00146814,0.681333,0.197049,0.587858,0.152419
149.629387755,0.337774,3.06422,0.0471226,0.16574,0.0197867,0.778472,2.24996,0.00516335,0.620158,0.00908871,0.614757,0.113557
149.675827664,0.00245908,3.27,0.00238954,0.195485,0.0952214,0.572082,1.87965,0.528196,0.656091,0.000161419,0.868179,0.0889938
149.722267574,0.0741713,3.31597,0.0768455,0.208008,0.349257,0.501759,1.54679,0.687617,0.587596,0.0217708,1.13456,0
149.768707483,0.159596,3.266,0.0780269,0.196555,0.371835,0.500946,1.43032,0.54928,0.66906,0.0201947,1.20617,0.0349767
149.815147392,0.404154,3.16375,0.031407,0.470143,0.170531,0.293052,1.56419,0.385792,0.83843,0,1.22168,0.0702332
149.861587302,0.685598,2.39191,0.168888,1.26154,0,0.206254,1.60359,0.461529,0.882611,0.00686318,0.982482,0.455574
149.908027211,1.02406,1.24058,0.156626,1.34891,0,0.255547,1.90214,0.0506419,0.957099,0.00379875,0.729589,0.729341
149.954467120,1.0468,0.638432,0.115598,1.70692,0.00250748,0.0638742,2.19114,0.00992273,1.30775,0.0299126,0.662285,0.888333
150.000907029,0.851226,0.277245,0.160897,1.95018,0.0630068,0.0989438,2.22525,0.410571,1.61785,0.0005215,0.143192,0.874103
150.047346939,0.994099,0.605794,0.183776,1.67671,0.102615,0.0605815,2.76164,0.691566,1.34628,0.0104862,0.0945062,0.774572
150.093786848,0.799774,0.693499,0.00439552,1.13514,0.123295,0.191486,3.36703,0.826644,0.724997,0.0741808,0.29771,0.563554
150.140226757,1.01652,1.41603,0.00443182,0.2123,0.151943,0.112874,3.40059,0.514207,0.295659,0.0821001,0.685768,0.403349
150.186666667,1.30044,1.28914,0.428737,0.0410403,0.164968,0.299801,2.95221,0.670812,0.158166,0.0721021,0.544343,0.324227
150.233106576,1.47673,1.33077,0.701896,0.0125663,0.197412,0.591477,2.05402,0.73671,0.150697,0.187961,0.455618,0.848983
150.279546485,1.38561,1.07401,0.708941,0.0100631,0.232178,1.03201,0.769881,0.785393,0.612016,0.499676,0.328918,1.36321
150.325986395,0.773672,1.27861,0.166825,0.319613,0.205221,0.719589,0.844164,1.29532,0.858016,0.342553,0.20039,1.36649
150.372426304,0.0282914,1.02912,0.21244,0.648273,0.0846504,0.229217,1.35851,1.35745,0.393708,0.0767539,0.241729,1.94797
150.418866213,0,1.03223,0.191464,1.12599,0.0373772,0.0165653,1.90374,0.632659,0.0490808,0.0571143,0.338203,2.35023
150.465306122,0,0.881624,0.132132,1.4355,0.0101942,0.00161506,2.90345,0.00917114,0.0232815,0.173784,0.39981,2.51161
150.511746032,0,0.891989,0.0674056,1.29535,0.00850415,0.0117545,3.07102,0.0179471,0,0.246571,0.343803,2.56019
150.558185941,0,1.03749,0.00679977,1.13926,0.0151553,0.00261214,3.12704,0.0895949,0.000245435,0.226616,0.348288,2.57837
150.604625850,0.307477,1.0024,0.00450043,1.07519,0.0596337,0,3.21956,0.0236207,0,0.53742,0.413606,2.31662
150.651065760,0.953993,0.957037,0,1.21009,0.0488942,0.150661,3.58587,0,0,0.791279,0.40268,1.10192
150.697505669,0.757913,1.02492,0.000662737,1.2705,0.15499,0.264068,3.2458,0,0.0204226,0.829079,0.354226,0.966214
150.743945578,0.316437,1.12305,0.000982061,1.03802,0.278246,0.236403,2.90903,0,0.00493169,0.759532,0.383697,1.69672
150.790385488,0.115962,1.12949,0.0011592,0.319899,0.211268,0.198005,2.64489,0.037273,0.00118322,0.654284,0.413399,1.93006
150.836825397,0.175738,0.628619,0.00101583,0.328257,0.316171,0.390476,2.26516,0,0,0.479716,0.248254,2.39111
150.883265306,0.0733097,0.268987,0.000673127,0.367163,1.3423,0.299806,1.72462,0.00870055,0.0536175,0.19952,0.12717,3.16117
150.929705215,0.0151287,0.0476805,0,0.910737,1.57875,0.0635814,1.83104,0.0271547,0.0941273,0.168889,0.23677,3.26968
150.976145125,0.024585,0.116666,0.00242348,1.51451,1.55071,0.00178932,1.91868,0.0407008,0.0357106,0.121993,0.496177,2.9339
151.022585034,0.354437,0.198684,0.245252,1.86784,0.536921,0.00711214,1.46843,0.260236,0.0996285,0.0687792,0.74858,2.52826
151.069024943,0.361899,0.181421,0.234436,1.73362,0.283134,0.188856,1.14498,0.257321,0.176121,0,0.840681,2.33715
151.115464853,0.276044,0.122611,0.167941,1.90451,0.25193,0.332558,1.34058,0.00609472,0.150834,0,0.864677,2.27684
151.161904762,0.0760871,0.0665284,0.239818,1.98309,0.0370906,0.372918,1.30011,0.203117,0.110943,0.0820622,0.822697,2.2989
151.208344671,0.154697,0.0501672,0.147128,1.85055,0,0.0480074,1.60147,0.27681,0.0765264,0.236639,0.639755,2.10065
151.254784580,0.484489,0.0399787,0.076986,1.39055,0.0493837,0.0608289,1.6054,0.249435,0.0697536,0,0.897316,2.19339
151.301224490,0.335557,0.02117,0.00585275,1.35192,0,0.0200966,1.32775,0.373045,0.05687,0.0210362,1.11716,2.29214
151.347664399,0.122146,0.0178559,0.00331764,1.61585,0.000886291,0.335399,1.06743,0.552873,0.0173956,0.0834792,0.903028,2.40431
151.394104308,0.191004,0.207904,0.0057486,1.70276,0.197051,0.304775,1.20933,0.698113,0.0204587,0.198238,0.483998,2.55668
151.440544218,0.16659,0.48891,0.00792017,1.51923,0.0946903,0.216931,1.73515,0.555783,0.281415,0.387178,0.420267,2.60359
151.486984127,0.136074,0.395138,0.42165,0.966749,0.327861,0.1972,1.82276,0.250353,0.366014,0.381375,0.435588,2.57198
151.533424036,0,0.121835,0.107175,2.16088,0.118594,0.155497,1.77267,0.0775012,0.278661,0.868614,0.0775942,2.77669
151.579863946,0.00454316,0.000627456,0.0690325,2.50251,0.110541,0.153802,1.79194,0.0289556,0.138888,1.0323,0.0469297,2.66268
151.626303855,0.0271516,0.00175034,0.0460911,2.68695,0.0611812,0.0788142,1.78068,0.0267049,0.0384662,1.09177,0.152865,2.83872
151.672743764,0,0.00248905,0.0946791,2.60718,0.0235084,0.0304917,1.86466,0,0.0207648,1.03373,0.237474,3.24205
151.719183673,0,0.00263569,0.0134635,2.4913,0.00969506,0.166873,2.11,0.00647445,0.0306915,1.02954,0.140879,3.41828
151.765623583,0,0.0464678,0.150023,2.33549,0.00653205,0.204298,2.21731,0,0.0630426,1.00833,0.00210932,3.39893
151.812063492,0,0.0181601,0.208976,2.19667,0.0782218,0.151903,2.24529,0.0136426,0.126239,0.782326,0.00143939,3.32795
151.858503401,0,0.000746819,0.177352,1.92755,0.115504,0.0832576,2.23043,0.0132161,0.0774896,0.65585,0.000272556,3.29755
151.904943311,0,0.00205609,0.293212,1.81957,0.136519,0.0196846,2.00846,0.0909731,0.0398375,0.600618,0.10821,3.21156
151.951383220,0.333387,0.00304388,0.386057,1.86962,0.124865,0.166317,1.85864,0.230939,0.0204515,0.59282,0.0579418,2.61699
151.997823129,0.385941,0.0318773,0.309405,2.09581,0.433576,0.300808,1.88467,0.254455,0.0338162,0.390907,0.219799,1.75968
152.044263039,0.207472,0.0594151,0.15823,1.98763,0.345675,0.293032,2.04649,0,0.283295,0.259306,0.324862,1.95641
152.090702948,0.25945,0.0363788,0.102612,1.26211,0.343001,0.196646,2.10663,0.0252463,0.420873,0.391305,0.430036,1.72446
152.137142857,0.725085,0.144806,0.0935746,0.826578,0.270659,0.35052,1.44537,0.421843,0.388821,0.53099,0.295509,1.97082
152.183582766,0.757824,0.0719936,0.00125199,0.883242,0.0767202,0.486919,1.06424,0.777961,0.257148,0.791429,0.16423,2.26486
152.230022676,0.824777,0.000701582,0.00201071,1.27046,0.0382228,0.283023,1.90175,0.844522,0.0627325,0.825309,0.164962,2.16714
152.276462585,0.323866,0.149769,0.0412844,1.6778,0.0360072,0.0541829,1.88888,0.976761,0.211678,0.89108,0.120293,2.15634
152.322902494,0.160871,0.0872362,0.0533254,1.43809,0.0522336,0.125925,1.88257,0.583673,0.202019,1.20064,0.287526,2.31056
152.369342404,0.166051,1.83718e-05,0.136058,1.31052,0.115431,0.25458,2.11795,0.0301522,0.107375,1.3628,0.50143,2.03429
152.415782313,0.192238,0.000542218,0.177544,1.22654,0.118927,0.401505,2.43157,0.0490229,0.0890257,1.13065,0.464476,1.9202
152.462222222,0.211723,0.000678156,0.228166,1.75076,0.0716127,0.438559,2.50792,0,0.0860468,0.796459,0.541727,2.06051
152.508662132,0.0751369,0.00255094,0.211892,1.85364,0.0568224,0.112702,2.31684,0,0.0694075,1.07151,0.204855,2.45509
152.555102041,0.760811,0.00311543,0.218747,1.46323,0.108883,0.22442,2.33085,0,0.0446325,1.00278,0.191452,2.09961
152.601541950,0.878174,0.00397,0.135423,1.0946,0.142195,0.572451,2.10824,0,0.173625,0.865887,0.656826,1.58806
152.647981859,0.755805,0.29421,0.0297793,0.746305,0.144192,0.752957,1.54905,0.0721162,0.491135,0.753594,0.901415,1.30586
152.694421769,0.453212,0.356948,0.124808,0.562165,0.132195,0.697652,1.0521,0.154607,0.479402,0.555697,0.918902,1.43245
152.740861678,0.504046,0.343074,0.572024,0.126278,0.133882,0.209579,1.18819,0.536273,0.416489,0.164001,0.937643,1.59177
152.787301587,0.970717,0.367699,0.910867,0,0.156187,0,1.24914,1.11611,0.329629,0,0.73355,1.8411
152.833741497,1.00521,0.295943,1.11312,0.00970471,0.172423,0.107931,0.711765,1.7944,0.283176,0.0351455,0.423947,2.41393
152.880181406,1.06303,0.233709,0.874876,0.133102,0.15525,0.0182461,0.414676,1.95916,0.540259,0.0714555,0.176099,2.64076
152.926621315,0.1763,0.433375,0.157301,0.415404,1.74156,0.00525594,0.408672,1.32486,0.82444,0.106104,0.00336611,2.61007
152.973061224,0.000178917,0.322584,0.0101682,0.665093,2.24294,0.00229402,0.360187,0.478179,1.1659,0.167266,0.0590208,2.88359
153.019501134,0.000161198,0.0295826,0.0942974,0.741884,2.59626,0.0228208,0.280205,0.241035,1.43993,0.193691,0.155813,3.02886
153.065941043,1.33468e-05,0.00403202,0.130139,0.866753,2.63185,0.000768892,0.868721,0.264814,1.51089,0.170861,0.183001,2.88896
153.112380952,0,0.0028807,0.224976,0.99087,2.29971,0.00218546,1.41339,0.277845,1.33648,0.169657,0.00129672,2.9849
153.158820862,0.00757401,0.0016234,0.208389,1.01424,2.36832,0.0507143,1.11596,0.181432,1.31683,0.101213,0,2.74289
153.205260771,0.126952,0,0.0706341,0.802466,2.2776,0.170095,0.449634,0.928334,1.53315,0.0334102,0,2.19418
153.251700680,0.376276,0.134075,0.0629808,0.829456,1.85253,0.163766,0.227411,1.10856,1.68424,0.0685487,0.0922993,1.58005
153.298140590,0.470921,0.215843,0.0794962,0.912994,1.63498,0.13605,0.0582483,1.14837,1.69323,0.169606,0.0850965,1.22096
153.344580499,0.387926,0.000612174,0.0107066,0.935752,1.77844,0.0303872,0.0780375,1.0726,1.69076,0.227735,0.0580645,1.34264
153.391020408,0.0710006,0.00065428,0.0625004,0.920698,1.994,0.0225209,0.0619483,0.900652,1.94361,0.251089,0.278006,1.60178
153.437460317,7.76288e-06,0.00819651,0.211565,0.745449,2.11807,0.00502734,0.0531512,0.447445,2.35298,0.330503,0.385829,1.96024
153.483900227,0.0535689,0.044367,0.371473,0.613442,2.17938,0,0.0604429,0.039277,2.74859,0.230777,0.496533,2.20995
153.530340136,0.157577,0.0573147,0.745809,0.58393,2.16238,0.0188433,0.284992,0.0796973,2.86128,0.0583023,0.475659,1.65582
153.576780045,0.203102,0.0226265,1.02792,0.574183,1.80593,0.0114411,0.345257,0.109777,2.98038,0.0335059,0.206495,1.33383
153.623219955,0.226387,0,0.885241,0.537135,1.39751,0.00860954,0.337836,0.121893,3.10727,0.0369674,0.0559183,1.4258
153.669659864,0.0548478,0,0.852937,0.345777,1.22953,0.0528375,0.295307,0.0690428,2.94739,0.180581,0.0578725,2.07346
153.716099773,0.0652505,0.00171501,0.807398,0.578045,1.59395,0.197652,0.283341,0.0301863,2.60211,0.294643,0.100035,1.75574
153.762539683,0.0231025,0.00250373,0.519059,0.885954,2.26706,0.11176,0.241762,0.443958,2.13569,0.0581877,0.280079,1.20065
153.808979592,0.0523953,0.00344956,0.0656704,1.42947,2.06562,0.00775964,0.217742,0.402605,2.37503,0.138561,0.235744,1.5543
153.855419501,1.12173,0.00445675,0.00341473,1.65293,1.24974,0.0100305,0.233006,0.00564085,2.29391,0.13499,0.195795,1.49624
153.901859410,1.23961,0.0802122,0.00492926,1.74394,0.892868,0.125318,0.30132,0,1.8956,0.167123,0.186798,1.65142
153.948299320,0.947743,0.0549257,0.100632,1.42664,1.36873,0.378248,0.260893,0.0393196,1.57304,0.161442,0.0423729,1.86584
153.994739229,0.397793,0.0287301,0.094552,1.02313,1.83917,0.184755,0.278575,0.904006,1.09344,0.253551,0.00217758,2.41678
154.041179138,0.0687747,0.225129,0.270886,0.487945,1.63504,0.117102,0.647405,1.34196,1.24632,0.37852,0.00143118,2.5347
154.087619048,0.0587392,0.262458,0.408207,0.44586,1.42902,0.0954363,1.25309,1.33337,1.23702,0.371712,0.00244747,2.13923
154.134058957,0.0440736,0.394027,0.289597,0.521847,1.58703,0,1.38155,1.11006,1.51662,0.343944,0,2.02073
154.180498866,0.0294861,0.332011,0.387761,0.437406,1.65439,0.000321405,1.02169,0.237528,2.39511,0.273633,0,2.55133
154.226938776,0,0.0730053,0.483306,0.532347,1.97396,0.00262882,0.397145,0.0114435,2.75197,0.356526,0,2.71085
154.273378685,0.0208993,0.00172438,0.367861,0.476154,2.62976,0.0166228,0.165217,0,2.7514,0.258208,0.105765,2.64004
154.319818594,0.0355652,0.000491778,0.239546,0.390182,2.54586,0.0754687,0.269173,0.17744,2.70007,0.282018,0.00160097,2.84026
154.366258503,0.175491,0.167919,0.207078,0.292472,1.99851,0.137349,0.313986,0.659018,1.84224,0.204013,0.0462471,2.9184
154.412698413,0.535548,0.280987,0.240464,0.23849,1.87789,0.19496,0.233356,0.617276,1.36863,0.102168,0.348054,2.41708
154.459138322,0.413641,0.192996,0.00789712,0.996803,1.5728,0.044292,0.0434753,0.824374,1.49931,0.116013,0.209694,1.99027
154.505578231,1.33837,0.313547,0.00332764,1.73312,1.21047,0.0448507,0.222701,0.676981,1.72483,0.126236,0.00994853,1.4184
154.552018141,1.20574,0.113722,0.00378104,2.11412,1.44007,0.0173427,0.369923,0.241819,1.37208,0.0668366,0.153524,1.19799
154.598458050,0.258892,0.00403961,0.0172868,2.05222,1.73847,0.0177261,0.0512828,0.256809,1.23116,0,0.18758,1.56843
154.644897959,0.277309,0.0920955,0.0333648,1.64952,1.81435,0.0155703,0.0787975,0.0485314,1.64465,0.00228588,0.178884,1.71736
154.691337868,0.125603,0.0199653,0.183348,0.894866,1.97411,0.15093,0.0686996,0.00935049,2.37647,0.00192089,0.119307,2.35529
154.737777778,0.188472,0.000302775,0.0958703,0.607311,2.22528,0.251943,0,0.0013929,2.85914,0.17808,0.0729568,2.28252
154.784217687,0.173929,0.00244499,0.132949,0.870174,2.23446,0.183787,0,0.325108,2.59898,0.0750506,0,2.28171
154.830657596,0.18469,0.45514,0.193276,0.486705,1.58063,0.0199855,0.0451398,1.83453,1.74434,0.0450421,0.00195423,2.45464
154.877097506,0.115291,0.933293,0.107129,0.125616,1.40161,0.00176117,0.314899,2.3426,0.742923,0.00961429,0.00269042,2.20175
154.923537415,0.0843995,1.25929,0.20554,0.00472299,1.47196,0,0.578725,2.11886,0.64911,0,0.00238297,2.12093
154.969977324,0.141898,1.28012,0.0516415,0.00515193,1.98229,0.0891141,0.672399,1.29463,0.615226,0.0179306,0.0485585,1.90468
155.016417234,0.117155,0.811455,0.040499,0.452276,1.84054,0.285346,0.665729,0.0111673,0.803397,0.191599,0.0661465,2.13944
155.062857143,0,0.52982,0.00510378,0.61074,2.13411,0.342074,0.613469,0.191539,0.79433,0.254875,0.00235875,2.23916
155.109297052,0,0.0537739,0.00486079,0.858242,2.28907,0.224835,0.212082,0.0820449,0.717071,0.137609,0.0482743,2.86237
155.155736961,0,0.001401,0.0166376,0.955876,2.30513,0.174788,0.0254589,0.0684186,0.861077,0.0865031,0.0217796,2.76507
155.202176871,0.0295324,0,0.0107588,0.754988,1.9693,0.232187,0.0302758,0.0434208,0.736507,0.138408,0.125942,2.30976
155.248616780,0,0,0.00188845,0.735067,1.82696,0.133012,0.010333,0.55121,0.627605,0.234618,0.214476,2.18834
155.295056689,9.85982e-05,0.010913,0.000517773,0.757395,2.57122,0.0484512,0.00149992,0.912609,0.418833,0.165669,0.168927,2.22591
155.341496599,0.349458,0.00414959,0.000633171,0.436184,3.34969,0.0230289,0.0536136,1.11249,0.37822,0.01045,0.121465,2.05449
155.387936508,1.05656,0.00247263,0.000478888,0.396468,3.14635,0.105875,0.0470618,0.831769,0.359748,0.00298815,0.0849756,1.35796
155.434376417,1.02428,0.0531976,0.00033438,0.270484,2.5172,0.231401,0.0573834,1.11457,0.489619,0.00231114,0.328654,1.44174
155.480816327,0.651264,0.0640544,0.000355121,0.597423,2.14977,0.20282,0.230815,0.940426,0.303114,0.010097,0.78541,1.8928
155.527256236,0.080687,0.111931,0.00169916,0.522421,1.97667,0.0424897,1.01613,0.595426,0.202926,0,0.70786,2.60485
155.573696145,0.00499881,0.0835877,0.125984,0.622042,0.629841,0.0438264,1.31526,0.0708224,0.26774,0.496754,0.665229,3.47035
155.620136054,0,0,0.115727,1.9017,0.186611,0.0953474,1.9258,0.0526797,0.0672046,0.828354,0.289935,3.81102
155.666575964,0,0.00152647,0.0851727,2.14575,0.0288082,0.128301,2.09619,0.0234954,0.00983469,0.789325,0.0486616,3.98122
155.713015873,0.000341984,0.00261454,0.0130949,1.82063,0.154375,0.272749,2.01211,0.0108618,0,0.551448,0.00244222,3.91828
155.759455782,0.233516,0.196624,0.0105103,1.03536,0.164558,0.123874,1.91687,0.0432018,0,0.633267,0.106079,3.25967
155.805895692,0.7823,0.380679,0.330526,0.542979,0.121788,0.328448,2.11779,0.0277365,0.0184934,0.779673,0.0791549,2.27396
155.852335601,0.967685,0.289496,0.40625,0.591058,0.128427,0.615535,2.04815,0.151425,0.0292047,0.775383,0.124585,1.39568
155.898775510,0.887636,0.233969,0.34727,0.600795,0.0620594,0.735656,1.9313,0.303523,0.0346557,0.942031,0.154842,1.21638
155.945215420,0.556954,0.329337,0.328543,0.628197,0.00925442,0.559968,2.49216,0.00293562,0.0693882,1.00144,0.178723,1.81415
155.991655329,0.344108,0.696907,0.0035409,0.552245,0.0415032,0.335437,2.65034,0,0,0.711658,0.243796,2.26806
156.038095238,0.052713,1.04312,0.00188143,0.525057,0.0623176,0.197678,2.75578,0,0,0.522112,0.521583,2.36519
156.084535147,0.127315,0.702284,0.0760268,0.860789,0.0402396,0.123447,2.68523,0.0294665,0.00475962,0.525148,0.468111,2.57971
156.130975057,0.0552619,0.568893,0.106154,0.929619,0,0.095333,2.23903,0.219702,0.0307267,0.476504,0.349658,2.31499
156.177414966,0.0380762,0.767369,0.121735,0.629033,0.0250555,0.0464602,2.35996,0.23922,0.192894,0.25933,0.291425,2.29386
156.223854875,0.0697514,0.675707,0.214255,0.156864,0.0220195,0.0248359,2.77611,0.0602199,0.0600717,0.298474,0.361468,2.68877
156.270294785,0.119914,0.607539,0.317326,0.241671,0.0328139,0.0497612,2.89909,0.0243605,0.066235,0.393749,0.47415,2.65691
156.316734694,0.101665,0.721308,0.334429,0.677918,0.247931,0.0262552,3.01546,0.153705,0.118338,0.361126,0.432552,2.20396
156.363174603,0.15341,1.08926,0.0957359,1.41495,0.160188,0.0212378,3.1381,0.122362,0.0997875,0.774136,0.380455,1.57787
156.409614512,0.399881,0.970352,0.1013,1.7666,0.125682,0.0153551,2.78844,0.0827318,0.0503899,0.866124,0.393553,1.49239
156.456054422,1.05876,0.661176,0.197611,1.64944,0.0579508,0.104594,2.57179,0.0926433,0,0.758682,0.097485,1.31337
156.502494331,1.02251,0.694744,0.0314651,1.50233,0.225221,0.171256,2.32915,0.165049,0.00106472,0.54788,0.1598,1.13936
156.548934240,0.757659,0.608714,0.337356,1.33056,0.407785,0.0888985,2.71745,0.122847,0.0133808,0.145738,0.415574,1.33463
156.595374150,0.598224,0.479285,0.240344,1.05152,0.484084,0.0607132,3.35281,0.0604072,0.0133901,0.0266346,0.38561,1.50699
156.641814059,0.154829,0.623086,0.0272106,0.382804,0.480303,0.0484243,3.15416,0.052576,0.0514328,0.0633663,0.575361,2.12507
156.688253968,0,0.607104,0.155299,0.516287,0.33426,0.112926,2.94748,0.0980808,0.654056,0.00759889,0.458366,2.06618
156.734693878,0.00439244,0.256881,0.340204,1.26847,0.180632,0.0895771,2.51651,0.0408793,1.23004,0.0550485,0.284195,1.63058
156.781133787,0.0786951,0.107081,0.349673,1.54756,0.164132,0.0768748,1.94188,0.0254206,2.01906,0.125577,0.0663202,1.68734
156.827573696,0.0391581,0.00252742,0.169745,1.82864,0.120297,0.0716242,1.63101,0,2.10114,0.236795,0.000110041,1.60964
156.874013605,0.190038,0.00220576,0.00503384,1.9063,0.292034,0.278324,1.84721,0,1.41483,0.433981,0.000258262,1.43965
156.920453515,0.221138,0.0589571,0.00282609,1.57388,0.327639,0.218739,2.10109,0,1.14861,0.61176,0.173474,1.67804
156.966893424,0.116222,0.141781,0.00670302,1.57593,0.522288,0.225847,1.88602,0,0.814744,0.948856,0.464912,2.12403
157.013333333,0.0343331,0.080603,0.12271,2.33377,0.526218,0.275347,1.75687,0.0174905,0.73626,0.862279,0.476818,2.25771
157.059773243,0.98875,0.0684078,0.103725,2.20915,0.00922842,0.22393,1.7135,0.170547,0.591429,0.58105,0.0287255,2.39699
157.106213152,0.886924,0.318682,0.0721904,1.55475,0.0220546,0.125142,1.22461,0.957511,0.332927,0.45477,0.128651,1.99399
157.152653061,0.628173,0.357543,0.121543,1.24081,0.102397,0.159768,1.48481,1.03302,0.0404952,0.593542,0.198535,0.921341
157.199092971,0.400861,0.408263,0.435385,1.34455,0.20833,0.192464,1.93829,0.0175309,0.0218971,0.697497,0.326934,0.456167
157.245532880,0.00662186,0.433983,0.250687,1.55536,0.276578,0.294197,2.09773,0.249447,0.111331,0.545928,0.194524,0.877149
157.291972789,0.000264419,0.311346,0.632453,1.46515,0.209101,0.0797134,2.02113,0.793952,0.128065,0.371408,0.0823016,1.76672
157.338412698,0,0.25943,0.755031,1.00845,0.0957557,0.0114631,2.15887,0.669754,0.135111,0.401261,0.0195526,2.67271
157.384852608,0,0.308462,0.250013,0.866839,0.39926,0.431949,1.74017,0.224702,0.117712,0.576404,0.00390032,2.89036
157.431292517,0,0.409642,0.184091,0.744881,0.50724,0.697511,1.29959,0.062089,0.179481,0.648909,0.00712792,2.91785
157.477732426,0,0.159202,0.157341,1.11542,0.58303,0.807102,1.29139,0.0480847,0.291676,0.731466,0.118186,2.77085
157.524172336,0,0.0120664,0.056605,1.40333,0.647623,0.50784,1.11975,0.0276561,0.36413,0.513893,0.177144,2.75853
157.570612245,0,0.0632045,0.0728425,1.42864,0.786225,0.122584,1.32453,0.322359,0.275738,0.327641,0.191623,2.80667
157.617052154,0.415848,0.132733,0.139071,1.81165,0.44564,0.0326579,1.54579,0.864912,0.0313966,0.290672,0.717894,2.23249
157.663492063,0.239135,0.166516,0.124538,1.86559,0.034276,0,1.73305,0.674831,0.0351995,0.175901,0.76796,2.20976
157.709931973,0.411941,0.183024,0.00259561,1.62941,0.0389059,0,1.69789,0.611182,0.0522059,0.0392366,0.895855,2.25642
157.756371882,0.959188,0.0949547,0.00368075,2.26172,0.130771,0,1.66469,0.554181,0.0219542,0.122715,0.713055,1.66616
157.802811791,0.914265,0.00341947,0.00445365,2.46276,0.132673,0,1.4931,0.470382,0.0117647,0.235085,0.777635,1.23611
157.849251701,0.423988,0.131741,0.00513403,2.82658,0.0979785,0.140747,1.20891,0.426961,0.0574206,0.351979,0.695197,1.46106
157.895691610,0.244448,0.212426,0.0581921,3.09387,0.0497762,0.074879,0.930915,0.555676,0.102307,0.349679,0.945355,1.07577
157.942131519,0.4432,0.188923,0.1386,2.69639,0.244607,0.024966,0.640237,1.26077,0.168702,0.144811,1.15822,0.753096
157.988571429,0.530446,0.00918329,0.157331,2.21618,0.254383,0.0295273,0.873681,1.4428,0.219318,0.0120209,0.98517,0.822603
158.035011338,0.550624,0.697649,0.364125,1.59659,0.364379,0.00655058,1.54878,1.04409,0.850673,0.0317502,0.470276,0.456124
158.081451247,0.397479,1.81665,0.432815,0.689867,0.310675,0.298581,1.81223,0.68021,1.18948,0.0483743,0.12462,0.252864
158.127891156,0.214222,2.71183,0.322664,0.0275845,0.349166,0.516323,1.44702,0.887589,0.910039,0.0461578,0.549923,0.284592
158.174331066,0.0968052,2.9243,0.147554,0.0135111,0.245914,0.437264,1.23044,1.06008,0.604286,0.0760813,1.27535,0.239673
158.220770975,0.085778,2.95045,0.0686876,0,0.119911,0.394496,1.4596,1.01891,0.37746,0.0861238,1.5795,0.193396
158.267210884,0.0763958,2.58307,0.129092,0,0.0751231,0.358669,2.45552,0.580962,0.485441,0.0710883,1.58304,0.112756
158.313650794,0.0835961,2.3758,0.155802,0.024579,0.0107706,0.251111,3.22744,0.257113,0.418553,0.0163236,1.9502,0.155515
158.360090703,0.39255,1.28954,0.502473,0.012704,0.0445516,0.100872,3.3918,0.0110279,0.332033,0,2.1069,0.415376
158.406530612,0.66251,1.25908,0.313726,0.0957553,0.155741,0.106878,2.38994,0.152991,0.652271,0,1.4453,0.31484
158.452970522,0.65062,1.73727,0.0608091,0.189193,0.18058,0.253545,1.44021,0.693359,0.847597,0.00106548,0.981604,0.332897
158.499410431,0.787674,1.88482,0,0.0453262,0.183342,0.48249,1.30475,0.938888,0.969834,0.0110704,0.695632,0.334753
158.545850340,0.650842,2.09692,0.0957075,0.0689032,0.173231,0.56269,1.70347,0.888667,1.12638,0.00120582,0.716801,0.375128
158.592290249,0.582102,2.28364,0,0.0917826,0.153426,0.652502,2.22279,0.429817,1.07365,0.012846,0.887988,0.170427
158.638730159,0.632215,2.17871,0.0495688,0.123415,0.119381,0.335514,2.21088,0.209278,1.14666,0.0199069,0.77614,0.0928826
158.685170068,0.712137,2.01322,0.115639,0.11815,0.191494,0.308121,1.72036,0.00217231,1.00585,0.116227,0.929968,0.187228
158.731609977,0.437283,1.88998,0.145657,0.100701,0.414225,0.439035,1.50021,0.0246112,0.365922,0.298039,0.936972,0.308302
158.778049887,0.217662,1.73429,0.525066,0.128628,0.267666,0.487457,2.1504,0.0591136,0.278869,0.234579,0.939068,0.485402
158.824489796,0.107404,1.97333,0.403798,0.145258,0.469176,0.448105,2.79365,0.0301041,0.401274,0.190874,0.617632,0.480701
158.870929705,0.165215,2.50703,0.0881858,0.149995,1.63711,0.339093,2.68484,0.00507893,0.512426,0.0710691,1.23236,0.280519
158.917369615,0.075625,2.37374,0.21606,0.0890521,1.98538,0.33744,2.40551,0.191545,0.570135,0,1.89675,0.0376012
158.963809524,0.0077172,1.74776,0.088623,0.0746017,1.99617,0.262744,2.50208,0.0624366,0.632502,0.0300953,1.84996,0.466709
159.010249433,0.0748354,1.36223,0.0162825,0.109838,1.76541,0.0897418,2.27161,0,0.457311,0.0684158,1.71294,0.916238
159.056689342,0.324825,0.664048,0.00772112,0.510446,1.39746,0.147966,1.49472,0.63555,0.486529,0.134449,1.27231,1.26427
159.103129252,0.182913,0.714078,0.0866981,1.09287,1.12867,0.429669,1.36427,0.822429,0.289553,0.155762,1.22037,0.883085
159.149569161,0.0641456,0.960235,0.274243,1.13589,1.08759,0.477872,2.10304,0.513958,0.0413174,0.00517525,1.67626,0.120641
159.196009070,0.0631324,1.47565,0.507659,0.196215,1.57465,0.471697,1.99934,0.113967,0.0202721,0.00128277,1.83408,0.345875
159.242448980,0.0864383,1.37783,0.231076,0.0885201,1.98547,0.440105,1.42734,0.16843,0.0945727,0.14637,1.31151,0.890468
159.288888889,0.070793,1.09985,0.277406,0.0798746,2.1904,0.27064,1.60946,0.182833,0.0950771,0.315095,1.30546,0.947141
159.335328798,0.097663,0.884793,0.225067,0.110422,1.98857,0.0592505,2.04532,0.469984,0.0699201,0.340319,1.21737,1.0742
159.381768707,0.347456,0.604221,0.141428,0.510387,1.06865,0.0268403,2.70783,0.366674,0.119016,0.293981,1.07691,1.23073
159.428208617,0.934698,0.827321,0.0350356,0.686242,0.541434,0,3.18121,0.166049,0.119632,0.172363,1.22889,1.21491
159.474648526,0.77241,1.93532,0.00653011,0.279474,0.719811,0.235768,3.51252,0.238141,0.0437683,0.0257661,2.18312,0.194885
159.521088435,0.283801,2.16627,0.0227299,0.146404,1.67816,0.282,2.55839,0.0938497,0.062463,0.0314173,2.43331,0.0210258
159.567528345,0.0861114,2.19363,0.107286,0.0139143,2.01773,0.401655,1.4181,0.124141,0.42771,0.0371661,2.4399,0
159.613968254,0.0133561,2.10182,0.261198,0.00526983,2.01559,0.312514,1.33733,0.0998621,0.416992,0.0393815,1.57644,0.119265
159.660408163,0.376598,2.17949,0.249649,0.087423,1.39085,0.221325,1.5961,0.245717,0.194569,0.0301124,1.16633,0.420585
159.706848073,0.734378,2.67448,0.00519038,0.191847,0.262191,0.0892428,1.47503,0.668354,0.198028,0.344141,0.811316,0.513552
159.753287982,0.917303,2.63067,0.00420657,0.152345,0.0429764,0.0374112,1.8091,0.746825,0.676898,0.0344538,0.71673,0.541565
159.799727891,0.893553,2.75859,0.00521394,0.12828,0.0634688,0.0846421,2.08905,0.752828,1.00569,0,0.73368,0.546939
159.846167800,0.755884,2.92328,0.00377156,0.134657,0.109203,0.193311,2.23844,0.580065,0.874983,0.0721244,0.681193,0.280749
159.892607710,0.493513,2.83919,0.122673,0.113348,0.14209,0.278432,1.98068,0.307293,0.84664,0.0681943,0.530499,0.415843
159.939047619,0.239001,2.53494,0.140526,0.140695,0.348158,0.201378,1.95107,0.175333,0.884844,0.0545376,0.449203,0.526975
159.985487528,0.123301,2.32626,0.137063,0.165108,0.582916,0.118881,2.17244,0.066443,0.823156,0.0401732,0.505069,0.402925
160.031927438,0.25461,2.25743,0.121789,0.207504,0.668859,0.0551247,2.23348,0.0689548,0.785956,0.0174015,0.596665,0.227533
160.078367347,0.30154,1.96462,0.028494,0.172878,0.740305,0.138772,2.28885,0.109744,0.929899,0.00752633,1.17905,0.220381
160.124807256,0.407746,1.85865,0.00340214,0.159164,0.580829,0.556735,2.42367,0.741333,0.935207,0.118926,1.46584,0.270996
160.171247166,0.445296,2.09695,0.0225662,0.171453,0.604181,0.55341,2.51265,1.03708,0.352431,0.148092,1.49469,0.406841
160.217687075,0.159395,2.15737,0.0833157,0.0405897,0.496388,0.596137,2.36374,1.31105,0.186888,0.0865142,1.40829,0.354192
160.264126984,0.110635,2.27198,0.0612736,0.00541824,0.213765,0.347014,2.70953,1.30332,0.126241,0.0557052,1.36438,0.422104
160.310566893,0.099256,1.76546,0.0092108,0.278057,0.109136,0.369048,2.92084,1.14147,0.106104,0.0282076,1.39822,0.833802
160.357006803,0.150029,1.5066,0.00549817,0.481951,0.0731327,0.446143,3.49137,0.540035,0.194965,0,1.62107,0.831965
160.403446712,0.0836436,2.03897,0.00377438,0.529087,0.0536625,0.220169,3.77821,0.320608,0.0273383,0,1.72924,0.648554
160.449886621,0,2.37885,0.00530475,0.124446,0.0522652,0.133756,3.86083,0.417502,0.0933515,0.0123193,1.76779,0.250637
160.496326531,0.174632,2.35015,0.0601768,0,0.0482221,0.0243061,3.9342,0.330601,0.302501,0.0352352,2.16896,0.168369
160.542766440,0.321855,1.96719,0.244637,0.0223717,0.0342488,0.0303411,4.05842,0.235375,0.234163,0.131275,2.43885,0.127711
160.589206349,0.346446,1.72829,0.262185,0.0258202,0.0253158,0.0350305,3.55426,0.372005,0.161626,0.193237,2.40183,0.292737
160.635646259,0.357964,1.39333,0.00137143,0.23292,0.0315157,0.855166,3.00469,0.65407,0.0621132,0.117464,1.74237,0.207874
160.682086168,0.414198,0.760176,0.00220644,0.0592628,0.0369146,1.20083,2.59124,0.452583,0.0857173,0.114142,1.59404,5.02548e-05
160.728526077,0.319987,0.919597,0.107705,0.0950556,0.629506,1.33967,1.96757,0.451885,0.0819281,0.0400734,1.52435,0.19844
160.774965986,0.160442,1.53055,0.163174,0.200887,1.55961,1.03575,0.910364,0.382465,0.224152,0,1.35328,0.684846
160.821405896,0.0788596,1.62606,0.244067,0.673491,2.02944,0.288139,0.918075,0.105566,0.257324,0.185694,1.48922,0.493866
160.867845805,0,1.41798,0.231985,1.59922,1.34452,0.150919,1.43097,0.612725,0.12201,0.463306,1.18045,0.506615
160.914285714,0.000543698,1.36675,0.0641462,1.85393,0.834455,0,1.33738,0.877601,0.0891444,0.577747,1.17848,0.577621
160.960725624,0.0326788,0.482231,0.0953037,2.189,0.485229,0,1.73629,0.891364,0.267743,0.575669,0.884747,0.404997
161.007165533,0.447417,0.560426,1.19609,1.34747,0.441517,0,1.38183,0.640518,0.598568,0.408247,0.977763,0.0632749
161.053605442,1.01176,0.623917,1.95698,0.522903,0.313983,0,1.01217,0.720874,0.733702,0.350108,1.18302,0
161.100045351,1.59754,0.314304,2.27034,0.125328,0.139525,0,1.03962,0.721045,0.596747,0.206471,0.71752,0.0186222
161.146485261,1.51967,0.273866,2.57188,0.010426,0.438434,0,0.348846,0.905114,1.37991,0.110364,0.12374,0.740426
161.192925170,0.784253,0.430336,2.4321,0.00151174,0.704208,0,0.343783,0.858585,1.77873,0.0626238,0.0740263,1.13821
161.239365079,0.152247,0.463801,2.05377,0,1.32752,0.00447059,0.186914,0.586095,1.78829,0.0681616,0.0898599,1.59833
161.285804989,0.171122,0.216801,1.28234,0.0517615,1.95821,0.00300423,0.664262,0.503454,1.56808,0.0462875,0.725151,2.03223
161.332244898,0.212044,0.0369493,1.11046,0.15967,2.35187,0,1.16197,0.126406,1.53901,0.0265055,0.664106,2.38235
161.378684807,0.167917,0.000627129,1.03358,0.229963,2.71606,0.000746353,1.09081,0.239776,2.0339,0,0.66636,2.39307
161.425124717,0.139769,0.0014624,0.884627,0.0980598,2.99007,0.331844,0.604328,0.325791,2.12896,0,0.225151,1.98605
161.471564626,0.414721,0.00120414,0.502675,0.00708905,2.91445,0.825784,0.315844,0.316335,1.82244,0.000351714,0.0453767,1.6912
161.518004535,0.500036,0.172488,0.399598,0.0101098,2.67481,0.758334,0.308521,0.272596,1.32913,0.139932,0.204309,1.99738
161.564444444,0.605829,0.770378,0.543133,0.0658341,2.03631,0.490303,0.829797,0.874204,0.707985,0.184767,0.133882,1.78798
161.610884354,0.886494,0.241222,0.477706,0.769858,1.22381,0.589036,0.924744,1.34144,0.845705,0.234575,0.00218472,1.94183
161.657324263,1.2369,0.0499256,0.406623,1.1547,0.597885,0.580311,0.928163,1.50478,1.03175,0.343663,0.00208941,1.80337
161.703764172,1.47125,0.0324816,0.316866,1.46418,0.393077,0.481097,1.15582,1.90449,0.662064,0.241395,0.00191742,1.09925
161.750204082,1.26996,0.00248162,0.312441,0.659595,0.682101,0.663903,1.13472,1.90659,0.350135,0.0909529,0.00168302,0.682347
161.796643991,0.121295,0.910492,0.763636,0.0826427,1.39434,0.88015,1.05622,1.94284,0.233839,0.598437,0.048347,0.0476433
161.843083900,0.000277481,1.47896,0.7675,0.0571637,1.40215,0.71294,0.480046,2.21743,0.360661,1.15586,0.0938351,0.101427
161.889523810,0.283168,1.71312,0.287811,0.094383,1.53083,0.40417,0.0643419,2.10451,0.341374,2.20122,0.152716,0.133337
161.935963719,0.0514624,1.85757,0.687256,0.124223,1.7435,0.395681,0,1.49234,0.300449,2.21242,0.636498,0.278706
161.982403628,0.108589,1.89464,0.70784,0.222409,2.12825,0.28697,0.0264379,1.09293,0.273672,2.11232,0.895473,0.127056
162.028843537,0.103213,1.92744,0.599041,0.240109,2.46081,0.346924,0.178352,0.888211,0.321344,2.17369,0.875324,0.00973444
162.075283447,0.121028,1.79647,0.299429,0.0408252,2.63843,0.315012,0.00602731,0.725142,0.292199,2.26995,0.425794,0.258586
162.121723356,0.0746443,1.869,0.162223,0.0416437,2.41164,0.315487,0.000153467,0.849789,0.371735,2.33021,0.219965,0.438881
162.168163265,0.0215248,1.90964,0.195837,0.0487465,2.24062,0.329688,0.00221705,1.11522,0.33956,2.24352,0.21522,0.470036
162.214603175,0,1.84779,0.169839,0.142179,1.71792,1.10525,0.0788494,1.12397,0.258091,2.15805,0.284422,0.223978
162.261043084,0.713847,1.43521,0.618844,0.263911,1.20861,1.03658,0.301387,0.906683,0.167559,1.77019,0.635912,0.570665
162.307482993,0.998512,0.609096,0.673938,0.0336517,0.857787,0.889814,0.634597,0.893676,0.537355,0.970623,0.64646,1.10792
162.353922902,1.07721,0.40459,0.572718,0.0274058,0.875553,0.606029,1.59449,0.920267,0.796604,0.852359,0.231774,1.49701
162.400362812,1.00852,0.0792302,0.486889,0.0140097,1.23203,0.0218596,1.55595,1.03151,0.893056,0.582678,0.157358,1.99402
162.446802721,0.686187,0.423854,1.18642,0.100219,1.24711,0.0274989,1.37125,0.648905,0.686383,0.494234,0.201523,1.8214
162.493242630,0.520306,0.514941,1.69581,0.204349,1.05681,0.0458073,1.30232,0.556166,0.504208,0.204795,0.167406,1.81636
162.539682540,0.153115,0.486525,1.47032,0.304289,0.703912,0.0279347,1.58178,0.658467,0.349694,0.112351,0.0775701,2.24584
162.586122449,0.692183,0.133517,0.885388,0.600317,0.406806,0.0088955,1.54338,0.293472,0.413256,0.0967092,0.226549,2.86987
162.632562358,0.782851,0.712953,0.432995,0.603561,0.760571,0.140257,1.345,0.0316087,0.616441,0.0690418,0.10934,3.02518
162.679002268,0.526861,1.14236,0.33298,0.946569,0.85198,0.22229,0.96878,0.148335,0.648428,0.204653,0.0977186,2.84564
162.725442177,0.327247,1.22813,0.0795877,1.51111,0.522641,0.039311,1.23901,0.623491,0.387363,0.298961,0.239001,2.90994
162.771882086,0.0266906,1.07289,0.147709,1.70531,0.478708,0.0337074,1.32446,0.854558,0.322984,0.12111,0.170253,3.11592
162.818321995,0.0634904,0.566014,0.115952,1.63808,0.511501,0.0359809,1.54068,1.10353,0.456613,0.0211894,0.249335,3.20869
162.864761905,0.731723,0.19079,0.0363741,1.90686,0.127841,0.594213,2.17428,0.851729,0.440329,0.13836,0.139351,1.88035
162.911201814,0.979572,0.0781392,0.00960756,2.18253,0,0.514977,1.89522,0.925285,0.114187,0.336028,0.0557003,1.72465
162.957641723,1.23769,0.138883,0.0176771,1.90939,0,0.761904,1.34158,1.06776,0.0146513,0.465094,0.0150314,1.23902
163.004081633,1.46643,0.43193,0.113651,1.42963,0.0631876,0.653451,1.01579,1.21239,0.00424322,0.654081,0.0867013,1.01542
163.050521542,1.23318,1.33237,0.226174,0.719092,0.33199,0.841177,0.571013,1.62832,0,0.653397,0.159829,0.566939
163.096961451,1.2718,1.41344,0.716159,0.0096085,1.02772,0.947825,0.44754,2.15044,0.00548165,0.465102,0.40728,0.204999
163.143401361,1.52863,1.27384,0.701027,0.010995,1.38979,0.700915,0.418589,2.12008,0.082051,0.657333,0.859735,0.153781
163.189841270,1.32447,1.01903,0.91677,0.085793,1.67056,0.456406,0.577383,1.88362,0.0663546,0.492134,0.867714,0.635558
163.236281179,0.593978,0.828127,0.966363,0.174554,1.81592,0.178665,0.310594,1.91069,0.0645314,0.355477,0.746984,1.42843
163.282721088,0.125253,0.489444,0.658054,0.44577,1.23696,0.05569,0.353712,1.58209,0.0771919,0.679657,0.423481,2.59553
163.329160998,0.00405431,0.000761519,0.315827,1.69723,0.476903,0.00985776,0.932644,0.548935,0.201644,1.07339,0.179909,3.34266
163.375600907,0.0307259,0.00169682,0.191796,2.11513,0.216914,0.0155471,1.0773,0.422266,0.291717,1.00192,0.277364,3.2423
163.422040816,0.0596496,0.000852485,0.228137,1.96679,0.30417,0.0197006,1.3645,0.752857,0.227183,0.679442,0.239579,3.1651
163.468480726,0.0535411,0.0148519,0.158636,1.82371,0.0802215,0.111008,1.68526,0.570021,0.0942058,0.744694,0.0955404,3.23817
163.514920635,0.158579,0.000876538,0.578083,1.33616,0,0.374137,1.77935,0.0362699,0.0262902,0.760352,0.0960735,2.65156
163.561360544,0.752385,0.0808739,0.743075,0.760767,0,0.393989,1.35125,0.057084,0.0576576,0.680911,0.0854743,2.11882
163.607800454,1.15551,0.186753,0.829073,0.797194,0.00795624,0.339929,1.14782,0.64705,0.0705751,0.151803,0.287274,2.13134
163.654240363,1.05446,0.296903,0.692146,0.600652,0.362211,0.395782,0.922026,1.52123,0.0556243,0.0996739,0.581434,1.97551
163.700680272,0.883359,0.169589,0.504744,0.533457,1.16114,0.639533,0.672172,1.66958,0.00181453,0.132497,0.528746,1.98711
163.747120181,0.408317,0.0352147,0.637643,0.642026,1.62407,0.586211,0.494601,1.28246,0.336914,0.131536,0.0369426,2.59063
163.793560091,0.115615,0.00414774,0.901236,0.691906,1.99439,0.464614,0.435568,0.203779,0.787999,0.147847,0.0356917,3.04475
163.840000000,0.011881,0.00230894,0.696806,0.723482,2.75687,0.152253,0.277587,0.0832864,1.14548,0.148407,0.0111685,3.08151
163.886439909,0,0.00305571,0.471802,0.578611,2.92483,0.0122553,0.521856,0.0142591,1.4734,0.177204,0.0398435,2.95442
163.932879819,0,0.00280746,0.35231,0.299191,2.71303,0.0141381,0.56212,0.00315091,1.66954,0.219614,0.059997,2.91416
163.979319728,0,0.00084561,0.274003,0.205818,2.44905,0.025095,0.536326,0,1.66124,0.107938,0.0948937,2.92732
164.025759637,0.00627679,0.063547,0.41563,0.115592,2.12456,0.297116,0.547961,0.0200602,1.66264,0.0725447,0.164249,3.10073
164.072199546,0.00213237,0.121545,0.577784,0.286178,2.00901,0.429465,0.753168,0.0115735,1.81731,0.0467231,0.161246,3.17481
164.118639456,0,0.00253211,0.249534,0.547221,2.54152,0.1849,0.700439,0.0129792,1.84997,0.0694693,0.298034,2.92599
164.165079365,0.154543,0.00371861,0.180327,1.85512,2.10361,0.221192,0.543821,0.595206,0.462407,0.130302,0.326968,2.75081
164.211519274,0.420697,0.0028288,0.0980389,1.97532,1.27402,0.196258,0.521729,1.30669,0.396481,0.443786,0.00851553,2.13525
164.257959184,0.967913,0.105736,0.00252398,1.6243,0.762162,0.0286353,0.500552,1.43894,0.591164,0.281566,0.000959075,1.78161
164.304399093,0.766517,0.151295,0.0193213,1.40845,0.435737,0.5727,0.363166,1.54384,1.001,0.0810393,0.00099723,1.80862
164.350839002,0.502712,0.159914,0.0165946,0.495427,0.628412,0.690675,0.60139,1.68555,0.549963,0.15841,0.0377251,2.1396
164.397278912,0.0665182,0.647378,0.183126,0.213827,1.56962,0.254578,0.776238,2.06834,0.160033,0.321456,0.200012,1.32815
164.443718821,0.00744836,0.890349,0.233864,0.656277,1.77474,0.0966662,0.62471,2.15572,0.0973315,0.683066,0.240546,0.517606
164.490158730,0.133455,0.93352,0.197254,0.673303,1.8106,0,0.383312,1.85487,0,1.55824,0.406447,0.367447
164.536598639,0.129492,1.0617,0.212527,0.814571,1.76629,0,0.256739,1.53174,0,2.29907,0.47956,0.379392
164.583038549,0.027454,1.30192,0.22202,0.847155,1.83283,0.00291571,0.228805,0.924732,0,2.53955,0.492046,0.398164
164.629478458,0.045209,1.20232,0.0893004,0.821734,1.90808,0.0230382,0.265922,0.534165,0.117621,2.64009,0.387427,0.508075
164.675918367,0.107562,0.70286,0.169816,0.659095,1.88985,0.049798,0.305719,0.793191,0.238063,2.32875,0.3686,0.698326
164.722358277,0.208103,0.255059,0.150073,0.477433,1.95093,0.0573252,0.638744,1.16214,0.229236,1.77753,0.402156,0.974017
164.768798186,0.225988,0.192408,0.0757247,0.854864,1.51383,0.0459864,0.61262,1.44696,0.322971,1.88828,0.00128209,0.997639
164.815238095,0.81035,0.450986,0.0112867,1.06377,0.771915,0.0801918,0.0261978,1.40518,0.350325,1.54404,0.84486,1.24795
164.861678005,0.707939,0.474417,0.155934,1.18083,0.783182,0.24745,0.131855,0.689992,0.571755,1.34036,1.04389,1.07253
164.908117914,0.639262,0.288569,0.365395,1.26367,1.26158,0.148488,0.530176,0.190087,1.00052,0.840436,0.924767,1.33473
164.954557823,0.39104,0.0523004,0.596488,1.36705,1.80627,0.112597,0.75486,0.204442,1.32157,0.534224,0.119874,1.64841
165.000997732,0,0.0260507,0.693156,0.682842,2.75618,0.0583646,0.904477,0.0856558,1.88947,0.546563,0.0977424,2.31067
165.047437642,6.6043e-05,0.119283,0.18497,0.486928,3.10407,0.0179081,0.863114,0.0983731,1.98509,0.255217,0.535846,2.45724
165.093877551,0.238568,0.114194,0.226573,0.451052,2.89149,0.0775517,0.940324,0.066464,2.04782,0.111696,0.130578,2.78395
165.140317460,0.590223,0.0228677,0.455893,0.699663,2.0536,0.0429625,1.13349,0.0673611,2.20329,0.149245,0.0309544,3.13146
165.186757370,0.440654,0.000214005,0.634055,1.08187,1.13255,0,1.37548,0.0862589,1.81398,0.168366,0.0379598,3.32603
165.233197279,0,0.00108367,0.317058,1.62411,0.290552,0.0721288,1.97824,0.0520279,0.715514,0.371333,0.0505148,3.06509
165.279637188,0.0524622,0.00182542,0.142086,2.15132,0.0746745,0.20201,2.06701,0.0121267,0.1759,0.701001,0.112967,3.64609
165.326077098,0.0826708,0.00155667,0.112069,2.35628,0.103631,0.170527,1.97773,0,0.18393,0.68618,0.152638,3.61372
165.372517007,0.00512942,0.000485416,0.206087,2.01813,0.0997207,0.177071,2.05857,0.105719,0.218265,0.496429,0.413586,3.4226
165.418956916,0.00109957,0.00043681,0.314883,1.84759,0.0931268,0.145265,1.96578,0.126175,0.250409,0.498387,0.818891,3.1015
165.465396825,0.940111,0.00200532,0.257026,1.74442,0.270714,0.106148,1.26672,0.10974,0.354613,0.969871,1.18749,1.97272
165.511836735,0.976739,0.0130191,0.333999,1.31992,0.448756,0.70081,0.249914,0.558984,0.286717,1.09631,0.756564,1.07646
165.558276644,1.21836,0.0146892,0.229028,1.26548,0.781277,0.289126,0.289949,0.433582,0.19513,1.47715,0.453909,0.298237
165.604716553,0.824845,0.0822729,0.346162,1.1659,1.26879,0.190658,0.256675,0.155254,0.380001,1.76968,0.0225011,0.358043
165.651156463,0.414778,0.0316578,0.117091,0.834351,2.1092,0.105855,0.14453,0.115413,0.488548,2.18067,0.0530944,0.390509
165.697596372,0.0879597,0.135516,0.258669,0.591437,2.43532,0.0590634,0.0995946,0.0350381,0.687808,2.35433,0.256855,0.541083
165.744036281,0.00346465,0.15556,0.493203,0.651755,2.37885,0.0253523,0.0938425,0.102679,0.787073,2.02135,1.45225,0.349549
165.790476190,0.0222316,0.0690124,0.575406,1.1865,2.10703,0.473064,0.109303,0.196027,0.996938,0.762796,2.17733,0.918162
165.836916100,0.0247218,0.023243,0.334756,1.92159,0.734674,0.494191,0.624886,0.328653,0.96191,0.240886,1.64732,2.18666
165.883356009,0.0569936,0.00278203,0.232182,2.06163,0.084326,0.280579,1.49461,0.0829736,0.602408,0.254767,0.618052,3.44387
165.929795918,0.0774477,0.00268448,0.154542,1.89564,0.0323927,0.263648,1.89226,0.0497785,0.19151,0.352221,0.130811,3.87262
165.976235828,0.116416,0.0480237,0.142285,1.72172,0.0670259,0.0209579,1.82184,0.0405275,0.146455,0.207041,0.174383,3.69497
166.022675737,0.108736,0.117611,0.255419,1.47042,0.145576,0,1.79761,0.120421,0.117797,0.255735,0.144892,3.29898
166.069115646,0.254275,0.00129269,0.474859,1.44347,0.126355,0.0241686,2.04185,0.0643942,0.142777,0.396712,0.108878,3.38824
166.115555556,0.761307,0.00189817,0.859917,1.45129,0.0619644,0.03607,2.25879,0,0.276134,0.29085,0.0181844,3.2184
166.161995465,0.874873,0.00242524,0.902512,1.57176,0.0281001,0.0399662,2.48304,0,0.519525,0.118331,0.0483038,3.0196
166.208435374,1.46856,0.00109827,0.872743,1.28177,0.0230201,0.0286305,2.58436,0.271079,0.549375,0.277097,0.151366,2.14461
166.254875283,1.6914,0.116845,0.884311,0.842734,0.404998,0.0452163,2.29754,0.621764,0.125571,0.420012,0.130712,1.58055
166.301315193,0.935616,0.212516,1.00758,0.515484,0.887236,0.00636601,1.7181,0.561788,0.208809,0.745924,0,1.90473
166.347755102,0.512473,0.129694,1.27003,0.510652,1.38824,0.18107,1.10946,0.215501,1.03176,0.545357,0,1.84022
166.394195011,0,0.0776424,1.25468,0.25514,2.0498,0.146758,0.436078,0.0391121,2.07856,0.29502,0.0115479,1.96476
166.440634921,0,0.0252194,0.907066,0.28797,2.53493,0.0370176,0.549527,0.0209867,2.66866,0.371939,0.00106235,2.40491
166.487074830,0,0.00266157,0.659718,0.331906,2.66285,0.000918138,0.558153,0.0119521,2.70896,0.372182,0.0397146,2.26613
166.533514739,0.0824085,0.00209056,0.648162,0.394405,2.60088,0,0.393409,0.0274088,2.44894,0.340744,0.131213,2.00942
166.579954649,0.0507368,0.000110351,0.594242,0.426475,2.33459,0.158192,0.313002,0.0709957,2.31659,0.333999,0.0126228,1.94342
166.626394558,0.0144096,0.0677869,0.605235,0.431875,1.82867,0.254926,0.433481,0.0262429,2.20055,0.292663,0,2.02554
166.672834467,0,0.130526,0.604104,0.497084,1.63715,0.348848,0.813279,0.0346429,1.97837,0.272945,0.0436348,2.2672
166.719274376,0.245408,0.00315207,0.28159,0.948246,1.88339,0.149876,1.16921,0.0348312,1.74579,0.330573,0,2.52046
166.765714286,0.998482,0.0341931,0.173695,1.02583,1.63235,0.0194361,1.3473,0.018648,1.86854,0.437556,0.0144053,1.79589
166.812154195,1.32543,0.228127,0.075023,0.643578,1.04996,0.309994,1.00328,0.336265,1.57459,0.406809,0.0499277,1.51734
166.858594104,1.40561,0.252049,0.0660741,0.631079,1.0473,0.815023,0.589882,0.897713,1.1157,0.20358,0.00300664,1.29246
166.905034014,1.2258,0.085013,0.137278,0.479074,0.898196,0.886071,0.0681987,1.28262,0.904498,0.110657,0.00274342,1.60127
166.951473923,0.300059,0.628837,0.717463,0.00860302,1.04876,0.876279,0.0977194,1.58904,0.566131,0.230223,0.362051,1.42688
166.997913832,0.0675196,0.698272,0.925853,0.00459157,0.591768,0.590721,0.339132,1.69302,0.0807188,1.50692,0.443385,0.592785
167.044353741,0.00455599,0.567176,0.379112,0.497115,1.15464,0.186412,0.4026,1.86756,0.0548191,2.12584,0.394784,0.192891
167.090793651,0,0.421615,0.182696,0.771042,1.67791,0.0694025,0.364754,1.77885,0.0419423,2.31601,0.341213,0.16797
167.137233560,0,0.19164,0.182182,0.923417,1.95846,0.048152,0.253692,1.51049,0.0493063,2.38528,0.303212,0.506248
167.183673469,0,0.00191752,0.107322,0.969869,1.77813,0.0546275,0.175208,1.16416,0.234123,2.26731,0.287807,0.946927
167.230113379,0,0.112084,0.0849641,0.943643,1.80306,0.107833,0.140715,1.06536,0.427137,2.05768,0.262038,1.09392
167.276553288,0,0.181229,0.254323,0.835911,1.70239,0.105597,0.229925,0.970237,0.483806,1.82064,0.23529,1.13091
167.322993197,0,0.287674,0.237169,0.718341,1.55385,0.0540077,0.433848,1.08055,0.426627,1.7411,0.127649,0.857528
167.369433107,0.0539315,0.48917,0.149766,1.21286,1.24697,0.0461667,0.374021,1.42816,0.358672,1.59367,0.0366393,0.535417
167.415873016,0.586807,0.447756,0.0438112,1.61865,0.835754,0.224466,0.265888,1.1501,0.455418,1.37933,0.0608429,0.446803
167.462312925,0.673863,0.178766,0.00421352,1.61344,0.622773,0.470737,0.467117,1.10787,0.763828,1.09279,0.0700459,0.80573
167.508752834,0.303325,0.0556327,0.00516245,1.5133,0.946065,0.28836,0.505533,0.96472,1.2071,0.66384,0.0306458,1.49251
167.555192744,0.133916,0.0265129,0.00441888,1.20995,1.52362,0.0554343,0.523102,0.953064,1.58333,0.45618,0,2.56205
167.601632653,0.23239,0.00864368,0.175774,0.715694,2.89776,0.0538675,0.593106,0.746572,1.61353,0,0.0598537,2.60904
167.648072562,0.470671,0.017076,0.372989,0.772988,2.88754,0.0403668,0.461603,0.297319,1.62341,0,0.0982432,2.70941
167.694512472,0.139896,0.0455479,0.327301,0.739373,3.01463,0.0506479,0.523229,0.175413,1.57102,0,0.144297,2.88173
167.740952381,0.0302584,0.0208799,0.358036,0.595501,2.68793,0.288399,0.863798,0,1.03993,0.0338745,0.203706,2.89223
167.787392290,0.149731,0.329899,0.314408,0.860163,1.73578,0.525292,1.27149,0,0.123263,0.79089,0.157951,2.51101
167.833832200,0.157713,0.000709428,0.298423,1.31366,0.76871,0.463378,2.33659,0.0254371,0.0160484,1.17086,0.193076,2.30172
167.880272109,0.110752,0.0013147,0.30138,1.73109,0.0454705,0.279313,2.50114,0.0299938,0.0401885,1.07203,0.215746,3.20457
167.926712018,0.0879756,0.00154296,0.366129,1.91518,0.0590159,0.251444,2.54222,0.0175187,0.0568176,0.79841,0.227973,3.51658
167.973151927,0,0.0436804,0.294077,1.77821,0.0690911,0.245476,2.4354,0.129884,0.0752001,0.462882,0.320273,3.69535
168.019591837,0.00601618,0.127513,0.341654,1.25647,0.0758315,0.52504,2.32507,0.0254566,0.0652046,0.255534,0.472081,3.45356
168.066031746,0.107875,0.143744,0.750686,0.617425,0.123367,0.594253,2.4229,0.039672,0.0635452,0.25441,0.555331,2.61388
168.112471655,0.677307,0.0568933,0.97463,0.6072,0.111546,0.524985,2.29596,0.380124,0.115529,0.303069,0.485831,2.0512
168.158911565,1.15367,0.00189632,0.763312,0.705802,0.104421,0.331772,1.4513,1.59857,0.139221,0.344751,0.404653,1.64592
168.205351474,1.09433,0.000467914,0.87611,0.523762,0.11112,0.159568,0.400931,2.39409,0.0813357,0.306531,0.322441,1.923
168.251791383,0.93823,0.000937545,1.041,0.551082,0.516513,0.138467,0.437161,2.69443,0.0640299,0.138877,0.394064,1.92347
168.298231293,0.916733,0.00278107,1.22783,0.15507,0.390794,0.330799,0.38719,2.77716,0.0444853,0.0852895,0.376648,2.00378
168.344671202,0.804954,0.0509173,1.09067,0.15179,0.131747,0.349621,0.534797,2.86262,0.0896126,0.141727,0.570362,1.84864
168.391111111,1.02801,0.0462399,0.59249,0.319335,0.101555,0.254586,1.02223,2.47963,0.0405857,0.29744,0.535164,1.86828
168.437551020,0.845959,0,0.161328,1.37037,0.153691,0.129817,1.73571,1.41815,0.0925828,0.595565,0.149968,2.37514
168.483990930,0.408356,0,0.232746,2.10657,0.0570804,0.111476,1.8376,0.172832,0.210835,1.17756,0.207675,2.50357
168.530430839,0.137164,0,0.199855,2.16109,0,0.152465,1.837,0.0115331,0.256361,1.38577,0.165191,2.48267
168.576870748,0.148337,0.000662744,0.303513,1.88415,0,0.111923,1.70522,0.00603919,0.562662,1.32837,0.139815,2.4004
168.623310658,0.0698124,0.00189728,0.255731,1.89709,0.0092359,0.138971,1.82869,0.256947,0.360587,1.3784,0.192647,2.13055
168.669750567,0.644889,0.00201085,0.200167,1.71912,0.0381313,0.02657,2.17065,0.0505905,0.156756,1.21573,0.224941,1.58525
168.716190476,1.17558,0.00177006,0.325987,1.40216,0.0270515,0.0379702,2.14549,0.0296725,0.0193525,1.09622,0.183577,1.50957
168.762630385,0.996783,0.265933,0.448767,1.12069,0.110847,0.0409648,1.38381,0.0476661,0.153973,0.306076,0.117152,1.90228
168.809070295,0.47946,0.355546,0.413122,0.900032,0.363767,0.148375,0.867863,0.709642,0.16966,0.0929492,0.0325705,2.49104
168.855510204,0.187589,0.212935,0.712661,0.240341,0.29035,0.521164,0.756183,1.0912,0.152934,0.116644,0.0699284,2.36048
168.901950113,0.275696,0.232457,0.994126,0.724331,0.806771,0.700459,0.549902,1.13715,0.150918,0.160702,0.168009,1.91712
168.948390023,0.177029,0.369912,0.3409,0.705724,2.35414,0.333172,0.557195,0.874082,0.714114,0.144464,0.369955,2.25598
168.994829932,0.0390417,0.353466,0.349219,0.638312,3.05909,0.188785,0.807618,0.0643588,1.33295,0.0798885,0.3972,2.50014
169.041269841,0,0.126062,0.442072,0.528835,3.0385,0.0716812,0.855143,0,1.99071,0.0930931,0.448146,2.63592
169.087709751,0,0.00217093,0.534372,0.590325,2.8695,0.0409142,0.586981,0,2.25339,0.206746,0.133609,2.72784
169.134149660,0,0.00146831,0.523779,0.509077,2.92206,0.138061,0.770063,0,2.12938,0.145754,0.099535,2.83543
169.180589569,0,0.0123406,0.617085,0.450044,2.72251,0.117071,0.961631,0.0622401,1.7293,0.062082,0.127943,3.06599
169.227029478,0,0.0564063,0.660471,0.353438,2.18088,0.213515,0.807462,0.116133,1.33603,0.0395615,0.141416,3.29029
169.273469388,0,0.00242544,0.556442,0.169707,1.96964,0.273297,0.694175,0.17445,1.17137,0.0730317,0.210025,3.32347
169.319909297,0,0.00462765,0.143279,0.978787,2.1355,0.110585,0.383995,0.60718,0.540687,0.0733831,0.0696171,3.38702
169.366349206,0.214812,0.00415743,0.00233567,1.30559,1.4685,0.428973,0.218442,0.894041,0.279835,0.346656,0.000540126,3.31435
169.412789116,0.725519,0.264171,0.00292277,1.13326,0.855274,0.527812,0.301037,1.12971,0.229916,0.420137,0.0769534,2.71675
169.459229025,1.03231,0.505603,0.474664,0.820715,0.718212,0.424898,0.329112,0.98302,0.0940636,0.336225,0.175265,2.44266
169.505668934,0.886145,0.460621,0.997502,0.520188,0.848117,0.37053,0.576978,1.09634,0.21047,0.39275,0.542707,1.84593
169.552108844,0.475472,0.296052,0.793617,0.0154449,1.11263,0.354435,0.891312,1.38789,0.119583,1.04732,0.873657,1.1614
169.598548753,0,0.0950244,0.240062,0.100158,1.55993,0.144605,1.11892,1.56778,0.0850319,2.03361,0.77332,0.510642
169.644988662,0,0.302496,0.219837,0.18995,1.68077,0.0658229,1.04175,1.36532,0.0732329,2.3245,0.563625,0.3284
169.691428571,0,0.3397,0.208401,0.371587,1.47869,0.0448597,0.702502,1.19473,0.0928832,2.52297,0.150757,0.40866
169.737868481,0,0.659767,0.226224,0.420219,1.34768,0.0692699,0.302692,1.05552,0.142325,2.49234,0.137468,0.61762
169.784308390,0.0367157,1.08261,0.120385,0.240136,1.29095,0.0750905,0.169656,0.738224,0.160665,2.68504,0.232247,0.839742
169.830748299,0.0128815,1.23755,0.188909,0.162064,1.34851,0.187403,0.44764,0.475902,0.259404,2.50735,0.254835,0.937157
169.877188209,0.213326,1.20873,0.264499,0.178653,1.33329,0.103117,0.5509,0.285885,0.437401,2.19773,0.684178,0.886029
169.923628118,0.33867,0.827324,0.260367,0.703871,1.13232,0.0474423,0.692331,0.236769,0.564693,1.81944,0.627223,0.957279
169.970068027,0.347436,0.421218,0.168422,1.49707,0.404051,0.202138,0.690358,0.376416,0.558377,1.43978,0.299114,1.50292
170.016507937,0.58105,0.281352,0.206993,1.68113,0.21671,0.532737,0.551211,0,0.760989,0.80654,0.232174,1.46486
170.062947846,0.710767,0.0168861,0.26852,1.58674,0.599851,0.836051,0.408338,0,1.0802,0.625383,0.137047,1.59769
170.109387755,0.352157,0.0220965,0.352663,1.4603,1.20494,0.662519,0.0944252,0.0702375,1.11996,0.723714,0.152084,2.2065
170.155827664,0.106699,0.000665978,0.516141,0.926185,2.88941,0.124378,0.066226,0.0899046,1.38471,1.08729,0.00220156,2.18391
170.202267574,0.00205437,0,0.277285,0.375869,3.59342,0.201385,0.0195733,0.105817,1.58044,1.0138,0.309516,2.31854
170.248707483,0.22818,0,0.370612,0.364475,3.50916,0.213206,0.162846,0.0737428,1.49382,1.08428,0.0855387,2.43574
170.295147392,0.425297,0.0198006,0.36749,0.688722,2.95164,0.217647,0.61695,0.0270571,0.648977,1.03921,0.159068,2.53018
170.341587302,0.489238,0.10655,0.434093,0.695009,2.22064,0.223354,1.56545,0.0161715,0.171803,0.691856,0.216087,2.48312
170.388027211,0.101454,0.0948162,0.533455,1.42045,0.780368,0.176723,2.10115,0.028567,0.0816702,0.807402,0.243959,2.98287
170.434467120,0.083609,0,0.208677,2.18454,0.0991546,0.114551,2.19392,0.0279205,0.0842286,0.882767,0.183882,3.15586
170.480907029,0.070614,0.000595938,0.11823,2.38658,0,0.0967346,2.39435,0.00108745,0.0654458,0.820958,0.205081,3.23387
170.527346939,0.0108574,0.000399816,0.179987,2.46345,0.0159145,0.179878,2.45105,0.0840109,0.0780876,0.500172,0.19485,3.2878
170.573786848,0,0.0851458,0.127557,2.44402,0.0975497,0.231748,2.21254,0.162748,0.0632936,0.0555391,0.16006,3.32072
170.620226757,0.702316,0.0645413,0.210721,2.06162,0.0978756,0.417356,2.11518,0.0621972,0.220084,0.0305232,0.871502,2.5686
170.666666667,1.56564,0.110601,0.170272,1.94373,0.126258,0.630569,1.23209,0.0636832,0.466693,0.0183053,0.919732,1.91218
170.713106576,1.95291,0.207011,0.00607732,2.3042,0.192455,0.673574,0.422279,0.697472,0.349852,0.629148,0.606575,0.316872
170.759546485,1.69052,0.220184,0.00619062,2.20345,0.281912,0.255061,0.411369,1.44673,0.102251,0.927134,0.357041,0.198101
170.805986395,0.466954,0.145835,0.00577894,1.34449,0.255728,0.26298,0.235848,1.82247,0.313282,1.38173,0.493187,0.587238
170.852426304,0.142079,0.386503,0.10049,0.106423,0.927824,0.0855805,0.271539,2.03387,0.350193,1.6355,0.72004,0.597289
170.898866213,0.0476176,1.09909,0.00223724,0.203787,1.12505,0.226948,0.277534,1.73867,0.0862535,1.85415,0.694336,0.622517
170.945306122,0.310184,1.00808,0.000645591,0.315689,1.1065,0.00650997,0.442353,1.10181,0,2.07818,1.00702,1.27807
170.991746032,0.250836,0.699172,0.0229374,0.27628,1.60487,0.0695934,0.538255,0.784155,0,1.02461,1.28692,2.2504
171.038185941,0.0339273,0.839813,0.0820188,0.500999,1.77348,0.165761,0.64098,0.582819,0.191101,0.352906,1.45192,2.3638
171.084625850,0.00885929,1.23873,0.125251,0.91425,1.92174,0.357179,0.675773,0.268911,0.227842,0.347219,1.24864,1.87855
171.131065760,0.00443835,1.32801,0.127578,0.998586,1.645,0.462578,0.736623,0.185049,0.290134,0.528623,1.08459,1.66138
171.177505669,0.0221486,0.970248,0.372968,1.00437,0.937894,0.268207,1.34864,0.620746,0.699846,0.607284,1.16763,0.945117
171.223945578,0.0311751,0.796718,0.0965481,1.44001,0.65292,0.271097,1.72156,0.677557,0.67081,0.491062,0.991207,1.07898
171.270385488,0.330654,0.745233,0.394523,1.70138,0.469225,0.0566487,1.40173,0.0651341,1.33893,0.298406,0.96218,0.903383
171.316825397,0.724005,1.13006,0.53838,1.2944,0.363531,0.340371,1.08385,0.0983533,1.12192,0.285534,1.2731,0.73452
171.363265306,0.967775,1.2418,0.791508,0.925986,0.550076,0.410434,1.03452,0.337232,0.865133,0.313421,1.41719,0.44961
171.409705215,1.30148,0.958254,1.01703,0.515741,0.517292,0.174539,1.04371,1.18428,0.42697,0.402413,1.23922,0.363158
171.456145125,1.27362,0.237118,1.21817,0.316215,0.720785,0.0797941,0.792293,1.46999,0.416575,0.492976,0.847777,0.498725
171.502585034,1.20641,0.0023787,1.30026,0.31397,0.815337,0.099633,0.457761,1.33188,0.731806,0.483344,0.556876,0.611181
171.549024943,1.12195,0.0112008,1.21845,0.380748,2.16218,0.178995,0.503471,1.00354,0.73023,0.176613,0.388029,0.768845
171.595464853,0.814788,0.119371,0.620755,0.0175984,2.8427,0.438521,0.52948,0.355465,1.19352,0.0179392,0.543095,1.69135
171.641904762,0,0.463594,0.383837,0.0132712,2.44772,0.384089,0.910943,0.132629,1.66314,0.0349266,0.785663,2.36653
171.688344671,0,0.598543,0.281455,0.121333,2.22463,0.311359,1.31801,0.0448637,1.78711,0.0214819,1.057,2.16166
171.734784580,0,0.111085,0.251718,0.0818703,2.56056,0.290163,1.32643,0.0438803,2.10215,0.0343106,0.964583,2.23626
171.781224490,0.542742,0.00345533,0.320641,0.00432393,2.80693,0.112733,1.01953,0.0688484,2.17091,0.068769,0.811616,1.89596
171.827664399,0.738831,0.00298963,0.301537,0.243164,2.77502,0.00916733,0.937384,0.145072,1.94928,0.214214,0.571052,1.55283
171.874104308,0.580392,0.0017837,0.289748,0.4377,3.12709,0.0184273,1.10091,0.30526,1.51942,0.101905,0.477198,1.6918
171.920544218,0.296053,0.290899,0.228785,0.134454,3.27091,0.133855,1.07046,0.305129,0.779548,0.0183191,0.650039,2.26267
171.966984127,0.0932602,0.277529,0.280272,0.164318,2.78036,0.545598,1.159,0.398804,0.362565,0.0133989,0.603385,2.59659
172.013424036,0.481322,0.220311,0.291856,0.484283,1.62341,0.400241,0.945301,0.641289,0.346882,0.0365634,0.717211,2.34723
172.059863946,0.484614,0.397188,0.708233,0.158273,1.21869,0.459688,0.702651,0.929516,0.412451,0.0187372,1.05175,1.55037
172.106303855,0.11288,1.123,1.04621,0.0517572,1.21394,0.31595,0.835938,1.06394,0.111842,0.305357,1.01574,0.5379
172.152743764,0.305311,1.18276,0.906029,0.145559,0.783969,0.086528,0.974509,1.57547,0.00516462,1.11117,0.708041,0.310464
172.199183673,0.32229,1.30062,0.569488,0.366847,0.945135,0,0.761974,1.83663,0.00600754,1.71195,0.45456,0
172.245623583,0.168598,1.71323,0.592067,0.067094,1.58256,0.0518472,0.301859,1.48305,0.0579931,2.15316,0.408001,0.231164
172.292063492,0.00312457,2.10885,0.392068,0.0616593,1.96473,0.353588,0.305233,1.40426,0.0511645,2.19612,0.364023,0.262241
172.338503401,0.0421407,2.09953,0.22809,0.0508657,1.69207,0.38049,0.391781,1.21467,0.103879,2.33367,0.422605,0.386513
172.384943311,1.785,0.893974,0.226023,0.177117,1.33741,0,0.656957,0.445227,0.130663,2.56821,0.194744,0.273265
172.431383220,1.80543,0.0588121,0.155064,0.41379,0.814061,0.00420141,0.740671,0.26172,0.0858238,2.40752,0.270862,0.497124
172.477823129,1.85227,0.00310093,0.10143,0.714211,0.718415,0.00471791,0.853466,0.0735877,0.0516678,2.0657,0.158414,0.750245
172.524263039,1.38467,0.00180634,0.0112083,0.784681,0.465797,0.000362946,1.25914,0,0.090444,1.82781,0.0973079,0.884774
172.570702948,0.528848,0.141278,0.485609,0.658014,0.380122,0.142805,1.3799,0.195744,0.21714,1.61914,0.122344,0.866449
172.617142857,0.594306,0.225176,1.12548,0.379664,1.16227,0.069944,1.0814,0.200328,0.352891,1.03681,0.110689,0.752363
172.663582766,0.43702,0.0685465,1.38051,0.425938,1.93365,0.0932382,0.656935,0.158124,1.23983,0.458571,0.0579784,2.18294
172.710022676,0.143494,0.0108893,1.51327,0.548364,2.17462,0.126819,0.589002,0.0317531,1.98129,0.168277,0.0465894,2.72074
172.756462585,0.101984,0.0698464,1.45415,0.580777,2.04622,0.102096,0.568955,0.172392,1.9582,0.0757833,0.113677,2.72268
172.802902494,0.0518867,0.231985,1.30832,0.591027,1.76402,0.101656,0.443862,0.360988,2.03016,0,0.0761735,2.74336
172.849342404,0.0818915,0.20931,1.12151,0.591303,2.32408,0,0.467803,0.16044,2.11106,0.0933663,0.0216653,2.56991
172.895782313,0.159276,0.0468483,0.408811,0.938634,2.21281,0.0653505,0.694384,0.0997852,1.67208,0.204093,0.140397,2.55284
172.942222222,0.0699428,0.166751,0.112928,1.36488,1.18527,0.173037,0.870117,0.256694,0.0148974,0.324729,0.354405,2.64944
172.988662132,0.0687726,0.220573,0.0352319,0.937131,1.01858,0.175056,1.65728,0.160126,0.0365926,0.466768,0.186964,2.21919
173.035102041,0.154733,0.124632,0.00520193,0.656317,1.05478,0.18197,2.21664,0.00903956,0.0617869,0.367126,0.000469849,2.61746
173.081541950,0.110932,0.174949,0.0694455,0.504961,0.824051,0.175426,2.6671,0,0.0290571,0.137848,0.0406235,3.33244
173.127981859,0.00966786,0.0664402,0.378074,0.381181,0.615181,0.239838,2.80188,0.0103244,0.00141655,0.0262678,0.209966,3.46392
173.174421769,0,0.0563241,0.381868,0.179834,0.751085,0.173654,2.80956,0.0414443,0.0052306,0.0243681,0.435705,3.36066
173.220861678,0,0.118697,0.242676,0.166927,0.891372,0.0776606,2.72185,0.0945375,0.082719,0.0227256,0.567737,3.06858
173.267301587,0,0.178898,0.266765,0.212166,0.731449,0.215296,2.51856,0.0659799,0.132005,0.0828206,0.404293,2.8773
173.313741497,0.018621,0.252358,0.541959,0.275499,0.937,0.47796,1.73285,0.0509982,0.202694,0.616178,0.454621,2.50388
173.360181406,0.0353765,0.115593,0.926785,0.462641,0.962695,0.590915,0.689325,0.256412,0.597054,1.28903,0.304855,1.40262
173.406621315,0.237667,0.0224651,1.23077,0.420638,0.620684,0.698379,0.155538,0.476003,0.283512,1.75838,0.256122,1.53874
173.453061224,0.47063,0.0153382,1.15736,0.405156,0.346003,0.676574,0.252959,0.416419,0.095594,1.77005,0.387556,1.12605
173.499501134,0.984269,0.0047205,1.00389,0.467294,0.067784,0.683646,0.286785,0.400675,0.194,1.36036,0.486285,0.582584
173.545941043,1.19698,0.0329521,1.10727,0.638895,0.0758294,0.630505,0.362096,0.587369,0.0744343,1.31566,0.547259,0.5777
173.592380952,1.05262,0.0924359,1.69431,0.435986,0.713246,0.491395,0.375931,0.591009,0,1.30185,0.556223,0.793224
173.638820862,1.23847,0.0419976,1.71464,0.33753,1.18737,0.276717,0.323806,0.414377,0.0550974,1.44385,0.692174,0.848293
173.685260771,1.01785,0.014368,1.24814,0.494443,1.30479,0.302251,0.28742,0.48473,0.204601,1.70801,0.800142,0.90095
173.731700680,0.538697,0.014007,1.15928,0.730588,1.23218,0.389303,0.383754,0.694708,0.418218,1.79469,0.774382,0.886999
173.778140590,0.315023,0.0900887,1.10582,0.844903,1.05832,0.415708,0.72366,0.687511,0.413643,1.75397,0.788885,0.812477
173.824580499,0.0565635,0.258408,1.09536,0.59056,0.892228,0.44497,1.08077,0.575038,0.34808,1.45983,0.702713,0.932644
173.871020408,0.129709,0.362319,0.956684,0.395203,0.565207,0.516648,1.72815,0.231797,0.221651,1.63281,0.636831,0.95412
173.917460317,0.316624,0.0107402,0.935842,0.360218,0.135985,0.470338,1.63427,0.355068,0.043153,1.865,1.06548,0.574809
173.963900227,0.296043,0.00321319,1.18989,1.14646,0,0.521074,1.15206,0.672385,0,1.76739,0.879144,0.516602
174.010340136,0.00656397,0.00319875,1.27555,1.43043,0.045346,0.630612,0.698199,1.0037,1.78049e-05,1.62027,0.708992,0.951115
174.056780045,0.0552777,0.00308436,1.11471,1.58179,0.0272214,0.507495,0.747511,1.11502,0.0656007,1.47083,0.670074,1.2594
174.103219955,0.0503497,0.00292522,1.00664,1.55569,0.0645721,0.407103,0.991338,0.993792,0.165784,1.57903,0.613703,1.42945
174.149659864,0.000633727,0.00210096,1.06418,1.42559,0.606443,0.368615,1.67766,0.687439,0.258443,1.93851,0.635876,1.26638
174.196099773,0.000784955,0.299456,1.11502,0.973342,1.00568,0.351572,1.94155,0.460409,0.298757,1.66248,0.789191,0.870858
174.242539683,0.00859843,0.431148,1.23007,0.441301,0.849516,0.416773,1.88646,0.0909029,0.323236,1.52295,0.505111,0.873117
174.288979592,0.01728,0.1506,0.930586,0.193827,0.148668,0.492287,2.09968,0,0.311914,2.13674,0.0488488,1.23142
174.335419501,0.138949,0.00128795,0.935732,0.0932878,0.0197285,0.390643,2.4511,0,0.24472,2.00519,0.0850158,1.73747
174.381859410,0.207686,0.197152,1.14171,0.121299,0.0293467,0.301816,2.53483,0.0198466,0.243015,1.39933,0.236998,2.0894
174.428299320,0.120394,0.444348,1.33387,0.206239,0.10828,0.322066,2.4307,0.0276085,0.111686,0.918982,0.329379,2.31608
174.474739229,0.150642,0.537766,1.25932,0.377436,0.241282,0.16167,2.30875,0.014085,0.0463363,0.691489,0.330124,2.345
174.521179138,0.000671508,0.560013,1.07149,0.869783,0.883192,0.0922198,1.73952,0.103584,0.0311628,0.653342,0.371376,2.06021
174.567619048,0.000955574,0.443525,1.40725,1.24289,1.36512,0.130863,0.990966,0.280788,0.314522,0.76093,0.602644,2.08274
174.614058957,0.000895987,0.149462,1.58729,1.11111,1.53639,0.247978,0.527599,0.240783,1.07988,0.910261,0.509215,2.37231
174.660498866,0.159319,0.00169737,1.66181,1.08845,1.2687,0.148592,0.59745,0.185501,1.14449,1.32117,0.451991,2.29547
174.706938776,0,0,0,0,0,0,0,0,0,0,0,0
174.753378685,0,0,0,0,0,0,0,0,0,0,0,0
174.799818594,0,0,0,0,0,0,0,0,0,0,0,0
174.846258503,0,0,0,0,0,0,0,0,0,0,0,0