TIME,27.7576,30.2811,32.8045,35.3279,37.8513,40.3748,42.8982,45.4216,47.945,50.4684,52.9919,55.5153,58.0387,60.5621,63.0856,65.609,68.1324,70.6558,73.1792,75.7027,78.2261,80.7495,83.2729,85.7964,88.3198,90.8432,93.3666,95.89,98.4135,100.937,103.46,105.984,108.507,111.031,113.554,116.077,118.601,121.124,123.648,126.171,128.695,131.218,133.741,136.265,138.788,141.312,143.835,146.358,148.882,151.405,153.929,156.452,158.976,161.499,164.022,166.546,169.069,171.593,174.116,176.64,179.163,181.686,184.21,186.733,189.257,191.78,194.304,196.827,199.35,201.874,204.397,206.921,209.444,211.967,214.491,217.014,219.538,222.061,224.585,227.108,229.631,232.155,234.678,237.202,239.725,242.249,244.772,247.295,249.819,252.342,254.866,257.389,259.912,262.436,264.959,267.483,270.006,272.53,275.053,277.576,280.1,282.623,285.147,287.67,290.194,292.717,295.24,297.764,300.287,302.811,305.334,307.858,310.381,312.904,315.428,317.951,320.475,322.998,325.521,328.045,330.568,333.092,335.615,338.139,340.662,343.185,345.709,348.232,350.756,353.279,355.803,358.326,360.849,363.373,365.896,368.42,370.943,373.466,375.99,378.513,381.037,383.56,386.084,388.607,391.13,393.654,396.177,398.701,401.224,403.748,406.271,408.794,411.318,413.841,416.365,418.888,421.411,423.935,426.458,428.982,431.505,434.029,436.552,439.075,441.599,444.122,446.646,449.169,451.693,454.216,456.739,459.263,461.786,464.31,466.833,469.357,471.88,474.403,476.927,479.45,481.974
0.000000000,5236.54,4209.29,4107.21,6305.62,9244.32,10206.4,7777.07,3736.82,1251.21,814.283,1374.78,2010.85,3485.34,7028.78,9686.77,8533.21,5389.95,3216.25,3011.85,4001.19,4591.31,3690.95,1570.91,25.0896,2338.43,7223.99,7654.19,5001.54,7857.39,17027.6,24775.6,23231,13864.6,5065.51,1914.17,3235.74,4211.55,2550.65,441.943,169.611,1922.83,4921.17,7059.37,6904.97,6849.42,8993.33,11285.5,10061.7,5314,1649.72,805.28,628.709,616.459,1204.4,2681.69,4788.36,6210.51,6256.62,5248.1,4165.56,4970.07,7873.13,8664.09,4844.76,1145.1,2458.83,6468.9,8197.48,7358.25,6909.76,11591.2,22634.3,28078,19714.8,8135.25,3132.92,2701.64,3332.85,3681.02,2281.28,255.331,1336.5,5714.26,8645.33,7922.02,7196.34,8655.47,9803.06,8301.76,4617.65,1326.05,82.9599,167.28,545.966,780.193,1395.61,3187.23,5633.78,7172.72,6896.16,5707.94,5712.08,7230.83,7381.17,4681.13,1280.66,535.871,4390.85,8123.06,6179.32,3051.4,4529.33,9322.84,13858,15180.2,12190.3,6886.39,2952.7,3317.64,5880.56,4821.18,1214.24,655.296,3699.87,7914.18,9853.87,8172.25,6385.88,6623.59,7028.89,5675.2,2907.06,785.527,187.175,186.917,246.976,614.257,1819,4650,8211.53,9880.38,8685.23,6590.17,6727.16,8531.86,7315.08,2866.58,741.244,2866.83,5383.66,5389,3906.17,2957.96,4949.27,11706.7,18520.8,17069.3,9079.27,3756.9,2874.18,3363.48,3512.54,1906.09,222.958,1586.5,4848.5,6031.56,4528.05,3332.33,3641.83,4182.68,4086.21,3221.94,1844.8,671.732,121.419,117.704,431.789,969.622,3041.9,6881.7
1.486077098,7002.14,4596.83,4175.7,7113.27,11061.2,12318.6,9323.98,4034.93,1017.67,655.654,1343.58,2012.55,3300.96,8498.84,12239.1,10741.1,6308.76,3409.74,3295.54,5061,6132.37,4625.56,2059.49,55.1288,3189,10003.8,9347.79,4014.16,8106.48,19790.2,31580.5,30181.5,16724.3,5655.58,1305.57,4043.82,6386.87,3944.75,746.213,366.436,2428.3,6396.56,8801.04,7425.39,6981.97,9815.96,13455.2,12361.6,6309.44,1350.09,809.028,532.412,572.162,1142.65,3062.25,6146.19,7997.28,7919.77,6192.63,4339.21,5002.41,9582.4,11112.2,5751.48,669.31,2539.07,7677.63,9307.52,7604.47,6660,11736.2,28648.5,40630.6,26963.2,8787.98,3030.92,2798.77,3752.44,4606.17,3055.46,202.271,1627.05,7332.46,10739.5,8440.93,7238.09,9512.09,11537.5,10079.6,5710.48,1578.36,43.4843,152.101,664.135,842.118,1411.48,4254.92,7628.4,9347.97,8311.48,6076.69,5880.25,8278.14,9046.24,5437.68,1392.48,303.564,5666.3,11163.2,7569.89,2316.48,4996.18,11414.6,18531.8,21208.6,15746.6,8251.37,2640.13,3151.04,7728.76,6358.84,1153.88,553.914,4098.87,9533.94,12059.3,8878.03,6527.11,7280.72,8562.42,7277.44,3844.05,822.207,140.18,190.401,208.778,626.302,1889.48,5618.54,10015.8,11837.9,9730.37,6642.91,6686.2,10097.9,9190.89,3165.46,321.988,3391.34,6672.94,6397.28,4242.42,2848.51,5026.01,14991.1,27347.7,24138.2,10175.5,3533.99,2810.62,3543.54,4204.67,2400.46,58.7805,1895.99,6228.85,7679.59,4952.5,3355.07,4144.44,5123.69,5224.2,4213.48,2406.98,711.102,109.089,75.7704,520.989,808.431,3470.3,8656.23
2.972154195,8223.85,4139.92,3674.49,6816.14,11433.7,12946.5,9404.61,4147.59,543.376,511.718,1125.74,1878.41,2565.79,9273.18,12821.6,12116.8,6127.26,3164.02,2963.91,5492.82,7272.47,4775.18,2437.93,448.088,4239.43,11765.6,10409.4,2275.65,7899.62,19145.5,35025.2,34643.3,16559.7,6137.43,448.12,4851.76,8035.61,5301.14,1319.81,697.885,2498.92,7363.42,9650.91,6543.24,6286.02,8838.09,14334.9,12712.9,6848.85,892.652,869.403,319.37,598.539,757.014,3295.17,6622.18,8812.71,8732.13,6097.09,3983.25,4091.75,10281.7,12437.9,5961.96,379.003,2535.76,8079.43,8840.68,7036.08,5148.09,10391.9,30343.5,52588,31896.5,7849.54,2593.77,2408.28,3705.76,4778.3,3877.72,370.625,1932.98,8153.96,11796.8,7530.69,6244.03,8916.75,11667.9,10740.9,5895.06,1923.2,31.9217,92.0139,771.493,864.128,1163.38,5245.01,8396.43,10750.1,8527.54,5482.02,5141.6,8076.55,9874.81,5313.45,1504.22,302.124,6782.27,13081.1,8461.68,1178.53,5256.66,11670.3,20997.5,26358.9,16639,8864.42,2028,2818.31,8786.96,7350.47,1284,636.355,3803.27,10046.1,13057.7,7956.87,5890.9,6556.37,9313.72,7811.95,4450.15,944.407,108.901,204.149,194.243,519.703,1763.88,5950.05,10355.7,12487.6,9157.41,5851.13,5446.02,10496.5,10147.5,3173.91,50.7563,3678.93,7290.18,6291.21,4224.5,2084.68,4619.55,15832.2,35762,29983,9285.84,3045.05,2170.9,3343.03,4164.61,2933.52,98.4285,2133.22,6864.27,8664.25,4574.31,2859.57,4064.36,5281.99,5904.14,4503.18,2866.04,669.875,95.6083,27.6963,718.191,399.962,3851.37,9109.31
4.458231293,8408.59,3164.02,2707.04,5646.99,10085.3,12107.2,7809.72,4189.82,101.599,467.262,944.008,1766.35,1804.48,9122.52,11100.2,12426.6,4874.22,2626.56,2104.29,5270.36,7616.76,4121.44,2562.11,1189.5,5174.06,12112.3,10229,888.747,7462.12,15266.6,34169.7,35897.8,13065.1,6640.12,1.61376,5333.12,8650.14,6234.7,2067.67,1069.62,2111.04,7568.16,9375.56,4628.52,5006.8,6432.59,13760.5,10965.6,6702.32,706.383,1068.9,218.132,745.418,258.2,3469.2,5888.73,8535.06,8353.23,5047.55,3183.11,2725.04,9668.9,12284.1,5435.02,384.485,2529.05,7657.95,6833.95,6039.86,2827.22,8401.12,26634,62163.9,33213,5718.36,1896.5,1917.48,3012.83,4330.79,4494.64,793.669,2103.09,8021.92,11367.8,5689.15,4476.98,7233.24,9985.02,10273,4972.78,2323.15,165.827,35.919,947.32,974.727,949.825,5967.21,7443.07,11187.1,7366.32,4267.9,3663.41,6880.25,9521.71,4418.1,1538.85,666.531,7366.25,13463.4,8350.08,399.935,5310.65,10148.2,20218.8,29952.9,14057.6,8865.43,1482.52,2615.15,8600.69,7550.29,1668.68,905.891,2918.34,9369.63,12553.6,5819.76,4667.47,4761.8,9067.51,7142.11,4425.29,1316.82,223.555,320.599,300.316,358.272,1637.38,5444.24,9169.93,11650.2,7162.6,4488.82,3587.97,9531.91,9930.58,2938.72,45.712,3658.17,7119.73,5058.22,3906.95,986.261,4067.81,13571.9,42260.6,33496.9,6624.63,2468.09,1355.13,2679.08,3556.58,3341.93,420.203,2174.06,6617.04,8618.33,3633.99,1993.41,3502.53,4521.73,5991.38,3951.75,3056.7,700.819,97.1751,97.9011,1073.6,39.7662,4266.62,7853.88
5.944308390,7438.06,2099.29,1580.83,4073.62,7525.39,10134.4,5192.86,4121.84,31.3095,569.753,1058.67,1814.09,1553.46,8167.52,7668.9,11790,3040.68,2006.43,1089.42,4445.1,7123.66,2915.18,2401.09,2115.62,5549.16,11010.5,8816.22,493.694,6929.8,9882.13,29756.6,34381.6,7647.87,7104.79,359.538,5163.45,8221.26,6262.25,2822.46,1412.66,1363.01,7151.04,7918.58,2549.99,3491.02,3517.94,12110.8,7720.94,5954.59,1089.99,1435.37,468.668,1009.5,3.069,3541.03,4298.59,7259.75,7035.66,3428.04,2203.55,1509.04,7827.05,10878.7,4263.41,646.939,2677.8,6338.42,4302.92,4631.85,854.542,6423.21,19063.3,68011.6,31296.4,3307.33,1222.58,1567.58,1960.44,3423.87,4730.16,1392.02,1999.76,7013.22,9635.06,3594.46,2496.79,5145.6,7039.16,8940.57,3294.75,2655.31,524.455,84.97,1282.47,1285.68,1121.14,6251.25,5131.4,10675,5303.34,2940.51,1945.53,5173.96,8082.21,3112.83,1436.49,1354.13,7174.03,12158.8,7364.06,289.274,5121.64,7768.27,16591.1,31799.7,8931.45,8493.13,1398.38,2437.92,7444.29,6739.42,2217.33,1330.48,1702.35,7984.45,10560,3435.26,3138.83,2627.16,8003.5,5523.66,3824.69,1946.85,589.764,621.208,593.259,286.593,1639.21,4316.61,6863.1,9763.99,4420.62,3022.13,1885.69,7394.68,8750.7,2491.21,238.845,3485.86,6075.34,3348.95,3173.84,211.741,3507.01,9120.8,45792.3,34561.4,3330.22,1935.73,804.599,1729.75,2651.14,3468.87,963.279,1979.11,5543.82,7658.62,2442.59,1058.97,2718.58,3064.83,5574.7,2739.84,2959.29,897.573,174.749,409.942,1571.72,117.804,4599.54,5421.78
7.430385488,5778.06,1193.9,688.854,2629.54,4721.41,7683.93,2649.06,3747.4,428.822,899.324,1686.76,2039.55,1942.5,6756.59,3809.06,10632.2,1395.83,1444.23,340.875,3211.7,6054.26,1600.97,2061.29,2798.1,5296.05,8580.79,6916.97,891.123,6306.4,5293.65,24018.5,31527.6,2777.92,7209.01,1268.65,4631.2,6636.27,5550.08,3202.18,1644.69,587.063,6327.2,5737.37,1028.44,2069.29,1165.28,10092.1,4128.87,4951.01,1899.08,1874.41,1224.46,1453.83,195.795,3312.25,2618.85,5391.93,5394.88,1855.02,1353.18,757.645,5436.78,8624.36,2867.36,961.375,2780.16,4721.43,1981.81,3137.24,49.8215,4718.24,10980.5,69885.9,27936.4,1539.31,926.511,1271.02,1056.97,2389.59,4496.93,1898.16,1653.48,5386.38,7302.53,1782.3,942.636,3310.64,3859.47,7273.04,1545.34,2726.43,1014.2,341.698,1914.83,1833.8,1755.03,5959.26,2461.03,9542.66,3220.04,1895.95,623.864,3385.52,6089.07,1819.63,1231.71,2046.99,6250.97,9490.67,5966.17,675.81,4667.05,5658.85,11947.7,32257.6,3638.61,7765.05,1833.5,2334.29,5546.77,5320.54,2592.48,1718.71,650.104,6385.9,7771.51,1571.13,1662.66,936.265,6590.89,3566.86,3033.6,2574.42,1121.54,1183.45,1154.51,391.763,1717.96,3026.52,4186.3,7587.24,1896.96,1847.66,842.559,4784.43,6965.11,1951.3,491.7,3110.65,4659.01,1619.91,2316.36,44.481,2922.98,4419.94,46337,33979,848.891,1576.49,566.269,942.005,1694.19,3312.49,1455.37,1607.96,3962.05,6196.51,1322.15,371.133,1964.39,1438.86,4936.29,1320.14,2640.27,1185.64,373.652,1053.62,2228.56,752.539,4576.6,2872.95
8.916462585,3976.46,572.727,313.178,1594.17,2655.35,5571.62,934.178,3087.52,1063.1,1462.27,2823.49,2442.26,2546.23,5294.17,1054.17,9268.08,661.57,987.376,28.3602,2021.54,4601.59,732.013,1633.38,2990.68,4336.31,5718.5,4917.2,1645.41,5522.46,2920.89,19829.3,29118.5,458.639,6700.99,2198.17,3905.66,4436.99,4289.67,3042.23,1726.74,152.706,5196.19,3646.55,254.502,1026.66,102.472,8169.19,1622.66,3987.66,2657.36,2268.61,2429.33,2092.37,760.11,2748.85,1384.45,3712.82,3994.89,841.551,883.928,422.061,3287.08,6107.55,1616.75,1151.65,2684.88,3180.06,467.209,2028.78,245.466,3360.44,5767.96,68457.1,25529.9,795.473,1047.46,1055.26,513.677,1664.92,3746.05,2141.42,1080.96,3720.83,4953.45,639.061,184.161,1992.93,1588.44,5777.87,337.135,2511.76,1392.52,841.503,2885.55,2595.23,2487.31,5206.52,528.132,8215.76,2007.49,1226.24,64.7169,1935.11,4017.16,981.274,929.009,2479.6,4682.17,6494.95,4288.62,1324.21,3929.59,4423.65,8886.87,31898.2,713.457,6645.45,2404.41,2337.74,3385.13,3726.69,2533.12,1960.05,83.3373,4937.03,5129,484.859,621.871,117.018,5237.66,2163.34,2357.42,2944.86,1605.95,1965.06,1975.6,725.75,1676.13,1952.71,2120.41,5667.1,408.904,1173.8,448.411,2555.33,4961.98,1448.42,631.654,2627.71,3163.54,421.9,1641.08,282.1,2334.94,1318.98,44841.6,33073.6,1.69756,1441.08,547.055,487.877,1076.21,2802.68,1704.37,1094.91,2452.24,4548.25,606.563,56.2978,1348.47,338.526,4259.85,303.688,2224.31,1345.26,727.459,2038.2,2975.35,1658.11,4148.63,1055.81
10.402539683,2522.2,241.214,401.434,1028.98,1868.39,4196.3,335.261,2326.19,1519.84,2253,4187.08,2854.37,2896.24,3955.98,262.554,8025.13,999.473,658.554,49.12,1147.3,3178.97,434.613,1233.59,2667.15,2924.61,3220.19,3150.1,2209.97,4555.27,2856.08,19049.7,28194.1,1268.39,5695.58,2614.3,3079.51,2355.74,2825.62,2438.16,1610.38,174.822,4052.46,2094.44,58.4534,461.014,273.983,6759.29,903.794,3155.77,3005.13,2458.22,3764.06,2943.15,1359.04,2025.53,792.181,2731.31,3244.61,526.98,831.732,316.909,1812.81,3834.47,807.487,1114.44,2211.24,2036.92,21.3105,1320.94,777.969,2365.46,4984.64,64974.4,25522.2,895.61,1333.41,971.565,385.939,1322.8,2677.39,2041.5,465.934,2341.27,3115.51,179.019,94.4899,1224.23,817.048,4653.66,37.5084,2102.67,1438.33,1541.16,4080.02,3361.92,2888.47,4169.26,29.653,7002.76,2032.54,873.616,129.845,1031.56,2321.01,620.276,641.334,2460.64,2875.29,3962.4,2608.76,1886.93,2943.68,4074.82,9273.92,31016.8,1392.58,5377.57,2565.26,2275.46,1582.07,2301.1,2017.86,1914.62,95.0556,3874.76,3140.21,92.67,144.899,76.4301,4341.14,1759.87,1956.17,2954.38,1820.2,2769.25,2979.37,1209.45,1398.88,1238.43,1239.03,4339.16,110.734,979.596,430.378,1111.36,3151.17,1071.47,579.27,2030.17,1941.35,8.94045,1142.24,601.222,1823.32,685.185,42480.3,32920.4,651.893,1419.83,678.252,333.192,831.289,2100.92,1593.29,567.796,1357.99,3084.27,345.343,21.4165,941.52,117.09,3638.75,113.994,1813.05,1216.72,1206.69,3240.37,3646.31,2352.73,3436.11,378.905
11.888616780,1653.19,100.449,621.617,851.368,2222.79,3553.29,553.152,1703.94,1383.45,3273.25,5513.31,2875.84,2816.29,2790.49,1012.92,7306.12,1987.11,416.299,205.577,571.524,2151.55,505.282,926.422,2035.81,1521.61,1514.16,1900.9,2117.87,3457.46,4353.09,21135.3,28620.5,4391.84,4398.05,2273.97,2286.49,878.381,1621.79,1605.97,1363.37,455.508,3146.69,1149.26,133.922,228.833,970.466,6201.98,1591.77,2418.15,2906.05,2201.1,4880.24,4114.75,1493.73,1470.54,683.446,2344.84,3322.41,769.751,896.626,277.214,1001.32,2165.77,468.962,851.759,1470.77,1408.79,399.612,796.051,1204.07,1572.56,6895.04,62162.5,27080.7,1228.84,1655.35,790.124,523.04,1478.82,1428.15,1756.77,62.9237,1246.64,2057.99,103.21,293.218,830.963,1259.54,4051.23,483.185,1594.71,1087.46,2280.34,5412.3,3751.85,2739.66,3057.93,698.005,6198.38,3012.94,687.772,385.033,573.67,1232.53,549.149,448.158,2060.93,1259.14,2298.86,1264.19,2019.23,1924.03,4310.89,12541.1,30019.4,4938.34,4136.69,2114.83,1958.72,489.833,1320.1,1169.75,1663.09,422.001,3162.34,1972.03,70.2562,48.5546,323.584,4137.15,2299.16,1766.2,2630.98,1601.46,3346.24,4200.73,1559.01,1011.65,829.389,1200.8,3843.66,643.932,923.832,490.435,370.992,1905.61,742.086,335.801,1521.67,1037.03,304.523,825.857,723.137,1367.4,1713.8,40628.4,33824.3,1760.15,1387.81,779.914,305.997,977.3,1291.49,1273.76,167.178,671.29,2081.49,357.688,118.807,663.157,578.419,3320.6,628.267,1387.18,871.53,1627.25,4512.36,4091.81,2404.58,2637.13,574.358
13.374693878,1352,14.1385,642.741,856.735,3197.66,3530,874.923,1302.06,690.648,4678.38,6369.39,2404.43,2216.24,2008.58,2151.42,7060.51,3104.95,260.865,326.871,185.326,1651.27,567.925,848.389,1243.13,579.611,747.27,1178.44,1410.73,2372.96,6272.81,23681.6,29448.3,7926.65,3148.76,1298.45,1701.66,252.434,805.522,789.762,1232.95,625.211,2574.18,695.895,230.986,109.246,1565.41,6351.23,2703.19,1955.67,2265.49,1604.44,5417.44,5742.12,1057.22,1169.76,751.938,2306.53,4031.94,1180.16,767.512,212.749,760.624,1086.16,329.248,648.611,822.293,989.111,1244.61,645.91,1328,1158.75,7928.13,62945.9,28478,1282.6,2102.1,352.043,896.908,1774.12,546.906,1188.69,50.639,541.812,1580.06,124.87,426.261,636.109,2187.06,4069.88,1002.38,1150.31,484.019,3111.75,6513.1,3557.63,2098.1,2127.72,1654.05,5742.01,4319.51,635.756,441.018,334.871,776.237,516.495,410.5,1414.94,298.893,1430.31,447.356,1741.36,1078.63,4842.19,16027.3,29323.7,8994.22,3134.27,1161.27,1529.33,61.0505,699.465,406.142,1393.69,685.545,2620.22,1549.83,78.3448,24.4606,481.867,4592.27,3238.18,1730.07,1929.62,1125.58,3518.24,5612.28,1628.34,687.03,714.277,1308.82,4077.5,1404.4,731.196,482.219,156.845,1121.24,441.602,220.165,1049.46,447.682,1035.01,955.252,507.67,1133.29,2377.77,40897.9,35567,2084.36,1525.61,613.206,396.4,1341.72,617.237,733.994,111.882,322.982,1444.78,516.785,244.726,447.422,1202.14,3515.29,1264.18,994.021,462.777,1938.95,5627.34,4110.99,1887.56,1825.33,1072.76
14.860770975,1285.22,112.388,440.465,929.118,4101.22,3905.17,799.121,1155.96,101.945,6219.78,6770.91,1479.35,1399.89,1517.64,2697.15,7041.18,4043.51,174.659,394.207,4.7988,1529.43,472.945,906.036,700.208,216.75,511.222,907.932,751.07,1620.62,7357.75,24475.3,29395.5,9934.57,2229.71,428.531,1335.96,163.267,382.386,357.23,1241.4,491.36,2326.74,556.517,289.1,21.9215,2060.02,6714.42,3364.19,1613.1,1443.54,852.274,5360.7,7619,580.693,1159.11,637.772,2465.61,4748.95,1594.87,440.097,234.907,762.911,439.613,325.976,659.585,485.139,703.778,2220.07,848.852,1517.73,1681.39,6994.6,67595,29722.8,919.935,2857.37,53.2163,1569.14,1800.44,115.368,706.133,371.423,151.894,1365.14,314,401.528,518.687,2965.61,4520.66,1141.87,881.408,107.849,3916.11,7342.54,2619.59,1286.35,1490.61,2100.87,5417.98,5331,697.511,360.827,266.732,723.003,488.742,435.951,893.769,32.3965,984.177,272.906,1400.39,696.957,5200.64,17324,28510.4,11377.7,2377.24,323.53,1125.69,13.9368,331.179,75.3749,1235.57,618.352,2265.05,1516.11,63.8593,17.312,666.867,5214.53,3994.6,1569.98,1206.83,621.684,3170.06,7191.44,1572.34,645.528,669.897,1326.55,4509.15,2133.64,418.269,431.874,206.086,627.04,258.337,343.342,737.78,166.019,1772.46,1425.01,524.702,1624.56,1771.05,43692.6,38339.1,1248.78,2226.29,456.838,710.372,1515.25,213.019,309.952,334.548,153.444,1117.79,812.135,346.682,268.575,1665.57,4013.08,1677.38,637.135,283.349,2105.91,6606.84,3382.77,1193.09,1172.54,1367.11
16.346848073,1247.16,428.875,278.201,885.485,4789.52,4196.6,464.004,1117.5,172.593,7759.83,6715.84,612.985,608.321,1160.27,2440.44,6870.41,4618.53,236.529,591.572,238.177,1592.31,274.891,806.459,580.422,222.688,388.234,1054.07,721.357,1332.34,6805.73,22914,27251.6,9799.58,1617.42,228.52,1245.94,235.586,256.434,355.728,1103.29,218.01,2231.67,850.535,437.368,12.8011,2544.13,6745.67,3464.37,1132.5,746.98,347.082,4664.76,9612.24,761.267,1288.64,365.818,2480.43,5342.33,1796.93,187.182,346.487,818.152,198.671,419.47,721.85,339.322,591.397,3460.19,1194.79,1943.97,3223.33,5489.26,76084.5,32049.6,698.705,3757.84,311.148,2384.54,1756.24,8.61422,359.088,828.848,18.3828,1308.89,732.873,353.226,353.726,3499.71,4962.57,979.979,709.8,213.513,4745.91,7935.58,1314.49,574.432,1115.14,1766.51,5026.26,5680.19,963.743,439.079,517.337,884.734,426.99,360.296,690.159,139.534,633.322,708.528,1478.88,875.523,4633.72,16303.5,26069.3,11751.8,1648.23,9.6442,923.151,112.166,156.122,106.393,1062.28,356.896,1966.14,1818.23,162.946,98.7047,1023.69,5434.05,4548.3,1011.78,750.359,273.528,2297.02,8953.04,1886.85,826.552,571.251,1162.93,4955.14,2647.81,153.987,372.435,405.892,378.136,179.188,515.864,514.722,175.221,2663.43,1885.39,1055.11,2918.72,686.62,49345.3,42771.5,171.207,3346.84,658.15,1085.66,1702.06,18.3103,60.3151,684.753,117.419,1122.11,1258.16,449.865,101.65,1968.58,4484.2,1783.08,331.983,366.519,2370.39,7475.96,2034.64,647.567,753.939,1203.9
17.832925170,1356.04,810.096,163.333,699.412,5254.94,4212.3,168.489,944.628,911.994,9729.45,6368.27,194.908,93.8385,835.539,1858.95,6118.3,4692.98,625.321,1018.03,959.114,1758.27,79.535,562.061,694.001,293.833,288.447,1491.38,1303.18,1348.13,5026.96,19193.1,22792.9,8195.25,1157.69,642.68,1518.17,232.556,243.054,599.476,793.069,23.2223,2163.88,1613.51,807.936,236.409,2830.15,6132.09,3294.3,569.158,358.791,187.236,3856.17,11880.2,1750.13,1258.52,181.597,2273.37,5877.9,1608.43,46.0958,522.423,989.002,197.589,461.387,778.426,194.505,789.044,4872.27,1990.49,2280.69,4865.62,5900.21,88807.2,37255.3,1511.37,4154.59,944.494,3476.29,2013.88,28.9431,266.437,1174.48,126.25,1427.82,1225.33,305.383,206.985,3699.27,5221.07,706.062,525.88,716.837,6129.07,8116.29,354.496,165.871,881.746,1044.77,4258.35,5387.71,1470.02,803.909,1173.59,1236.77,281.233,232.257,656.563,303.88,391.055,1417.33,2102.54,1364.58,3223.65,13441,21658.5,10682.5,900.502,162.389,1072.22,134.027,138.286,350.988,782.583,153.695,1657.03,2447.49,510.609,315.911,1372.36,5146.26,4811.02,340.695,559.452,122.252,1512.41,10815.3,2882.82,985.491,481.668,869.163,5520.91,2635,42.9287,376.015,684.462,262.249,113.76,622.706,319.568,395.702,3693.47,2720.04,1551.52,4144.13,898.056,58624.6,49776.7,363.668,3987.46,1040.79,1720.05,2208.44,29.2543,54.9861,1008.48,239.915,1321.33,1808.49,568.005,9.94814,2015.02,4813.17,1612.82,132.984,592.081,3133.96,7980.28,793.943,388.684,537.449,738.573
19.319002268,1598.72,1130.67,85.2078,520.405,5360.07,4078.39,36.2913,658.322,2075.08,12030,6549.17,166.417,55.8883,573.673,1350.2,4943.15,4059.51,1438.92,1686.93,1998.05,1908.18,47.5812,314.827,831.574,380.504,156.189,2015.51,2278.75,1327.54,3378.34,14006.2,16744.5,6457.53,676.272,1486.65,2055.81,128.104,335.439,833.077,476.297,35.7678,2081.06,2597.57,1446.02,808.283,2681.51,5036.49,2985.74,207.957,403.802,225.418,3891.9,14219,3350.64,1031.99,126.046,2120.77,6183.31,1225.69,0.747931,683.745,1240.23,244.069,444.545,912.333,41.1364,1371.11,6339.96,3142.63,2261.31,5933.61,10952,104060,46962.9,3731,3713.02,1666.41,5020.04,2929.74,149.427,509.463,1279.37,368.416,1695.63,1666.57,246.575,142.077,3548.68,5267.49,491.535,337.246,1414.77,8070.19,8313.95,6.68524,183.254,738.093,421.532,3226.46,4428.97,2235.6,1456.88,2078.12,1661.04,196.177,119.353,687.72,422.459,211.47,2105.52,3132.63,1788.4,1887.41,9468.03,16033.1,8973.3,296.52,649.316,1528.44,144.188,261.638,633.557,484.062,103.17,1469.6,3135.91,1146.62,699.891,1551.56,4376.36,4708.86,26.9557,615.958,149.058,1503.19,12608,4546.46,1008.13,380.64,772.573,6074.05,2232.96,52.5433,419.636,998.471,184.684,64.9007,708.382,136.914,710.256,4908.59,3912.36,1689.28,4776.44,4218.12,70735.5,59667.7,2840.59,3739.67,1396.66,2889.02,3204.17,288.668,360.426,1230.72,475.075,1609.74,2348.44,647.51,11.056,1851.03,4910.1,1308.43,50.7082,860.513,4416.15,8149.12,192.443,406.066,522.911,269.657
20.805079365,1822.6,1306.41,78.3777,381.176,5172.47,4010.81,37.8512,430.198,3424.82,13657.9,8015.59,592.031,540.459,390.596,1044.91,3755.49,2761.55,2594.6,2528.26,2900.09,2130.2,174.376,114.501,935.794,433.504,69.2452,2392.17,3694.92,1097.19,2640.51,8576.05,10449.1,5335.54,217.961,2791.35,2687.31,86.0271,464.093,949.643,216.865,187.142,2214.62,3284.89,2200.3,1752.13,2075.18,3815.99,2592.29,208.875,857.743,516.086,5346.15,16023.5,5133.24,747.44,138.831,2256.66,6220.31,851.835,26.2424,827.432,1439.14,332.883,397.298,1070.92,28.8109,2406.51,8233.08,3781.15,2045,5984.23,20043.9,120428,60654,6589.6,2740.06,2236.35,6442.37,4850.88,680.247,1191.87,1063.96,657.624,2077.29,1846,251.372,145.661,3096.07,5329.62,344.018,215.756,2286.21,9562.1,9104.12,450.094,698.026,587.607,193.031,2208.28,2900.93,3146.79,2481.7,2797.75,2011.29,299.18,29.6299,786.229,480.646,129.679,2503.72,4504.27,1973.51,1242.86,5408.31,10463.7,7156.19,40.0309,1443.67,2247.18,308.933,439.98,858.394,230.249,176.578,1659.07,3417.54,1889.42,1345.89,1443.84,3382.45,4241.6,258.074,863.864,429.291,2577.22,14141.7,6421.11,909.345,273.699,1105.08,6410.62,1801.63,89.7362,524.18,1307.66,169.901,35.6284,788.297,100.758,1172.11,6633.78,4690.96,1557.98,4636.12,10264.1,84093.9,71958.4,7007.9,2748.4,1686.26,3973.44,4854.57,1150.53,1135.27,1215.71,665.648,2065.94,2578.84,716.604,76.6968,1508.24,4900.59,962.532,52.4423,1240.73,5689.16,8031.46,496.39,743.542,631.815,44.0509
22.291156463,1995.33,1208.84,194.582,204.292,4985.56,4220.36,47.0622,420.945,4403.05,14186.5,10276.1,1641.46,1452.72,423.812,845.397,2812.7,1202.7,3991.7,3483.22,2981.3,2621.24,426.957,52.615,972.161,429.651,48.5979,2665.43,5184.69,1055.69,2495.28,4174.07,5471.53,4439.15,271.031,4288.54,3319.24,224.995,594.913,881.817,113.619,355.89,2671.83,3222.25,2917.17,3023.62,1134.22,2864.93,2113.78,532.641,1591.05,1231.15,7768.25,17036.6,6321.45,571.471,126.577,2735.57,6188.16,535.121,123.441,908.269,1530.69,461.176,274.343,1318.89,348.036,3748.94,10317.6,3930.51,1613.58,5210.81,29123.8,137131,75483.4,8440.13,1912.7,2080.52,7847.16,7374.52,1879.93,2231.8,755.965,891.779,2594.21,1576.49,375.68,159.801,2605.91,5590.78,259.066,308.434,3168.16,9858.07,10109.3,1866.76,1749.77,570.571,185.311,1446.29,1294.98,4063.57,3863.42,2730.38,2412.86,632.939,10.8161,972.669,498.035,115.127,2633.25,5796.31,2168.6,1298.53,2171.63,6280.54,5111.8,416.181,2458.7,3097.22,720.183,640.266,914.798,139,273.399,2215.52,3172.66,2411.94,2310.26,1015.2,2642.73,3409.4,823.729,1318.29,1053.44,4466.99,15143.7,7793.45,805.674,172.433,1816.39,6576.39,1477.53,120.298,688.59,1553.79,273.632,20.5721,987.739,305.972,1790.24,8450.09,5327.71,962.606,4138.98,16076.2,97089.6,84844.7,10756.3,1792.62,1442.1,4988.47,6783.64,2609.18,2334.74,1199.2,626.513,2775.14,2317.08,777.663,212.877,1030.79,4946.1,770.47,148.572,1815.02,6234.41,7521.7,1730.76,1466.99,842.116,2.50791
23.777233560,2025.07,893.122,432.469,43.5748,4904.98,4796.74,79.2352,674.897,4565.57,13373.3,12524.5,3254.59,2410.82,781.823,550.192,2271.63,139.163,5427.26,4335.71,2237.92,3285.84,874.285,221.976,971.595,328.902,131.459,2917.37,6065.69,1670.56,2560.61,1382.6,2346.83,3514.63,1247.08,5364.68,3882.18,592.804,655.986,687.778,183.759,557.427,3310.53,2519.48,3311.62,4508.98,364.018,2357.3,1468.93,1093.19,2332.23,2371.85,10224.1,17030.2,6370.33,580.973,120.167,3443.18,6084.84,407.693,273.539,910.561,1443.35,625.075,135.883,1678.64,1085.19,5117.86,11715.7,4207.48,1164.19,4245.84,33771.9,152884,87970.1,8121.67,1518.38,1327.8,9265.04,9329.23,3788.05,3623.71,577.006,1182.83,3100.46,1008.18,594.245,155.915,2383.08,6066.39,352.023,671.829,3826.03,8610.12,10951.3,3950.96,2977.58,913.673,198.841,1138.56,281.265,4878.26,5413.44,1903.85,2812.16,1271.01,202.16,1232.36,459.581,142.775,2608.46,6426.89,2681.91,1862.75,349.34,3732.53,3008.44,1493.05,3438.93,3899.66,1288.93,822.914,784.108,215.542,411.971,2988.82,2569.42,2445.82,3580.62,582.698,2363.68,2348.69,1434.06,1933.36,1912.92,6418.91,15446.8,8021.78,820.408,149.59,2632.67,6538.98,1368.1,139.526,869.211,1656,505.763,84.3129,1320.64,809.554,2614.16,9417.55,6254.68,228.108,3819.75,18235.1,108049,96230.9,11952.4,1289.5,701.482,6135.56,8000.7,4396.05,3902.11,1334.4,554.145,3603.57,1704.76,798.688,393.901,666.82,5019.2,937.229,364.364,2614.29,5598.58,6723.19,3364.2,2439.26,1260.36,90.148
25.263310658,1883.71,513.487,701.988,50.1403,4957.71,5441.32,296.932,1061.12,4008.21,11099.6,14162.6,5031.63,2906.63,1496.43,151.976,2259.92,229.867,6556.62,4882.78,1146.42,3940.24,1620.73,653.472,894.308,197.437,309.245,3101.8,6002.58,2843.38,2610.35,182.501,826.269,2703.76,2897.52,5569.22,4319.9,1048.99,644.178,417.179,388.14,926.704,3958.68,1519.07,3318.14,5764.34,489.001,2313.53,650.293,1810.61,2772.4,3573.23,12085.9,15562.6,5484.07,704.17,186.516,3964.37,5998.04,529.122,409.602,828.277,1194.83,769.804,101.26,2148.64,2108.93,5899.44,12284,4551.31,1155.78,3568.18,32711,165436,95185.2,5946.41,1465.58,893.567,9907.07,10139.6,5943.19,5070.95,818.676,1681.64,3459.23,432.679,839.389,189.668,2497.18,6651.64,792.993,1183.85,4058.91,6161.12,11257.1,6172.3,3748.47,1741.02,313.891,1404.39,255.872,5748.38,6650.51,907.721,3029.35,2246.87,745.054,1469.19,384.121,219.556,2384.25,6221.51,3481.62,2525.97,83.1015,2485.52,1343.79,2859.91,4065.22,4550.98,1752.68,933.324,536.13,371.041,710.706,3842.6,1774.82,2139.74,4735.88,764.404,2523.37,1237.2,1941.71,2595.97,2616.5,7940.94,14659.2,7071.46,983.269,226.284,3126.63,6382.2,1424.26,158.42,975.764,1604.62,779.161,279.869,1776.37,1505.92,3328.45,9469.23,6874.27,240.429,3908.06,15846,115115,103846,10337.5,1192.79,257.763,6685.83,8313.11,5870.44,5428.13,1850.46,783.045,4331.69,1050.62,780.05,560.249,585.235,5157.39,1451.6,693.856,3436.6,4129.78,5609.75,4830.86,3297.29,1981.41,371.218
26.749387755,1766.05,181.205,934.648,292.043,4839.35,6143.69,728.513,1230.76,3231.83,7669.26,15023.9,6184.16,2854.67,2477.84,63.6422,2616.24,1464.6,7304.28,4992.34,329.384,4268.95,2660.57,1351.84,774.236,114.104,470.181,3010.44,5372.33,3688.89,2755.74,241.93,432.619,2388.43,4177.2,5208.24,4315.24,1371.91,651.683,159.136,693.2,1567.84,4258.13,754.511,3033.9,6535.15,1593.92,2528.32,78.1038,2576.01,2896.91,4067.47,13305.8,12411.8,4334.14,724.14,265.693,4381.24,5658.34,817.845,540.284,641.68,931.71,811.008,209.089,2582.67,3354.61,5565.62,11911.9,5150.19,1674.56,3100.57,27983.9,172305,96586.9,3116.69,1562.33,1160.64,9540.11,9602.55,7267.72,6659.69,1500.1,2266.14,3670.56,93.6801,1116.12,324.131,2689.64,7224.8,1684.43,1606.36,3791.96,3381.55,10796.6,8003.16,3704.49,2890.31,853.728,2221.13,1278.68,6704.43,7232.97,246.6,3048.6,3378.82,1684.96,1621.01,270.615,336.242,1885.5,5475.33,4049.69,3034.9,1072.26,2104.92,614.97,3798.49,4356.45,4718.28,1968.64,934.716,282.767,511.446,1253.16,4496.19,1167.72,1779.72,5346.94,1701.03,2974.03,496.967,2353.11,3156.27,2681.06,8973.72,12480.7,5463.8,1191.74,301.946,3299.39,5952.9,1507.36,246.565,902.648,1430.31,1041.04,532.852,2148.41,2449.53,3516.59,8557.12,7159,1149.71,4117.94,10799.4,116977,106745,7159.46,1308.6,448.679,6306.27,7885.7,6042.05,7003.79,2645.07,1388.62,4704.72,734.197,847.011,634.578,721.982,5239.99,2383.92,1138.55,3753.73,2692.46,4148.95,6005.35,3482.17,2906.43,1093.76
28.235464853,1796.51,65.1455,1120.01,661.21,4369.1,6795.83,1341.28,1005.53,2464.89,4265.44,14904.5,6313.77,2389.08,3449.35,669.61,3259.76,3228.89,7519.55,4764.59,77.4382,4239.78,3714.09,2165.58,722.906,75.0413,534.122,2622.38,4572.86,3512.3,3047.26,1156.12,853.485,2665.12,4326.34,4563.73,3801.4,1437.31,635.71,35.0901,1044.73,2397.08,4098.95,445.805,2680.05,6669.85,3178.14,2898.66,118.114,3194.44,2771.16,3636.42,13538,8625.61,3121.9,609.735,349.101,4698.97,5014.15,1046.41,701.76,418.925,752.355,755.224,359.324,3030.17,4414.28,4235.92,10533.1,6128.79,2441.73,2539.37,23390,171368,93750.6,1071.83,1716.56,1660.71,8592.05,7795.69,7259.79,8189.76,2446.68,2627.75,3811.09,201.233,1385.72,583.193,2647.46,7692.31,2907.33,1701.12,3170.72,1159.76,9830.75,8898.39,2943.04,3976.58,2109.7,3461.29,2955.88,7453.19,7119.17,190.251,2974.41,4227.78,2856.74,1763.62,114.859,459.151,1216.58,4588.51,3825.15,3279.24,2787.54,2401.6,887.663,3911.31,4224.11,4326.55,1867.96,805.465,106.812,611.798,2024.92,4701.69,968.618,1573.4,5251.71,3028.04,3521.08,433.816,2697.4,3508.85,2067.36,9228.69,9585.72,3579.56,1382.03,312.456,3212.83,5282.83,1412.92,423.782,693.829,1148.93,1271.72,716.384,2353.37,3393.25,3064.86,6823.5,7413.44,2358.77,3967.8,6243.37,113619,104937,4511.61,1470.56,850.512,5515.18,6686.56,4937.17,8247.1,3607.17,2111.5,4693.49,930.972,1027.64,690.154,841.835,5245.88,3577.73,1589.03,3396.25,1704.49,2929.4,6612.73,2890.86,3734.27,2482.82
29.721541950,1863.02,282.96,1284.44,960.402,3576.56,7155.28,2060.85,558.358,1760.32,1941.3,13800.2,5651.94,1692.18,4196.85,2007.73,3977.41,4667.37,7203.19,4239.58,432.72,3955.49,4249.46,3008.88,811.862,103.244,417.152,2107.69,3642.71,2447.78,3367.7,2512.82,1899.59,3296.99,3396.33,3612,3019.11,1154.28,626.177,120.44,1459.11,3004.25,3628.34,553.779,2351.63,6267.33,4496.93,3225.35,797.105,3664.4,2408.89,2722.27,12479.8,5429.13,1963.99,519.678,476.844,4808,4136.93,1062.64,905.049,282.207,635.975,739.104,415.602,3398.49,5221.74,2250.52,8828.38,6593.31,3285.39,1753.17,21186.3,163423,87648.6,824.241,1818.54,2095.05,7021.09,5655.58,5872.6,9477.92,3277.13,2619.15,3808.51,781.345,1616.62,900.812,2261.52,7906.82,4187.45,1436.55,2347.31,101.376,8857.95,8638.62,1808.68,4669.19,4058.83,4791.43,4573.21,7700.14,6337.32,765.635,2826.2,4398.53,4055.9,1892.9,15.4438,474.584,644.805,3716.47,2826.09,3188.27,4618.21,3345.52,1801.59,3279.77,3516.12,3586.17,1464.06,613.91,59.7795,723.41,2733.19,4445.35,1144.7,1544.36,4594.27,4159.65,3852.36,1021.7,3166.67,3494.14,1195.37,8434.97,6946.79,1837.66,1535.49,232.874,2960.84,4429.72,1121.99,625.768,457.724,797.07,1495.93,717.563,2304.5,4313.31,1883.78,5146.86,6979.68,3579.41,3115.08,4407.48,106453,98879.8,3886.47,1473.41,1288.38,4226.52,5439.43,2875.08,9161.77,4353.74,2553.89,4401.02,1495.56,1305.18,830.558,781.047,5182.57,4697.42,1865.16,2526.64,1365.63,2484,6416.28,1843.9,4195.21,4468.48
31.207619048,1916.17,740.164,1397.99,1059.04,2605.07,7175.17,2607.9,190.995,1208.84,1005.57,12258.4,4521.12,975.546,4625.51,3857.47,4418.95,5124.9,6410.23,3420.84,1275.52,3391.97,4054.46,3698.46,1025.34,178.072,212.727,1595.22,2550.91,1245.13,3398.57,3982.5,3340.53,3771.58,2091.95,2401.48,2180.8,709.18,561.14,379.429,1941.09,3133.57,2871.62,1030.56,1977.66,5465.19,5008.39,3229.71,1961.6,4037.63,1826.17,1730.47,10698.7,3293.24,1144.55,532.319,588.984,4740.3,3150.14,867.684,1047.73,290.555,613.192,787.047,305.998,3795,5471.39,654.266,7109.32,5976.86,3801.66,1098.82,21382.4,149988,79823.3,1905.58,1734.7,2263.42,5074.25,3908.03,4124.83,10057,3622.03,2268.19,3558.63,1641.31,1774.6,1131.68,1632.34,7789.2,5172.04,927.507,1558.43,250.49,8219.72,7477.69,744.131,4799.83,6303.18,5852.24,5326.12,7334.94,4988.36,1700.88,2601.23,3786.28,4965.69,2043.65,18.2214,400.902,296.187,2855.4,1642.22,2688.6,6085.24,4752.44,2782.43,2314.12,2370.76,2702.92,959.096,361.169,164.193,930.142,3119.69,3671.86,1661.94,1512.54,3622.85,4634.01,3685.47,2064.84,3795.31,3039.74,432.831,7096.35,4935.97,719.696,1578.16,98.8887,2696.49,3472.72,733.074,713.186,294.859,516.45,1651.13,521.401,2144.62,4858.14,708.533,3819.97,5615.8,4405.19,1935.81,5233.88,97128.5,90085.1,4838.11,1227.59,1731.08,2585.82,4527.6,1166.5,9304.01,4642.28,2545.87,3775.04,2200.58,1614.12,1017.12,547.156,5014.99,5510.73,1729.81,1605.23,1522.66,2836.46,5678.73,777.723,4156.18,6503.18
32.693696145,1949.93,1223.42,1355.3,965.653,1650.49,7032,2679.94,30.0676,850.272,1379.04,10611.4,3359.77,448.427,4750.9,5539.5,4477.21,4418.62,5282.36,2391.01,2194.26,2724.66,3147.16,4108.13,1242.89,278.61,51.8689,1091.55,1590.62,403.79,2933.88,5274.81,4852.53,3652.99,1006.05,1346.28,1321.45,343.165,451.696,710.992,2381.18,2734.83,2005.65,1637.13,1456.77,4475.39,4525.43,2895.82,3134.05,4281.74,1174.35,1040.67,8631.59,2518.57,747.306,534.068,600.489,4632.75,2208.85,570.602,998.751,426.704,722.39,798.866,146.056,4082.76,5362.77,142.637,5276.43,4715.15,3450.36,938.641,21770.7,133752,70970.5,3024.58,1578.16,1866.39,3479.86,2868.45,2955.55,9846.45,3267.61,1644.05,3104.6,2411.45,1808.64,1169.3,930.047,7490.61,5479.21,433.098,925.667,1184.22,7996.37,5883.74,101.627,4468.42,8036.38,6468.55,4806.38,6400.25,3394.46,2487.11,2382.11,2578.6,5451.58,2072.35,148.691,314.419,202.798,2059.88,744.021,1920.62,6833.39,6256.39,3329.69,1371.26,1258.24,1759.12,567.443,155.09,338.653,1211.28,3077.89,2547.85,2305.2,1289.37,2652.2,4258.43,3055.46,3128.83,4401.63,2274.07,66.9032,5603.6,3876.39,333.201,1385.29,2.46902,2509.47,2551.31,364.127,613.662,240.186,441.957,1604.82,296.655,1912.02,5022.28,134.776,2669.59,4044.6,4138.78,1090.19,6894.42,87106.8,79920.8,5822.15,989.091,1840.84,1385.39,3790.59,713.005,8857.34,4159.45,2112.74,2905.16,2721.55,1868.62,1093.51,246.296,4800.86,5830.85,1222.69,858.851,1877.4,3768.81,4650.15,116.55,3689.47,7854.87
34.179773243,1867.35,1521.41,1159.82,734.083,998.444,6682.32,2418.72,25.4299,640.573,2532.51,8999.37,2488.86,342.425,4353.59,6609.39,4032.99,3092.79,3886.73,1445.32,2623.14,2208.98,1973.07,4142.51,1290.32,427.28,17.1802,610.825,971.454,35.5119,2127.96,6005.7,6114.46,2868.81,402.428,690.016,567.078,181.664,386.637,927.305,2573.51,2144.4,1267.02,2037.56,856.414,3384.2,3492.63,2174.27,4002.17,4108.06,773.176,817.963,6566.44,2847,693.44,443.003,642.733,4337.27,1559.65,292.429,762.682,607.455,869.168,739.214,69.7394,4240.31,4931.07,766.155,3725.33,3149.21,2246.66,1308.4,19624.3,118293,60398.6,3404.37,1522.32,1151.39,2202.65,2734.08,3073.32,8680.86,2432.83,954.12,2488.78,2775.51,1689.34,993.736,424.504,7068.91,5103.02,130.054,475.507,2333.45,7968.62,4253.24,61.3215,3760.41,8687.61,6532.32,3309.59,5032.41,2027.97,2602.15,2275.05,1335.22,5508.08,1846.34,387.74,261.485,252.044,1449.32,260.488,1219.67,6559.04,7612.31,3119.7,723.462,472.857,935.643,378.104,67.6012,457.185,1434.96,2797.91,1352.18,2843.45,835.816,1903.46,3297.11,2070.09,3876.73,4649.8,1519.92,148.767,4175.47,3673.6,500.144,982.522,79.2717,2261.4,1874.31,99.7748,360.599,307.059,548.302,1324.61,188.783,1805.17,4585.63,504.655,1912.18,2510.37,2844.99,883.081,7398.93,77260.2,69192.7,5624.66,1130.53,1427.61,634.553,3479.88,1822.5,7746.29,3112.04,1428.22,1960.95,2822.95,1933.82,1010.16,58.5112,4535.19,5598.25,603.033,362.808,2167.64,4828.91,3468.72,56.2152,3053.15,7894.98
35.665850340,1614.84,1580.1,816.48,530.798,807.061,6004.68,2174.98,87.5257,465.424,3800.84,7654.04,1763.72,692.995,3316.38,6990.88,3164.99,1908.79,2425.71,775.765,2359.29,2014.83,1299.04,3700.22,1150.36,575.766,127.935,260.622,610.648,56.7104,1317.41,5935.4,6815.98,1774.91,204.928,404.623,154.224,161.851,353.367,1027.72,2299.72,1891.05,832.1,2183.2,372.339,2160.28,2604.6,1133.59,4652.44,3185.02,807.549,740.9,4999.29,3584.58,741.807,343.213,814.811,3768.24,1258.87,170.628,443.061,752.265,915.376,637.684,204.915,4034.61,4481.14,1912.11,2644.64,1512.14,1187.68,1752.39,14740.1,104953,49170,2930.43,1427.09,633.52,1316.39,3388.1,3828.77,7064.37,1383.78,464.008,1826.89,2636.93,1386.04,710.719,327.077,6489.35,4323.95,75.626,195.641,3283.58,7820.65,2763.23,541.289,2815.91,8126.93,6116.89,1627.66,3540.24,1075.24,1988.16,2377.02,775.232,5146.48,1396.86,656.234,279.52,266.655,1048.16,171.849,756.683,5429.61,8455.49,2349.43,364.134,147.783,427.343,261.144,107.542,520.988,1424.74,2562.26,399.142,3314.98,318.789,1299.75,2341.66,879.672,4445.61,4029.55,1131.4,355.95,3161.5,3805.29,823.448,618.232,307.058,1927.45,1431.3,5.65934,141.107,410.538,681.292,966.958,231.767,1765.95,3898.94,1346.61,1568.74,1122.12,1729.15,934.982,5979.56,67939,59030.2,4016.43,1565.63,797.217,293.685,3755.94,3353,6490.78,1770.67,883.798,1088.34,2477.81,1746.13,799.178,123.148,4209.2,4828.75,256.455,104.514,2236.17,5551.3,2313.11,448.32,2524.9,6437.42
37.151927438,1346.11,1318.43,488.705,364.788,1044.46,5159.83,1935.86,153.865,308.655,4833.85,6542.07,1049.34,1162.38,2157.3,6405.49,2470.44,1245.6,1259.48,401.962,1740.79,2272.85,1496.75,3069.64,800.346,741.094,292.617,60.9757,414.143,261.62,717.257,5200.36,6756.37,872.729,249.114,339.925,26.6618,191.612,422.845,969.138,1714.49,2099.12,1004.99,2285.42,198.509,986.606,2077.52,441.899,4697.2,2073.13,984.224,525.736,3925.6,4344.84,730.111,267.182,896.235,3147.24,1248.73,134.814,222,703.509,938.938,420.634,522.474,3667.25,3773.69,2998.46,1787.53,568.25,734.631,1809.74,9242.43,93648.6,40066,1916.18,951.762,513.722,1404.72,4143.54,4275.93,5354.79,732.44,170.042,1268.59,2131.05,960.1,428.322,577.714,5842.51,3402.6,195.25,60.9355,3875.43,7465.66,1478.11,1213.86,1852.84,6686.33,5433.69,570.844,2286.16,476.43,1120.77,2710.67,1234.81,4599.75,811.634,862.987,357.328,192.604,791.102,299.68,504.145,4016.41,8384.28,1596.1,211.774,164.341,193.159,192.631,237.116,520.56,1151.58,2423.71,143.551,3815.23,110.044,722.149,1656.95,112.924,4609.97,2944.16,942.475,375.403,2528.66,4057.63,940.033,410.791,441.756,1654.17,1202.48,5.34738,54.3782,426.743,850.923,534.031,405.001,1923.61,2948.24,2199.81,1278.16,503.518,1364.26,788.906,3366.73,59600.2,50823.3,1768.1,1693.77,440.159,748.763,4041.86,4381.83,5049.52,983.849,524.309,417.235,1999.58,1248.22,607.876,283.576,3960.13,3727.88,252.55,26.5603,2067.68,5923.21,1275.44,993.744,2067.68,4367.59
38.638004535,1093.66,910.798,240.714,219.803,1473.51,4459.04,1462.56,225.934,226.872,5379.32,5808.59,387.555,1365.36,1242.83,5000.8,2422.64,1210.09,608.778,217.07,1267.1,3088.58,2526.57,2444.94,420.432,887.261,434.34,0.668531,340.874,385.437,357.175,4207.69,6059.81,394.766,324.372,374.324,76.1007,243.8,552.119,788.06,993.331,2741.74,2088.1,2460.17,326.624,221.62,1947.39,565.509,4008.25,1221.39,979.462,215.855,3329.7,4748.64,642.632,219.489,674.247,2683.76,1400.55,120.076,97.1111,506.512,932.59,182.885,956.118,3025.62,2969.76,3274.72,1493.28,399.14,518.447,1516.06,5412.1,85196.6,34352.7,960.72,446.972,676.963,2137.4,4566.46,3953.05,3802.99,658.68,59.0507,925.927,1509.62,554.383,195.3,960.371,5287.11,2449.26,354.551,20.2642,4209.76,7055.23,512.712,1709.45,1005.58,4969.64,4846.87,439.326,1441.95,159.816,559.059,3189.82,2617.57,4060.23,298.488,882.272,484.041,63.0477,672.641,387.614,359.565,2791.79,7427.23,1252.57,160.436,328.201,178.318,195.334,328.615,467.25,644.069,2469.01,898.388,4187.09,494.557,290.065,1305.22,128.231,4260.65,1945.19,731.857,220.252,2150.55,4202.63,772.977,338.258,352.353,1473.79,1196.01,13.8085,54.1851,326.194,1011.59,191.703,628.982,2032.02,2025.39,2512.91,1285.84,607.513,1202.06,636.738,1083.67,52906.1,45160.5,192.38,1438.62,327.295,1481.46,4380.37,4262.71,3690.78,856.372,361.552,186.471,1525.22,689.052,495.753,369.378,3803.77,2699.86,340.439,11.8341,1943.29,5993.35,556.005,1487.15,1578.37,2645.2
40.124081633,985.885,498.279,67.6941,137.83,1721.2,4175.09,718.593,385.43,330.47,5152.04,5608.63,7.47674,1290.83,633.801,3249.15,3120.1,1736.86,415.444,130.249,1155.33,4295,4251.01,1899.25,197.52,918.021,569.629,66.8395,299.802,369.705,118.488,3338.69,5178.41,228.816,339.511,410.908,211.163,337.114,592.489,593.584,456.14,3684.69,3907.13,2772.47,610.535,10.929,2090.94,1639.96,2934.17,708.103,686.782,69.3859,3260.68,4414.46,646.077,193.123,306.734,2423.01,1546.04,82.4339,28.5486,339.072,810.5,32.9598,1411.97,2280.64,2202.89,2425.85,1828.72,900.375,330.003,1003.85,4416.04,81006.1,31659.6,538.93,420.212,870.403,3397.39,4275.23,3054.23,2306.28,1044.39,106.257,1048.41,827.404,216.769,137.751,1142.43,5195.76,1323.25,586.171,86.7753,4198.85,6872.68,39.9834,2064.08,302.514,3297.8,4706.68,1223.38,894.516,39.219,435.116,3699.53,4726.16,3411.76,46.8736,747.444,615.063,29.7278,600.984,346.101,216.308,1909.04,6136.19,1262.49,145.141,493.747,295.598,285.29,325.513,391.437,196.222,2576.95,2540.22,4443.74,1232.05,145.666,1197.17,1050.06,3645.05,1211.82,371.364,139.495,2082.83,3923.35,590.673,272.131,210.96,1315.51,1390.37,10.9854,48.3656,266.449,914.726,136.413,910.576,2082.74,1202.91,2005.91,1621.67,1357.34,878.362,578.119,292.077,49082,41629,138.865,1103.54,161.022,2513.11,4494.87,3208.04,2279.7,1207.03,525.514,540.096,968.001,244.211,589.675,272.017,3985.16,1686.39,452.33,15.3879,1937.63,5903.37,373.312,2042.29,949.099,1567.94
41.610158730,1030.62,183.035,2.03647,114.023,1779.8,4329.28,120.156,642.663,571.622,4349.39,5648.96,297.795,1107.34,321.249,1688.73,4103.43,2761.1,562.167,92.5776,1225.06,5694.97,6136.89,1630.25,131.356,776.787,697.353,218.76,260.292,267.007,4.13894,2692.56,4356.94,291.599,280.048,405.149,385.184,459.466,480.781,426.112,351.949,4640.14,6077.12,3101.22,808.068,240.997,2610.95,3276.49,1884.04,389.273,362.738,295.699,3466.96,3638.01,669.63,203.651,97.5529,2490.82,1708.86,48.2154,2.96351,206.466,690.425,66.4062,1982.2,1522.25,1548.84,1224.98,2327.8,1948.39,589.123,498.668,5744.5,81341.9,32579.7,411.17,586.806,1262.6,5401.55,3049.16,2188.49,1041.21,1547.6,390.068,1436.68,334.767,35.8066,186.689,1163.89,5554.57,420.141,893.25,298.929,3735.7,6833.75,478.137,2268.26,4.9763,1879.19,4728.66,2675.48,720.068,20.508,425.822,4262.38,6927.34,2787.27,14.6533,547.777,714.83,140.002,553.934,211.868,81.1681,1331.22,4925.28,1387.86,145.081,586.214,504.665,451.776,241.157,298.026,13.0606,2678.66,4638.8,4541.44,1786.51,297.304,1474.92,2585.85,2947.27,663.695,87.9181,249.701,2257.24,3418.41,427.137,160.429,203.736,1379.34,1784.15,24.355,11.8616,234.082,694.898,360.002,1390.32,2013.67,564.457,1297.41,1780.31,2598.08,1040.19,357.427,622.779,49401.7,40994.1,662.526,741.772,292.835,4206.57,3767.34,2097.68,1087.23,1579.22,997.924,1212.44,547.067,50.0718,723.526,202.859,4562.98,900.557,604.826,74.4616,1760.06,5817.91,999.687,2576.27,530.979,968.328
43.096235828,1209,13.4285,103.576,165.705,1904.58,5003.06,74.6055,1033.41,789.423,3282.26,5673.06,1245.25,1026.34,326.392,572.307,5026.82,3990.97,887.247,111.079,1174.23,7212.49,7666.81,1472.35,202.428,483.276,834.736,424.409,186.87,156.507,53.0819,2209.06,3592.99,502.689,200.818,316.056,563.54,623.454,247.569,319.451,491.449,5476.1,8180.65,3143.66,851.84,732.858,3444.63,4873.64,1115.72,251.291,262.01,846.048,3652.31,2829.51,574.079,371.755,258.39,3057.15,2067.46,87.9602,115.705,107.743,682.038,412.423,2503.2,1097.99,1198.12,294.226,2982.76,3234.06,1292.98,196.93,8537.78,86431.2,36130.1,256.802,750.737,2435.09,7562.37,1728.28,1544.31,245.997,1918.52,1068.69,1867.5,123.313,15.8231,276.503,1360.96,6386.36,191.915,1246.25,607.245,2872.62,6818.38,1794.67,2335.14,250.269,782.552,4779.85,4217.7,896.851,56.9717,285.471,5045.05,8538.32,2215.35,104.552,337.211,796.964,384.983,492.201,82.9029,14.712,951.166,3927.72,1423.81,183.976,530.381,762.048,716.855,104.99,199.74,48.8698,2838.69,6630.61,4312.9,1880.42,743.838,2087.69,4107.54,2331.26,316.487,50.0174,500.173,2498.99,2957.24,236.663,112.779,404.415,1825.7,2467.69,130.735,19.9657,203.005,556.892,813.409,1999.48,2046.91,305.979,647.484,1882.03,3887.65,1887.19,99.6888,1774.79,54054,43155.3,847.74,595.907,1325.42,6001.49,2775.67,1249.62,353.457,1799.93,1751.19,1895.56,370.039,10.3448,811.509,615.672,5464.22,680.034,798.951,245.991,1288.8,5844.13,2255.71,2927.89,634.588,545.587
44.582312925,1634.23,79.5644,433.94,345.644,2451.48,5848.56,871.116,1690.47,898.081,2276.97,5607.38,2230.32,1195.94,617.064,105.736,5713.92,5070.12,1190.45,182.267,899.952,8804.58,8616.43,1186.63,380.78,185.528,966.708,667.386,86.8714,65.5956,194.211,1860.42,2810.9,745.764,124.598,201.175,668.4,803.645,40.7588,338.516,563.322,6066.49,10059,2648.46,817.824,1293.02,4271.77,6023.94,838.623,267.186,454.567,1376.25,3727.15,2180.16,386.966,835.046,945.371,4031.57,2692.6,292.359,463.6,144.008,887.448,1063.91,2774.78,1150.48,1231.77,175.935,3764.8,4621.32,1919.43,322.249,12767,94638.6,41252.9,118.606,1229.35,4279.08,8929.37,1283.56,1424.1,9.55344,1952.67,1951.14,2446.9,180.177,133.961,468.96,2153.88,7240.36,985.236,1787.71,861.387,1997.2,6585.26,3316.93,2471.59,875.069,149.359,4754.65,5456.27,1183.81,159.561,106.109,6043.86,9420.9,1581.9,259.604,154.37,884.73,763.247,351.875,14.623,30.1498,751.549,3025.1,1363.45,198.622,436.424,893.085,1054.88,69.6924,173.514,100.959,3069.86,8328.06,3492.02,1695.28,1332.56,2695.25,5272.31,1894.26,155.485,229.807,725.576,2733.38,2584.67,73.8087,244.863,839.454,2638.47,3294.65,460.742,212.731,254.991,615.813,1452.25,2532.43,2174.89,529.245,470.702,2156.17,4955.85,2658.55,258.544,4074.89,61939.5,47200.6,724.744,1056.22,2805.28,7317.94,2341.96,1042.35,108.715,1729.5,2518.85,2618.11,403.18,18.1554,1022.66,1751.54,6262.49,1290.94,1164.95,511.217,835.55,5765.11,3593.41,3139.58,1210.44,205.556
46.068390023,2248.73,519.716,1008.39,747.177,3326.86,6549.77,2391.55,2588.24,857.142,1724.3,5362.72,2671.69,1493.54,1065.31,333.655,6204.53,5592.54,1394.22,287.815,700.028,10022.2,9249.48,698.417,654.215,20.7169,1187.74,852.306,25.9177,15.5277,345.086,1491.84,2051.36,908.903,64.3026,121.579,619.926,1023.25,29.5614,471.407,406.071,6606.48,11268.3,1941.78,745.346,1714.73,4706.55,6599.88,1106.96,400.254,767.462,1659.65,3504.91,1873.18,202.204,1581.69,2097.1,5115.2,3475.52,723.533,1009.13,429.931,1334.87,1924.9,2595.11,1607.71,1765.52,916.515,4500.42,5732.26,2413.88,926.133,18632.9,102656,47186.1,473.005,2152.54,5737.32,9590.63,2022.64,1626.72,361.077,1770.87,2652.67,3093.95,607.353,447.05,824.412,3291.95,7875.81,2692.97,2514.05,953.051,1462.61,6137.79,4167.52,2698.05,1521.74,8.40145,4765.22,6088.98,1451.47,335.668,119.38,6972.17,9849.65,922.422,463.47,17.4736,1060.86,1127.89,218.871,0.663728,75.6699,562.927,2298.84,1202.13,154.947,352.674,820.558,1406.47,300.683,246.604,57.7418,3551.52,9481.92,2347.77,1421.92,1760.26,3062.32,5858.48,1793.46,116.843,449.908,862.58,2707.42,2388.78,8.4115,564.883,1429.6,3578.84,4066.09,1029.31,633.589,482.106,961.97,2200.47,2615.13,2429.5,1314.05,793.519,2660.87,5653.71,2960.88,1025.98,7948.45,70613.8,52004.6,1078.24,1889.84,3878.73,8375.02,2780,1224.83,418.297,1565.01,2853.85,3325.34,740.973,138.84,1410.06,3162.94,6820.48,2599.56,1717.4,834.694,703.104,5580.26,4234.64,3261.1,1875.28,17.5042
47.554467120,3044.59,1366.14,1698.79,1348.65,4083.95,6961.29,4036.01,3477.06,885.027,1720.06,4759.6,2449.13,1770.87,1448.83,1065.21,6708.84,5212.68,1490.11,387.26,745.675,10588.6,9686.69,269.814,961.687,144.787,1569.66,965.468,4.08794,8.81071,440.745,1066.82,1375.06,913.212,30.1961,102.635,443.176,1315.07,301.834,690.295,149.75,7163.59,11525.7,1425.24,626.011,1908.43,4423.17,6709.9,1726.15,601.905,1036.65,1681.54,2821.76,1913.64,252.025,2323.5,3403.93,6019.97,4073.16,1320.19,1588.77,1021.82,2035.03,2617.05,2117.5,2048.63,2554.34,2444.75,5383.55,5623.1,3053.81,1863.64,24754.9,107884,52442.8,1755.24,3119.78,6238.45,9447.42,3682.46,2084.08,1024.33,1501.78,2767.6,3782.41,1386.61,937.01,1293.46,4220.24,8185.51,4613.32,3314.18,963.193,1353.3,5460.67,3945.98,2902.33,1859.86,286.991,5037.38,5836.92,1626.8,538.363,383.078,7649.28,9945.2,498.111,657.479,36.6435,1377.15,1358.9,125.823,18.3655,122.054,337.191,1762.27,956.568,59.738,311.614,573.145,1751.46,798.996,448.646,10.5798,4338.67,9900.71,1408.78,1121.92,1868.8,3003.38,5793.42,2045.87,199.568,570.149,925.143,2234.48,2382.37,126.083,908.312,2047.18,4326.69,4494.21,1743.73,1184.44,925.075,1605.41,2812.6,2233.35,2556.56,2393.95,1725.58,3630.97,5236.1,3146.79,2093.57,12689.7,77523.4,56257.7,2490.14,2460.31,4457.66,8594.91,4053.02,1806.52,1050.53,1331.48,2593.47,3909.19,1380.47,469.265,1872.81,4242.61,6992.65,4050.78,2443.66,1147.76,960.643,5366.43,3756.92,3257.58,2278.33,103.432
49.040544218,3969.6,2470.36,2193.2,2032.12,4445.05,6659.17,5351.05,4012.11,1125.57,2046.03,3979.9,1710.57,1930.8,1531.92,2142.65,7095.9,4071.59,1432.8,430.926,983.307,10574,9761.97,228.343,1252.39,583.544,2058.18,1126.02,3.30203,41.3286,458.604,642.976,824.344,766.808,61.538,112.49,308.058,1616.64,818.347,961.011,70.2625,7457.81,11089.8,1190.09,477.491,1854.6,3436.9,6403.52,2536.95,723.084,1178.31,1483.9,1930.6,2114.09,578.253,2738.59,4671.53,6187.31,4284.62,1943.4,1910.95,1850.79,2917.13,2838.98,1458,2280.33,3272.75,4151.59,6409.8,4169.32,3803.55,2925.9,28450.9,109323,54992.9,3612.98,3815.42,5752.03,8294.61,5722.09,2680.63,1521.95,1274.06,2188.5,4452.48,2350.77,1430.95,1756.19,4594.77,7858.71,6044.32,3968.58,1024.89,1482.97,4686.08,2807.74,2989.11,1727.63,904.767,5442.7,4846.08,1598.16,688.094,821.15,7925.48,9717.74,513.487,799.746,269.802,1786.37,1500.31,53.8686,53.2097,163.127,146.345,1356.82,676.805,1.45538,276.697,314.397,2001,1479.87,777.771,127.817,5137.43,9759.19,970.845,831.312,1669.59,2447.63,5206.13,2573.5,352.971,530.781,935.755,1468.02,2474.91,410.524,1078.34,2657.08,4438.15,4458.83,2421.67,1627.87,1534,2413.69,3099.86,1481.65,2573.54,3258.35,2928.14,5051.38,3793.99,3285.72,3141.34,16360.7,80836,58755.3,4497.14,2535.89,4582.17,7494.51,5863.5,2635.96,1527,1149.44,1808.75,4291.97,2179.64,996.124,2240.02,4592.13,6635.44,4960.09,3252.28,1401.1,1428.93,5116.55,2446.08,3088.66,2245.92,505.229
50.526621315,4641.81,3530.85,2454.86,2388.93,4356.17,5496.48,5948.4,4106.31,1377.18,2566.38,3207.3,895.019,1803.55,1358.13,3318,7051.46,2652.13,1209.14,410.525,1314.46,9964.06,9333.17,709.778,1451.45,1254.03,2551.3,1328.72,44.6269,119.938,413.692,301.88,416.667,563.184,174.258,125.388,285.578,1895.14,1450.85,1187.66,331.027,7353.07,10030.7,1299.26,352.083,1543.93,2144.5,5646.1,3410.06,716.778,1121.51,1210.96,1160.33,2361.52,937.147,2814.57,5526.87,5416.7,4061.32,2258.87,1985.63,2618.63,3713.67,2626.59,791.409,2182.98,3578.35,5583.7,6970.56,2396.84,4123.28,4062.27,28082,105893,54353,4880.63,4248.89,4263.97,6763.98,7224.63,3149.76,1695.81,989.391,1402.83,4693.83,3353.39,1829.95,1905.59,4426.25,6682.75,6549.51,4308.29,1086.96,1751.84,3857.82,1451.07,2748.74,1313.74,1652.73,5660.16,3529.87,1339.27,737.4,1221.42,7745.86,9021.26,1006.1,895.331,686.471,2146.69,1605.19,21.9112,108.792,194.197,80.7034,1025.29,429.377,30.5415,227.355,150.467,2144.01,2151.46,1152.86,484.874,5695.89,9054.19,1161.48,618.073,1202.17,1619.07,4244.48,3277.69,520.297,357.69,890.521,746.494,2570.82,734.142,1057.12,3088.51,3831.69,3937.74,2824.53,1845.96,2080.38,3171.35,2983.96,709.825,2346.04,3620.91,4070.86,6168.76,2430.22,2980.78,4253.59,17125.9,79293.9,59296.9,5717.77,2457.34,3815.05,5949.04,7250.86,3397.21,1717.77,881.911,1017.58,4176.11,3072.38,1586.1,2270.23,4243.96,5624.3,5033,3856.43,1558.05,1923.88,4710.01,1082.98,2652.61,1898.75,1041.41
52.012698413,4839.42,4193.55,2387.89,2294.07,3732.47,3912.56,5532.2,3871.58,1352.29,3181.58,2596.76,372.48,1412.44,1010.94,4150.21,6654.06,1365.54,851.877,360.652,1558.71,8863.37,8278,1541.1,1550.57,1881.24,2935.5,1517.99,128.15,220.531,340.257,95.0932,168.511,373.987,326.462,141.31,374.104,2117.29,1950.61,1316.13,903.599,6679.28,8616.52,1543.39,275.236,1065.02,980.424,4702.9,4045.84,591.563,937.147,988.865,718.934,2669.58,1032.62,2674.48,5628,4011.1,3405.61,2140.5,1803.92,3033.4,4188.72,2125.28,298.247,1824.43,3288.62,6316.03,6926.2,978.242,3762.33,5128.07,23344.3,98536.6,50159.4,4847.67,4465.72,2411.68,5160.16,7700,3299.51,1511.65,667.898,757.037,4411.92,4113.74,1968.09,1714.57,3675.67,5063.4,5834.54,4353.84,1000.73,2041.37,3132.82,472.045,2175.66,823.773,2194.95,5620.15,2241.84,916.409,694.713,1398.79,7054.46,7854.27,1708.05,974.927,1110.25,2345.08,1677.16,56.9242,164.161,218.589,151.361,768.019,228.941,121.509,179.205,131.478,2168.79,2587.49,1455.47,1035.1,5708.34,7986.99,1667.42,482.797,652.542,830.096,3190.39,3924.56,656.806,189.824,772.45,299.127,2702.85,936.181,898.306,3222.59,2716.78,3088.38,2772.32,1792.24,2325.84,3664.36,2524.07,197.181,1943.34,3329.62,4765.78,6706.39,1483,2348.98,5371.17,14405.5,73264.4,57549.8,5387.36,2526.74,2413.18,4339.18,7708.03,3872.27,1548.99,562.672,468.547,3615.11,3843.11,1987.29,1969.13,3304.01,4268.62,4183.68,4101.32,1549.65,2174.26,4270.78,220.066,2008.55,1417.92,1414.89
53.498775510,4499.22,4247.69,1993.78,1821.73,2724.42,2370.31,4283.95,3485.57,983.555,3645.09,2320.47,274.266,908.828,620.496,4343.02,6112.18,472.853,474.438,319.139,1525.89,7507.8,6610.27,2323.41,1611.55,2083.76,3193.77,1610.75,211.758,319.856,259.535,24.972,60.7623,234.092,459.137,159.494,508.822,2259.99,2108.92,1301.58,1599.36,5385.66,7143.32,1626.46,235.685,580.428,274.463,3842.23,4303.55,390.799,708.47,894.056,727.972,2951.65,792.785,2494.68,4919.08,2456.32,2462.07,1692.04,1366.23,3046.08,4077.62,1623.86,46.7615,1286.36,2646.2,5906.67,6585.99,172.376,3053.01,5525.78,16069.5,88730.7,43397.3,3628.91,4233.99,1114.71,3593.3,7308.04,2874.81,1165.98,369.379,348.188,3834.99,4274.52,1851.4,1243.13,2585.12,3413.91,4191.56,4168.12,733.537,2190.31,2667.12,137.672,1474.16,429.405,2262.58,5401.1,1191.23,513.731,582.956,1279.83,5930.83,6356.97,2165.68,1139.31,1224.15,2423.07,1687.29,120.341,203.107,254.333,282.47,583.395,85.242,215.991,157.434,211.556,2052.51,2720.97,1490.51,1665.59,5014.49,6737.47,2089.73,354.636,239.714,349.333,2285.62,4375.51,708.924,113.339,632.566,231.748,2856.99,969.098,732.028,2998.54,1506.04,2133.03,2305.11,1442.74,2257.41,3624.81,1987.1,3.77604,1413.75,2698.77,4505.14,6761.44,1027.59,1843.98,5871.44,9390,64350.5,53685.9,3769.1,2517.59,1254.29,2645.92,7524.94,3592.77,1274.1,249.378,141.455,2975.9,4083.45,2143.98,1374.77,2149.03,2899.09,2732.84,3960.88,1350.93,2065.35,3860.7,85.6771,1350.43,946.852,1392.05
54.984852608,3657.56,3776.36,1354.31,1202.39,1647.15,1140.05,2834.44,3033.19,461.841,3767.05,2385.24,487.319,503.733,275.309,3940.78,5512.69,134.343,232.896,270.823,1153.84,6159.22,4601.96,2674.54,1633.26,1734.02,3327.65,1516.37,276.729,383.143,207.507,26.4311,35.0066,175.098,513.811,187.063,566.282,2358.1,1837.61,1175.83,2114.38,3709.28,5735.36,1454.73,201.099,256.95,69.2341,3294.39,4189.15,202.087,486.182,911.279,1146.55,3066.93,433.795,2295.65,3793.51,1119.27,1517.7,1101.9,799.104,2723.71,3387.16,1236.38,44.4246,761.163,1812.64,4647.98,5912.05,254.58,2354.14,4835.26,8985.01,78116.3,36256.4,1893.29,3348.78,606.13,2667.03,6132,2073.24,745.788,188.408,247.02,3037.41,3853.92,1485.22,721.222,1478.97,2010.65,2376.82,3786.87,389.926,2150.88,2449.25,369.725,928.114,144.036,1898.19,4973.52,647.79,276.034,402.272,863.728,4736.88,4711.41,2105.98,1365.1,939.24,2413.37,1614.36,168.231,223.449,300.879,371.013,464.41,15.5825,258.132,169.564,261.761,1896.61,2485.37,1269.43,2135.68,3768.68,5349.75,2255.02,211.752,45.8125,181.763,1827.99,4522.42,677.647,98.5154,539.876,529.947,2920,943.623,620.728,2544.17,564.826,1292.26,1595.36,934.051,1923.6,3081.27,1463.16,99.4962,942.661,1855.76,3523.9,6112.89,1373.57,1630.08,5209.25,4144.53,54719.6,48792.5,1722.06,2056.67,652.393,1567.69,6648.99,2726.82,947.562,66.6358,64.2455,2341.59,3723.13,1993.25,731.702,1114.26,1758.43,1278.34,3523.66,999.896,1721.35,3435.87,532.407,885.956,499.605,1016.13
56.470929705,2626.69,2922.38,696.714,683.421,754.982,399.4,1725.21,2516.25,90.5593,3537.81,2659.06,739.885,269.069,105.049,3044.26,5079.36,280.968,127.966,202.505,625.646,4999.7,2641.66,2495.73,1534.73,1116.59,3209.67,1306.54,277.484,423.666,172.102,50.9597,46.7374,163.586,499.602,209.628,517.95,2376.69,1318.44,942.102,2259.64,1993.32,4558.3,1092.76,137.849,106.232,225.596,3273.51,3638.23,150.59,324.12,919.187,1720.85,3022.2,208.083,2025,2697.4,283.803,758.886,595.232,298.306,2168.08,2413,934.036,174.646,377.753,1104.11,2877.74,5288.92,859.22,1786.33,3238.47,4537.91,68373.5,30262.1,599.145,2088.18,600.503,2539.89,4647.04,1126.7,421.054,104.162,342.273,2229.46,2973.71,1025.19,341.799,622.431,1023.82,1064.5,3218.82,170.307,1945.47,2463.18,786.653,588.958,11.1966,1294.1,4429.56,666.962,173.557,224.066,348.568,3715.86,3187.31,1592.01,1543.93,490.178,2216.5,1523.22,151.472,258.192,326.217,375.06,392.013,8.2866,237.359,224.538,204.902,1773.1,1950.94,891.746,2267.79,2294.11,4043.12,2071.58,87.5791,12.6212,212.312,1969.6,4255.32,639.129,114.095,474.917,959.626,2919.99,920.589,592.052,2029.03,99.2186,671.86,901.804,449.666,1451.89,2252.99,996.271,321.121,601.912,1114.53,2045.81,5236.18,2042.06,1603.82,3578.09,813.648,46183.7,43669.4,483.022,1226.95,417.476,1337.42,5466.25,1518.23,725.015,5.40116,150.608,1789.48,2886.09,1604.34,259.423,411.113,957.322,348.885,2916.33,631.113,1300.45,3068.88,1093.35,602.544,172.254,512.634
57.957006803,1669.3,1956.06,258.932,335.583,239.356,141.517,1099.96,1975.6,104.689,2999.36,2929.37,855.734,149.967,109.807,2017.09,4879.65,677.88,86.0743,138.825,260.998,4044.03,1156.84,2033.1,1232.16,589.595,2782.72,1124.23,208.356,450.92,128.411,81.8159,77.0861,142.921,462.488,213.053,458.518,2210.93,835.224,631.818,2040.28,677.907,3661.97,739.542,67.0576,59.9581,541.055,3693.49,2838.79,223.615,236.295,819.803,2208.65,2773.96,278.622,1731.15,1810.54,6.6131,317.099,249.136,33.2217,1541.78,1448.56,717.468,275.048,164.539,588.509,1287.92,4982.02,1371.7,1286.08,1473.72,3436.17,60859.6,26176,209.964,1088.98,657.444,2789.47,3428.44,429.725,215.35,68.563,426.714,1573.32,1917.08,658.316,142.491,155.958,502.819,484.274,2480.36,249.791,1638.21,2536.72,1105.31,355.359,26.1549,753.294,3900.68,1029.78,121.443,145.651,51.3974,2872.05,2074.44,1020.16,1482.75,159.065,1847.19,1463.3,75.2863,312.491,301.532,313.475,347.559,29.6285,196.862,302.98,99.8571,1622.2,1359.07,493.72,1979.23,1090.01,2953.19,1670.91,28.3943,47.1388,329.917,2539.4,3697.74,591.689,157.558,377.282,1319.97,2816.47,930.12,677.083,1523.9,60.9096,324.75,389.911,143.244,979.353,1414.55,656.536,439.984,398.282,513.236,779.58,4477.97,2457.96,1441.3,1800.17,135.232,40000.8,39058.9,527.645,516.377,274.005,1436.74,4597.07,481.767,567.686,1.8311,230.743,1398.6,1834.68,1150.22,39.4271,67.4811,529.573,104.519,2189.37,447.474,973.844,2675.99,1449.57,394.931,20.1144,167.989
59.443083900,891.082,1113.52,180.003,163.153,58.1936,168.445,819.604,1526.1,465.524,2262.71,3016.15,770.368,104.451,172.818,1264.47,4645.12,1234.37,94.9121,91.096,168.283,3345.27,441.048,1556.65,807.275,231.367,2306.84,959.708,128.556,458.652,77.0915,106.951,121.042,90.5602,424.991,213.705,416.531,1967.23,465.112,335.078,1627.53,46.1483,3020.07,607.514,28.2923,70.7448,909.237,4162.38,2164.11,263.342,219.178,582.391,2495.96,2291.54,567.855,1514.05,1182.66,67.7599,135.439,92.4855,55.6447,973.334,709.847,541.829,250.007,57.86,338.713,452.627,4663.59,1645.48,859.716,375.949,4445.15,55863.5,24730.9,291.653,576.766,450.278,3373.7,2635.14,133.586,141.239,37.508,454.049,1013.66,1009.08,512.769,82.0335,34.615,316.905,415.147,1750.23,604.112,1286.3,2467.76,1182.36,208.143,109.562,421.766,3380.2,1619.59,102.56,120.634,8.20803,2365.54,1510.55,683.924,1158.53,8.87815,1534.44,1356.97,11.3807,347.827,254.049,210.124,335.528,41.6751,177.38,373.142,31.6609,1453.96,852.752,182.298,1452.05,402.921,2174.23,1379.28,9.75671,74.5301,473.607,3230.51,3121.18,446.889,226.827,228.745,1558.91,2488.78,959.668,869.374,1088.26,205.554,173.585,132.251,56.8545,621.95,781.084,386.536,393.556,249.886,214.047,134.984,3673.47,2761.45,977.507,626.022,859.372,36913.7,35947.9,1007.08,174.062,112.529,1897.55,3914.87,37.938,463.973,8.66892,261.69,1058.35,915.26,795.266,34.8962,8.3236,362.943,276.294,1500.3,551.334,766.965,2161.47,1514.17,231.233,9.5467,32.9604
60.929160998,373.241,577.704,291.643,104.75,79.5869,304.225,624.052,1250.84,826.42,1581.65,2753.76,614.873,83.1799,196.52,770.596,4408,1762.65,144.349,51.8557,240.966,2951.62,508.056,1154.28,457.077,94.6309,1838.1,870.315,99.9132,419.122,48.4583,129.459,180.023,30.2288,384.677,214.921,433.27,1695.93,251.391,159.22,1155.73,134.02,2657.15,663.396,18.3145,85.9498,1248.07,4515.14,1654.28,213.337,209.749,365.62,2412.36,1776.11,779.968,1397.58,744.616,234.01,96.9626,59.9592,202.668,610.501,258.323,347.394,144.855,27.9465,249.08,327.819,4511.77,1503.88,561.823,110.454,5743.49,53515.2,25087,274.334,432.805,130.119,3941.27,2445.45,124.479,122.966,11.5815,392.969,580.639,433.263,500.072,95.2094,113.003,321.702,473.557,1214.71,946.206,963.51,2168.09,1050.45,123.949,159.602,209.323,2997.33,2188.55,162.6,79.9181,76.5208,2235.3,1463.23,619.234,755.58,38.1561,1271.61,1255.43,9.54007,319.616,223.232,121.888,367.211,23.9988,190.698,385.019,72.3556,1298.44,483.25,33.8959,911.337,274.282,1787.26,1269.1,2.43794,54.5469,644.261,3807.64,2626.53,230.777,274.926,108.8,1571.91,2050.01,883.216,1065.99,750.686,324.699,114.652,65.2877,117.319,449.581,372.727,168.89,257.685,141.716,127.76,10.6046,3250.26,2656.13,465.167,262.819,1576.45,36528.4,34460.6,1093.04,158.87,16.5905,2420.65,3603.52,84.1731,359.487,19.2312,248.725,736.201,321.9,592.792,126.03,91.7638,346.241,506.047,983.086,778.574,628.807,1588.77,1298.81,140.117,42.5125,4.00373
62.415238095,125.187,343.618,326.515,127.121,182.637,409.017,400.978,1096.72,909.994,1083.41,2177.01,520.814,65.0509,158.281,507.064,4117.92,2184.82,177.795,21.443,366.59,2754.47,1099.48,874.737,259.25,141.553,1358.82,909.434,152.591,293.918,77.5468,187.264,257.847,16.0689,290.501,242.048,570.806,1362,192.453,107.93,754.473,705.165,2550.4,742.831,16.7199,65.2154,1577.65,4596.01,1309.65,110.913,196.652,259.644,1980.06,1382.36,722.246,1294.86,445.909,319.114,151.903,89.0681,250.082,448.949,49.6503,148.258,47.4448,55.3319,243.725,641.677,4584.45,1135.7,359.096,292.476,6375.45,53511.8,25518.3,110.585,507.894,74.6636,4006.32,2814.57,318.35,104.777,7.94049,254.834,322.365,184.535,444.383,138.798,225.501,428.502,418.358,888.593,1040.27,666.642,1703.26,843.824,66.7481,146.178,100.599,2733.64,2560.4,291.119,26.8401,176.191,2241.4,1802.58,729.83,420.696,173.068,1012.66,1186.87,86.2024,218.385,227.692,131.526,432.487,2.08203,194.449,355.684,253.859,1116.33,274.631,21.7038,510.162,552.68,1781.4,1186.83,12.0627,14.7488,849.701,4096.66,2232.25,50.0261,296.109,48.4212,1380.54,1627.4,637.862,1137.67,525.172,306.442,137.541,81.8184,161.109,392.523,147.647,36.0536,114.178,84.039,154.621,220.666,3344.03,2081.49,161.745,432.261,1874.24,37611.8,33780.2,852.205,359.379,57.343,2526.77,3811.12,417.883,234.864,31.8838,209.038,472.652,64.044,464.6,187.331,192.98,454.65,546.219,652.33,898.942,466.058,1096.05,942.063,106.547,59.4117,28.061
63.901315193,79.0909,270.379,232.765,195.358,322.531,415.35,199.636,920.731,825.167,671.164,1618.21,442.561,37.2732,141.361,469.402,3524.1,2701.42,145.066,16.106,431.259,2691.09,1842.17,627.039,187.252,193.909,1039.53,904.122,261.318,144.765,155.017,333.643,403.197,70.5408,150.269,302.299,723.618,1055.96,198.578,103.699,472.493,1328.91,2684.3,725.376,23.2321,24.574,1973.45,4309.43,1086.13,57.3005,191.254,244.994,1429.06,1110.09,481.189,1168.22,224.928,280.117,262.946,158.779,178.243,379.607,1.80413,35.8086,26.6004,81.2062,344.583,1176.68,4325.53,1272.27,322.026,394.88,6649.77,54450.8,25682.5,34.4875,541.99,296.969,4002.92,3190.43,565.307,140.119,12.9294,142.296,239.3,133.503,308.083,190.053,353.521,510.997,284.333,600.375,1026.59,291.588,1342.65,583.148,10.8135,153.392,133.483,2287.7,2974.76,373.17,6.38354,237.419,2215.64,2372.37,736.964,249.377,229.21,877.526,1015.76,224.222,116.508,239.002,289.432,574.898,12.4175,136.824,344.852,501.401,882.718,213.296,45.5131,294.924,865.135,2093.97,1053.75,39.1053,0.529527,1044.67,4159.59,1806.6,6.08372,334.915,66.097,1032.48,1338.25,269.249,1134.38,324.901,199.399,224.581,134.82,131.305,356.748,46.8337,0.517067,68.6268,44.1993,298.798,579.466,3297.98,1924.75,145.8,532.602,2028.87,38980.3,33388.4,732.84,464.834,181.791,2788.21,3877.18,825.949,200.466,29.5702,156.758,338.052,31.5333,337.127,194.97,319.007,580.35,434.729,372.296,938.018,203.798,813.487,575.267,86.1285,82.0094,83.0269
65.387392290,124.863,291.253,131.828,259.095,516.11,317.974,84.2631,716.819,703.859,446.576,1200.43,296.157,100.495,222.839,465.312,2835.1,3244.69,127.035,35.6895,350.483,2794.1,2358.15,407.572,153.615,159.875,824.46,820.057,358.104,57.5129,222.841,651.296,710.885,180.171,41.0751,366.805,759.403,822.295,188.92,91.6506,286.402,1692.37,2983.43,617.223,44.4698,19.9622,2369.67,3886.87,807.001,159.395,262.708,242.748,963.142,915.146,287.705,1020.97,81.8898,169.311,412.802,256.689,77.9294,356.225,52.0346,10.8183,47.471,121.936,514.718,1588.99,3885.39,1742.84,435.484,263.444,6905.69,55519.1,25816.7,146.041,411.426,711.599,4034.51,3199.32,853.414,200.425,34.377,51.1032,246.646,223.602,204.5,196.731,542.269,483.94,173.152,339.898,957.665,71.0343,1075.93,289.625,55.9082,215.669,236.272,1700.92,3491.53,410.262,13.4625,184.788,2238.91,2866.07,600.588,168.869,165.488,763.54,832.659,320.629,62.8892,210.184,648.029,878.426,89.6731,42.3591,357.207,640.275,690.563,204.617,40.2071,182.842,997.71,2551.07,932.441,54.4179,12.8434,1249.72,4101.8,1263.69,153.957,418.075,157.382,657.502,1102.8,45.4283,1067.99,155.872,94.0437,324.163,235.886,52.4623,331.69,51.2026,15.0516,82.685,47.4058,473.472,964.02,3023.67,2124.95,334.255,349.89,2308.28,40001.2,33326.8,837.308,312.002,432.527,3136.37,3649.2,1159.45,217.544,26.6023,71.9133,298.965,159.733,247.16,139.967,500.78,624.33,286.848,144.827,900.307,44.3015,644.431,263.035,118.34,120.139,183.574
66.873469388,233.63,319.14,95.8668,259.266,838.106,162.389,64.8214,640.339,647.54,398.431,933.397,86.9338,356.95,582.975,377.311,2424.1,3650.06,178.58,62.6799,234.54,2857.84,2684.09,178.434,158.695,125.425,547.47,774.524,300.212,60.8831,227.578,1360.04,1390.19,281.818,35.0378,305.648,780.558,535.895,198.315,87.3964,127.225,1872.11,3280.96,474.888,62.0494,53.1394,2681.13,3665.53,388.281,573.253,527.624,154.889,735.349,704.197,256.649,1014.21,8.43806,37.2761,653.621,350.486,39.164,333.008,142.97,49.2192,104.477,267.913,757.637,1535.38,3529.35,1987.1,633.905,92.7832,7199.27,56581.3,25992.1,302.311,286.908,1218.26,3793,2892.11,998.12,326.688,107.812,7.59586,349.685,328.574,155.429,134.328,853.143,378.867,138.51,190.161,927.599,108.414,807.534,63.5488,250.586,459.86,363.76,1268.73,3987.61,479.209,32.0628,109.679,2154.78,3235.33,379.898,162.315,71.361,577.937,686.909,294.803,55.3178,148.096,1296.01,1488.86,241.996,11.0484,317.067,667.435,507.727,194.547,26.2478,118.386,1005.72,3026.07,787.16,51.5328,36.6075,1490.45,4078.48,611.959,537.486,662.31,221.783,440.008,805.59,61.9229,1065.86,46.5046,16.1026,453.1,407.326,0.958474,299.979,97.2577,44.5006,161.968,173.255,676.198,1079.47,2724.96,2137.02,642.763,154.066,2670.73,40485.4,33555.5,1042.79,119.96,830.828,3053.16,3346.44,1156.47,314.797,85.6185,6.05275,357.111,318.991,183.663,58.6608,735.166,617.957,158.087,7.99022,904.575,72.6596,465.016,94.9342,204.539,260.088,359.067
68.359546485,379.127,304.987,94.4892,261.135,1284.96,145.141,130.51,830.051,794.687,371.288,755.592,1.73027,843.119,1363.95,339.496,2582.23,3918.75,254.337,74.3238,134.422,2836.72,2892.94,32.1695,193.775,163.532,283.779,701.469,189.5,102.899,300.846,2598.41,2723.78,487.481,119.699,140.985,808.422,247.488,240.416,143.093,26.7331,2032.98,3438.12,362.173,67.9873,110.557,2885.93,3801.4,54.7755,1378.21,1082.96,65.2758,690.011,468.686,447.701,1204.64,57.8391,38.5016,1051.25,446.863,69.2946,273.197,256.022,145.262,221.333,535.434,995.037,1152.48,3068.34,1994.62,733.948,93.9675,7372.8,57445.6,26674.8,267.248,314.847,1414.37,3418.39,2305.5,942.011,547.27,243.482,81.68,496.562,393.265,116.101,100.04,1206.84,391.805,181.435,323.882,1040.15,238.63,553.054,51.8616,570.273,1049.89,604.967,1385.32,4397.2,547.308,41.9863,47.7154,2025.64,3404.73,244.07,171.385,58.5219,402.155,485.128,276.226,46.7641,124.975,2257.4,2742.22,536.094,109.269,171.122,694.245,315.418,182.762,87.7552,101.104,1055.29,3359.86,687.648,43.521,74.0373,1687.45,4146.86,151.371,1144.15,1179.38,234.462,426.3,506.742,233.409,1184.6,111.526,30.7316,712.506,617.336,35.8462,236.899,157.451,104.669,288.481,420.665,917.11,919.488,2286.26,2042.75,779.323,166.732,2682.46,40792.4,34121.8,1081.65,116.036,1032.23,2764.76,2821.25,904.358,466.86,221.73,50.6621,462.797,452.755,124.717,25.1139,921.292,699.443,101.127,94.9948,1020.49,210.204,284.119,110.089,333.526,663.157,676.15
69.845623583,488.859,273.817,81.4471,318.452,1838.21,468.337,355.667,1271.38,1138.21,278.06,657.453,175.609,1472.95,2564.4,747.32,3454.28,3936.79,324.95,81.9454,96.9335,2702.13,2993.53,82.8724,293.211,277.753,91.7498,581.125,166.247,147.05,577.552,4539.2,4957.56,964.419,251.53,47.1115,754.744,70.0278,304.693,300.669,65.3178,2249.92,3381.4,331.151,67.8554,191.42,2810.96,4393.31,240.363,2498.15,1860.48,170.369,739.409,246.406,772.358,1526.27,348.883,344.216,1650.84,596.299,103.678,209.838,335.669,279.022,416.638,878.42,1164.49,610.187,2548.56,1762.39,660.546,234.07,7272.15,58354.9,27630.8,114.903,477.84,1167.26,2962.35,1660.11,675.244,850.115,460.313,267.094,627.734,405.897,76.4753,119.584,1556.71,694.073,368.692,803.612,1311.29,307.184,382.222,265.756,984.539,2044.87,1202.51,2258.56,4695.22,557.8,50.4416,12.0988,1901.41,3328.46,310.131,210.384,152.668,245.445,303.06,298.438,40.5504,221.951,3640.72,4904.1,1141.53,321.55,39.4173,669.006,211.067,174.064,249.606,167.923,1263.69,3493.06,650.21,36.2375,129.992,1692.33,4357.95,219.491,1900.67,1953.33,326.531,545.311,289.126,414.773,1386.36,463.739,244.974,1205.5,890.054,110.462,163.521,206.203,188.144,438.431,741.17,1175.78,530.198,1822.19,1832.99,652.203,327.14,2318.31,40975.6,34932.4,975.737,297.729,878.982,2372.87,2196.76,493.838,660.796,423.632,214.57,602.831,501.173,86.8866,31.8554,1034.71,953.786,220.424,479.707,1240.98,351.042,157.922,261.941,551.106,1379.56,1240.25
71.331700680,517.608,225.049,52.2081,397.03,2517.83,1327.09,854.98,1644.03,1549.95,177.276,718.146,713.59,2052.78,3757.25,2044.27,5081.54,3597.81,362.731,104.235,152.974,2362.65,3080.1,331.319,389.455,439.857,25.4926,542.182,167.936,152.955,1084.17,7390.32,8336.35,1765.03,328.013,43.2404,704.679,44.4921,414.873,478.399,254.906,2535.55,3150.94,336.756,66.8357,301.835,2339.82,5431.57,1398.71,3609.38,2531.03,667.023,950.117,48.0029,1138.4,1744.53,925.922,1082.61,2548.72,799.035,88.2782,174.381,322.574,449.671,686.355,1144.04,1223.04,149.433,2199.04,1160.84,560.933,312.986,7061.5,59513.7,28341.7,85.5709,596.292,797.196,2270.64,1210.06,421.649,1063.57,699.155,573.812,729.557,327.139,61.8363,133.236,1913.17,1496.68,791.669,1317.93,1643.04,382.149,340,738.777,1461.48,3041.84,2396.44,4044.3,4781.19,477.384,90.5303,50.836,1627.19,3177.32,539.334,237.525,309.687,173.652,235.284,280.195,50.3198,462.659,5578.01,8204.39,2168.94,518.791,1.82201,593.097,252.819,227.436,439.197,293.381,1624.5,3543.19,572.119,34.0128,232.808,1391.18,4702.31,1099.07,2710.72,2619.72,693.96,823.243,137.614,601.668,1519.79,1011.07,759.788,2115.84,1232.24,138.392,124.28,196.682,276.458,627.941,990.654,1343.43,157.122,1568.09,1266.88,508.891,403.755,1937.18,41009.5,35597.5,1002.23,447.483,666.141,1645.11,1778.51,151.994,769.737,612.168,511.784,782.341,408.671,92.2451,32.4402,1100.25,1521.43,572.247,963.734,1480.7,537.789,104.503,579.728,921.321,2076.63,2105.62
72.817777778,480.962,151.536,35.3623,455.751,3330.45,2760.96,1641.03,1702.96,1856.66,260.016,1038,1603.73,2427.33,4441.41,4275.08,7282.62,3054.47,345.417,142.725,199.317,1993.32,3047.15,663.263,462.839,577.67,140.86,601.724,154.564,125.681,1788.1,11132.1,12836.7,2894.08,300.033,54.1375,740.096,224.364,534.233,584.694,525.407,2823.89,2828.09,303.902,89.9397,408.09,1667.93,6653.39,3630.32,4433.28,2788.1,1511.03,1405.86,36.6586,1483.58,1657.13,1665.76,2370.14,3763.85,999.582,47.7478,135.295,260.204,606.101,930.336,1275.35,1126.46,30.065,1928.98,508.858,526.17,235.653,7153.26,60380.2,29102.4,216.998,488.917,497.092,1611.77,1019.23,319.407,1031.89,961.738,929.138,758.307,202.857,76.9557,117.641,2294.85,2806.4,1533.74,1581.36,1831.34,626.849,534.494,1516.58,1927.35,3470.12,4182.43,6714.42,4649.51,313.447,148.953,113.896,1333.22,2875.38,822.056,279.853,444.505,205.785,270.896,246.654,69.4317,806.734,8086.23,12613.7,3664.94,579.363,14.3386,575.945,457.368,341.202,544.499,454.887,2109.46,3440.13,483.54,53.9347,353.465,897.7,4986.28,2897.28,3506.7,2766.23,1317.39,1329.19,154.327,837.766,1408.68,1557.76,1745.94,3474.68,1593.44,111.972,99.7186,154.639,346.321,756.48,1156.93,1289.64,55.6939,1421.19,659.186,466.186,262.799,1804.24,40907.9,36100.9,1198.86,354.834,566.805,921.382,1530.99,38.5144,686.686,807.023,866.502,912.346,265.364,113.006,17.6956,1157.93,2411.93,1215.12,1305.09,1577.27,858.56,227.723,1145.11,1393.33,2302.88,3238.83
74.303854875,409.511,77.4023,43.1106,488.261,4225.41,4588.45,2557.73,1397.28,1988.78,731.116,1661.31,2609.52,2518.42,4295.65,7054.41,9685.3,2559.59,290.331,210.82,172.497,1644.8,2875.6,912.961,487.091,641.143,375.525,745.901,160.267,95.7101,2646.52,15363,17838.1,4314.35,228.577,67.9865,866.224,547.48,636.641,577.968,768.792,2966.54,2485.65,212.103,152.858,469.765,1036.06,7917.18,6537.57,4613.25,2607.43,2433.43,2095.86,429.116,1747.21,1254.32,2359.19,4161.8,5131.7,1172.81,13.9233,96.0214,180.68,685.045,1080.57,1231.23,893.913,285.216,1761.12,123.109,445.099,98.4065,7691.95,60619.9,29878.8,437.29,264.397,285.352,1248.94,1124.41,333.517,794.169,1170.2,1200.2,730.63,82.2649,114.804,91.9286,2738.58,4362.74,2516.37,1487.56,1809.44,1144.07,1060.75,2462.74,2242.47,3147.07,6223.33,9749.97,4510.85,123.417,212.282,135.061,1056.74,2497.44,973.144,325.912,492.692,302.284,396.815,241.199,72.7514,1225.83,11023.5,17451.6,5580.39,531.676,30.4816,661.331,769.73,498.388,527.356,591.423,2510.18,3257.48,380.158,91.3197,441.411,391.85,5222.66,5264.27,4026.21,2371.02,1995.8,2010.27,474.293,1107.41,1059.09,1933.89,3213.83,5046.31,1967.59,56.093,87.3394,93.7957,369.762,781.503,1189.83,1026.71,243.646,1392.65,303.716,397.112,67.1144,2024.14,40622.7,36292.1,1505.8,146.99,478.529,547.743,1477.18,111.789,458.475,952.392,1158.31,972.626,130.662,137.276,1.95047,1273.55,3430.16,2107.54,1372.91,1470.72,1319.96,651.37,1907.8,1816.39,1998.29,4359.29
75.789931973,308.446,38.3226,49.8504,490.07,5123.23,6502.57,3227.06,947.562,1820.89,1683.33,2685.82,3295.23,2287.64,3379.16,9609.62,12071.6,2184.41,212.8,328.055,84.7041,1397.51,2457.85,1024.05,433.323,628.062,625.849,920.587,235.675,91.3649,3660.83,19225.5,22156.8,5920.83,216.615,126.595,1053.76,868.51,713.962,447.089,940.494,2760.52,2231.35,83.0573,271.052,417.195,645.03,9103.47,9497.16,3960.93,2162.98,2982.63,2987.33,1337.71,1832.55,734.383,2763.89,6061.63,6518.93,1279.09,5.9936,57.568,98.7509,714.766,1031.75,1076.43,518.559,770.682,2051.86,8.19771,193.227,36.2029,7806.57,61628,29567.4,649.864,114.371,248.77,1194.63,1618.27,326.355,573.406,1116.86,1365.16,662.394,21.598,118.753,90.0242,3202.4,5971.58,3323.65,1193.27,1471.17,1950.71,2092.06,3243.58,2203.39,2314.42,7812.41,12808,4322.22,21.1817,278.521,118.357,811.951,2046.83,941.431,346.163,447.749,415.434,536.718,301.998,51.1751,1803.95,13884.4,21445.8,7737.21,508.589,58.1751,835.203,1049.22,683.079,389.749,686.682,2599.17,3046.87,285.782,155.443,427.61,95.9211,5341.91,7813.71,3930.08,1746.86,2361.3,2711.48,1201.39,1370.17,594.963,2055.05,4751.17,6644.86,2294.9,16.6638,60.4453,50.6451,333.465,710.989,1052.83,637.789,573.754,1779.48,128.26,220.132,7.24224,2229.43,40639.4,35826.9,1713.92,78.4341,339.218,436.234,1853.64,252.909,244.37,907.859,1313.18,981.897,48.8705,127.913,15.0526,1429.85,4495.23,2918.83,1210.02,1120.32,1858.61,1543.83,2667.33,1932.16,1423.31,4987.42
77.276009070,235.96,15.1566,55.8314,540.494,5690.52,8246.76,3381.41,544.818,1345.15,3025.48,4110.5,3297.2,1854.48,2060.32,11265.4,14114,2049.98,144.923,430.817,17.8044,1359.75,1718.79,1083.78,250.147,650.818,705.404,1080.76,450.807,199.727,4808.37,21359.7,24814.2,7346.86,361.038,276.012,1295.08,998.618,770.957,245.421,1046.87,2160.39,2053.52,46.9934,427.476,274.92,554.226,10125.9,11846,2726.16,1672.9,2789.4,4034.03,2705.81,1637.67,328.613,2713.7,7715.8,7485.49,1411.1,23.2113,22.2417,42.0497,697.613,814.294,820.431,234.635,1204.28,2813.86,435.898,123.396,199.65,6623.63,64894.1,28606.4,647.352,16.0016,490.27,2019.87,2358.02,189.018,450.803,833.821,1398.78,572.63,0.278506,119.154,153.45,3430.04,7517.24,3675.07,802.056,874.256,2923.79,3733.22,3517.82,1831.08,1275.44,8586.22,15319.1,4204.42,25.6704,291.8,108.188,712.358,1497.2,816.39,267.71,419.396,449.467,599.871,501.273,106.026,2697.55,15348,23917.6,9549.39,630.359,120.714,1060.32,1197.38,783.25,255.965,686.72,2393.17,2639.33,368.611,269.652,309.707,35.0417,5376.96,10137.5,3214.01,1197.93,2095.55,3381.72,2319.22,1452.54,243.304,1840.99,6051.34,7748.01,2619.24,28.0505,29.3369,29.5549,269.558,564.707,788.47,359.842,781.65,2466.9,532.373,229.334,57.3341,1753.55,41828.5,35775.9,1254.13,111.351,357.384,1105.41,2588.27,269.304,190.172,646.489,1370.11,870.873,36.1301,129.397,57.3914,1477.71,5545.83,3489.35,808.734,644.421,2309.16,3082.25,3175.93,1631,794.541,5070.21
78.762086168,184.208,5.81384,66.5572,661.994,5696.11,9408.25,3129.97,264.164,743.679,4633.19,5750.69,2534.2,1404.6,910.666,11615,15408.7,2301.65,90.736,468.286,101.081,1485.81,919.552,1073.93,55.5051,754.666,538.194,1234.89,869.643,527.576,5671.77,21049.6,25132.3,8095.17,676.789,566.75,1584.76,828.79,831.16,79.4589,1114.69,1333.94,1900.8,252.592,582.605,116.158,715.896,11063.1,12835.9,1573.11,1222.79,1943.57,5024.18,4387.72,1220.84,120.445,2326.96,8765.5,7591.2,1632.72,76.5603,1.3407,8.61668,709.54,470.914,609.33,72.9198,1528.8,3796.09,1626.26,695.781,867.588,4847.16,71306.4,29062.3,580.14,349.939,1387.83,3866.82,3116.26,74.1603,391.479,455.149,1304.63,469.099,20.1815,119.519,259.814,3338.64,8623.66,3686.55,410.872,272.663,4010.64,5874.54,3073.53,1382.43,399.724,8575.58,16500.6,4417.83,68.5517,230.487,150.354,806.344,1012.7,606.973,170.867,453.754,403.873,589.635,877.797,399.954,3701.66,14710.5,24282.5,10554.1,860.36,237.348,1309.29,1148.98,758.979,188.337,671.301,1894.01,2090.52,673.722,446.969,152.452,86.019,5663.14,11477.5,2411.15,776.055,1390.48,3810.37,3745.45,1317.39,77.7184,1410.43,6886.56,7816.49,2951.05,145.316,23.6026,30.7275,257.132,371.575,571.259,210.757,940.305,3161.32,1604.85,729.155,399.866,740.857,45147.3,37848.4,281.462,501.744,978.485,2817.45,3466.6,273.825,221.392,331.051,1285.27,701.234,70.9828,139.545,128.646,1377.55,6327.77,3918.27,326.068,249.619,2686.62,5267.42,3221.58,1144.42,294.681,4940.39
80.248163265,158.202,7.11738,87.4083,754.861,5228.94,9514.4,2837.08,96.7691,349.89,6289.34,7355.7,1382.07,1027.09,337.062,10588.3,15894.5,2781.4,45.1806,461.542,434.507,1695.31,317.045,1001.62,27.9258,905.745,273.453,1379.74,1512.66,1068.59,5772.13,18497.6,22854.6,7975.09,1026.53,1002.67,1902.05,455.101,888.707,61.8815,1143.99,582.094,1767.48,739.961,686.288,21.7792,1025.65,11882.2,12296.9,913.395,840.387,929.091,5689.07,6176.7,823.379,44.9689,2033.48,8693.76,6919.68,1802.24,163.085,21.8097,13.3224,781.555,176.027,479.883,42.9733,1603.34,5100.29,3323.9,1833.23,2278.8,4898.84,81069,32834.4,1117.21,1725.92,3205.25,6276.41,3872.42,73.4366,333.03,177.759,1104.83,369.798,51.8172,143.729,325.031,3011,8963.37,3579.41,142.823,7.23128,5145.31,8314.5,2112.53,1039.55,21.0137,7761.28,16295,4789.59,104.787,167.517,286.256,1030.96,700.914,418.535,176.551,542.53,381.364,555.176,1474.44,1001.79,4301.21,12345.7,22093.4,10780.8,1006.2,394.262,1585.17,886.253,658.798,201.125,705.613,1286.15,1510.68,1110.3,648.037,89.6623,176.775,6228.95,11611.2,1850.3,498.386,678.363,3792.06,5369.41,1097.09,38.5555,1158.87,6838.99,6931.45,3092.38,381.41,94.8474,72.8658,366.735,239.117,488.552,196.601,978.495,3978.07,2887.37,1602.84,1404.03,526.914,51071.1,42875.6,172.952,1828.79,2350.31,5047.98,4579.13,363.421,256.863,120.607,1069.61,533.656,106.465,190.713,195.754,1162.13,6721.22,4215.02,49.7952,158.587,3152.22,7946.91,2869.95,752.311,126.776,4696.82
81.734240363,185.67,15.7545,138.577,700.414,4497.4,8442.87,2735.8,63.8441,386.906,7989.72,8433.02,513.314,726.679,319.295,8775.25,15289.7,3430.13,7.98674,460.525,878.851,2010.77,80.4448,960.531,186.731,1008.21,147.813,1636.2,2291.64,1600.28,5066.26,14329.5,18602.3,7057.93,1209.26,1508.73,2280.7,97.9289,919.532,193.869,1160.85,157.848,1758.28,1329.1,733.322,31.6806,1485.53,12238.3,10675.4,772.03,560.919,239.4,5817.15,7915.06,742.785,58.6504,2094.73,7379,5771.84,1726.1,309.026,100.16,83.9589,829.452,124.407,446.664,93.2237,1433.9,6399.32,5551.18,3101.83,3985.17,8754.59,93824,41163.1,2855.59,3833.26,5500.47,9177.12,4435.65,194.264,275.632,38.0681,894.104,298.334,63.2366,194.571,300.254,2581.86,8452.07,3481.19,114.457,223.994,6523.95,10409,1313.24,798.763,180.487,6496.27,14692.2,5216.18,103.613,159.772,439.911,1370.69,629.161,376.829,262.906,626.393,530.577,695.472,2242.77,1714.79,4264.25,8833.56,18063.1,10202.7,972.552,549.258,1904.52,505.18,569.272,241.901,773.885,833.185,1057.36,1538.42,789.639,182.48,324.849,6922.59,10616.1,1670.64,377.11,216.047,3416.52,6916.98,1122.54,70.3874,1335.15,5792.13,5474.86,2850.21,721.71,268.612,173.226,561.451,313.194,558.354,280.038,926.392,4551.96,4512.23,2409.85,2685.67,2289.82,59908.8,51157.6,2093.36,3696.69,4013.91,7874.02,5637.95,533.209,261.931,10.1404,897.666,380.943,107.659,268.038,261,908.607,6739.22,4319.38,166.46,447.079,4066.23,10525.3,2583.46,568.13,376.068,4386.31
83.220317460,248.164,36.0124,236.818,470.214,3713.65,6522.84,2762.98,224.186,945.503,9504.71,8913.4,201.017,492.04,653.844,6738.83,13484.8,4207.98,42.4435,452.683,1187.55,2418.15,383.39,996.589,357.013,1039.78,383.783,2208.59,2985.47,1787.86,3936.88,9503.25,13550.5,5594.49,1085.67,1925.25,2844.75,28.1048,898.568,335.266,1226.91,253.989,1937.24,1732.46,726.667,172.535,2128.16,11826.3,8430.71,1023.82,372.712,5.1546,5586.46,9306.65,1181.31,195.228,2379.82,5314.22,4428.37,1345.46,500.952,241.003,235.703,818.873,271.953,503.535,213.625,1156.02,7287.7,7904.78,4279.9,5203.7,16465.1,108230,53605.4,5674.08,5547.05,7858.65,12198.6,4664.88,322.705,253.571,81.7218,686.11,247.379,37.7236,287.787,201.001,2239.26,7179.04,3381.48,386.364,909.003,8067.38,11752.5,1066.81,642.36,669.486,5148.93,11882.3,5660.44,95.1214,172.363,509.09,1791.84,896.752,463.725,311.925,729.909,947.306,1232.29,3013.5,2168.26,3746.69,4976.6,13539.4,8690.67,855.329,645.838,2315.74,220.907,515.103,246.465,905.074,673.802,904.193,1779.41,821.999,399.925,633.674,7455.91,8705.13,1839.52,355.848,50.2541,2942.95,8089.74,1627.64,203.613,1829.07,4174.41,3813.47,2234.16,1051.76,558.969,376.074,749.762,526.208,764.982,491.008,808.578,4598.74,6272.06,3088.53,3444.5,6176.93,71005.7,62199.6,5891.31,4957.26,5807.61,10995.1,6251.58,703.154,270.872,56.9104,758.628,259.863,61.5961,381.651,332.5,800.853,6314.08,4204.45,669.142,1074.2,5503.08,12389.2,2708.12,611.114,901.378,4015.48
84.706394558,325.363,84.8225,350.659,206.08,2925.08,4411.92,2672.54,658.171,1895.72,10185.2,9219.61,374.826,273.265,1083.05,4602.78,11183.1,4712.36,169.067,468.081,1173.01,2864.42,1249.02,1070.29,386.755,1111.43,946.22,3008.17,3673.84,1382.92,2810.61,5175.78,8874.83,3899.04,666.501,2371.18,3493.77,377.921,857.987,373,1263.95,942.55,2396.88,1657.31,748.308,354.873,2741.04,10867.4,5804.09,1475.41,217.054,58.4886,5495.58,9928.6,2005.05,518.72,2681.98,3107.64,3180.64,777.282,700.437,398.36,440.444,763.984,443.408,658.133,412,795.196,8011.81,9206.17,5216.06,5467.08,25636.9,122623,67162.6,8489.25,6181.12,9958.8,14066.2,4947.89,285.007,303.51,297.811,456.863,218.172,19.7129,406.167,111.041,1947.57,5685.37,2962.43,986.51,1955.8,9114.39,12338.9,1507.26,497.225,1092.47,3873.92,8647.01,5842.26,154.196,167.256,487.24,2099.35,1558.18,640.423,242.589,946.118,1518.19,2120.07,3745.97,2069.64,2977.06,1840.86,9606.32,6342.64,844.44,761.461,2815.38,233.235,449.02,214.675,995.803,939.502,1186.4,1631.48,800.818,618.038,1113.28,7584.14,6280.86,2131.28,360.309,36.3509,2698.59,8722.66,2456.17,485.572,2420.16,2456.11,2416.14,1349.23,1311.6,873.081,654.93,893.682,714.079,1032.27,869.369,488.054,4604.59,7201.1,3644.08,3397.31,11040.8,82476.3,74157.8,10114.4,5017.57,7726.08,12925.6,6738.27,682.493,297.956,289.325,631.686,164.621,15.0671,528.327,390.435,887.521,5655.65,3645.88,1401.33,2003.13,6987.69,13028.2,3504.1,747.824,1302,3660.8
86.192471655,372.062,179.327,450.4,32.1074,2174.67,2718.18,2187.1,1432.25,2890.88,9625.65,9538.52,884.969,99.8782,1461.18,2532.19,8974.77,4835.86,292.693,518.69,834.536,3265.65,2621.18,1172.34,264.84,1184.73,1512.45,4022.84,4316.94,635.441,1768.76,2354.92,5350.5,2155.62,332.496,2860.33,4288.97,935.469,763.074,309.09,1224.17,2152.29,3132.29,1114.74,828.992,450.63,3163.14,9593.8,3264.83,1876.76,85.6319,188.055,5897.6,9517.87,2815.23,1094.98,2710.02,1391.75,2126.28,278.797,833.411,559.351,611.421,671.893,520.111,849.286,681.857,538.307,8658.64,8979.61,5401.4,4916.64,32609.2,134849,78077.9,9821.75,5915.28,10751,14311.7,5383.46,107.707,447.237,542.961,287.432,169.804,59.4234,545.251,75.9334,1682.56,4388.13,2048.12,1851.74,3162.93,9013.63,12117.4,2622.22,370.977,1253.11,2623.53,5838.27,5721.04,247.998,142.018,389.103,2156.74,2624.15,893.568,97.7229,1235.4,1955.04,3217.93,4377.57,1406.47,2166.72,279.989,6592.71,3734.42,1072.26,978.403,3497.22,552.234,333.076,181.377,908.639,1627.88,1976.36,1135.99,790.062,709.763,1605.97,7274.29,3902.74,2233.08,368.354,32.3809,2996.47,8618.18,3229.48,945.438,2833,1119.45,1411.27,556.753,1395.31,1160.13,885.743,937.73,821.821,1191.66,1349.18,130.84,4815.99,7104.17,3591.63,2847.12,14724.1,92248.3,84418.7,12725.8,4335.82,8775.8,13078,7178.75,446.776,384.957,586.295,556.703,66.1934,30.67,707.813,437.79,1079.84,4906.07,2675.77,2056.22,3199.2,7763.43,12183.5,5017.91,845.695,1299.48,3251.31
87.678548753,369.547,339.832,453.863,8.92633,1588.68,1590.62,1462.45,2401.7,3515.93,7943.49,9669.44,1646.99,21.1788,1785.12,868.555,7248.18,4685.44,344.567,536.995,397.139,3510.66,4324.11,1379.56,153.757,1106.21,1827.72,5227.54,4606.55,88.012,1014.53,1053.35,3116.59,869.924,337.316,3164.09,5400.32,1430.03,548.819,240.922,1196.14,3761.61,3867.34,518.698,842.566,483.503,3281.87,8284.51,1271.66,2122.15,72.6354,435.567,6421.2,8369.09,3100.6,1826.11,2452.62,388.298,1368.01,32.7843,795.623,731.552,660.113,555.877,457.284,984.802,1076.09,728.371,8825.12,7671.45,4474.05,4052.24,34818.6,142155,83612.8,8854.54,5238.19,9440.42,13284.6,5735.24,2.7823,655.743,694.144,192.704,124.176,197.291,627.288,143.316,1436.78,3372.21,949.381,2752.55,4288.71,7426.58,11311.1,3980.06,313.046,1276.09,1560.71,3959.98,5435.5,298.486,115.901,230.761,2058.5,3861.74,1322.23,42.3748,1458.01,2066.07,4243.31,4768.35,588.798,1444.09,173.23,4604.95,1618.36,1352.15,1367.21,4465.46,1081.02,175.164,162.086,724.129,2657.53,3044.21,682.127,738.577,706.835,1864.58,6658.26,2034.37,2080.25,476.849,60.349,3525.1,8053.93,3414.28,1496.98,2949.02,386.848,798.253,115.023,1247.22,1378.11,945.75,879.48,805.721,1140.1,1896.43,28.0571,5107.96,6393.68,2659.31,2303.88,15627,98054.3,90710.4,12514.5,3609.6,7974.72,11991.9,7155.38,249.186,510.298,835.767,513.479,8.29414,128.777,865.081,534.551,1169.48,4157.24,1602.31,2410.86,4558.31,7069.27,10439.3,6532.83,978.796,993.829,2839.17
89.164625850,322.225,536.973,365.318,95.293,1171.72,959.725,798.627,3435.97,3445.69,5760.05,9105.98,2588.58,141.44,2201.14,61.8961,6062.08,4311.55,257.861,586.542,45.6808,3796.51,5684.13,1847.39,252.429,969.724,1748.05,6518.49,4309.06,49.9975,634.687,837.067,1979.19,238.888,649.954,3202.85,6702.85,1798.6,313.727,284.668,1384.91,5233.1,4578.03,138.082,842.103,392.09,3142.57,6942.11,302.963,2300.76,326.131,938.458,6333.22,7002.33,2559,2692.43,1938.7,41.3032,906.095,51.476,615.373,848.474,587.163,405.842,329.164,966.477,1565.79,1642.42,8505.67,5505.62,2837.38,3262.43,31294.8,143878,81976.3,6290.59,4101.01,6964.94,10800.9,6077.72,166.152,873.062,677.306,174.937,105.607,431.608,632.548,251.514,1190.66,2565.28,165.042,3495.95,5018.09,4864.97,9951.35,5044.05,427.224,1496.22,980.747,3139.72,4921.22,324.895,157.224,63.5004,2053.02,4685.71,2049.68,303.318,1643.3,1664.55,5130.1,4592.56,134.531,940.859,875.126,3441.24,360.787,1521.06,1995.94,5510.76,1818.08,36.6672,192.11,681.661,3770.78,4100.43,522.643,720.494,596.431,1862.24,5692.24,1075.25,1830.3,822.691,214.899,3739.95,7313.9,2798.02,2069.23,2686.28,233.76,504.665,33.3792,975.31,1418.52,842.34,707.735,699.537,858.421,2391.66,602.09,5583.47,4832.73,1465.57,1933.41,13326.6,99021.2,91486.6,9899.58,2851.65,6048.64,9481.5,6863.15,289.562,660.63,892.71,521.885,14.3159,288.622,977.037,642.42,1069.64,3377.17,860.586,2409.43,5864.1,4995.58,8366.92,7204.44,1286.4,780.54,2595.84
90.650702948,268.807,667.151,285.037,178.945,873.224,618.123,525.96,4185.96,2905.96,3742.54,7753.86,3292.4,639.165,2920.8,447.781,4975.28,3840.76,91.2115,740.775,64.7696,3942.58,6365.85,2466.68,718.264,924.381,1475.08,7659.77,3564.09,395.1,635.941,1046.79,1449.56,249.448,1149.8,3077.34,7633.36,2367.93,243.676,628.147,1877.82,5937.16,5145.87,273.646,913.033,172.756,2821.92,5477.34,537.686,2578.59,961.741,1559.4,5410.67,5743.83,1497.23,3483.58,1405.86,38.6351,675.388,211.963,424.433,809.556,464.59,227.161,210.331,804.805,2111.85,3191.48,7630.55,3090.42,1412.66,2382.98,24329.8,139175,75049.4,3281.47,2413.2,4701.86,7182.78,6526.11,604.921,911.078,616.797,161.405,118.212,732.428,623.987,270.402,932.446,1888.86,31.4233,3972.63,5168.43,2345.71,8140.23,5319.03,844.114,2205.93,1247.78,2904.64,4123.59,470.06,325.058,50.477,2101.48,4869.33,2886.76,1019.53,1855.89,915.752,5862.18,3819.04,162.26,731.219,1653.67,2639.61,52.0407,1690.93,2700.82,5960.77,3038,101.275,385.294,1026.34,4315.26,4996.85,862.568,803.222,365.037,1608.72,4539.56,1016.14,1723.86,1386.86,513.702,3500.99,6329.8,1799.53,2452.87,2244.09,336.824,438.659,193.225,684.513,1270.62,615.481,489.278,524.068,490.111,2707.54,2014.78,5977.24,2882.55,667.732,1519.92,9252.72,94851.4,87492.1,6205.57,1795.46,4305.9,5826.87,6605.88,628.093,650.85,888.236,470.769,71.9254,494.853,1104.37,593.486,866.237,2522.96,678.949,2414.23,6489.77,2659.79,6123.55,6864.81,1687.33,1006.18,2806.99
92.136780045,255.056,668.496,233.926,192.281,619.459,490.438,610.854,4369.36,2264.53,2474.65,6022.56,3264.94,1698.12,3845.94,1710.99,3941.47,3170.58,92.9616,939.543,460.094,3923.09,6165.05,3016.52,1476.19,1126.3,1515.09,8275.91,2745.33,790.031,883.95,1127.3,1181.46,731.142,1677.36,2638.42,7900.04,3514.25,659.35,1324.6,2409.82,5690.64,5430.52,927.299,1041.31,9.09841,2280.41,4103.12,1464.51,3001.51,2021.02,2030.54,3907.79,4857.53,470.91,3917.58,1050.49,140.512,596.129,338.821,292.801,624.03,329.216,97.3446,107.926,591.989,2582.48,5028.9,6134.17,1350.72,508.673,1425.28,17304.4,128677,66063.6,987.208,786.319,2969.09,3845.31,6794.94,1161.78,749.58,546.505,124.457,202.98,1040.99,615.781,196.207,606.88,1398.22,455.688,4130.76,4764.95,708.249,6330.44,4469.6,1694.9,3300.82,2352.64,2827.69,3038.81,874.847,612.045,298.611,2179.65,4281.69,3654.92,2080.24,2056.71,344.533,6177.49,2973.54,333.424,743.005,1976.82,2051.36,411.763,1909.61,2953.19,5706.7,4748.85,686.805,841.104,1579.34,4127.25,5460.19,1736.91,985.122,111.153,1130.42,3435.53,1529.25,1848.1,2003.7,924.342,2745.28,5292.53,886.547,2531.25,1857.44,378.542,547.647,427.742,430.193,1015.08,334.959,308.73,313.286,174.053,2853.94,4104.05,5830.83,1394.82,270.792,1036,5530.86,86416.8,80276.3,3233.77,701.071,2976.18,2617.5,6083.92,1265.2,486.719,834.482,382.464,137.323,745.6,1238.64,378.655,586.634,1730.67,1022.78,2672.71,6104.2,926.508,4224.16,5527.05,2123.94,1696.41,3471.25
93.622857143,291.287,576.401,185.033,142.251,399.943,449.87,765.975,4133.92,1863.45,2016.38,4446.8,2408.97,3367.79,4749.91,3022.15,3020.89,2299.56,449.46,1110.52,1025.2,3739.12,5088.25,3355.9,2243.33,1527.58,2182.8,8587.27,1805.92,1115.38,1198.12,930.116,998.636,1259.21,2244.47,1625.23,7970.79,5246.43,1553.68,2230.12,2815.96,4518.47,5445.17,1792.52,1148.7,78.126,1616.29,2952.3,2293.41,3524.55,3397.13,2151.65,2369.2,4262.61,109.844,3963.44,860.377,204.981,613.134,350.41,199.231,418.481,192.174,22.5463,59.044,459.53,2793.75,6392.69,4701.11,423.601,68.0604,597.504,12546.5,114814,57393.6,103.182,31.3752,1687.09,1617.28,6797.16,1673.24,452.108,518.501,62.3254,385.883,1270.93,614.166,98.1064,286.563,1061.88,1057.31,4109.4,3916.84,257.663,4950.58,2678.5,3039.79,4421.17,3709.28,2711.19,1830.29,1542.98,1023.48,812.053,2103.62,3203.04,4071.71,3164.48,2215.95,309.949,6095.38,2333.05,413.569,921.457,1681.26,1632.95,863.591,2314.4,2464.19,5123.52,6576.47,1855.13,1615.56,2126.73,3247.11,5427.54,2819.64,1221.8,0.416392,611.023,2506.67,2097.45,2093.53,2510.62,1357.19,1677.2,4300.79,460.356,2358.85,1659.36,288.892,771.466,578.417,230.064,769.719,108.272,181.43,160.889,31.6343,2802.84,6143.31,5502.4,443.073,143.469,609.438,3622.74,75347.7,71597.6,2139.38,107.657,1842.87,691.891,5409.96,2131.72,216.262,800.4,264.274,199.783,1010.07,1349.91,127.881,313.355,1117.65,1593.8,3229.57,4792.03,239.669,3012.37,3458.85,2638.6,2640.47,4186.46
95.108934240,358.101,422.833,130.892,105.44,191.4,471.29,693.855,3871.75,1761.69,2025.08,3414.65,1339.26,5305.05,5225.27,3845.46,2098.48,1519.73,1032.06,1195.9,1589.64,3145.84,3749.31,3089.42,2892.16,1978.87,3283.89,8737.74,1019.72,1477.2,1415.86,587.079,775.264,1537.3,2984.42,452.266,8078.65,7056.29,2817.9,3206.57,2675.22,3127.06,4852.25,2689.35,1143.23,323.535,1103.61,1854.53,2756.21,3713.82,4843.22,2108.51,1429.22,3578.67,533.708,3976.8,755.421,302.568,553.624,332.005,76.7221,297.32,98.3836,12.6998,45.5363,359.718,2861.99,6623.01,3767.85,32.5422,90.6988,116.647,10308.6,100414,50468.4,302.657,130.282,1011.56,748.878,6395.75,1990.65,193.408,557.201,20.5393,663.519,1341.14,618.19,61.4159,61.8681,879.723,1413.6,3935.98,2994,687.366,4021.65,906.861,4586.77,5222.19,4570.63,2525.46,838.61,2295.94,1539.09,1435.07,1770.91,2045.96,3891.31,4000.96,2234.22,790.807,5780.47,2031.26,424.747,1144.45,1055.53,1308.26,1024.23,3002.12,1552.18,4500.08,8020.37,3448.71,2595.36,2352.14,2128.46,4777.64,3828.13,1411.81,88.6879,260.154,1681.44,2504.36,2091.53,2866.87,1722.86,789.762,3214.06,602.846,2299.79,1669.79,256.642,909.475,627.8,51.0362,681.618,26.4127,68.9414,56.4608,62.4388,2845.81,7214.52,5078.45,37.4414,386.739,299.706,3254.91,64000.4,62842.3,2580.13,92.2294,1176.33,2.59858,4759.64,2913.7,61.7586,831.378,178.14,306.329,1194.22,1359.78,6.92952,159.543,803.267,1995.14,3668.55,3346.48,324.407,2358.67,1511.3,3131.18,3566.91,4330.29
96.595011338,448.922,223.478,128.089,106.458,57.67,571.76,407.328,3696.12,1786.07,2216.87,3043.22,805.93,6822.65,5130.06,3855.35,1365.52,953.407,1537.43,1206.33,1898.05,2276.15,2460.18,2300.12,3174.45,2379.62,4347.9,8489.1,969.903,1878.84,1605.83,278.888,520.51,1625.35,3765.59,2.66748,7952.15,8447.94,4066.65,3920.72,2080.99,1876.55,3764.56,3276.2,1106.66,497.82,752.647,973.326,2721.26,3376.01,5863.77,2225.18,1333.27,2892.67,1230.21,4100.63,915.323,472.122,389.484,317.264,27.944,251.624,59.5847,91.6719,78.6741,274.375,2723.78,5757.83,3179.58,100.884,473.788,6.23039,8951.52,88195,45407.7,694.979,369.452,897.447,1183.56,5436.93,2125.23,49.2935,687.777,113.028,985.835,1174.31,647.245,149.281,16.4219,834.791,1287.18,3630.16,2229.75,1349.76,3551.39,56.9343,5798.75,5534.31,4450.62,2404.1,336.458,2938.44,2008.7,1867.6,1329.58,1098.96,3131.98,4300,2172.71,1386.16,5313.12,2164.95,498.841,1352.8,481.463,1098.01,886.086,3823.97,875.441,3965.26,8771.44,4871.16,3541.24,2222.59,1121.24,3669.77,4381.38,1624.76,225.414,88.3968,1042.64,2596.48,1698.47,2978.66,1992.37,437.722,2233.16,887.277,2601.9,2012.69,398.498,896.014,574.118,15.3232,718.881,93.6797,14.9242,10.6567,156.368,2967.67,7080.65,4401.8,280.53,931.834,184.578,2877.12,54642.2,55161,3050.65,139.578,1138.4,392.117,4004.74,3405.77,116.604,992.148,236.855,451.263,1205.8,1250.39,139.655,148.524,765.213,2026.17,3696.01,2237.38,584.102,2213.16,391.258,3392.36,4156.49,3695.67
98.081088435,516.964,84.7678,182.212,138.403,66.7562,748.349,212.131,3538.8,1721.11,2250.06,3226.15,1342.38,7388.82,4479.29,3078.48,1034.51,706.242,1688.5,1160.45,1773.38,1391.06,1445.64,1262.28,3069.97,2531.27,4753.73,8063.92,1523.66,2187.57,2057.61,242.541,410.662,1867.73,4261.04,514.152,7653.56,8922.11,4649.85,4335.56,1199.48,1002.35,2580.33,3196.83,1140.02,433.858,562.999,449.458,2231.76,2583.41,6147.33,2789.91,1870.01,2343.11,1584.74,4377.16,1497.16,692.901,203.734,303.38,130.832,319.087,93.3846,247.264,139.442,179.038,2502.02,4039.62,2978.29,365.239,803.377,272.012,7128.14,80152.3,40568.2,829.895,446.009,1136.75,2006.72,4424.47,1916.45,58.1166,953.567,463.644,1204.52,860.389,659.27,329.714,188.212,937.166,754.679,3188.63,1709.92,1626.5,3537.5,455.61,6313.7,5258.63,3448.34,2453.13,435.991,3260.55,2286.1,1901.11,921.513,522.613,2082.46,3963.33,2106.55,1589.73,4947.73,2381.77,732.933,1685.07,263.529,1135.43,774.988,4429.71,799.879,3676.67,8684.47,5385.52,4360.32,1732.87,492.205,2498.5,4125.22,1955.44,282.87,36.3753,625.11,2357.1,1051.89,2851.63,2222.12,640.411,1562.96,916.52,3290.77,2690.01,761.896,740.593,462.323,192.254,854.746,272.808,28.1576,5.92642,221.669,3324.23,5530.55,3913.8,726.678,1403.14,630.771,1699.11,48376,48514.3,2685.09,154.177,1357.11,1071.57,3584.99,3178.19,468.846,1351.91,469.25,586.329,1040.94,1034.58,467.756,312.959,943.941,1621.44,3237.9,1650.78,588.464,2434.99,231.393,3435.84,4177.08,2573.3
99.567165533,564.871,50.7241,232.8,212.795,264.048,999.051,439.591,3257.04,1480.68,1897.39,3815.83,2858.62,6924.39,3374.17,2014.63,1084.97,751.071,1522.02,975.1,1364.4,686.279,715.644,445.012,2649.67,2360.31,4307.99,7552.15,2128.43,2512.2,2810.28,710.914,713.917,2518.56,4452.85,1400.06,7351.47,8273.8,4287.27,4396.1,501.385,449.786,1573.23,2564,1168.35,228.249,474.172,297.608,1627.23,1595.12,5583.5,3764.68,2825.33,1830.94,1507.42,4562.98,2389.66,1061.97,73.7933,344.235,293.766,461.144,276.228,549.976,199.381,164.725,1966.52,2446.45,2686.27,812.506,776.253,818.021,5445.15,76082.9,35397.1,747.448,574.616,1369.43,2656.2,3363.83,1578.4,275.8,1215.25,1044.02,1335.24,466.861,660.815,490.74,521.419,1201.95,193.881,2675.08,1308.64,1357.25,3833.98,1835.02,6191.49,4346.34,2128.15,2612.93,1051.15,3189.19,2214.47,1603.37,633.094,286.144,1121.09,3162.52,2088.99,1302.96,4651.74,2355.12,1233.43,2140.19,636.243,1564.27,1115.54,4568.81,1123.84,3785.32,7767.36,4740.7,4874.78,1188.79,195.104,1530.87,3201.76,2283.47,296.962,35.0902,387.982,1997.05,418.978,2459.75,2507.35,1315.1,1182.21,780.542,3900.08,3512.87,1464.91,457.229,412.081,435.013,1035.56,614.097,124.258,42.1582,374.053,3320.44,3803.79,3154,1334.82,1453.91,1626.77,448.427,45433.2,42519.7,1775.38,463.384,1258.43,1739.61,3140.34,2577.48,1077.52,1610.3,903.526,782.802,648.333,857.81,712.876,666.798,1349.48,851.457,2589.07,1353.65,353.791,2791.74,850.017,3466.2,3532.61,1383.49
101.053242630,744.418,115.603,202.06,313.168,695.973,1412.22,1071.97,2723.53,1181.61,1343.63,4672.4,4479.12,5777.65,2124.08,1101.97,1322.83,1027.73,1194.73,654.777,894.397,253.16,262.185,61.8631,2184.05,1852.42,3473.96,6801.14,2344.63,2873.96,3712.8,1737.51,1519.06,3605.26,4482.95,1958.41,6903.72,7010.93,3026.88,4236.56,236.865,136.744,854.565,1748.03,1080.33,55.9409,450.885,447.27,1140.42,766.888,4419.31,4592.47,3982.58,1410.9,1262.2,4343.96,3230.94,1639.34,175.04,417.075,369.555,649.874,720.07,1001.23,274.079,215.836,1359.39,1245.54,2096.71,1421.31,600.153,1326.92,5168.12,74611.2,31595.9,502.123,758.032,1285.19,3268.06,2069.55,1333.19,541.467,1317.13,1866.92,1370.71,176.547,579.515,562.304,1008.42,1536.75,58.9102,2098.28,954.439,862.017,4256.5,3421.13,5612.2,3083.2,989.804,2722.96,1933.35,2786.21,1771.76,1130.42,478.372,314.175,448.545,2315.84,2067.91,882.872,4262.06,1998.07,1853.95,2679,1610.77,2337.32,2113.94,4300.01,1402.91,4061.06,6476.68,3156.26,5019.1,853.219,86.7527,848.793,2102.94,2357.55,361.604,48.7596,310.8,1658.02,54.1725,1881.04,2748.1,2232.61,1118.39,710.85,4022.75,4117.66,2405.67,321.241,424.67,575.647,1189.95,1143.51,369.033,174.044,658.67,2856.26,2366.85,2026.42,2143.16,1251.19,2443.88,240.26,45592.4,38218.1,710.528,940.631,840.954,2505.06,2231.34,2009.49,1532.38,1763.38,1479.61,905.219,290.041,659.442,778.521,1166.97,1824.61,196.797,1980.25,1065.24,181.39,3130.64,1921.27,3399.49,2544.38,452.016
102.539319728,1102.5,247.959,126.855,405.758,1299.69,2087.91,1786.85,1995.67,921.654,984.357,5510.8,5372.43,4303.25,1183.78,486.498,1556.82,1407.35,824.785,323.467,495.197,74.8173,80.0935,24.1843,1803.61,1328.23,2712.47,5887.89,1972.15,3109.27,4376.9,3227.27,2798.51,4725.56,4384.15,1847.14,6206.45,5702.83,1548.69,3879.44,339.346,21.3452,466.476,976.329,873.382,10.6673,509.68,760.037,754.477,374.008,3148.29,4652.74,5047.23,1240.35,1130.61,3617.19,3693.57,2362.37,532.653,500.589,329.657,820.201,1409.89,1617.41,402.542,298.879,794.262,499.55,1616.38,1763.94,475.202,1490.69,6901.28,74983.4,30166.4,295.742,782.316,1097.1,3520.02,1018.18,1069.55,680.372,1293.9,2697.88,1413.08,65.3614,467.714,495.214,1614.44,1936.92,400.725,1513.54,638.643,557.484,4606.11,4525.64,4546.98,2016.33,329.858,2624.8,2683.21,2186.44,1126.03,645.386,413.577,463.275,125.029,1667.4,2077.8,716.577,3812.9,1357.64,2309.91,3108.69,2960.83,3347.74,3478.02,3784.21,1359.21,4126.85,5298.89,1419.58,4716.3,800.393,65.5116,459.721,1139.92,2101.86,517.43,74.3155,375.412,1295.34,83.5322,1371.28,2628.87,3131.81,1336.92,917.456,3500.39,4305.75,3276.73,489.36,507.273,544.249,1253.24,1826.46,827.448,443.46,975.38,2056.02,1335.3,1163.68,2534.29,1100.96,2520.2,1817.68,48115.6,36441.9,30.9421,1214.89,534.723,2871.28,1377.24,1421.51,1670.73,1729.13,2042.47,958.716,75.9913,468.574,654.52,1768.24,2216.05,4.96444,1477.21,721.815,284.545,3392.47,3037.62,2967.38,1671.08,48.9622
104.025396825,1739.46,393.132,51.8759,424.803,1922.04,3089.68,2177.02,1279.25,731.871,979.402,6093.4,5181.93,2802.5,765.197,216.795,1564.35,1799.33,456.815,89.7843,297.511,30.3673,71.152,121.903,1498.13,1168.81,2483.16,4814.65,1257.48,2861.67,4741.42,4598.6,4226.05,5592.49,3915.27,1248.52,5196.88,4817.96,717.167,3331.12,547.172,6.51262,346.568,417.808,612.383,84.9698,638.47,1040.94,490.034,397.214,2098.15,3777.93,5833.96,1345.46,1125.72,2716.11,3402.78,3213.69,1075.79,506.937,248.909,850.882,2264.19,2466.19,524.551,296.353,335.909,327.152,1415.04,1802.38,372.388,1156.43,9819.76,77732.3,30408.3,359.856,697.375,821.995,3617.18,295.908,889.38,582.029,1207.26,3125.73,1735.23,182.954,277.874,348.575,2120.12,2585.19,978.703,929.383,429.166,581.652,4693.63,4843.98,3079.8,1476.89,183.36,2176.87,3157.31,1403.33,554.31,332.908,309.089,634.587,66.142,1239.05,2151.57,1170.47,3301.22,687.788,2281.48,3390.01,4082.8,4393.99,4721.96,3095.14,1003.27,3721.63,4520.24,438.426,4054,858.233,36.6752,309.626,466.502,1674.72,652.573,131.674,531.664,923.554,352.914,1069.05,2000.8,3865.01,1735.21,1262.28,2684.45,3763.36,3981.61,961.43,583.971,414.406,1105.84,2560.82,1664.64,749.215,1042.54,1277.6,854.502,609.735,2611.76,819.549,1985.47,4632.83,52372.3,36981.1,270.578,1113.67,313.684,3007.78,668.739,1151.91,1285.19,1607.43,2224.45,1146.77,77.1277,235.65,460.893,2197.98,2683.53,310.395,978.335,459.322,580.71,3497.14,3910.73,2071.49,1169.86,88.27
105.511473923,2718.86,478.856,20.1962,305.665,2599.99,4252.28,2018.34,727.168,607.109,1294.22,6149.74,4161.14,1542.68,774.61,138.816,1368.76,2061.03,207.426,26.9354,266.769,15.734,162.064,238.725,1182,1534.48,3013.32,3609.25,563.009,2183.31,4680.38,5266.5,5363.78,5825.62,3127.69,543.838,3962.92,4541.82,975.03,2692.54,632.351,71.3124,328.544,160.825,427.613,175.347,839.221,1165.75,319.557,646.912,1282.98,2565.23,5906.22,1796.18,1157.05,1830.21,2425.93,4026.69,1840.6,375.004,211.813,645.731,3270.1,3506.21,613.449,248.415,53.9375,448.804,1743.16,1980.43,272.891,635.351,12633.6,82061.3,32723.6,554.049,526.983,397.822,4137.94,159.997,729.399,426.697,886.928,3233.46,2440.22,433.137,97.6286,156.113,2515.31,3478.24,1416.2,492.456,298.444,773.174,4522.07,4283.62,1656.16,1403.41,268.325,1551.21,3277.4,647.822,242.933,181.391,138.76,809.886,196.691,874.054,2309.57,2321.87,2751.81,212.387,1810.3,3418.44,4435.2,5228.59,5293.89,2382.71,505.516,2889.02,4126.58,695.672,3319.68,766.264,11.848,276.482,168.065,1279.92,611.321,265.002,716.38,579.862,632.636,852.503,1252.3,4050.55,2311.19,1514.62,1797.91,2650.63,4352.86,1749.01,589.666,271.244,733.024,3235.66,2909.12,1082.01,802.321,759.542,557.72,679.479,2936.81,308.312,1326.59,6919.53,57876.3,39883.9,1100.84,685.211,49.6012,3533.1,475.816,994.138,745.078,1274.27,2066.28,1543.47,270.189,61.2616,278.516,2299.99,3341.76,914.404,537.438,280.995,793.695,3571.74,4098.89,1124.53,951.015,255.825
106.997551020,3940.95,578.291,31.6452,152.202,3240.45,5380.97,1445.73,400.571,450.426,1700.5,5583.32,2921.71,680.22,965.516,96.7972,1210.49,2107.17,103.8,70.8264,326.901,67.0639,316.628,309.465,846.166,2268.32,4065.81,2458.14,137.35,1408.73,4051.06,5092.34,5810.15,5227.38,2260.08,100.828,2664.79,4833.95,2054.9,2060.99,510.608,255.954,375.724,164.162,338.167,182.833,1129.58,1152.38,187.222,903.436,732.912,1589.22,5184.9,2404.36,1021.86,1147.62,1229.28,4577.94,2737.72,235.766,229.305,339.855,4388.7,4626.89,654.014,219.206,22.2337,792.98,2808,2394.28,370.524,265.5,14817.7,86381.4,36970.1,695.026,375.24,374.202,5163.57,848.549,648.866,328.787,467.485,3136.79,3511.74,765.421,3.54574,23.3423,2784.77,4589.8,1477.99,246.069,182.975,939.12,4081.57,3213.54,611.273,1548.76,346.496,1122.11,3006.73,170.241,171.195,136.469,40.6504,928.959,424.55,526.963,2458.34,3801.87,2271.59,31.7873,1182.23,3045.96,4008.18,5464.58,5030.02,1729.12,142.347,1850.6,4084.11,1852.25,2699.21,463.307,73.1597,313.008,207.589,975.811,385.269,502.152,832.833,308.99,769.515,680.644,690.88,3641.12,2849.73,1479.95,1043,1437.73,4235.97,2735.79,565.463,187.126,291.407,3852.98,4341.53,1394.03,454.291,539.039,431.809,1535.63,3435.22,119.239,910.159,7867.65,63185.5,44623.5,2076.61,224.265,201.44,4382.55,1103.19,920.572,317.711,880.985,1689.44,2159.86,619.394,38.983,150.57,2142.7,4225.26,1473.31,239.267,161.185,789.508,3582.14,3558.64,435.205,868.547,347.386
108.483628118,5083.33,835.474,102.614,91.792,3784.94,6121.03,902.911,239.056,252.126,1931.91,4532.16,2008.84,233.256,1109.61,64.05,1208.97,2081.39,74.8909,150.946,422.254,236.6,515.796,318.302,577.033,3103.13,4982.68,1709.14,7.89154,784.414,3019.89,4207.03,5359.64,4048.21,1459.91,11.0389,1700.79,5228.29,3360.47,1496.85,284.296,555.082,518.023,326.388,304.044,147.22,1448.65,1127.92,69.3962,1045.66,426.537,1085.38,4023.24,2783.24,737.557,693.659,348.627,4753.79,3571.33,240.468,294.733,197.895,5424.31,5776.39,655.416,246.024,225.888,1302.2,4476.33,3249.72,811.075,196.577,16812.3,88459.4,41853.4,895.841,539.45,1344.78,6349.05,2261.68,782.206,422.518,135.07,2956.74,4679.36,1247.43,53.9589,19.0574,3021,5557.49,1344.59,125.242,69.7807,1001.33,3317.31,2219.77,98.232,1647.1,386.024,984.835,2643.73,27.6497,219.762,162.754,130.206,1014.44,604.985,234.016,2513.05,5007.04,2046.74,76.3304,651.211,2310.69,3082.59,4892.52,4165.28,1168.26,6.83504,1029.93,4163.07,3201.16,2162.65,150.64,269.76,422.822,454.39,715.438,159.066,735.612,912.209,99.9364,791.78,512.626,412.59,2958.98,2972.19,1244.5,480.851,526.746,3758.35,3632.93,586.578,181.433,41.4154,4354.03,5774.49,1547.8,231.096,607.44,499.196,3009.63,4074.35,656.281,878.218,8025.06,66296.6,49524.2,3150.42,160.325,1067.4,5276.22,2487.58,971.411,235.213,535.395,1269.41,2892.21,1118.59,186.13,66.9359,1965.9,5128.15,1863.57,62.3765,78.1073,681.239,3282.87,2733.46,116.913,778.209,372.923
109.969705215,5934.96,1304.36,227.668,203.578,4077.37,6384.83,669.737,163.574,113.06,1808.42,3291.46,1524.74,160.29,1092.75,104.731,1346.75,2040.63,110.017,231.933,520.261,481.431,735.801,299.865,481.849,3718.16,5359.56,1381.07,13.5871,501.073,1887.88,2884.86,4270.45,2579.02,946.941,97.5224,1177.42,5297.76,4320.11,1100.43,107.387,841.611,750.341,575.628,305.395,147.266,1653.54,1190.92,26.6953,1006.73,356.983,963.479,2800.1,2641.86,474.79,445.074,52.6255,4686.82,4019.33,449.589,428.6,413.879,6291.54,6540.63,799.855,333.345,599.238,1968.62,6049.92,4751.69,1668.28,403.283,18670.5,86852.4,45256.3,1587.42,1107.94,3009.73,7624.21,3992.58,1111.3,680.237,90.72,2768.53,5561.91,1893.07,271.615,189.206,3228.02,6042.22,1252.56,86.9648,13.8407,944.146,2348.51,1546.56,81.1283,1571.3,460.55,1085.43,2371.55,150.762,296.741,245.965,379.764,1107.59,623.156,64.6764,2435.13,5584.9,2059.01,154.248,367.522,1487.28,1894.71,3852.16,2886.03,831.438,31.5338,612.681,4055.4,4140.15,1722.82,9.25785,496.64,622.1,801.958,488.203,36.9339,837.962,1007.35,7.9388,707.039,400.511,381.75,2214.71,2562.2,946.98,175.494,71.8146,3198.75,4070.08,728.604,278.258,108.799,4762.46,6776.01,1646.97,224.244,839.445,821.576,4495.14,5161.85,1741.48,1023.15,8196.96,66052.4,52328.5,4496.92,525.109,2318.84,6409.66,4044.76,1125.52,444.495,386.251,1044.56,3419.38,1715.32,482.177,59.8438,1928.1,5689.87,2131.89,1.73871,44.1765,589.58,2626.6,1965.13,102.991,652.845,398.979
111.455782313,6179.12,1996.63,397.316,424.29,4031.06,6190.54,810.403,142.262,82.2974,1401.04,2077.16,1328.31,337.075,870.556,304.379,1507.66,1964.65,214.598,260.48,606.491,747.157,861.471,326.311,557.397,3892.78,5086.44,1345.61,15.183,408.597,1044.27,1548.43,2833.58,1384,635.312,152.954,933.652,4990.25,4511.26,922.602,61.6886,916.743,1103.44,822.998,292.336,220.208,1690.2,1293.91,144.154,792.319,447.022,1031.85,1687.46,2071.17,363.809,347.785,294.237,4516.25,3939.88,749.326,638.159,1074.71,6813.23,6575.79,1173.44,475.537,943.646,2760.63,7006.31,6267.05,3035.86,901.025,19675.1,81532.9,44910.8,3057.91,1954.42,4834.21,8661.38,5392.02,1617.1,977.459,334.416,2652.94,5730.73,2710.28,613.843,479.918,3278.69,5921.6,1355.43,114.365,24.8852,796.265,1411.13,1141.34,351.919,1302.34,659.187,1310.66,2177.39,380.835,344.617,381.71,675.551,1163.39,506.08,11.9804,2295.03,5380.6,2236.44,148.046,248.371,856.709,834.17,2607.25,1682.77,652.737,74.7593,469.102,3778.68,4207.9,1459.98,28.4669,590.412,959.182,1112.39,311.887,6.60844,819.227,1072.34,73.2143,567.074,348.844,498.691,1486.66,1847.71,686.135,79.1374,16.5337,2801.34,3879.34,939.148,456.817,519.623,5098.63,6863.26,1853.34,397.217,1060.08,1438.14,5476.6,6271.16,3178.23,1181.85,8848.83,61978.4,51381,6051.97,1092.03,3789.25,7411.2,5067.25,1467.38,759.072,439.723,1093.38,3457.68,2332.75,842.472,155.467,1942.39,5743.44,2345,38.52,43.7857,537.93,1841.71,1332.17,239.83,524.734,466.679
112.941859410,5664.36,2795.82,589.035,604.754,3702.45,5566.45,1189.17,170.98,152.344,887.97,1121.46,1191.81,588.433,533.311,694.444,1564.4,1760.66,412.055,237.135,618.846,1017.34,812.723,394.565,771.133,3519.12,4338.23,1402.44,1.40342,320.347,544.161,615.932,1525.23,657.286,376.026,131.468,820.593,4361.38,3956.41,886.424,111.167,793.122,1488.62,1011.13,231.323,355.467,1623.94,1249.62,454.76,559.472,510.51,1177.45,765.334,1370.5,420.562,369.907,865.146,4173.82,3475.83,956.108,864.649,2046.79,6829.77,5801.29,1660.33,671.312,1094.74,3350.11,7380.5,6769.54,4719.35,1977.22,18658.6,73388.8,40230.9,4736.38,3114.77,6403.28,8647.45,6266.47,2097.76,1112.42,749.904,2548.83,5040.7,3600.44,1015.31,742.824,3058.54,5311.43,1567.9,200.724,109.928,563.418,789.303,787.963,730.933,866.59,1025.29,1600.14,1847.14,641.456,354.853,470.862,987,1115.03,348.625,76.5934,2028.63,4626.72,2371.61,95.8653,178.008,459.905,204.971,1513.15,832.31,482.359,87.2314,454.784,3342.46,3510.6,1276.58,128.814,564.927,1322.77,1343.03,171.013,40.5369,822.489,944.116,294.341,481.635,265.195,738.844,750.798,1187.79,503.713,134.034,216.779,2514.64,3260.03,1076.2,627.817,1168.83,5279.83,5923.66,2155.19,674.907,1089.22,2072.69,6103.36,6430.5,4646.57,1683.23,9210.6,54874.3,46552.9,7005.06,1966.3,5422.71,7325.59,5541.02,1828.26,892.518,657.898,1303.98,2933.17,2871.37,1163.38,302.798,1866.97,5367.89,2416.97,160.993,87.2909,439.024,1256.91,736.838,447.701,356.6,613.243
114.427936508,4571.05,3422.58,815.93,604.344,3221.05,4574.65,1562.11,284.037,242.33,510.702,507.85,1037.25,778.011,259.791,1156.23,1491.32,1379.82,700.448,163.418,596.6,1190.87,643.109,433.177,1006.45,2753.51,3333.04,1386.98,26.878,192.042,258.307,225.977,721.982,254.306,140.822,111.007,765.168,3499.09,2995.04,871.406,169.527,615.083,1699.82,1179.84,123.974,536.811,1452.58,1040.93,886.273,416.394,489.186,1295.14,193.054,832.61,466.198,552.166,1515.4,3499.83,2892.83,874.667,1111.88,3077.51,6137.28,4521.92,1995.36,845.873,1024.05,3556.29,7003.39,6117.15,6033.1,3765.72,14893.9,63912,32749.5,5578.47,4720.21,6977.38,7522.68,6475.06,2248.46,1110.76,1147.04,2233.93,3867.23,4173.77,1465.8,843.741,2575.03,4403.04,1675.03,364.72,251.063,317.558,467.182,515.16,1033.95,448.328,1402.17,1863.77,1314.42,892.263,314.436,476.459,1282,950.193,200.807,224.208,1651.59,3576.61,2302.78,91.225,107.643,222.523,38.8053,843.534,302.598,274.612,96.5822,495.657,2756.33,2479.64,1049.42,236.786,512.907,1494.77,1533.85,102.567,125.056,858.173,665.847,599.215,464.414,149.896,993.838,205.612,776.051,307.717,323.712,568.052,2111.83,2560.04,954.521,795.716,1918.99,4948.95,4472.1,2275.76,927.741,970.086,2426.87,6197.89,5666.03,5380.45,2912.2,8021.68,46389.1,39545.1,6332.62,3479.92,6500.48,6140.82,5408.25,1973.46,873.266,876.372,1415.61,2146.57,3048.3,1458.02,409.968,1645.75,4715.54,2230.22,354.18,186.127,266.002,898.842,284.114,632.377,183.176,771.694
115.914013605,3240.53,3605,1055.86,425.592,2621.54,3527.01,1578.5,564.689,297.492,388.16,243.417,909.828,871.484,116.281,1585.37,1273.14,962.269,987.94,90.5865,564.62,1247.92,397.847,430.307,1086.66,1890.17,2279.44,1233.79,105.952,74.3228,132.78,182.04,341.15,77.0592,17.2581,115.613,727.575,2566.18,1960.08,797.042,197.54,416.173,1704.42,1298.95,40.8349,715.301,1256.13,691.032,1347.32,389.967,495.424,1304.35,39.7334,582.949,379.384,964.762,1872.11,2648.61,2263.28,556.843,1337.43,3743.93,4936.63,3046.04,1992.62,945.668,761.828,3356.67,5943.54,4630.75,6419.82,5813.44,9179.22,54898.5,24646.7,5171.05,6518.5,6231.04,5703.39,5991.87,1978.67,988.638,1355.27,1711.4,2561.7,4212.98,1866.11,734.951,1933.31,3470.75,1449.61,633.123,401.962,159.84,392.479,436.366,1109.53,154.19,1674.32,1993.98,736.947,1036.91,253.482,410.583,1515.04,706,98.0815,347.358,1257.92,2445.63,2012.6,171.61,45.5047,102.511,125.624,514.028,57.1473,103.791,103.728,549.548,2098.01,1467.16,781.883,289.66,436.791,1422.87,1654.57,155.076,251.037,912.815,334.532,908.676,531.638,112.353,1099.44,11.2329,634.158,97.9831,629.686,907.199,1567.45,1907.68,623.442,917.853,2483.64,4158.61,2906.31,2070.31,1060.07,737.035,2389.47,5708.28,4290.72,5008.74,4662.58,5196.7,38251.4,32321.9,4148.2,5522.49,6430.66,4376.94,4715.55,1806.86,726.508,992.145,1323.09,1312.89,2833.39,1653.96,419.365,1320.62,3946.29,1757.82,565.93,333.682,99.8712,751.71,68.794,670.726,57.7862,894.963
117.400090703,1999.63,3288.76,1241.32,185.757,1963.56,2621.25,1156.6,1040.29,386.103,472.666,297.536,914.588,844.747,96.6089,1984.03,996.47,716.315,1097.57,71.6058,553.83,1235.6,160.614,380.499,966.739,1111.68,1385.88,996.914,189.641,10.5595,104.167,258.611,204.421,21.4316,20.6375,148.605,708.801,1709.62,1038.41,698.268,153.972,245.782,1545.12,1389.27,15.4757,756.495,1206.28,299.74,1818.39,450.262,555.518,1283.77,244.833,546.264,289.299,1562.34,1772.81,1783.91,1654.05,212.57,1429.06,3879.99,3438.2,1749.3,1653.28,904.848,473.996,2654.85,4834.83,2619.14,6017.53,6986.46,3752.11,47727.8,18128.7,4070.1,7628.15,4765.93,3500.84,5170.34,1333.89,806.993,1273.19,1102.95,1483.32,3664.92,2129.95,465.803,1269.89,2708.3,884.478,1009.16,541.422,163.12,514.778,591.334,969.86,15.3213,1828.95,2008.44,284.688,1030.1,195,315.284,1653.37,483.027,55.4262,343.251,911.953,1450.49,1617.25,264.797,15.896,61.3643,262.953,363.151,5.29637,31.6676,106.906,619.452,1407.65,690.276,566.279,214.336,388.032,1098.37,1777.75,255.556,353.397,1039.28,61.6684,1205.31,670.134,200.18,1055.01,148.871,669.537,44.3322,998.983,1112.5,948.758,1367.84,278.589,884.884,2769.33,2970.72,1657.54,1560.18,993.93,514.109,1832.1,5127.5,2378.36,4088.39,5843.42,2123.77,31641.5,26660.2,1808.31,7042.14,5527.55,2308.7,3985.56,1242.67,566.089,908.669,1077.42,648.522,2275.25,1741.37,314.173,943.684,3237.85,1082.48,764.265,489.55,82.5502,758.74,97.7963,598.543,4.53461,952.253
118.886167800,1013.74,2733.33,1213.26,42.7389,1374.04,1875.3,614.456,1538.92,604.677,697.947,589.965,1020.05,748.082,197.652,2280.17,943.321,694.586,1039.87,83.4156,594.56,1252.7,16.1919,282.278,770.374,508.426,820.344,707.833,224.563,1.70096,104.915,323.62,183.407,20.8564,71.85,204.778,604.594,1102.32,353.616,615.168,69.5884,104.15,1381.6,1473.44,31.4076,672.375,1301.28,158.471,2251.47,586.835,604.904,1281.74,681.407,622.78,374.363,2128.27,1427.85,1023.83,1145.37,35.6839,1270.08,3591.74,1975.24,804.414,1167.88,697.155,241.341,1863.27,3728.01,951.645,5184.11,6523.75,868.89,42797.5,15130,3197.04,7047.97,3472.68,1621.44,4127.04,696.824,509.631,1052.22,542.973,727.444,2843.89,2089.4,210.184,751.141,2081.03,315.965,1357.63,727.118,346.042,752.436,872.628,780.884,18.6987,1820.84,2083.41,82.3628,945.1,131.51,218.193,1758.45,364.173,46.3752,284.77,576.653,814.151,1218.42,276.886,15.119,58.4647,334.261,313.183,41.5113,30.1069,113.209,609.123,850.129,227.705,407.211,78.5161,341.933,724.547,1900.67,338.149,387.837,1227.7,34.2648,1541.87,813.906,330.317,977.413,502.205,769.035,246.624,1379.02,1172.08,423.849,929.503,78.839,690.336,2741.72,1760.08,799.326,938.301,786.853,293.173,1171.78,4321.87,766.118,3244.84,5458.63,336.357,27370.7,23742.5,734.038,6789.56,4564.8,634.518,3222.78,652.87,362.346,717.405,751.281,228.806,1609.45,1681.11,158.495,624.434,2576.89,511.716,894.049,670.013,261.699,820.167,319.376,531.666,14.2934,884.172
120.372244898,416.472,2049.34,1040.28,4.77028,923.467,1394.57,229.368,1832.91,941.915,1010.93,979.917,1107.42,633.635,354.823,2406.63,1289.36,943.461,883.221,92.525,687.633,1389.19,44.5351,159.135,587.776,241.843,540.696,379.409,234.479,18.0379,104.706,334.529,217.015,33.6031,97.4133,295.948,346.384,750.801,41.6379,520.918,23.4244,37.3265,1369.29,1510.13,76.9098,535.374,1511.77,497.264,2565.92,755.008,601.486,1237.13,1133.96,807.463,669.359,2420.67,1056.53,541.466,810.215,0.322697,987.456,2927.25,925.896,275.365,668.744,445.365,112.811,1263.02,2807.63,253.558,4010.72,4683.39,1367.69,40274.4,15880.6,2957.46,5002.72,2573.97,741.879,3124.42,229.38,211.927,772.791,200.664,314.111,1972.47,1788.25,58.3544,418.081,1647.07,15.7777,1534.71,958.456,647.319,1039.95,1115.84,624.44,98.4787,1685.8,2297.18,257.543,837.763,61.7787,186.868,1878.75,393.117,52.487,272.053,357.528,514.277,855.835,209.887,41.3228,72.9057,308.676,341.127,68.0228,43.9737,166.521,450.295,492.155,69.9632,291.697,4.27178,303.654,501.67,1946.81,403.141,361.392,1421.1,400.595,1920.43,924.476,409.083,885.87,867.027,934.724,631.963,1660.66,1110.61,135.717,641.061,9.72838,449.476,2386.74,877.584,312.568,404.061,553.52,139.864,633.695,3417.41,113.37,2499.99,3728.68,480.408,25687.1,23573.5,1404.89,4881.19,3647.82,11.0039,2514.2,232.586,190.31,511.35,452.214,50.9369,1026.26,1462.55,58.13,368.027,2046.91,251.044,926.59,860.188,535.526,926.58,602.998,480.182,62.5333,728.318
121.858321995,152.547,1388.74,872.208,22.9309,637.398,1144.2,162.574,1836.83,1283.29,1260.83,1352.68,1065.9,532.591,433.936,2365.79,2093.47,1394.94,670.869,88.0055,769.669,1683.34,309.932,91.5548,451.53,244.938,464.471,147.491,241.319,54.0709,77.2592,327.875,255.158,40.1732,104.277,390.561,98.3809,578.103,19.9573,403.174,101.159,120.958,1564.43,1470.77,118.261,413.549,1720.6,1407.96,2762.13,791.864,574.869,1061.3,1455.31,1034.19,1014.82,2390.95,815.207,361.286,638.425,22.0538,750.006,2123.42,346.514,62.1482,334.658,271.88,37.8899,898.713,2532.56,407.438,2473.38,2531.77,4106.98,40362.8,18926.7,2949.49,2820.57,1887.55,747.775,2567.06,14.8078,18.7404,475.123,109.204,165.537,1217.15,1393.99,31.3435,254.222,1387.18,86.6026,1489.61,1194.48,894.336,1319.28,1199.63,495.751,175.337,1460.98,2712.91,791.072,677.405,20.5126,232.608,2029.36,627.86,80.8694,323.471,289.72,458.589,597.537,130.714,87.5541,65.7274,265.67,370.787,77.2728,47.4277,264.25,276.477,293.493,94.7007,207.536,67.7732,324.426,523.839,1923.77,403.521,315.139,1499.87,1220.91,2328.67,905.131,439.902,725.787,1097.61,1136.63,977.685,1812.01,983.164,89.357,493.708,8.81968,292.576,1851.36,396.427,100.017,135.891,354.836,35.2895,289.896,2995.17,174.731,1585.06,1889.33,1876.35,26371.6,25278.8,2935.82,2768.6,2453.77,269.708,2266.57,71.343,53.5909,308.229,299.895,43.9555,587.289,1151.69,86.4123,184.439,1674.55,314.446,883.126,1040.81,739.231,1041.94,818.501,414.633,124.546,541.463
123.344399093,52.8315,892.501,802.223,40.771,522.03,1012.35,348.721,1664.76,1445.94,1330.5,1628.82,851.704,445.602,350.173,2248.1,3166.66,1924.08,446.907,69.158,805.109,2101.14,792.923,162.938,331.179,364.743,544.718,79.1545,233.188,107.128,38.4373,306,298.697,29.4544,115.361,432.172,0.521311,531.632,160.774,279.953,271.71,372.275,1979.37,1390.44,114.29,284.94,1879.92,2734.83,2875.54,602.773,533.09,751.028,1605.47,1180.49,1209.49,2152.31,737.781,363.817,586.628,29.9213,665.198,1411.04,117.625,24.1453,178.654,212.708,22.3268,898.775,2675.86,956.433,1112.52,1085.17,6953.3,42440.9,22800.2,2480.21,1425.35,1266.39,1533.45,2339.44,29.4912,21.4683,255.95,134.188,106.452,701.746,1069.11,72.0044,241.647,1227.69,393.8,1329.97,1308.53,978.856,1516.46,1074.8,386.496,186.994,1230.88,3187.68,1559.18,510.874,10.9032,283.568,2201.71,1122.45,173.411,341.074,315.75,603.787,458.046,75.6668,140.227,48.5199,206.595,402.443,61.667,54.3367,359.935,195.751,213.54,223.746,146.909,188.763,433.773,894.132,1841.45,305.951,224.946,1473.39,2380.97,2710.55,707.185,432.085,498.758,1158.88,1266.42,1131.55,1805.74,870.809,178.82,433.913,34.2421,274.722,1314.09,256.571,31.0473,65.6112,226.053,37.6648,274.784,2838.26,732.289,716.412,842.25,3006.74,28904.9,28009.8,3729.6,1473.07,1217.42,1188.68,2259.24,170.876,28.6611,177.611,226.015,86.2831,311.146,859.597,201.373,101.846,1417.89,573.167,828.834,1132.06,796.006,1092.12,887.079,341.13,155.539,367.575
124.830476190,28.6212,596.52,725.837,44.4407,528.641,980.304,540.072,1456.11,1297.78,1252.69,1689.26,577.112,338.036,184.826,2029.72,4225.57,2401.13,264.803,43.5206,773.472,2608.59,1380.02,337.471,225.596,458.462,705.624,166.955,234.79,139.367,14.0832,277.012,350.751,10.9654,126.44,414.43,76.679,580.852,330.762,180.877,416.489,783.955,2543.57,1293.82,65.73,149.351,1998.52,4094.34,2875.98,310.305,436.089,439.038,1524.31,1244.8,1091.16,1858.11,696.187,463.298,613.56,9.27248,605.595,930.777,93.4279,40.0433,140.7,180.302,51.4402,1192.31,3076.86,1365.57,356.668,509.594,8285.56,45833.4,25886.3,1472.24,771.414,749.116,2698.41,2395.75,146.873,96.0351,141.735,167.584,67.0604,410.791,817.777,122.261,301.916,1178.58,664.684,1147.43,1227.71,883.447,1563.23,817.824,283.615,134.461,980.704,3605.24,2329.88,404.318,11.1986,282.208,2430.26,1750.27,356.133,286.292,353.661,815.287,456.419,78.6178,153.505,40.232,147.646,451.473,31.0914,68.2416,393.346,238.188,247.928,364.461,108.743,259.956,659.021,1537.18,1717.78,152.313,109.229,1398.63,3543.79,3026.36,412.924,372.332,279.898,1039.92,1305.04,996.225,1679.05,761.852,296.382,443.018,48.0075,300.977,917.825,279.176,18.6324,93.5524,145.969,102.758,496.37,2864.35,1395.34,199.427,520.591,3079.67,32370.7,30804.8,3095.61,931.557,407.675,2255.55,2417.02,391.009,59.5071,114.471,185.916,105.446,160.231,643.288,287.482,88.6345,1292.39,819.792,761.74,1106.5,666.41,1070.52,787.382,271.468,131.265,220.843
126.316553288,12.5443,472.109,558.853,71.5819,571.504,1005.02,544.89,1267.58,945.778,1059.25,1532.55,336.995,213.894,46.6852,1752.63,4958.3,2749.67,147.742,16.4457,672.869,3104.47,2009.94,493.245,133.947,481.573,848.785,359.057,280.802,104.772,14.1728,294.419,419.77,0.408472,101.193,392.541,283.706,677.198,434.037,112.613,445.885,1361.82,3099.7,1147.33,12.74,46.7132,2087.36,5088.15,2753.01,80.5883,301.391,202.524,1265.05,1223.49,732.552,1569.38,582.011,562.077,663.426,16.6719,459.23,691.057,96.3306,37.4622,150.244,126.496,123.892,1497.54,3765.66,1335.7,114.324,379.868,7960,49930,26829.6,514.563,534.783,479.73,3466.49,2763.91,304.213,100.643,117.717,129.406,29.3025,282.378,598.666,153.492,355.168,1225.14,703.733,977.935,1012.86,638.714,1459.14,540.874,176.548,64.6765,745.823,3833.38,2906.52,357.774,7.60641,248.359,2665.31,2377.06,582.318,182.011,373.489,941.792,567.498,148.126,107.593,48.3711,144.222,507.648,15.2274,73.5774,371.764,379.927,364.502,431.503,93.9499,245.108,1010.3,2244.35,1536.94,37.9058,27.2118,1295.78,4410.98,3182.75,182.774,280.084,111.406,814.155,1250.43,639.655,1468.59,640.598,343.604,506.414,58.395,269.481,688.202,279.144,34.8914,128.866,99.0407,145.87,766.135,3280.45,1596.83,26.538,487.328,2549.73,35665.9,32575.5,1762.08,739.598,139.15,2757.97,2920.94,563.169,66.366,95.7697,138.387,83.0835,87.4892,499.625,274.26,117.991,1287.61,882.292,668.134,976.361,404.106,987.85,588.621,195.016,78.1131,127.935
127.802630385,3.56674,435.173,328.719,154.349,656.624,948.978,407.828,1024.31,666.396,797.992,1274.24,178.354,86.995,11.1004,1545.77,4979.55,3097.43,82.9008,4.87872,534.792,3446.34,2672.39,522.925,76.7356,412.572,976.278,526.83,345.178,51.9058,36.1035,396.55,578.641,13.9533,37.4358,413.894,473.229,786.346,469.632,57.1449,376.983,1961.77,3608.09,903.411,2.17032,5.01763,2205.4,5458.86,2475.54,24.1913,190.941,81.6294,912.703,1143.02,359.711,1312.8,377.123,573.043,690.321,120.163,258.104,587.058,68.3098,31.6462,193.743,47.0411,277.338,1762.1,4164.83,1332.59,106.322,263.519,7208.81,53355.1,26257,80.7255,390.913,389.756,3911.46,3006.81,509.929,89.0277,96.732,77.3182,16.7756,240.518,387.903,181.835,477.351,1196.49,582.982,708.29,875.668,312.448,1320.56,292.441,51.3561,45.9162,659.744,3538.42,3414.76,318.987,5.9891,232.207,2726.46,3065.38,697.64,105.168,298.973,1026.14,663.7,231.472,74.5805,55.1232,212.351,669.388,19.0304,35.4224,386.442,489.436,501.919,467.651,63.6574,195.752,1334.72,2966.32,1248.64,19.7917,6.66552,1199.57,4909.59,2975.35,148.013,227.106,15.8427,530.059,1162.82,219.803,1299.26,438.012,317.829,536.475,142.896,188.149,551.256,215.052,65.7601,195.333,29.1439,224.212,1077.85,3526.41,1719.87,27.4466,374.458,2250.02,37989.4,33124.1,840.401,532.475,119.603,3039.73,3266.66,713.668,80.0586,60.8918,97.1936,59.399,71.0876,384.804,207.386,256.601,1249.65,784.524,465.078,869.251,106.306,915.938,342.593,105.576,54.0469,131.737
129.288707483,9.15488,441.664,147.292,258.96,821.022,725.764,252.208,756.333,552.372,666.861,1021.71,77.9555,36.3739,137.79,1368.46,4296.45,3510.49,99.1406,27.9995,374.117,3629.81,3236.58,446.363,40.3054,315.643,1041.92,626.013,353.743,58.3132,79.6396,678.44,918.081,80.1815,18.3991,414.769,563.204,878.731,450.354,16.7494,272.149,2414.31,3994.27,663.96,32.3454,15.4749,2448.77,5199.98,1988.81,206.059,154.325,53.9906,603.214,1052.08,197.905,1088.98,173.582,431.13,740.097,296.114,88.8837,533.584,50.416,61.3834,249.796,14.6361,479.293,1924.41,4001.54,1589.73,207.529,110.323,6863.27,55316.1,25696.2,62.4011,222.442,561.587,4075.12,2893.64,719.23,96.3071,96.994,52.7176,24.9993,282.236,235.869,189.56,708.004,1010.9,414.958,401.063,804.897,184.028,1173.25,91.9063,4.85583,103.196,705.39,2729.65,3894.85,354.631,17.3254,175.623,2707.57,3674.87,680.344,58.5446,184.957,1031.79,722.797,264.951,84.5539,61.5825,436.99,1023.12,80.7498,0.65708,406.024,516.545,615.465,478.531,26.8155,136.779,1538.88,3570.09,999.333,36.0477,11.4978,1274.69,4985.44,2373.92,334.078,235.895,16.4744,278.341,1034.13,18.6275,1156.06,216.272,231.619,525.916,313.929,84.8102,469.461,159.02,99.1103,286.35,3.55536,350.168,1365.24,3316.6,1961.32,169.024,177.666,2307.66,39324,33186.8,609.024,264.548,286.82,3257.02,3174.65,835.383,102.485,50.0542,66.6365,53.7553,137.439,290.064,125.106,499.428,1140.72,573.636,220.473,772.496,1.29761,845.117,122.116,74.5574,53.3624,228.348
130.774784580,52.2772,419.839,94.6896,313.488,1117.65,364.897,187.218,610.553,619.929,668.92,885.593,8.88234,128.38,517.515,1126.14,3363.54,3933.54,189.873,67.941,252.408,3591.97,3718.19,284.809,31.6348,293.884,929.758,687.769,268.223,124.577,168.102,1329.31,1646.46,228.565,100.831,309.275,617.763,808.364,459.398,3.42776,132.511,2748.94,4184.07,494.747,65.7338,59.0447,2767.28,4688.3,1251.87,687.581,254.015,44.2894,522.279,879.934,285.629,1052.34,43.4841,172.093,888.859,470.067,22.9522,464.936,79.6472,113.655,369.008,97.3884,724.667,1708.08,3607.03,1822.41,375.371,17.5015,6830.43,56413.7,25790.4,152.983,107.876,996.104,3802.08,2532.93,788.408,169.008,168.84,99.0039,66.2215,338.66,175.249,149.185,1048.62,722.725,300.268,167.798,855.157,318.31,980.894,6.77818,95.2643,298.469,848.012,1747.24,4339.45,494.499,47.0987,107.315,2577.39,4148.4,581.09,48.0014,120.02,919.324,723.924,236.159,105.132,102.889,941.213,1737.64,267.425,54.7823,338.95,512.604,604.455,476.744,18.2213,70.9454,1638.02,4006.51,825.261,44.5713,29.0761,1491.3,4856.7,1436.42,737.219,370.27,64.0416,197.606,793.215,99.1318,1150.98,40.9751,126.3,527.984,550.743,9.07876,417.777,144.319,109.557,429.185,99.5283,557.437,1348.5,2933.33,2045.18,422.913,69.1917,2428.19,39977.7,33561.1,782.733,58.4812,645.014,3135.25,2872.75,772.541,165.939,93.7584,89.366,82.9393,251.241,216.294,51.5339,773.904,1032.28,317.903,24.5945,780.826,123.463,689.336,57.2561,130.57,108.273,442.385
132.260861678,140.54,382.542,103.307,339.949,1499.65,117.187,240.938,721.641,929.545,650.054,815.499,68.0466,460.011,1257.69,830.762,2773.26,4255.75,310.335,97.4893,149.466,3469.77,4000.74,178.826,52.3513,338.414,728.041,631.435,178.064,178.197,392.809,2559.38,3032.75,563.95,241.492,159.398,610.922,607.672,483.065,48.5198,31.0856,2963.48,4234.35,370.928,84.9356,123.459,3040.95,4306.19,466.286,1493.3,606.217,77.2203,601.337,653.487,612.163,1207.53,100.917,8.63425,1150.89,614.385,48.9468,388.669,143.626,188.608,553.201,337.558,951.611,1193.65,3070.83,1896.36,506.169,73.8501,6850.97,57219.5,26715.8,161.971,115.877,1300.8,3351.84,1950.41,717.973,320.994,316.04,232.433,158.509,378.987,143.639,120.428,1402.12,543.487,259.939,218.42,1079.06,510.17,765.387,131.531,353.486,765.647,1061.9,1168,4692.72,674.443,78.1239,46.2923,2415.65,4369.73,529.847,53.6743,142.883,769.72,583.937,214.746,89.3012,233.536,1847.95,3064.95,693.217,231.297,193.313,492.078,465.766,452.563,82.1975,22.6132,1690.06,4265.42,731.645,47.221,62.8578,1702.81,4679.93,546.005,1293.49,718.823,140.154,291.892,533.479,336.877,1276.87,89.3337,92.7254,627.56,805.472,20.4424,358.933,164.401,129.264,603.145,339.997,817.198,1054.65,2400.35,2011.31,600.318,136.234,2315.52,40325.4,34573.5,1022.98,9.89281,908.901,2831.84,2370.57,572.555,262.142,202.181,192.075,161.753,357.17,159.674,22.6942,981.763,1015.54,124.261,55.5771,912.975,356.046,483.943,180.749,277.28,346.784,805.952
133.746938776,236.524,349.837,106.641,383.445,1925.58,212.364,449.809,1129.81,1392.28,529.75,755.944,353.248,1007.71,2334.36,812.025,2890.79,4323.99,419.537,115.192,107.338,3256.41,4038.63,248.471,127.75,421.059,477.576,475.434,138.474,172.823,824.243,4545.38,5332.17,1203.33,338.915,73.0604,497.345,373.942,488.979,175.06,33.6329,3136.44,4059.14,345.027,93.177,211.525,3040.44,4324.43,88.559,2497.89,1238.48,287.192,717.601,407.42,1024.78,1510.6,429.828,141.435,1564.22,743.347,98.9874,326.997,206.585,272.022,781.417,714.096,1103.98,593.133,2435.21,1810.81,515.2,212.093,6846.18,58064.7,28066.5,147.138,239.922,1235.5,2848.01,1348.04,489.215,560.438,553.562,406.742,277.941,390.207,113.996,133.484,1694.46,649.792,354.812,657.129,1449.75,589.751,570.132,455.272,759.94,1593.33,1474.57,1375.23,4943.71,783.226,101.319,13.942,2287.7,4215.67,655.63,88.0268,246.22,567.712,392.266,196.041,46.651,458.608,3264.68,5288.65,1479.4,443.577,71.8397,407.952,299.017,386.973,221.151,17.3717,1831.68,4267.1,733.144,50.4273,119.036,1731.17,4569.31,139.976,1890.59,1346.81,319.492,477.011,313.189,566.248,1476.46,471.899,243.09,935.882,1052.1,94.0983,293.048,198.671,176.366,743.57,701.24,1108.75,576.317,1821.78,1898.59,576.554,291.603,2017.63,40533.2,35919.6,1260.05,105.781,862.939,2475.78,1780.98,288.886,393.715,374.273,354.827,285.975,407.451,126.125,31.0548,1082.78,1159.54,130.321,398.026,1167.41,557.767,292.388,425.741,539.858,869.93,1338.73
135.233015873,277.01,319.023,91.7044,416.659,2426.99,812.432,875.583,1572.43,1831.28,377.577,739.396,954.703,1607.13,3347.67,1530.8,3890.26,4015.28,472.426,152.814,181.392,2786.49,4002.89,452.026,209.876,540.301,202.355,371.221,88.6668,112.554,1410.16,7422.03,8696.95,2144.72,322.245,35.2237,392.525,131.287,526.898,316.384,153.829,3282.91,3701.34,370.208,99.6583,338.229,2577.75,4922.27,602.403,3353.4,1933.71,821.803,892.268,158.09,1403.91,1774.97,991.038,677.404,2233.79,858.024,100.292,313.951,209.118,371.897,1033.47,1059.84,1163.49,129.492,1952.97,1368.54,506.492,257.621,6909.01,59111,29189.5,245.775,349.547,1029.1,2092.7,975.674,280.602,762.909,773.859,666.542,383.327,332.431,112.624,134.391,1949.37,1217.59,662.872,1208.56,1834.9,630.748,416.135,999.43,1248.14,2487.8,2283.38,2565.14,5062.79,717.756,165.235,81.846,1952.71,3943.21,860.642,124.619,397.021,356.222,258.132,127.792,9.94676,723.252,5293.6,8555.21,2679.62,554.914,19.5372,293.843,157.742,352.189,370.965,65.2395,2010.09,4202.88,676.889,57.2993,239.229,1411.96,4672.9,503.251,2424.25,2027.9,722.327,756.088,120.674,772.188,1614.15,1031.7,665.577,1635.86,1283.84,131.029,270.641,205.673,214.502,887.77,1021.47,1321.45,166.692,1475.26,1417.7,530.116,336.964,1825.06,40615.1,37016.5,1565.67,200.08,743.137,1790.99,1400.23,61.6114,485.849,516.015,603.083,446.237,342.772,141.649,33.7197,1115.41,1580.9,391.772,867.75,1473.42,750.663,132.342,795.341,935.229,1488.18,2007.06
136.719092971,230.994,293.659,91.1505,437.39,3036.73,1888.41,1476.3,1801.17,2088.01,344.057,866.109,1808.12,2130.85,3880.53,3022.59,5640.73,3583.59,398.781,251.243,286.394,2184.22,3951.39,630.896,253.987,701.238,34.8936,333.72,28.7981,50.8517,2174.74,10955.2,12755.6,3404.39,240.185,13.9296,338.502,20.0621,617.126,391.676,297.662,3428.51,3285.61,333.463,158.837,458.933,1925.52,5900.96,2129.62,3847.73,2410.68,1618.27,1203.87,35.8882,1676.34,1808.08,1625.08,1647.12,3157.95,985.261,64.9331,327.219,149.924,492.553,1237.73,1227.08,1132.8,40.2128,1561.6,772.948,519.513,197.646,7456.76,59439.5,30219.9,437.006,287.264,881.9,1215.07,887.718,233.466,772.356,950.909,995.952,421.573,242.574,154.246,101.688,2239.47,2210.27,1207.75,1590.53,2056.85,759.355,410.279,1741.14,1766.19,2967.1,3445.08,4718.95,5119.23,448.792,302.88,242.186,1433.7,3636.91,1001.19,158.102,573.337,207.812,192.689,44.2359,6.81191,1069.44,7845.09,12443.6,4312.28,562.917,5.50858,209.127,129.53,381.064,467.773,136.492,2214.81,4114.18,528.436,106.598,422.433,870.718,4889.3,1762.18,2858.7,2387,1326.93,1181.73,41.2764,977.645,1532.2,1558.11,1445.92,2701.57,1533.74,103.533,275.401,199.951,225.97,996.812,1212.64,1336.57,77.572,1309.91,757.805,558.201,215.125,1958.32,40431.3,37515.7,1903.72,163.718,726.253,956.237,1203.88,14.9062,465.831,615.426,893.981,590.047,214.254,190.456,16.3134,1176.56,2267.27,902.328,1242.79,1686.15,990.03,99.192,1316.19,1411.84,1835.32,2745.94
138.205170068,156.99,274.683,143.203,499.163,3699.74,3185.31,2121.21,1683.18,2102.29,594.502,1221.09,2681.2,2433.88,3699.11,4954.39,7741.07,3304.05,252.543,450.665,300.137,1682.45,3816.44,709.197,255.978,876.754,78.125,361.325,0.180987,76.2842,3067.91,14471.1,16707.8,4827.71,222.704,7.73501,358.03,126.438,759.279,389.069,390.954,3484.21,2982.77,182.64,330.966,534.265,1422.56,7047.62,4303.77,3798.68,2510.89,2445.07,1675.83,220.707,1804.06,1521.96,2161.19,2929.98,4128.14,1181.39,32.468,368.146,64.8011,585.045,1363.73,1139.67,1015.12,381.762,1268.97,334.52,443.076,117.677,8464.93,58586.4,30724.4,708.762,127.822,733.202,550.021,1027.18,353.806,581.984,1066.28,1279.6,427.369,144.929,261.783,82.7558,2609.67,3321.11,1915.79,1652.19,2023.58,1068.38,672.376,2536.24,2154.32,2830.38,4690.04,7284.28,5285.46,120.259,513.011,391.66,923.402,3280.06,1024,175.642,734.873,193.026,196.011,6.21517,63.0552,1515.27,10500.5,16190.4,6097.51,575.904,6.30092,196.76,258.027,505.903,479.562,193.117,2361.99,4064.67,333.673,228.661,617.763,383.327,5172.76,3589.85,3072.84,2273.21,1966.68,1717.37,207.283,1178.17,1196.12,1910.68,2546.8,3818.01,1851.67,35.7241,327.971,170.913,212.737,1042.1,1211.2,1144.59,363.726,1281.43,264.822,522.369,70.7415,2471.79,39712.6,37009.1,2252.39,65.9039,664.949,356.783,1111.72,161.304,348.488,649.129,1151.32,697.534,77.7188,273.468,4.99181,1343.55,3012.23,1579.43,1395.16,1686.97,1281.16,317.388,1946.24,1807.64,1779.8,3364.23
139.691247166,141.118,323.671,257.061,689.328,4118.11,4455.7,2609.23,1260.7,1861.29,1124.43,1861.27,3354.83,2294.41,2993.61,6580.5,9845.02,3181.75,176.453,737.932,258.503,1398.65,3515.77,706.074,228.837,1012.81,400.065,479.919,33.0369,203.479,3867.49,17219,19517,6047.6,368.434,40.7623,479.959,464.228,916.253,339.847,424.573,3296.44,2906.79,25.9847,614.936,546.423,1228.12,8232.05,6340.11,3279.88,2137.49,3100.93,2254.02,715.278,1774.5,992.781,2482.32,4311.66,4703.06,1499.72,79.9399,482.457,4.83621,577.237,1380.14,863.864,813.405,1054.91,1264.24,155.048,270.504,77.3839,9081.08,57223.7,29640.9,1052.43,29.5236,614.923,185.179,1365.02,599.463,287.106,1093.16,1381.19,464.147,104.088,431.868,194.594,2834.74,4323.18,2608.27,1348.62,1764.82,1465.21,1286.06,3275.91,2124.93,2317.03,5443.19,9604.92,5593.58,3.41597,726.421,484.681,497.569,2949.72,930.163,170.045,831.431,374.301,272.817,35.6643,155.272,2032.57,12645.8,18851.7,7580.76,669.764,18.5252,262.876,572.781,752.98,377.47,249.999,2218.88,4211.57,212.534,446.35,706.217,190.441,5468.66,5462.9,2904.95,1807.91,2395.47,2239.46,667.229,1339.46,728.793,2012.27,3764.87,4589.49,2177.66,33.2368,436.364,124.91,183.116,998.75,1047.14,768.338,940.107,1562.23,5.02647,386.258,16.1428,2972.54,38581.3,35097.1,2507.27,26.2329,520.853,27.2545,1229.38,443.36,181.963,599.563,1291.01,770.254,3.91445,376.65,57.1045,1517.89,3692.41,2212.2,1261.03,1472.17,1505.31,890.78,2622.92,1879.5,1472.58,3524.64
141.177324263,265.033,502.101,515.81,986.518,3976.58,5534.27,2717.08,766.337,1358.93,1792.85,2743.95,3600.93,1765.48,2083.4,7215.52,11412.9,3421.72,249.568,861.678,334.955,1512.78,3083.59,603.801,111.801,1224.34,1115.12,642.868,78.5365,309.959,4710.3,18159,20234.4,6984.45,560.892,98.1048,663.839,1086.85,1093.41,219.975,379.364,2911.11,3090.41,37.7077,819.912,569.32,1494.39,9143.04,7489.82,2479.6,1475.29,3324.05,2905.6,1344.94,1520.99,486.437,2505.64,5545.5,4551.93,1844.54,364.111,725.86,42.3588,405.538,1376.78,493.243,691.913,1650.11,1537.41,356.616,352.338,165.193,8339.92,56195.5,26943.3,1263.9,17.4096,789.502,346.712,1576.11,810.816,79.2842,1148.62,1175.77,552.302,204.678,758.908,498.648,2588.66,5142,3057.13,839.378,1300.47,1787.35,2262.23,3754.46,1688.97,1630.4,5405.16,10907,6198.81,220.603,756.961,583.385,279.397,2798.97,658.215,109.696,920.729,870.932,386.642,62.6561,214.381,2827.71,13369.7,19546,8669.76,717.844,33.9276,391.375,1165.82,1108.16,190.675,300.188,1815.94,4511.43,370.422,663.625,729.321,362.608,5557.43,6933.16,2345.03,1287.39,2275.44,2733.53,1380.54,1280.94,375.649,1815.12,4936.93,4630.1,2393.85,246.151,611.122,73.4193,124.412,933.056,725.498,467.181,1415.45,2074.3,249.142,496.603,40.3669,2758.39,37581.3,32244.6,2275.57,29.9247,619.289,130.866,1409.29,658.517,98.671,515.662,1271.95,755.125,47.9158,555.586,210.69,1479.75,4240.91,2663.56,859.469,1135.6,1503.98,1869.19,3227.43,1540.35,1059.29,3151.73
142.663401361,505.232,860.955,971.634,1255.1,3279.21,6193.74,2465.96,374.739,742.158,2438.84,3680.58,3227.11,1144.14,1209.28,6766.83,11790.9,4186.47,421.883,688.244,635.812,2198.86,2747.77,379.159,9.47215,1701.06,2203.18,834.354,91.0771,394.298,5456.74,16857.7,18571,7416.21,749.861,152.598,842.74,1938.82,1378.98,58.1993,246.78,2550.69,3524.48,274.518,785.09,646.712,2155.86,9397.67,7502.85,1596.96,817.584,2988.75,3523.89,1861.82,1101.64,180.225,2342.57,6315.78,3707.26,2057.36,986.313,1121.98,224.892,174.521,1354.99,293.709,635.529,1893.95,1976.08,1037.26,899.766,506.175,6338.82,55654.3,24295.9,1077.17,342.036,1484.85,1117.34,1451.82,956.391,83.9691,1350.4,744.245,682.126,608.75,1252.79,888.038,1959.22,5570.58,3217.51,348.788,775.846,1906.98,3410.07,3785.28,1084.62,931.179,4728.97,10572.2,7090.34,782.337,564.82,685.399,523.384,2934.71,250.173,68.0107,1161.22,1793.19,568.831,30.5883,308.041,3910.51,12105.3,18151.7,9162.76,698.838,52.6282,590.639,2019,1619.48,25.3539,356.185,1386.88,4996.04,781.082,733.077,759.986,786.81,5266.9,7634.62,1666.72,912.339,1583.74,3176.3,2195.01,967.64,209.089,1560.23,5781.86,3867.58,2437.47,726.31,792.583,73.641,68.0922,827.492,446.379,268.786,1597.92,2676.34,1141.72,1065.48,272.533,1744.68,37095.6,29706,1324.31,252.471,1139.24,772.483,1519.06,717.443,92.347,520.964,1055.57,672.274,252.493,787.546,463.215,1192.59,4541.47,2917.84,396.562,791.424,1279.21,3103.9,3633.95,947.923,645.622,2458.87
144.149478458,779.525,1325.66,1590.03,1381.25,2270.1,6322.73,2033.19,145.439,282.704,2795.77,4491.9,2314.37,676.978,627.141,5361.54,11015.3,5053.43,668.368,358.319,1233.47,3390.88,2635.2,179.694,178.133,2506.7,3574.1,1042.32,61.4433,497.899,5773.67,13738.7,14987.8,7151.89,886.304,189.384,930.339,2901.25,1869.64,16.4225,96.4521,2317.18,4068.91,764.109,510.02,785.772,2823.1,8862.46,6544.62,861.376,331.128,2301.37,3886.15,2075,650.319,113.266,2200.88,6398.44,2514.96,2011.73,1859.72,1673.83,543.367,20.4252,1299.81,428.228,714.404,1535.73,2680.08,2093.15,1612.75,1164.12,4228.15,56175.2,22774.1,785.349,1345.42,2728.01,2394.19,1142.13,996.517,466.454,1719.72,357.854,787.689,1301.6,1935.32,1209.4,1195.05,5518.03,3151.31,65.5859,372.272,1777.95,4472.66,3303.12,583.449,424.511,3570.31,8910.9,7708.86,1699.32,288.266,836.592,1395.11,3237.61,24.0229,183.513,1619.68,3267.14,939.822,2.24647,593.437,4787.93,9457.24,14808.5,9196.04,576.412,89.2367,820.486,2968.97,2373.25,67.2409,418.053,1231.95,5571.52,1367.97,597.652,822.449,1192.83,4597.5,7410.23,1248.1,713.822,736.116,3426.21,2943.67,530.796,203.481,1552.7,5997.91,2674,2224.45,1403.63,956.835,120.625,30.5008,667.836,378.73,227.611,1264.31,3559.17,2488.56,1808.69,878.823,784.688,37296.3,28223.3,326.155,955.349,1827.92,1789.66,1734.92,488.187,225.846,694.781,683.959,534.298,528.383,1097.51,764.672,735.398,4604.05,2993.8,109.342,554.731,968.729,4326.18,3749.97,396.32,299.017,1719.07
145.635555556,993.406,1797.94,2193.25,1306.96,1340.56,5884.97,1721.49,64.6036,68.1261,2788.3,4910.56,1302.47,453.956,437.75,3399.12,9646.89,5320.39,961.379,107.035,2150.44,5019.97,2611.66,168.476,664.398,3630.53,5211.1,1191.29,26.0627,576.676,5505.97,9677.68,10626.3,6156.71,921.502,208.193,862.043,3863.46,2650.54,239.752,74.5639,2094.7,4539.23,1490.88,168.87,975.679,2995.45,7772.05,4989.81,413.203,85.2777,1586.16,3776.16,1989.9,268.646,217.08,2241.14,5752.65,1409.76,1773.84,2689.79,2242.53,987.187,50.3727,1263.11,753.331,896.046,829.369,3449.58,3628.31,2077.4,1787.8,3386.43,58203,23507.4,919.761,2616.1,4136.61,4359.72,893.093,1208.08,1336.7,1977,238.46,834.039,2226.63,2703.65,1301.89,600.87,4956.73,3074.83,68.6553,128.232,1561.47,4982.05,2689.13,257.283,187.255,2201.28,6880.32,7242.29,2814.46,265.228,1231.13,3050.67,3372.68,134.23,435.792,2421.33,5446.54,1646.19,126.154,1041.87,4974.03,6333.57,10543.3,8851.51,400.408,145.149,951.056,3849.21,3387.07,461.536,508.551,1426.93,6028.43,2093.77,319.944,933.216,1321.14,3690.47,6366.17,1293.8,687.92,136.411,3474.88,3428.38,193.681,306.762,1922.39,5470.56,1542.93,1805.17,2106.34,1035.06,196.123,3.90118,580.842,430.601,257.322,722.306,4366.12,4498.1,2407.21,1434.03,649.5,38515.5,28662.3,96.2006,1758.79,2302.23,3300.27,2022.52,203.575,555.982,873.679,345.383,345.521,767.319,1508.31,989.759,361.846,4302.85,3089.87,147.644,442.199,817.532,5006.87,3834.99,50.6044,64.931,1129.54
147.121632653,1075.72,2134.48,2563.28,1099.07,745.038,5068.46,1655.81,61.2301,58.6038,2566.11,4719.17,641.625,378.246,612.996,1583.35,8060.26,4749.22,1218.48,157.03,3406.34,6660.55,2645.3,343.457,1304.64,5009.62,6856.06,1342.15,11.1545,544.265,4833.42,5701.74,6622.08,4751.82,793.728,215.666,689.261,4686.5,3668.55,757.678,294.678,1807.22,4654.71,2460.99,8.18434,1234.62,2416.78,6500.02,3271.69,282.099,12.7084,1110.73,3106.8,1753.09,39.011,419.075,2330.59,4652.84,718.67,1484.35,3106.77,2703.56,1451.27,318.338,1204.97,1047.56,1168.05,204.886,4122.18,5369.02,2318.64,2000.92,4607.75,61611.2,27283.9,1632.69,3271.64,5536.04,6934.48,1168.14,1729.47,2553.86,2019.45,331.289,929.798,3125.51,3322.99,1214.97,292.927,4082.62,3034.57,295.549,86.0702,1431.57,4649.19,2260.61,58.4809,320.982,1020.33,5073.96,5720.01,3702.05,853.9,2221.37,5212.16,3244.34,417.537,784.098,3801.84,7933.92,2811.02,525.237,1533,4353.55,3572.67,6613.44,8227.24,273.594,205.346,899.741,4572.99,4460.29,1154.66,681.991,1850.98,6123.24,2853.11,65.2663,1130.43,1042.29,2844.11,4730.81,1725.82,824.786,17.4683,3340.49,3532.6,122.244,484.018,2515.11,4410.59,791.815,1325.03,2609.09,1054.34,221.62,4.59258,573.22,516.648,314.318,289.46,4759.98,6944.43,3057.53,1399.73,1432.57,41103.8,31652.5,871.981,1970.86,2738.51,5111.35,2314.14,94.4284,1058.76,1036.08,100.612,187.276,852.712,2002.07,1098.55,209.655,3667.79,3249.07,529.435,479.736,853.069,4960.36,3914.86,55.0353,71.1741,719.115
148.607709751,1039.35,2137.46,2690.96,789.345,489.504,4292.21,1629.1,104.334,182.238,2152.69,4124.92,440.544,379.424,920.296,445.24,6654.35,3470.82,1394.47,629.278,4897.18,7833.37,2609.45,602.216,1903.35,6344.52,8112.8,1616.55,42.7329,382.257,3955.42,2772.33,3770.09,3250.59,537.187,222.464,502.575,5327.03,4682.95,1389.97,754.756,1415.37,4301.22,3675.71,260.827,1521.26,1382.83,5195.47,1884.84,325.45,2.71727,867.526,2197.15,1390.67,24.9048,719.913,2124.98,3579.48,517.8,1155.81,3083.26,2802.39,1842.05,776.203,1067.87,1151.85,1434.67,7.9314,4834.09,6760.02,2314.45,1749.61,7809.06,65866.1,33206.1,2739.32,2901.04,6877.85,9424.17,2261.57,2574.08,3831.96,1829.16,472.073,1205.08,3636.93,3603.28,1058.07,247.209,3151.73,2939.39,602.984,204.521,1401.5,3664.27,2044.04,13.4966,754.861,301.227,3921.9,3647.81,4060.7,2203.46,3997.07,7316.64,2902.15,653.477,1253.84,5502.24,10155.2,4383.98,1172.32,1854.57,3165.32,1774.32,3913.45,7360.26,314.803,236.881,724.804,4929.66,5502.41,1826.75,899.132,2275.79,5725.94,3439.23,28.9209,1458.85,524.408,2230.63,2908.41,2282.37,1028.07,291.009,3150.01,3206.84,316.805,750.661,3077.89,3075.51,522.839,990.329,2685.36,1064.02,162.828,49.9197,629.231,564.785,329.667,53.2046,5049.68,8976.94,3732.49,884.204,2907.82,44628.3,36797.8,2483.7,1463.1,3245.06,6538.2,2782.38,283.656,1587.88,1181.99,3.78654,76.551,817.28,2433,1151.88,276.106,2848.03,3339.83,1128.64,634.697,941.212,4367.17,3889.42,370.836,315.148,463.371
150.093786848,1048.21,1619.99,2764.93,437.064,471.539,3862.45,1337.38,218.69,395.399,1530.14,3457.56,607.243,407.306,1106.11,75.6399,5758.14,1980.99,1502.34,1420.4,6210.42,8398.54,2323.32,806.661,2370.52,7043.12,8755.99,2036.92,128.88,181.482,2988.06,1364.51,2259.34,1958.33,279.767,200.467,406.483,5750.08,5455.69,1806.71,1356.36,930.123,3789.91,4985.99,944.26,1742.17,456.295,4086.16,943.437,384.978,3.36375,767.259,1351.54,929.643,223.796,1138.96,1527.29,2785.93,749.596,752.881,2892.57,2265.3,2181.95,1434.13,681.202,1248.59,1347.29,289.975,5887.66,7669.35,1784.02,1222.75,11361.1,71206.3,38896,3540.5,2128.01,7230.63,11750.1,4040.84,3249.99,4878.56,1602.48,500.721,1856.94,3355.53,3586.04,957.188,252.275,2460.85,2586.35,856.278,417.701,1364.99,2439.63,1962.51,120.796,1217.65,206.233,3586.59,1708.61,3937.41,4011.66,6239.49,8943.1,2446.14,710.443,1938.8,6783.49,11497.3,6214.62,1850.49,1809.62,1833.41,1013.53,2739.26,6393.3,480.507,205.037,485.953,4856.26,6464.9,2056.64,1111.38,2471.98,4785.33,3796.08,311.943,1779.21,223.045,1851.75,1325.03,2714.84,1233.57,578.066,3036.37,2632.18,550.83,1176.04,3441.87,1701.21,699.574,846.894,2300.7,1147.64,82.0584,203.424,548.29,662.794,201.448,8.94743,5453.48,10571.4,3575.49,437.268,4184.23,48928,42889.1,4088.88,825.526,3129.19,7629.2,3437.64,553.086,1937.18,1506.43,40.3877,10.4311,653.09,2744.45,1227.4,399.049,2098.62,3118.28,1718.76,861.304,921.569,3463.54,3809.33,735.02,644.282,371.986
151.579863946,1118.3,894.194,2739.21,240.409,676.629,3673.91,856.642,386.951,633.399,827.615,2955.3,860.08,416.25,1123.42,366.821,5215.51,1058.19,1470.93,2372.02,6813.89,8314.22,1843.94,875.485,2688.13,6528.67,8944.21,2384.97,219.622,43.2096,2206.64,1196.69,1732.17,1153.06,96.7164,117.299,401.35,6118.94,5659.19,1832.44,1990.6,521.905,3498,6133.97,1892.63,1780.64,118.173,3289.27,414.464,375.856,40.5156,638.858,739.408,524.838,494.533,1581.8,855.18,2276.51,1390.75,358.394,2668.02,1349.44,2478.28,2259.43,223.818,1356.98,926.181,903.019,7350.98,8140.42,900.33,744.811,13841.2,76272.9,43217.9,3357.15,1512.99,6043.68,14075.5,5998.35,3186.39,5705.73,1579.75,572.388,2742.36,2417.38,3264.22,1061.29,200.765,1981.66,2022.13,914.75,685.841,1158.75,1419.01,1817.42,371.515,1517.27,716.893,3775.59,656.02,3539.71,5699.73,8178.43,9841.12,2046.38,647.866,2704.04,7032.01,11670.6,7712.24,2418.78,1385.3,777.325,910.222,2808.8,5410.97,639.746,151.614,210.426,4595.72,6977.19,1866.38,1186.95,2339.77,3443.44,3969.5,855.048,1862.84,414.6,1771.81,287.942,2938.19,1346.86,661.756,2945.38,2097.38,583.434,1761.75,3616.35,593.385,1218.13,792.596,1657.68,1458.5,105.897,507.787,329.22,791.323,60.5118,62.0034,6268.21,11720.7,2511.45,316.634,4690.44,53358.4,48724.1,4892.6,422.678,2210.18,8556.55,4171.62,648.2,2153.74,2065.5,179.336,14.4073,434.768,2867.93,1445.01,384.713,1554.97,2492.82,2110.04,1101.91,665.084,2585.2,3537.35,1002.03,859.276,517.092
153.065941043,1188.03,376.431,2673.28,225.33,1009.33,3644.2,437.872,573.649,834.682,282.299,2604.93,1005.49,420.778,961.946,1084.42,4889.37,901.679,1362.37,3180.83,6390.08,7667.18,1369.71,819.361,2729.74,5015.65,8566.07,2640.66,242.18,6.12016,1673.16,1718.74,1724.66,734.288,12.0667,30.0606,549.573,6346.97,5291.57,1445.09,2507.39,506.61,3664.86,6729.58,2785.38,1660.05,403.697,2786.75,247.884,312.469,129.119,464.583,342.282,244.602,657.33,2053.36,481.883,2122.44,2197.73,66.3533,2574.76,605.875,2726.87,3153.58,16.0409,1541.74,354.709,1796.65,9144.46,7853.39,230.834,490.285,14476.5,80034.1,45086.7,2311.43,1079.59,4281.1,15657.2,7753.82,2368.6,6197.4,2164.43,959.703,3575.42,1267.91,2744.13,1304.41,94.1187,1665.89,1369.33,749.972,948.306,792.581,742.031,1507.5,711.77,1551.79,1688.91,4130.68,643.873,3183.11,6554.29,9134.62,9866.91,1842.89,559.104,3354.92,6096.36,10631.8,8408.14,2632.58,813.954,198.682,1025.72,3442.71,4426.94,700.467,122.562,50.6714,4167.51,6936.24,1403.35,1142.82,1875,2103.44,3854.02,1486.85,1659.07,1007.49,1923.26,18.6072,2961.32,1387.22,552.263,2708.75,1705.4,388.596,2545.13,3616.97,54.2729,1849.66,753.005,1177.36,2023.55,363.567,970.212,109.275,991.899,156.289,348.446,7787.37,11686.7,1417.66,426.216,4581.36,57109.4,52806.1,4764.64,263.785,1268.76,8733.7,5101.08,486.859,2339.33,2933.5,402.149,73.8613,256.934,2782.68,1818.77,202.285,1208.16,1642.77,2148.54,1272.07,288.456,1895.38,2916.52,1158.85,867.358,921.149
154.552018141,1139.58,253.949,2649.24,421.6,1485.57,3439.95,376.732,756.787,1040.64,129.95,2202.51,1043.65,367.265,756.557,1911.58,4551.73,1257.98,1355.89,3421.82,5179.83,6515.8,1100.81,692.731,2501.89,3076.64,7659.13,2743.5,202.801,44.903,1336.08,2368.53,1715.24,595.767,9.19468,2.46923,780.579,6244.05,4703.35,863.825,2683.29,972.452,4284.8,6718.44,3063.09,1593.08,931.565,2463.77,406.353,254.504,205.568,305.901,102.415,108.976,655.49,2607.78,610.649,2124.26,3023.09,52.6174,2723.28,410.863,2791.68,4154.67,326.022,1730.74,33.8297,2721.19,10826.3,7014.61,57.3529,367.913,13582.7,81503.7,44328.7,1080.61,680.745,2954.3,15845,9123.23,1126.35,6399.84,3443.73,1882.63,4055.75,422.443,2133.11,1590.2,67.7998,1299.83,885.69,441.738,1146.26,412.576,283.876,1209.99,885.294,1504.53,2658.55,4411.97,1331.76,2908.33,6346.48,8654.73,9123.79,1817.07,545.986,3687.24,4297.53,8714.73,8111.12,2383.51,352.107,16.0841,1142.27,3843.09,3611.19,578.519,112.909,49.32,3638,6476.3,881.23,924.095,1375.5,981.065,3607.07,1767.5,1409.99,1586.65,2145.05,503.86,2968.13,1284.12,370.689,2306.78,1444.88,184.151,3275.82,3599.4,133.202,2398.14,814.346,1150.28,2655.32,916.616,1592.24,79.7005,1344.74,661.078,1004.33,9608.03,10718.6,750.948,456.234,4423.18,59319.3,54325.7,4014.01,148.047,749.501,8136.48,6135.9,197.313,2611.73,3960.13,766.674,153.69,176.85,2522.48,2240.45,18.9088,966.267,864.291,1834.49,1295.7,34.5735,1327.08,2122.34,1160.09,713.635,1452.62
156.038095238,1028.78,341.612,2692.06,932.639,1934.82,3038.78,619.737,969.108,1252.22,348.561,1784.77,921.537,244.605,582.817,2429.66,4179.11,1671.33,1459.28,3015.75,3503.5,5205.88,1012.95,584.462,2063.66,1356.14,6645.25,2422.96,177.626,85.0497,1097.8,2888.01,1437.5,595.466,45.3279,21.3104,821.385,5938.92,4275.25,405.797,2384.23,1632.43,5388.05,6084.81,2607.74,1635.11,1146.16,2427.65,702.5,177.886,251.075,148.997,36.7408,92.559,570.304,3245.45,1090.96,2128.97,3684.33,637.213,2957.88,661.711,2788.61,5162.93,1194.35,1835.21,101.701,3649.24,11595.9,6191.73,192.721,248.516,12224.5,79814.8,41782.7,335.915,348.581,2161.62,14859.2,9890.91,202.491,6126.67,5040.99,3502.42,4110.6,72.4015,1478.65,1932.07,278.948,827.52,649.266,159.34,1282.63,123.796,41.9167,1072.4,672.341,1551.88,2980.95,4607.12,2303.14,2438.9,5491.62,6503.77,8168.9,1789.5,533.647,3844.15,2101.55,6803.38,6544.31,1998.2,86.7284,82.2827,1264.29,3515.73,3062.62,312.009,81.0625,69.1385,3300.59,5633.39,509.342,639.857,927.58,383.079,3301.34,1506.86,1191.31,1815.5,2307.32,1514.01,3023.09,1014.95,176.963,1886.58,1254.37,139.089,3644.68,3695.12,648.673,2611.97,1200.99,1617.92,3168.47,1585.85,2237.16,486.581,1952.25,1516.41,2009.79,10745.1,9801.91,333.987,305.413,4473.12,59560.8,53461.2,3032.01,21.8914,390.377,7560.69,6811.7,89.2247,2744.66,5053.44,1369.93,192.604,189.118,2118.87,2649.78,76.4723,733.167,380.651,1287.99,1161.88,31.7967,870.849,1364.82,982.422,466.236,1949.77
157.524172336,964.245,392.149,2882.49,1689.26,2127.77,2548.39,901.267,1266.28,1509.24,684.404,1410.37,654.156,116.094,430.337,2483.1,3693.01,1808.27,1568.76,2194.38,1741.68,4151.68,926.945,563.221,1523.66,469.501,5434.88,1986.56,165.373,103.342,920.64,3241.23,917.961,661.709,133.966,63.6732,697.867,5276.93,4261.78,410.831,1770.72,2098.51,6947.73,4856.57,1796.62,1701.67,937.931,2533.36,1037.93,97.1976,259.813,30.4952,104.012,168.491,721.285,3911.55,1539.94,2068.39,4017.62,1820.74,3165.94,1041.21,2759.89,6001.11,2472.72,1716.76,453.92,4667.98,11148.7,5260.28,554.876,83.413,10821.6,75982.5,37692.2,410.663,244.859,1907.65,12645.9,10316.7,147.506,5354.07,6198.52,5783.55,3849.26,57.6354,1041.1,2142.23,753.137,456.551,561.243,208.576,1397.1,4.88588,57.6116,1044.29,266.639,1634.57,2530.5,4603.07,3106.37,1740.16,4348.29,3537.91,7242.5,1729.57,556.019,3768.27,529.87,5106.31,4316.27,1657.64,10.6692,312.983,1426.09,2509.03,2769.48,73.9701,67.8923,85.2734,3039.54,4605.69,419.732,350.077,666.848,378.24,2811.69,995.526,932.248,1684.93,2224.12,2665.02,3105.59,647.361,67.6118,1514.87,1035.45,333.062,3595.52,3711.95,1304.58,2498.58,1848.08,2448.68,3528.69,1938.25,2830.86,1537.01,2734.92,2250.08,3236.45,10961,8590.45,372.932,201.939,4430.69,58244.7,50753,2208.38,18.5186,253.3,6799.2,7215.03,337.479,2585.6,5829.11,2437.44,236.328,177.191,1783.77,2908.66,449.226,585.73,187.829,695.562,951.623,242.978,527.583,759.888,719.203,231.938,2268.24
159.010249433,1098.64,341.517,3299.46,2346.73,2067.49,1959.19,1039.93,1689.12,1723.68,944.772,1028.76,413.064,25.7525,261.485,2237.35,3028.06,1582.4,1490.63,1322.13,500.438,3333.67,811.265,654.699,1128.66,318.664,4130.55,1804.4,147.263,125.628,905.302,3391.48,437.754,740.94,305.334,124.327,513.814,4352.4,4365.01,1139.25,1254.22,2212.8,8614.28,3506.3,1077.05,1603.75,542.42,2563.48,1456.02,19.0919,318.019,18.0512,278.247,335.288,1250.63,4581.2,1755.56,1781.5,4210.26,2938.78,3366.59,1319.74,2487.71,6837.36,3505.77,1502.4,867.317,5373.61,10236.3,3591.8,1338.8,65.5828,8956.71,72093.4,32682.1,898.185,401.404,1958.69,9726.66,10560.8,1031.38,4198.65,6394.67,8045.35,3775.26,81.4148,929.377,2117.25,1311.56,374.454,617.693,835.687,1611.11,52.434,276.02,1054.69,17.4494,1651.95,1605.4,4358.78,3432.24,940.466,3128.77,1206.64,6218.06,1875.13,617.133,3644.31,47.874,3594.03,2358.5,1342.57,152.81,662.332,1491.02,1375.52,2529.98,76.6993,169.187,150.136,2823.64,3319.9,758.21,149.27,559.258,864.359,2113.95,583.011,604.845,1362.04,1812.63,3730.01,2995.36,363.503,148.646,1098.24,822.07,615.838,3323.82,3406.67,1752.42,2250.01,2299.51,3580.59,3704.52,1689.28,3505.96,2863.43,3456.4,2791.14,3965.92,10524.9,6584.83,1050.18,429.956,3542.06,56791.5,47572.3,1462.74,86.952,395.037,5662.83,7568.12,816.559,2147.51,6061.58,3733.85,538.68,151.192,1659.27,3092.72,848.26,582.591,267.896,217.129,841.146,469.337,293.371,311.683,569.099,138.236,2171
160.496326531,1526.55,365.075,3902.89,2592.69,1759.44,1446.23,908.359,2190.37,1751.96,1021.66,674.385,257.365,2.23026,102.027,1860.3,2283.19,1087.22,1187.84,634.927,21.2085,2749.63,741.701,816.288,1028.99,454.94,3043.93,1917.9,183.458,187.149,1054.45,3378.96,237.153,831.915,530.312,197.236,353.824,3343.08,4251.47,2463.86,1125.9,2293.63,9847.63,2606.9,629.873,1339.93,179.831,2496.04,1841.35,43.6877,459.026,189.829,568.884,585.266,1947.86,5187.53,1741.7,1439.36,4260.64,3319.52,3551.32,1401.05,2078.75,7547.5,3893.52,1181.66,1182.64,5588.78,9052.96,1705.61,2425.78,594.468,6424.46,70006,28302.7,1196.97,958.886,1608.2,7540.07,10371,2201.2,3032.99,5443,9638.33,4152.12,24.1148,1131.29,1822.41,1714.68,672.711,963.22,2027.33,1928.17,222.569,567.531,1138.18,95.0748,1515.34,688.88,3875.85,3249.28,295.488,2046.1,148.474,5231.97,2434.86,883.01,3523.72,411.216,2439.63,1099.48,1053.43,501.257,971.433,1449.31,468.143,2370.47,369.161,364.038,355.482,2547.86,2017.57,1348.75,66.8557,613.774,1575,1379.09,341.245,360.115,950.57,1268.15,4331.59,2829.65,149.302,352.581,685.006,655.151,735.123,2974.29,2814.81,1779.31,1891.9,2289.07,4767.74,3774.45,993.797,4221.13,3962.71,3791.62,3081.75,3881.4,9263.98,4628.55,1688.9,1147.75,1720.81,56822.4,45999.5,536.566,203.732,375.67,4994.51,7646.23,1173.17,1717.02,5510.59,4932.78,1266.53,200.718,1926.91,3201.21,986.3,686.551,587.827,43.7288,843.174,526.849,164.754,105.288,508.338,207.535,1708.56
161.982403628,2198.27,726.939,4533.16,2346.45,1272.87,1135.02,575.261,2679.58,1532.99,908.799,402.325,166.332,43.9893,27.6926,1434.93,1604.16,542.103,779.929,207.995,108.778,2511.31,749.279,944.404,1296.73,449.611,2396.75,2214.25,323.294,312.136,1263.97,3231.54,429.409,930.789,737.637,262.949,306.458,2391.55,3722.22,3987.72,1447.18,2760.72,10291.5,2314.51,477.768,999.158,38.3504,2310.63,2080.89,233.174,656.587,551.546,985.054,877.47,2403.94,5735.59,1608.93,1250.31,4106.82,2781.49,3647.47,1331.53,1721.61,7959.27,3606.39,827.239,1252.28,5199.63,7909.37,389.048,3308.6,1922.23,4545.79,70572.4,25873.8,1219.96,2181.81,922.52,6341.21,9955.83,2818.44,2097.7,3668.19,10178.2,4903.69,41.3773,1464.51,1349.45,1770.07,1322.09,1736.08,3470.82,2306.82,427.381,791.67,1294.52,446.366,1270.86,116.149,3269.61,2698.97,10.7452,1191.65,188.367,4684.44,3200.88,1438.78,3568.28,930.539,1683.55,609.658,834.598,905.522,1119.89,1282.76,54.9079,2282.27,861.469,551.077,743.754,2237.47,946.933,1895.12,178.654,882.078,2138.48,782.389,236.321,307.225,582.11,766.977,4336.59,2666.43,29.9144,563.438,346.903,559.281,529.393,2721.89,2026.96,1428.76,1479.52,1835.05,5640.89,3769.79,362.764,4792.21,4469.41,3527.42,3157.78,2868.17,7673.66,3076.48,1729.9,2424.14,495.308,58913.6,46929.9,18.1427,663.489,155.614,4803.38,7665.12,1107.5,1447.47,4242.11,5710.64,2388.11,511.061,2475.45,3218.6,769.792,873.148,1018.33,219.718,977.457,380.029,119.963,92.3533,468.003,392.75,1085.72
163.468480726,2949.95,1488.62,4958.34,1827.03,819.911,920.052,330.782,2969.7,1229.75,720.786,244.796,162.037,69.1391,20.3945,1171.07,964.61,172.43,467.63,25.7922,475.168,2536.53,877.717,1012.89,1840.35,252.56,2198.74,2545.81,543.511,461.575,1460.96,2910.8,891.217,1059.16,853.785,290.733,424.927,1627.55,2791.8,5289.93,2094.87,3681.23,9872.61,2502.5,435.462,760.369,188.039,1846.56,2274.8,540.789,759.79,1056.2,1595.24,1056.36,2441.45,6128.92,1560.63,1212.87,3802.95,1655.51,3549.73,1259.7,1569.25,8020,2880.59,498.133,1098.62,4122.93,7250.12,33.7076,3765.37,3576.67,5256.5,73657.5,26325.4,1435.64,3815,614.877,5797.08,9362.35,2397.44,1481.79,1936.9,9508.3,5690.13,374.723,1737.36,838.049,1558.04,2168.68,2731.17,4781.58,2756.13,488.643,964.719,1478.83,768.015,1098.15,26.0345,2537.34,2099.51,90.1241,597.202,747.807,4724.51,3828.39,2194.32,3865.2,1071.33,1241.8,680.178,789.439,1139.25,1119.69,997.994,76.1827,2264.21,1449.31,643.08,1220.62,2009.48,277.257,2266.73,550.623,1292.36,2332.8,422.275,236.384,444.337,291.384,389.059,4016.07,2376.78,42.8338,718.168,158.981,597.629,137.601,2624.57,1203.56,849.458,1162.52,1157.71,5983.84,3650.26,245.763,5110.16,4140.21,2839.54,2882.38,1428.01,6349.26,1736.72,1434.82,3752.46,1634.34,62830.4,50169.5,746.45,1461.94,65.1796,4631.7,7932.48,626.19,1249.83,2805.16,5713.2,3598.79,1216.74,3087.34,3059.23,375.607,1096.51,1388.24,647.118,1257.73,184.968,131.923,140.124,430.916,576.836,535.394
164.954557823,3780.38,2432.04,4822.77,1473.19,561.565,773.973,291.941,2947.99,1107.23,657.505,331.236,242.782,37.5977,11.5286,1087.74,526.387,25.064,285.376,50.2998,941.308,2566.08,1130.6,1173.96,2321.55,165.559,2238.23,2906.63,673.69,562.764,1643.91,2324.8,1420.15,1228.53,773.131,322.592,699.968,1035.91,1843.79,5915.58,2993.82,4542.61,8780.67,2925.11,327.015,644.396,474.722,1297.43,2291.21,904.565,707.23,1547.17,2459.98,1054.12,2234.42,6258.06,1567.34,1350.95,3440.18,600.563,3063.03,1312.43,1877.9,7423.31,2240.85,217.238,780.516,2980.65,6536.85,831.693,4090.81,4802.59,9215.36,77610.3,30759.5,2397.96,4723.31,1062.5,6162.97,8170.5,1461.07,920.208,911.65,7962.75,6216.63,958.491,1818.49,474.442,1328.41,2931.21,3519.77,5668.77,3231.96,356.34,1171.46,1668.93,805.495,1030.56,324.992,1765.35,1664.16,312.482,254.617,1307.17,4994.15,4256.47,2930.68,4133.56,889.516,979.957,1062.87,905.946,1091.16,1020.61,689.583,331.54,2276.61,1949.51,663.612,1573.59,1956.33,154.56,2366.64,1145.5,1725.05,2102.89,373.91,291.771,647.728,98.3629,263.764,3552.12,1941.34,160.575,841.507,226.464,786.549,36.9278,2583.39,533.36,338.373,966.516,646.365,5803.71,3283.96,759.592,5186.99,3102.17,1982.23,2266.57,380.087,5063.63,1116.24,1172.36,4417.29,5273.54,67593,55209.7,2724.84,2012.44,208.345,4984.2,7934.98,267.485,917.964,1596.61,5019.05,4547.92,2086.31,3506.51,2747.19,77.8476,1235.71,1620.98,1157.58,1591.99,172.494,214.793,161.832,378.778,694.478,191.525
166.440634921,4339.78,3087.56,4249,1370.25,538.305,757.883,353.262,2674.34,1363.04,853.74,750.735,431.985,15.3211,36.6876,1043.71,376.45,3.06207,183.917,232.469,1370.35,2503.31,1273.45,1412.58,2518.28,377.463,2392.17,3212.55,599.094,637.093,1596,1709.7,1677.45,1371.56,566.178,339.514,1053.93,643.382,1257.95,5600.69,3995.26,4588.95,7440.43,3195.54,162.033,621.991,670.377,830.21,2051.31,1232.69,526.204,1867.18,3534.35,1009.75,2126.97,6102.81,1455.14,1665.76,3090.62,79.2293,2358.4,1330.79,2517.01,6464.01,1676.78,83.7377,500.416,2137.15,5820.48,2043.86,4415.9,5019.09,14672,81888.9,37737.8,4020.71,4421.7,2060.79,6970.75,6737.67,495.823,511.612,497.983,6236.79,6162.15,1543.02,1738.64,354.928,1184.93,3391.46,3776.97,5848.66,3693.8,150.799,1452.08,1850.43,555.34,1028.41,723.302,1127.68,1327.9,456.393,89.5825,1615.35,5203.89,4208.09,3287.52,4151.77,673.418,849.763,1533.18,1096.64,782.575,813.075,454.204,606.052,2215.27,2293.13,561.514,1719.09,2111.07,482.975,2178.1,1817.43,1980.24,1605.17,549.463,450.778,851.521,13.4288,380.936,3067.7,1429.5,302.101,961.751,599.034,1144.74,531.89,2563.43,166.303,59.6228,880.856,680.722,5181.7,2641.14,1674.66,5077.04,1767.93,1196.09,1542.19,94.0258,4027.88,1052.8,1051.85,4182.96,9822.5,71919.9,60265.2,5309.31,1961.73,636.768,5559.38,7644.49,346.921,510.631,815.927,3850.92,4969.7,2746.8,3571.05,2332.93,18.8551,1256.36,1637.82,1563.32,1878.72,421.027,389.826,162.94,355.364,747.688,101.661
167.926712018,4442.08,3061.69,3497.12,1329.35,785.346,858.603,322.597,2406.95,1868.86,1290.53,1502.91,792.085,109.475,187.466,926.426,392.036,3.67924,182.883,483.292,1602.65,2365.53,1126.41,1603.76,2365.74,895.331,2516.14,3270.44,452.935,725.736,1315.09,1180.94,1514.4,1434.06,375.42,367.165,1331.17,523.443,1092.76,4475.69,4811.97,3580.36,6189.79,2982.32,43.064,669.345,700.847,489.146,1638.63,1373.25,319.168,1952.11,4757.82,1105.74,2325.46,5698.68,1162.62,1950.48,2991.65,217.867,1514.19,1286.21,2931.18,5724.02,1010.19,222.701,361.95,1784.08,5104.61,2908.1,4302.35,4720.72,18776.7,85740.2,44698.1,5342.67,3543.87,2995.99,7438.91,5451.11,34.0706,332.409,408.034,4596.6,5717.58,1721.44,1628.77,400.924,1104.94,3567.92,3213.79,5481.81,3885.05,95.6898,1733.94,2118.46,186.343,1129.58,837.13,729.054,970.384,475.041,47.2813,1515.24,5372.67,3376.82,3212.3,3671.53,769.57,903.949,1728.89,1307.94,336.428,690.451,214.881,829.777,1862.42,2653.58,294.364,1842.12,2286.36,991.739,1765.7,2323.58,2018.31,1008.85,785.998,743.055,1097.04,29.2315,677.776,2528.41,1006.63,330.707,1109.04,1221.28,1611.41,1537.49,2597.24,126.244,16.5945,919.679,1381.06,4175.06,1882.62,2455.72,4948.91,660.918,551.89,968.142,602.716,3402.49,958.332,1059.59,3682.89,12821.3,74340,63450.7,7213.71,1702.03,1224.11,5504.41,7456.17,819.741,215.777,344.252,2544.96,4914.37,2828.35,3262.37,1865.29,154.888,1257.87,1371.29,1737.64,2136.18,697.225,631.472,305.502,525.029,847.35,154.725
169.412789116,4187.09,2306.72,2814.5,1093.99,1305.23,1040.78,186.65,2190.28,2318.43,1912.87,2418.8,1329.36,382.655,488.311,759.744,402.44,30.9862,299.668,718.987,1584.09,2157.01,732.925,1635.02,1942.46,1475.23,2556.01,2889.97,466.154,878.601,1049.21,825.305,1058.03,1411.99,373.719,485.577,1307.67,646.39,1269.75,2932.68,5137.12,1962.57,5205.04,2332.92,40.6622,781.877,664.349,339.808,1082.99,1355.15,141.134,1972.34,5716.41,1646.34,2845.71,4949.95,856.488,1993.83,3322.26,742.079,734.112,1200.03,2746.72,5399.62,374.284,741.959,601.148,1696.44,4073.01,3314.36,3504.98,4583.08,19132,87968,50337.6,5106.6,2906.3,2925.52,7728.63,4373.17,32.5246,334.569,439.254,3239.63,5169.1,1278.4,1616.95,436.917,1114.57,3489.78,2027.34,4757.76,3633.76,307.497,2055.85,2374.35,49.12,1318.09,606.046,514.643,591.928,545.947,66.1573,1134.89,5457.2,2070.85,2894.53,2654.68,1196.46,1265.47,1455.21,1471.17,53.5912,801.898,69.2062,1073.26,1206.01,3290.35,49.9081,1998.12,2173.39,1574.88,1159.18,2557.85,1906.17,517.06,929.762,1000.5,1492.06,215.99,1171.03,1793.43,786.645,201.944,1361.03,1742.91,2119.86,2799,2602.72,294.574,110.864,1114.14,2489.83,2988.86,1200.98,2587.63,4878.63,216.433,228.554,716.928,1393.5,2798.24,959.682,1041.65,3510.11,12401.6,73866.5,64285.9,7078.12,1699.6,1420.97,5159.84,7220.96,1220.5,108.552,200.814,1363.42,4557.27,2190.47,2787.51,1413.26,310.223,1337.98,925.186,1709.29,2277.89,836.856,912.109,692.177,1047.22,1346.34,221.202
170.898866213,3594.19,1326.07,2304.8,654.015,1934.47,1268.42,75.0004,1971.35,2436.7,2554.29,3153.69,2004.4,826.198,888.274,577.405,363.584,154.379,520.377,867.217,1314.09,1930.16,274.335,1524.92,1337.27,1889.84,2361.01,2229.53,688.801,1161.87,1036.27,772.606,621.492,1397.74,694.6,739.631,950.666,911.25,1554.8,1476.93,4885.56,561.471,4509.14,1630.89,122.566,918.672,758.906,405.688,502.243,1303.85,93.2286,1933.11,6077.4,2786.25,3324.62,3998.52,622.422,1866.82,3974.62,1304.53,230.086,1077.95,2011.45,5571.26,122.608,1588.39,1288.52,1447.34,3078.87,3067.34,2434.64,4541.15,15604.6,87870.8,53508.3,3353.61,2658.23,1861.27,7724.66,3803.11,121.878,352.462,389.373,2491.55,4587.53,552.662,1644.9,384.291,1183.15,3218.82,768.508,3873.43,2953.24,762.631,2282.08,2618.87,347.378,1535.43,240.821,416.377,384.118,723.204,146.445,681.48,5538.63,922.466,2527.99,1463.47,1708.6,1902.55,897.422,1570.46,252.696,1169.64,334.59,1325.55,683.781,4149.32,320.933,2071.06,1714.37,2083.7,553.637,2552.49,1767.08,244.225,957.506,1112.7,1941.83,692.213,1748.2,1040.72,697.449,92.6006,1652.09,1835.77,2642.16,3848.79,2562.26,476.393,251.926,1489.35,3430.46,1977.12,662.284,1979.96,4914.73,614.429,233.333,707.001,1896.85,2279.36,966.96,866.703,3664.2,8789.9,70608.4,62337.9,5122.72,1988.14,1058.38,4783.73,6916.08,1230.66,103.391,226.097,635.44,3974.95,1192.4,2258.37,1088.67,340.612,1497.36,532.475,1604.51,2255.56,759.765,1213.4,1263.06,1969.58,2440.78,387.653
172.384943311,2906.84,665.179,1922.45,227.301,2515.7,1530.68,165.092,1594.81,2241.96,2808.57,3630.25,2553.19,1307.61,1365.87,433.815,338.818,405.833,759.338,910.243,851.478,1751.95,12.7343,1267.07,764.924,1937.34,2003.37,1439.76,1131.56,1561.82,1297.16,1075.55,587.724,1609.95,1325.72,997.133,535.981,1111.31,1784.94,446.773,4303.71,132.583,4061.98,1129.13,225.298,1109.56,1003.54,639.784,133.963,1303.01,302.746,1673.9,5889.55,4301.38,3314.6,3023.74,548.609,1673.29,4744.82,1735.77,50.0497,937.381,1228.9,6150.85,585.318,2481.91,2368.1,1018.83,2405.21,2335.87,1527.52,4264.41,10583.9,84801.9,53585,1294.34,2728.91,681.174,7058.04,3665.84,99.6679,410.385,335.478,2373.17,4021.44,78.2239,1661.04,252.179,1195.13,2824.78,53.7369,3056.08,1930.79,1381.91,2223.79,2782.68,1160.18,1702.33,20.1444,420.274,408.907,999.136,285.437,454.436,5523.34,623.962,2294.29,506.682,2074.62,2582.6,457.18,1644.7,1115.6,1840.84,1106.81,1590.26,640.182,5180.07,1421.74,1988.03,1072.65,2361.34,180.918,2487.64,1747.08,221.067,854.496,1011.89,2291.6,1539.21,2237.36,483.584,613.251,233.266,1947.85,1431.53,3056.26,4419.75,2323.7,609.206,405.689,1922.49,3885.57,1258.88,308.599,1096.26,4960.71,1582.68,534.002,943.446,1749.54,1922.12,796.592,544.274,4050.16,4437.41,64777,57348.1,2913.91,2493.35,457.588,4259.53,6544.31,875.437,189.022,299.867,412.928,3221.59,437.626,1756.12,887.166,283.094,1575.53,446.4,1611.15,2083.64,544.828,1386.03,1842.63,3286.84,4016.7,896.117
173.871020408,2615.08,577.171,1513.72,61.7773,2903.65,1936.79,427.236,1076.1,1845.43,2480.57,3865.33,2639.66,1717.57,1849.56,413.57,365.161,727.317,967.753,826.86,416.304,1567.38,110.917,983.03,316.141,1654.86,1588.5,731.886,1728.12,2007.12,1626.23,1650.66,1162.39,2224.15,2179.72,1095.07,245.53,1113.22,1944.94,63.3274,3634.28,823.561,3786.38,971.203,317.594,1333.27,1293.81,938.454,109.763,1402.37,851.74,1133.62,5449.1,5662.67,2643.87,2189.19,584.491,1682.41,5212.04,1997.64,137.981,917.454,1109.92,6512.11,1861.59,3480.99,3494.09,617.146,1894.38,1903.89,1083.32,3478.86,7292.91,77836.5,51414.5,385.16,2663.05,198.565,6073.54,3443.06,65.8076,557.475,517.211,2721.28,3540.94,136.61,1593.05,138.818,1205.99,2238.24,144.163,2496.63,828.202,2061.33,1807.63,2746.98,2447.15,1772.6,39.8599,471.225,666.273,1383.89,437.102,578.795,5248.92,1488.67,2319.27,51.2587,2185.46,2982.38,434.182,1859.66,2648.32,2752.14,2060.58,1868.46,1294.43,6308.88,3091.4,1788.51,479.429,2406.68,196.652,2478.97,1888.17,395.654,655.043,775.085,2398.12,2511.56,2663.14,189.157,549.192,596.159,2196.01,766.421,3336.23,4440.86,1805.85,716.545,494.917,2240.91,3870.21,825.047,124.4,532.227,4776.73,2799.65,1121.95,1246.74,1206.57,1524.29,587.744,364.178,4372.79,2454.67,56420.2,49782.4,2163.13,2846.17,172.983,3850.69,5676.76,622.712,300.116,433.993,598.595,2409.69,231.754,1357.91,840.149,266.036,1379.51,704.937,1962.6,1897.74,333.814,1298.75,2206.23,4912.45,5692.51,1775.23
175.357097506,2680.47,891.938,1166.75,188.491,2985.77,2535.74,707.416,576.712,1373.54,1759.28,3774.62,2238.25,1932.75,2139.46,597.79,497.079,980.192,1084.89,653.377,151.858,1405.29,502.875,706.226,66.8237,1252.19,1184.65,309.515,2297.25,2370.56,1723.88,2398.85,2289.3,3149.49,2985,1071.12,84.4011,945.563,2033.1,361.125,2985.02,2018.7,3728.11,1102.91,397.642,1492.6,1456.66,1234.6,384.09,1566.24,1629.36,533.58,4970.49,6540.34,1517.99,1632.24,503.241,1992.38,5202.36,2004.69,454.324,1070.25,1699.56,6457.88,3522.56,4370.34,4408.67,442.573,1549.06,1882.84,1332.16,2405.53,6433.11,68554.7,47114.3,1265.11,2478.47,517.205,4933.5,3068.4,90.6275,729.628,1015.09,3469.17,3115.12,481.807,1517.82,172.401,1153.28,1614.31,773.391,2199.86,126.49,2542.08,1208.08,2514.51,3938.29,1785.1,183.222,544.52,1087.19,1768.38,589.183,877.127,4790.06,3139.97,2530.33,179.592,2060.51,2910.71,829.105,2376.57,4561.74,3679.01,2767.54,2135.92,2455.99,7279.45,4859.4,1499.24,165.737,2205.04,698.51,2476.28,2037.05,707.744,437.986,505.467,2260.3,3184.83,3007.24,245.599,508.329,914.216,2455.93,219.661,3618.47,3904.46,1180.99,758.49,477.126,2390.91,3362.15,713.248,76.2455,438.375,4320.98,3826.65,1895.83,1555.84,543.546,1251.49,344.213,647.904,4545.56,3789.82,46477.8,40478.2,3257.58,2966.74,518.967,3444.98,4533.35,601.721,407.429,631.069,1096.07,1677.24,336.884,1253.82,938.701,300.603,985.794,1180.38,2623.08,1855.06,240.118,1047.92,2192.55,6535.02,7039.72,2782.38
176.843174603,2803.44,1319.51,908.925,409.137,2918.26,3137.29,858.764,226.518,1020.27,944.066,3477.77,1469.69,1904.32,2069.44,1005.61,746.394,992.034,1135.05,430.312,70.1487,1317.12,974.856,457.747,6.9699,907.949,889.887,208.316,2637.05,2544.44,1459.17,3095.01,3728.72,4119.46,3363.1,1004.19,21.0491,711.796,2096.47,1077.89,2398.17,2874.59,3909.8,1270.75,467.203,1562.55,1344.89,1423.68,883.703,1717.67,2254.23,164.274,4929.27,6587.1,548.931,1244.91,290.963,2356.83,4873.04,1676.35,897.497,1426.83,2511.84,5975.62,4874.99,4963.22,4687.96,720.023,1382.74,1837.32,2261.44,1684.03,6650.86,59371.3,40492.1,3325.07,2501.25,1384.27,3532.03,2724.25,149.811,762.711,1841.6,4367.31,2667.65,794.116,1458.55,413.376,990.628,1062.69,1422.69,2253.79,53.201,2570.73,740.028,2210.51,5317.99,1779.56,270.669,686.883,1445.99,1985.02,812.874,1055.9,4238.45,4827.96,2847.18,635.513,1805.68,2376.09,1404.12,3232.93,6305.13,4411.7,2848.49,2388.56,3505.92,7835.01,6210.06,1214.39,114.014,1875.04,1550.51,2354.27,2005.89,1059.06,257.803,302.785,1943.85,3278.96,3136.14,676.052,523.217,913.907,2871.08,204.397,3779.72,3167.78,553.343,790.065,322.873,2436.94,2463.15,833.326,106.971,632.138,3642.51,4319.87,2692.4,1685.75,132.662,1211.6,107.841,1674.07,5000.02,6751.65,36214.6,30575.4,5106.85,3310.69,1599.71,2522.4,3659.09,671.894,419.86,955.53,1729.17,1135.83,427.032,1465.03,1108.57,358.982,544.147,1676.16,3448.55,1910.89,348.88,780.819,1829.63,7856.83,7617.99,3482.91
178.329251701,2736.77,1527.81,792.79,450.846,2909.99,3502.76,826.665,60.0368,843.127,519.752,3064.03,664.724,1621.65,1684.39,1532.94,1039.24,766.113,1093.2,269.77,98.6247,1284.25,1319.66,265.405,49.1345,714.078,713.956,329.249,2642.48,2530.46,917.335,3535.95,5065.56,4728.75,3213.72,907.91,12.8212,542.648,2179.48,1783.23,1835.45,2989.15,4073.24,1387.52,541.104,1496.7,998.697,1445.47,1468.32,1743.32,2432.03,308.725,5475.03,6058.99,60.12,909.418,90.3937,2548.66,4402.95,1108.84,1363.07,1861.41,3003.22,5150.62,5306.81,5053.22,4297.54,1308.02,1211.05,1631.85,3415.08,1882.56,6132.04,51774.1,32515.3,5022.55,2992.79,2069.11,2313.91,2257.11,230.232,741.477,2768.39,5012.3,2209.13,838.295,1445.23,733.174,781.339,638.452,1713.18,2610.08,562.285,2180.01,577.453,2068.36,6296.95,1788.79,234.615,897.484,1564.02,1933.06,1148.56,942.954,3649.49,5868.7,3123.49,1070.6,1515.71,1619.49,1851.63,4180.16,7403.97,4688.62,2316.51,2507.9,3902.4,7778.37,6754.34,1049.78,159.146,1606.62,2329.7,2084.58,1700.26,1296.28,194.901,208.556,1513.02,2794.7,2963.12,1362.33,607.052,645.573,3411.86,943.92,3718.65,2439.8,118.393,868.763,145.873,2360.6,1507,959.99,192.231,809.244,2911.25,4067.11,3251.42,1691.93,98.2512,1232.24,175.442,3344.75,6397.34,8503.86,26827.7,21720.3,5939.52,4429.47,2928.37,1454.5,2863.2,771.823,426.564,1314.56,2231.16,858.215,394.81,1809.8,1296.46,375.56,235.445,1925.7,4244.33,2006.53,560.326,618.08,1374.41,8637.39,7180.13,3593.65
179.815328798,2293.01,1441.87,744.363,296.401,2905.6,3575.63,624.09,51.4181,851.647,791.057,2618.34,147.872,1189.6,1109.2,2028,1324.86,409.074,965.755,211.691,140.185,1333.92,1370.78,174.157,82.7041,657.556,557.819,514.292,2408.99,2305,362.266,3637.51,5939.3,4593.15,2723.94,760.949,32.8846,440.085,2267.13,2140.62,1282.06,2460.08,3992.28,1419.78,546.505,1320.69,555.253,1392.38,1957.68,1477.06,2288.16,982.625,6209.34,5664.1,39.4802,546.107,25.5953,2608.82,3881.87,517.448,1619.03,2233.67,2922.53,4054.4,4724.56,4507.47,3425.97,1926.63,933.903,1362.36,4095.95,2926.98,4262.88,46573.7,24333.2,5245.27,3926.08,2100.15,1463.37,1792,245.332,749.919,3461.56,5183.12,1771.1,629.677,1437.33,914.511,575.866,354.868,1560.5,3196.7,1393.51,1567.15,693.279,2245.58,6716.9,1827.84,141.615,1131.09,1371.45,1665.95,1459.09,624.749,3049.75,5980.45,3177.02,1265.62,1168.75,935.13,1916.34,4911.44,7584.45,4345.76,1488.08,2370.94,3496.59,7033.72,6394.11,1063.13,153.446,1471.18,2637.03,1719.11,1189.16,1336.06,246.201,163.099,1079.46,1990.78,2460.62,2130.41,747.542,446.651,3811.18,2283.74,3489.55,1728.41,38.2851,1025.36,173.745,2123.18,749.109,928.426,344.647,809.404,2190.88,3220.44,3353.03,1572.41,364.666,1408.16,609.275,4975.9,8875.85,7567.36,19242.6,15251.9,4955.72,6425.89,3667.19,674.732,2131.25,821.888,438.469,1564.38,2493.82,803.793,360.935,2015.78,1449.58,292.974,93.9438,1835.23,4885.21,2032.36,697.237,599.695,1275.2,8530.26,5975.26,3012.92
181.301405896,1576.52,1138.8,695.244,125.928,2716,3440.42,352.915,151.516,1048.36,1620.19,2299.91,42.2662,722.405,558.892,2321.95,1598.24,105.425,777.838,218.543,129.265,1491.54,1146.42,162.538,66.0071,670.568,392.676,610.266,2055.12,1898.08,38.98,3486.96,5972.58,3834.48,1975.88,660.441,36.8129,375.116,2266.92,2066.96,787.692,1573.8,3736.25,1244.56,476.613,1024.81,277.112,1293.32,2274.83,963.138,1933.86,1908.13,6803.6,5634.56,302.806,215.593,143.608,2675.54,3301.46,111.985,1617.92,2394.66,2279.69,2827.55,3577.47,3237.07,2582.69,2023,805.029,1023.8,4188.35,3897.05,2378.84,43715.7,17086.1,4311.16,4812.39,1699.98,803.009,1555.15,127.18,838.133,3540.44,4983.56,1331.67,347.862,1384.18,872.323,355.637,203.075,1213.46,3879.31,2144.99,941.536,919.803,2826.26,6398.32,1916.23,86.8917,1417.27,874.451,1375.45,1474.89,308.941,2559.32,5214.97,2913.12,1178.2,784.356,433.924,1698.39,5031.27,6850.24,3515.68,728.763,1913.98,2578.02,5610.41,5494.93,1089.01,95.1811,1393.34,2463.36,1248.61,629.791,1263.47,340.165,104.109,686.547,1285.26,1633.64,2891.97,923.417,524.364,3893,3769.75,3043.35,1103.37,336.201,1208.9,559.795,1752.71,270.087,774.078,522.762,626.939,1468.68,2268.17,2710.42,1587.35,630.419,1593.59,1536.88,6000.95,11237.6,5125.9,13979.7,11532.8,3427.58,8234.32,3732.1,110.093,1799.14,622.384,508.355,1470.91,2601.84,834.926,412.455,2041.64,1420.15,189.362,37.6658,1597.31,5172.99,1958.32,641.981,722.031,1741.52,7479.39,4438.97,1914.91
182.787482993,962.593,729.039,630.793,80.4485,2276,3207.72,171.889,355.021,1357.35,2544.59,2201.35,258.677,346.04,183.093,2351.42,1873.53,27.2928,566.826,228.884,106.255,1723.41,830.613,170.607,53.9867,713.707,220.194,576.303,1591.99,1458.39,69.5928,3083.91,5242.11,2672.05,1225.59,580.785,15.6241,312.196,2123.68,1740.31,379.792,741.969,3379.2,922.226,389.418,633.93,261.537,1321.07,2356.61,429.328,1442.09,2651.17,7066.92,5653.71,680.317,29.9,395.157,2861.41,2604.38,20.9995,1483.37,2189.13,1461.4,1605.57,2315.35,1824.33,1756.92,1646.61,799.915,827.915,3972.82,3968.37,2274.95,42374.3,12639.6,3300.07,4707.83,1451.32,483.065,1417.72,30.2977,751.805,3325.83,4176.46,1063.45,216.63,1180.09,698.05,147.893,143.874,1033.45,4417.23,2546.82,424.364,1109.39,3559.48,5484.28,1916.92,201.765,1692.31,350.998,1138.9,1136.45,154.555,2290.9,3975.38,2306.58,910.829,486.382,146.089,1398.82,4353.67,5499.41,2517.47,193.87,1377.13,1461.6,3868.11,4414.54,962.795,35.5301,1300.02,2040.79,720.006,205.034,1167.82,446.066,65.8755,328.189,850.247,828.957,3514.55,1101.59,765.557,3765.17,4735.67,2477.33,576.497,816.187,1470.23,1228.8,1290.68,68.5441,600.555,644.466,383.822,858.163,1354.97,1758.56,1573.84,775.402,1541.89,2861.37,6559.25,11617.6,3501.21,11426.7,10758.6,3028.08,8387.83,3652.61,71.8354,1564.97,347.348,465.862,1245.64,2392.7,915.683,600.472,1853.26,1195.01,149.876,17.5683,1382.32,5120.39,1734.71,452.736,925.964,2502.94,5943.45,2819.11,838.24
184.273560091,533.091,376.102,603.139,138.605,1684.82,3003.33,139.168,579.592,1677.83,3202.37,2227.24,537.12,146.072,44.4766,2094.97,2254.88,223.592,372.225,210.516,178.843,1978.98,571.748,172.926,127.536,747.811,89.0716,477.558,1025,1132.53,312.492,2572.48,3947.37,1583.02,587.379,499.027,2.52085,218.467,1893.66,1354.8,119.338,216.746,3033.11,641.422,303.843,279.167,455.164,1648.7,2170.05,100.28,957.3,2871.59,6690.44,5535.63,980.187,4.87069,649.664,3113.44,1914.98,141.344,1337.63,1679.73,741.373,681.832,1292.53,674.841,1120.2,1071.1,898.53,938.575,3482.05,3119.48,4399.98,42130.6,12005.3,2743.53,3497.93,1473.44,680.338,1354.73,10.0986,511.228,2893.62,3053.74,902.62,271.579,919.015,436.734,37.2872,158.523,1181.01,4588.71,2521.54,113.152,1224.98,3940.43,4337.96,1668.54,530.622,1939.35,74.9249,939.397,644.44,214.65,2263.26,2718.3,1520.98,652.165,309.43,95.9072,1173.93,3067,3945.02,1614.15,1.16431,875.019,586.191,2235.82,3311.88,729.721,3.82442,1182.86,1565.52,268.836,25.8012,1133.85,536.245,76.8575,91.0527,630.859,441.215,3839.54,1292.35,972.892,3453.13,4784.92,1949.23,220.2,1171.4,1814.19,1894.98,862.691,56.1104,488.239,649.735,183.871,428.268,693.663,840.612,1500.12,672.155,1446.86,3952.42,6668.92,9602.04,3823.88,11799,12784.5,4115.8,6687.15,3543.21,623.721,1404.01,96.0727,336.021,973.193,1944.02,964.807,799.046,1559.91,808.342,209.326,17.6052,1354.77,4732.83,1417.63,231.441,1182.79,3103.47,4298.54,1483.22,165.729
185.759637188,289.785,185.803,627.992,215.91,1141.68,2816.23,275.73,735.437,1914.77,3295.72,2348.19,625.305,93.0308,37.8436,1720.24,2853.61,588.698,213.214,149.861,372.156,2282.93,468.173,203.815,288.903,729.081,53.4892,378.851,502.977,921.817,493.67,2100.59,2542.95,790.891,170.594,421.334,16.1441,132.204,1592.89,1053.94,41.4629,77.2481,2851.39,532.15,195.596,74.3853,698.595,2368.66,1858.35,10.7415,591.237,2434.39,5772.48,5016.91,1137.34,65.3262,900.673,3166.29,1407.68,263.575,1262.32,1080.71,278.557,171.642,624.368,106.226,715.636,503.237,1333.39,1303.73,2547.15,1941.69,7495.47,43315.4,14320.2,2421.45,2083.76,1466.64,1200.24,1526.86,77.7713,265.056,2234.48,2017.27,732.042,440.244,678.711,187.33,73.231,247.24,1558.59,4302.47,2151.29,41.9,1278.36,3717.61,3163.13,1197.27,975.424,2220.88,169.907,714.116,260.521,402.186,2446.03,1735.88,901.03,516.422,213.347,221.719,1066.53,1666.27,2534.48,915.743,125.681,502.164,144.228,1041,2318.04,478.166,32.0008,1029.68,1134.43,31.1674,105.779,1246.32,608.423,97.6159,7.76405,552.724,651.157,3899.91,1355.87,1083.07,2854.8,4092.65,1520.48,48.5546,1241.64,2190.9,2210.68,594.366,87.1883,489.042,562.162,82.6217,173.246,329.696,288.034,1247.72,483.409,1413.56,4545.2,5813,6422.15,5454.09,14974.2,16771.4,5565.86,4411.46,2975.83,1458.06,1507.67,5.37413,137.228,718.659,1411.1,907.503,872.674,1249.65,390.808,354.305,50.0777,1520.91,4076.91,1084.76,104.769,1405.16,3228.66,2796.1,627.993,1.89909
187.245714286,184.28,176.289,678.664,248.478,803.227,2550.08,546.769,823.764,1917.93,2870.67,2407.94,507.989,108.033,39.3145,1482.97,3585.19,1046.66,88.3503,81.0778,600.5,2658.99,639.537,281.696,423.262,675.542,141.513,275.963,181.448,754.196,481.383,1672.49,1468.77,334.278,6.54019,332.121,57.8425,98.2129,1271.02,836.89,123.144,285.799,2864.49,661.314,96.4218,3.20883,910.941,3308.65,1753.76,23.3348,371.111,1576.34,4587.21,4004.39,1190.38,182.269,1103.88,2905.43,1098.95,268.559,1255.11,626.777,65.1177,18.3241,292.198,6.7403,486.083,327.639,2004.2,1748.01,1383.28,1096.58,9755.9,45696.8,18275.5,1916.49,1138.31,1151.51,2054.7,1880.21,167.119,198.083,1483.87,1191.67,541.062,579.131,510.909,42.4229,239.149,420.314,1919.29,3606.7,1660.64,115.365,1302.77,2995.18,2050.37,740.656,1269.42,2598.21,659.616,455.693,81.0545,514.665,2824.11,1246.35,600.382,484.583,189.973,441.458,928.974,672.54,1445.18,438.328,383.818,320.447,59.0603,399.597,1463.36,322.652,94.2142,872.755,786.84,16.1985,318.667,1541.31,782.643,88.0716,8.56952,550.257,1421.22,3895.93,1095.29,1148.67,1932.3,3154.49,1152.48,16.6216,1147.22,2335.94,2173.18,458.233,96.3652,580.951,449.497,82.3785,90.5916,194.59,51.8452,910.929,417.273,1426.8,4814.5,3845.71,3673.88,6616.55,20438.5,21700.2,5860.68,2701.07,1869.12,2490.33,1755.96,107.141,28.881,471.164,917.342,735.809,763.387,960.501,101.943,518.214,177.181,1753.03,3186.34,881.824,97.317,1479.64,2850.05,1598.97,249.736,116.665
188.731791383,129.78,252.947,678.866,243.563,675.316,2274.44,748.374,895.858,1603.37,2197.7,2250.71,325.019,142.117,28.5113,1400.22,4329.2,1519.65,35.8846,27.351,790.521,3078.24,1090.24,390.567,452.728,589.67,321.795,194.808,55.9905,579.686,315.989,1290.8,882.345,133.364,32.4128,233.251,112.365,130.578,970.106,649.514,271.919,699.976,3067.23,945.295,34.6352,11.4795,1098.11,4281.05,1874.99,36.532,301.955,768.15,3255.08,2861.81,1065.94,379.212,1103.05,2477.22,937.086,214.766,1128.11,433.86,37.1972,56.4769,169.822,91.9508,387.992,656.01,2741.97,1969.71,510.843,699.162,10290.3,48646.6,22232.7,1169.59,685.067,655.294,3078.39,2340.17,247.035,254.77,863.661,619.783,327.967,572.862,427.222,39.0495,447.513,704.379,1987.11,2746.07,1170.95,226.059,1346.07,2034.86,1152.94,412.745,1265.64,3063.98,1380.61,271.338,24.7028,488.028,3217.85,1350.07,559.498,455.372,226.669,631.276,737.851,165.814,742.533,192.188,543.761,331.755,84.5939,197.715,826.117,267.337,127.569,753.159,515.85,119.65,579.07,1993.99,1074.36,65.2646,24.3257,619.138,2509.81,3860.12,630.109,1076.43,1048.16,2173.17,887.826,66.4017,1023.12,2080.88,1912.24,426.78,104.463,623.967,403.804,145.05,119.666,168.851,7.67988,632.288,558.602,1641.12,4532.79,1742.8,1972.1,6358.07,26834.1,26406,4609.55,1758.67,752.497,3335.49,2130.56,343.677,40.1619,285.66,521.327,500.908,504.599,726.852,7.60197,613.567,471.912,1821,2262.09,796.297,130.165,1415.83,2104.16,820.702,161.407,226.875
190.217868481,66.953,327.208,602.494,246.724,689.408,2041.56,718.879,970.728,1100.12,1498.39,1892.86,185.05,164.107,32.7207,1434.9,4927.36,1950.6,51.4175,3.53809,887.612,3460.89,1719.98,512.535,345.466,508.838,451.684,173.456,54.0802,374.367,157.275,996.258,743.529,89.1703,92.2765,169.964,143.788,178.379,741.9,442.5,387.994,1194.79,3415.4,1166.92,16.0518,30.6412,1347.37,5041.67,2145.72,36.9475,315.006,251.364,2057.71,1886.2,756.464,646.379,845.086,2009.91,880.668,185.095,868.325,410.124,56.2026,107.675,159.292,135.747,391.724,1236.97,3522.26,1840.37,138.4,507.589,9346.47,51683,24660.3,472.005,505.491,361.578,3717.17,2970.13,336.301,276.028,492.985,254.84,133.548,451.717,386.869,120.626,620.969,1114.52,1637.55,1937.72,778.631,287.359,1384.96,1160.89,545.085,226.917,1050.18,3540.78,2031,218.705,16.6717,432.345,3379.29,1915.99,669.881,337.14,274.549,672.743,546.084,26.0717,359.118,93.4606,527.222,552.242,83.2095,172.53,455.353,233.077,112.235,641.978,331.676,210.003,860.155,2548.67,1311.33,69.7435,23.4029,780.822,3577.17,3774.73,210.851,841.975,413.822,1354.56,738.288,101.481,938.616,1511.72,1514.65,495.058,141.822,559.858,407.128,187.326,171.972,183.49,37.9871,453.929,873.315,2230.55,3567.8,489.555,1114.04,4936.37,32674.2,29756.8,2685.12,1246.92,159.558,3483.81,2799.67,580.731,97.3882,189.207,232.5,277.258,240.064,545.539,45.6605,637.893,951.46,1582.86,1480.24,725.625,130.807,1291.25,1302.32,391.052,155.275,239.364
191.703945578,17.8257,369.954,444.247,298.816,859.902,1717.42,556.371,914.619,714.687,928.487,1454.13,129.759,140.58,113.241,1578.68,5001.18,2500.82,103.124,3.68457,858.128,3727.84,2393.17,551.529,215.235,388.665,505.566,167.756,92.3066,192.406,114.145,885.616,939.414,128.777,88.1496,162.257,143.312,228.45,538.937,266.767,381.16,1711.9,3811.37,1170.07,34.4247,49.0575,1800.15,5312.28,2401.26,94.5463,321.208,48.8784,1181.04,1218.01,424.362,861.812,502.915,1495.87,910.907,257.829,544.547,434.772,56.6864,122.621,219.954,79.1001,500.376,1737.09,4048.71,1724.73,69.962,305.885,8093.41,53972.7,25365.6,132.866,385.447,332.004,4036.16,3405.49,531.666,248.191,255.697,68.8441,41.2732,327.925,316.407,206.747,834.817,1436.75,1119.75,1137.2,647.547,268.043,1387.51,566.53,147.623,196.614,923.535,3612.95,2645.27,252.845,18.5501,433.238,3247.19,2685.69,744.88,201.186,249.095,641.921,382.156,36.9311,173.093,75.1055,480.115,970.467,109.667,134.268,276.273,183.118,108.381,503.113,214.038,200.177,1158.38,3136.5,1345.57,107.183,16.2253,1049.12,4387.48,3475.74,71.746,594.909,75.808,743.697,688.937,62.3562,945.598,836.715,1071.54,596.616,239.63,402.439,417.308,172.89,201.031,243.207,48.8735,410.101,1130.95,2877.68,2705.76,62.7666,567.997,3445.22,36804.2,31381.8,1276.89,789.841,26.0423,3377.04,3365.58,763.298,167.057,96.3619,80.5723,156.243,91.4328,375.687,125.829,717.063,1393.47,1184.5,796.784,718.708,57.5029,1213.76,684.296,129.876,173.392,278.3
193.190022676,1.30657,410.566,232.859,390.412,1127.79,1299.42,350.692,722.463,529.904,683.705,1081.06,97.126,121.593,334.908,1640.34,4516.96,3153.58,227.325,43.2371,698.167,3803.32,3015.75,470.113,121.59,237.321,501.136,160.03,114.076,84.1977,131.373,1078.45,1404.51,211.115,40.1228,155.751,133.265,298.843,339.821,135.621,286.815,2197.24,4077.23,1001.2,77.8419,101.039,2375.05,5207.06,2281.77,328.483,323.599,35.7401,638.048,918.646,241.345,906.151,229.34,965.129,1015.86,415.606,240.852,461.536,40.7725,154.414,303.585,18.8699,593.981,2057.21,4107.34,1794.4,162.861,110.382,7326.72,54984.1,25230.1,129.02,251.582,556.726,4126.25,3386.53,787.434,210.787,127.693,37.4306,30.884,292.781,219.433,278.947,1076.36,1498.03,626.635,544.679,656.996,266.758,1320.56,205.299,4.55062,321.268,977.71,3044.78,3275.72,419.983,37.148,394.928,2974.98,3407.65,697.793,111.152,153.488,562.502,293.776,78.3697,100.074,59.7157,588.763,1516.2,248.666,67.2992,183.272,139.901,157.34,353.117,119.665,140.005,1419.95,3592.15,1262.73,124.121,27.9052,1413.64,4871.79,2813.88,275.327,467.282,9.23635,323.429,690.129,28.013,941.604,332.433,635.995,678.568,390.516,220.585,404.219,137.393,217.567,344.308,35.449,399.075,1362.33,3159.63,2275.66,111.044,192.505,2645.95,38739.7,31868.9,775.487,354.771,226.297,3256.26,3488.8,912.369,218.294,30.7892,27.5357,120.102,119.281,255.023,169.986,861.438,1622.29,736.051,341.67,676.205,23.1109,1178.99,268.736,30.1882,214.508,427.466
194.676099773,32.8472,410.838,96.0888,456.68,1404.5,823.876,203.773,515.854,538.739,691.475,897.002,35.8796,200.136,796.786,1388.7,3821.51,3660.98,428.007,135.467,455.809,3698.34,3513.23,300.525,61.0055,134.466,399.466,185.688,86.8182,63.4175,151.144,1589.6,2113.37,351.867,10.0976,116.154,134.81,305.16,213.383,39.1151,151.002,2533.55,4265.05,684.024,154.491,211.049,2821.25,4969.37,1628.3,820.806,411.83,60.6113,444.806,792.81,273.967,849.849,61.334,513.578,1116.14,596.346,53.1137,438.281,49.4809,204.992,453.421,18.8656,693.228,1919.45,3978.85,1712.53,390.534,56.0481,6614.45,55944.2,24713.6,213.154,213.041,915.941,3799.9,3124.71,862.008,237.352,118.523,134.405,78.471,322.453,154.23,273.953,1370.62,1246.42,325.584,196.88,691.179,408.673,1198.33,29.2255,71.5624,603.191,1087.34,2151.9,3756.37,705.309,107.003,304.872,2602.83,3963.04,563.214,67.6223,60.5964,417.555,281.508,70.8138,99.7196,28.6715,904.176,2188.69,548.326,9.5928,132.671,108.226,203.013,232.728,39.7012,80.5967,1517.49,4021.86,1019.24,141.736,86.9087,1736.34,5042.94,1897.65,679.909,535.589,68.0642,145.984,626.755,91.7471,909.987,53.7132,331.481,664.591,603.465,65.7726,370.23,118.21,204.784,536.538,38.1599,464.275,1293.91,3183.22,1902.21,393.919,98.1403,2260.9,39404.3,32024.9,777.236,123.734,605.423,2888.31,3359.64,860.295,284.496,24.3309,71.4579,162.326,242.009,190.02,130.669,1080.46,1575.93,373.372,80.0215,607.027,166.438,1073.94,94.6975,61.9955,310.579,694.04
196.162176871,137.271,383.626,50.9809,442.266,1694.93,369.725,168.541,458.346,665.104,757.525,862.236,14.3482,469.233,1469.25,937.215,3158.51,3973.83,573.117,258.345,194.619,3583.16,3863.81,133.426,15.8806,70.0069,302.1,195.227,58.9381,95.0041,197.349,2313.43,3025.22,559.957,54.1494,84.4757,129.628,270.733,120.249,0.3588,49.248,2676.86,4509.57,317.289,259.722,309.133,3053.51,4644.79,788.188,1472.13,697.883,77.862,472.968,720.51,450.864,801.905,62.5443,165.304,1239.17,708.857,6.94255,355.191,117.477,321.169,601.08,141.692,806.363,1351.47,3795.83,1383.38,643.737,341.354,5512.3,58342.7,24576.8,171.674,351.571,936.922,3503.57,2562.54,775.664,321.419,193.693,312.603,210.073,392.291,94.3635,197.882,1681.72,885.541,186.693,114.698,725.747,628.795,1076,33.1018,270.615,1074.37,1156.63,1401.46,4053.87,914.605,218.573,198.341,2250.49,4379.24,391.704,34.9641,21.0561,292.272,266.62,46.0091,114.054,31.0576,1323.03,3053.49,987.712,44.3775,105.45,76.7132,214.034,132.512,28.1329,52.5176,1429.57,4546.31,695.21,189.947,156.446,1870.06,5004.79,1030.19,1082.86,806.905,151.271,165.629,535.891,234.913,848.779,44.3896,170.687,609.892,817.542,11.3204,293.147,139.798,235.458,713.969,150.132,589.282,925.604,2980.5,1579.66,594.262,354.111,1540.43,40747.5,32863.7,613.432,168.032,730.505,2598.57,2937.78,661.547,345.361,85.4345,189.885,297.742,399.973,121.77,67.2548,1273.83,1429.7,125.473,0.542912,560.229,423.397,922.402,137.032,156.534,550.402,1063.48
197.648253968,345.243,333.213,41.5294,424.034,1956.72,127.889,238.41,565.01,782.536,758.47,907.403,119.224,855.623,2207.02,576.971,2862.54,4017.61,580.491,393.643,19.4478,3622.1,4105.57,56.7923,22.641,40.7652,243.416,206.326,62.997,122.759,276.977,3123.89,4146.36,782.96,122.918,92.0183,128.191,249.667,66.3481,40.7156,3.08452,2806.98,4805.21,105.986,380.738,348.177,2984.15,4476.87,142.528,2098.33,1136.62,167.481,605.675,652.166,583.691,826.228,262.695,12.4103,1385.51,802.147,26.7283,249.359,262.305,501.019,707.218,350.235,925.064,642.738,3561.4,1010.97,797.936,1040.41,4781.96,62618.6,25908.3,94.0297,737.207,530.05,3391.4,1895.96,581.18,451.914,296.994,521.454,464.416,441.452,48.5651,141.583,1923.04,670.46,135.871,253.281,775.185,741.725,997.072,190.832,532.803,1699.24,1266.92,1132.26,4222.02,906.353,339.299,128.939,2129.42,4625.82,315.382,24.0121,10.6603,219.129,271.655,37.3918,114.65,61.9655,1744.9,4210.51,1437.34,143.731,111.396,58.6955,223.838,65.3303,94.7362,56.1252,1396.56,5040.98,565.489,263.451,215.779,1745.4,4944.97,437.521,1401.57,1217.09,273.736,292.751,476.33,320.826,815.377,288.545,141.701,623.879,1026.43,35.2679,190.958,220.34,351.039,799.138,340.12,777.266,415.026,2687.14,1385.28,565.289,1003.33,811.231,43680.5,35238.1,249.853,537.496,481.247,2485.53,2436.93,354.791,428.563,159.651,331.707,556.345,550.701,60.5102,27.9058,1387.08,1325.4,16.1395,93.5888,554.442,601.07,788.625,301.237,289.257,970.187,1512.92
199.134331066,595.488,277.885,29.1911,456.103,2198.54,222.79,414.883,683.871,829.287,598.545,992.172,437.748,1183.06,2729.32,723.966,3204.83,3651.91,499.7,481.597,55.5082,3826.81,4377.13,104.825,71.5191,31.4764,212.245,312.221,126.413,118.977,330.415,3983.89,5415.5,949.072,145.558,158.029,233.037,249.283,61.8233,128.309,29.1391,3053.37,5231.97,173.304,432.215,353.158,2525.47,4705.8,90.9211,2538.41,1487.02,437.591,817.281,499.035,622.688,837.865,575.067,117.123,1676.7,900.32,46.281,178.79,408.526,734.87,789.771,479.507,1070.18,127.509,3622.77,560.226,832.828,1800.68,5553.38,69351.1,28999,332.589,1184.65,153.701,3152.01,1567.81,467.712,529.332,336.4,809.2,810.083,434.059,20.4026,145.703,2048,775.45,189.699,438.898,793.666,670.911,913.966,514.967,786.558,2215.85,1665.25,1591.62,4154.88,724.624,452.143,153.17,2224.33,4837.67,378.985,32.9055,5.67026,184.887,341.259,78.9917,107.494,77.2622,2189.07,5602.13,1822.26,203.591,158.577,129.746,259.642,68.3216,190.871,88.7137,1535.96,5640.94,692.296,300.461,260.252,1389.56,4967.9,385.731,1682.36,1520.01,489.019,521.512,415.391,313.363,779.588,617.705,281.519,894.998,1209.37,83.2098,124.635,290.904,519.988,864.861,443.273,975.899,51.8148,2728.7,1061.95,469.019,1714.82,1087.16,48459.1,39286.7,294.624,1070.69,198.463,2157.92,2280.94,131.462,487.333,169.55,541.014,930.779,623.714,31.5137,25.0094,1394.13,1409.78,42.3638,240.805,557.557,640.179,617.912,546.307,474.148,1399.81,2044.17
200.620408163,851.94,189.694,21.8112,476.335,2536.21,703.289,656.866,664.303,825.601,308.133,1096.01,920.456,1373.29,2825.78,1546.6,4167.73,3082.6,372.414,441.532,250.576,4301.16,4735.71,215.081,104.761,50.3432,271.918,488.001,250.336,124.195,323.859,4865.51,6703.61,1025.91,134.54,277.508,448.636,347.627,109.776,193.339,99.5772,3444.5,5888.91,489.63,363.686,340.784,1875.68,5248.01,924.399,2703.21,1563.57,863.312,1097.82,272.336,619.193,735.48,867.933,551.322,2244.37,952.567,50.13,111.506,526.006,1042.19,754.754,525.611,1120.36,196.824,3942.12,370.101,913.375,2042.25,8356.77,78591.9,34368.6,996.581,1279.36,15.5569,3106.79,1687.86,520.366,523.926,327.796,1103.01,1210.95,364.779,13.4254,160.012,2138.96,1240.36,352.669,504.729,773.901,460.6,809.876,947.183,1044.68,2317.72,2370.57,2884.83,3933.97,437.137,481.072,234.911,2573.8,5106.46,496.742,38.948,9.98458,211.472,449.308,180.298,124.071,63.9329,2685.67,7064.77,2123.51,183.647,242.373,324.192,380.775,148.555,270.277,127.253,1861.53,6397.97,1119.29,274.342,271.545,897.735,5070.29,1133.29,1922.34,1502.75,791.41,857.352,354.367,282.01,677.383,849.784,665.761,1545.68,1337.57,108.54,80.6796,328.03,757.765,810.683,475.971,1051.21,141.516,3033.42,1005.65,534.668,1841.15,2701.23,55336,45219.8,1102.93,1239.13,114.689,1935.34,2445.25,181.113,479.511,150.029,739.323,1389.59,634.095,21.9824,34.9388,1333.72,1733.33,185.713,320.626,544.399,571.923,409.455,826.231,738.358,1549.48,2586.56
202.106485261,1116.26,90.349,36.3377,433.502,3031.84,1545.47,884.212,500.112,778.848,65.7148,1204.33,1400.4,1376.04,2459.41,2804.38,5567.41,2659.62,252.806,262.609,519.214,5060.67,5084.05,345.247,85.0343,103.891,449.439,703.838,371.104,167.919,251.354,5750.71,7956.49,972.11,143.009,391.497,709.013,594.842,224.345,179.588,192.43,3917.09,6704.86,989.958,197.582,330.125,1352.58,6014.07,2431.3,2537.49,1352.75,1295.19,1419.15,103.914,593.993,539.751,1028.55,1357.38,3061,959.592,46.1747,43.6268,627.264,1308.07,643.53,446.727,1105.08,826.784,4354.73,848.21,1067.27,1644.47,12976.1,89347.3,42163.2,1930.72,896.957,182.017,3537.43,2207.82,674.519,463.321,263.369,1328.99,1639.02,272.809,25.3658,124.237,2325.48,1949.75,598.229,422.044,718.711,255.084,703.501,1352.45,1234.68,1965.18,3156.84,4753.54,3829.92,144.412,383.31,323.407,3223.42,5308.02,625.131,27.893,24.2032,297.244,609.38,284.639,156.895,29.4205,3255.61,8534.9,2244.24,130.697,324.117,577.027,635.04,324.311,280.089,163.921,2337.89,7174.03,1833.32,207.535,260.175,462.948,5289.08,2494.68,2057.12,1180.96,1081.81,1265.69,336.71,280.857,530.247,891.157,1318.53,2507.47,1463.59,79.5295,49.1956,330.439,989.959,673.964,399.625,1024.25,618.789,3457.44,1609.33,819.474,1271.84,5298.96,63822,52923,2633.07,847.937,224.612,2268.07,2800.65,428.756,442.343,93.9846,904.2,1876.21,611.504,17.3618,24.271,1327.19,2164.16,435.088,306.425,496.72,471.414,219.478,1074.42,998.305,1370.34,2960.3
203.592562358,1355.62,48.733,78.636,395.711,3637.26,2585.43,1049.97,264.071,688.174,13.5618,1284.11,1778.24,1118.28,1851.63,3974.39,7015.87,2646.74,239.412,80.0728,892.691,5745.79,5292.59,497.831,35.3111,205.603,663.909,957.175,458.966,179.462,148.694,6673.91,9249.05,771.036,155.205,436.555,1040.86,898.161,386.904,122.759,283.209,4329.3,7382.36,1635.86,44.637,340.319,1228.5,6861.55,3985.99,2144.71,913.809,1624.01,1690.9,112.778,567.944,303.119,1060.05,2384.4,3966.34,1031.2,51.0182,1.10594,797.964,1360.05,536.134,267.389,1036.89,1620.93,5022.03,1855.08,1125.61,992.004,18411.9,99965.7,51109.6,2869.25,398.103,755.286,4150.99,2980.63,879.904,360.012,160.194,1480.61,1950.61,269.298,51.87,74.8658,2630.22,2734.46,860.079,255.433,604.783,179.611,644.123,1627.42,1229.73,1358.13,3741.02,6598.6,4019.84,42.8935,272.058,435.665,3976.25,5222.12,807.426,8.61896,53.1717,437.384,793.914,354.835,158.876,15.9765,3925.4,9997.97,2122.76,94.5481,337.041,871.931,991.639,546.547,239.806,180.015,2814.06,7813.59,2662.78,157.048,249.808,325.579,5654.4,3891.98,2030.03,722.133,1254.99,1672.58,403.814,321.726,380.114,778.376,2149.98,3525.61,1686.19,14.1265,37.5209,385.123,1098.97,511.611,227.334,925.187,1241.24,4033.35,2603.28,1229.01,519.803,8332.37,72210.2,61247.2,4662.67,291.223,544.334,2820.64,3380.44,781.876,349.332,27.3386,1062.04,2211.95,659.324,7.49052,2.29296,1411.57,2607.55,701.903,234.059,375.612,429.604,138.272,1226.72,1114.34,989.066,3022.84
205.078639456,1606.92,148.456,185.877,561.135,4056,3565.46,1181.07,74.1192,544.163,129.411,1377.64,1948.82,698.518,1187.49,4627.57,8089.21,3007.23,417.728,96.7038,1441.64,5969.42,5131.87,751.292,12.7061,390.712,832.604,1087.68,589.749,100.952,77.4341,7712.97,10827.6,509.728,124.826,459.278,1414.99,1073.95,571.512,95.5813,363.058,4637.28,7404.04,2416.76,28.0076,427.743,1626.07,7448.05,5048.11,1593.79,462.074,1721.14,1915.36,268.675,509.244,141.121,1035.73,3405.92,4557.38,1331.01,124.965,86.4289,1163.41,1088.97,488.327,113.868,985.832,2012.97,5911.52,3287.37,951.649,525.059,22783.1,108490,59523.1,3393.82,160.299,1404.91,4856.05,3797.04,891.245,318.911,113.559,1441.32,2082.39,431.791,137.568,153.631,2869.02,3388.6,1118.06,83.6198,440.367,224.615,698.12,1727.56,971.239,745.646,3910.07,7979.12,4218.12,310.909,376.464,641.497,4704.08,4516.33,1134.66,15.1896,135.972,697.939,824.723,415.621,120.106,36.8873,4575.46,11722.3,1783.75,93.1488,270.289,1258.3,1277.81,725.042,223.225,155.685,3300.81,7857.92,3466.79,186.639,311.396,650.475,5916.43,4892.65,1746.27,366.945,1214.8,2080.55,510.745,346.168,306.346,623.392,3074.14,4158.43,1995.24,30.2943,129.827,636.12,1081.81,338.743,36.0494,923.066,1527.57,4573.05,3993.92,1479.84,111.627,10742.3,78348,68852.5,6499.99,24.9602,849.374,3402.12,4106.98,969.717,272.864,17.9721,1152.34,2278.06,828.691,30.8745,19.0278,1513.93,2949.88,950.336,117.824,221.025,430.064,255.788,1312.17,938.312,620.847,2720.26
206.564716553,1870.63,583.889,431.284,962.803,3961.09,4355.12,1226,20.4852,379.416,324.959,1450.03,1898.56,273.503,651.577,4573.49,8549.69,3348.66,822.755,456.322,2268.39,5395.75,4610,1119.66,83.3223,582.823,955.674,983.9,765.092,11.4452,81.5932,9152.02,12902.3,425.606,69.0725,575.566,1573.22,1186.99,640.59,151.84,450.394,4823.24,6448.08,3217.85,312.409,662.741,2170.87,7577.98,5385.03,988.074,140.661,1643.67,2019.46,470.09,442.484,97.2749,988.695,4228.12,4545.74,1754.86,404.001,521.333,1812.37,582.259,539.489,196.483,836.834,2016.91,6518.91,4890.22,792.937,370.054,24268.6,113424,65393,3473.23,110.59,1814.54,5622.4,4281.64,749.902,295.215,222.555,1199.4,1978.54,882.234,350.68,454.227,2752.29,3846.43,1286.48,6.31707,253.184,341.717,839.015,1635.13,563.512,327.453,3588.97,8652.79,4129.53,880.611,795.881,1217.76,5148.12,3287.31,1547.6,106.078,307.744,1007.1,743.266,403.116,105.859,42.8314,5340.96,13814.4,1535.09,104.376,260.436,1527.18,1498.92,755.18,245.49,114.511,3776.09,7089.29,3945.6,457.754,485.59,1194.33,5895.84,5332.13,1195.54,210.318,1118.03,2384.16,591.763,360.742,289.785,581.005,3879.5,4216.58,2166.75,311.211,472.51,1272,1016.96,243.575,29.0929,907.805,1439.64,4717.51,5564.2,1696.21,29.6386,11507.8,80645.3,74237.2,7555.72,8.42739,966.883,4117.91,4472.06,1042.97,171.498,120.661,1180.02,1981,1148.48,154.992,143.824,1453.62,3144.55,1157.27,31.7006,72.3175,467.063,572.069,1309.91,566.823,374.709,2221.11
208.050793651,2111.31,1514.45,915.146,1406.07,3327.96,4804.47,1219.02,46.1691,261.193,456.113,1495.27,1634.07,38.1046,299.708,3994.56,8371.24,3247.32,1395.69,1169.14,3360.06,4126.23,3800.14,1618.65,244.706,737.423,947.378,753.442,852.23,64.9661,230.923,11263,15673.3,752.925,100.476,701.021,1502.62,1183.93,566.051,269.499,680.945,4678.41,4802.56,3731.74,1016.6,1113.82,2292.78,7340.35,5024.2,489.456,26.7996,1469.51,2003.32,573.089,384.024,124.003,985.525,4657.75,3912.75,2064.82,999.403,1456.28,2739.25,199.913,730.453,517.92,630.827,1683.76,6764.14,5943.16,929.251,453.176,22521.5,113784,67016.9,3363,92.9707,2054.77,5996.24,4278.99,549.261,285.149,533.965,861.722,1659.94,1679.18,776.686,917.132,2197,4079.87,1340.01,6.1493,133.53,423.787,1023.14,1326.24,238.169,108.649,3001,8586.24,3582.08,1529.5,1490.54,2406.4,5167.79,1854.81,1986.28,329.48,545.464,1219.88,661.876,292.721,195.261,38.6895,6547.59,16181,1756.57,159.227,345.105,1563.69,1609.28,623.551,282.398,166.576,4045.9,5775.73,3732.71,1120.05,818.516,1496.74,5618.44,5214.46,594.587,220.632,1118.77,2526.02,590.934,340.887,327.484,707.416,4345.41,3738.48,2036.34,969.339,1190.35,2339.34,1129.49,287.566,303.391,902.881,1001.38,4522.91,6467.73,2236.87,181.444,10333.5,78611.2,75620.9,7918.63,37.6882,1038.44,4524.41,4364.68,1033.14,81.0862,331.245,1152.49,1394.77,1564.57,449.109,414.597,1131.02,3213.61,1344.92,20.0062,3.05085,489.425,987.665,1229.08,219.978,232.33,1838.28
209.536870748,2475.77,2777.87,1598.77,1735.97,2295.95,4906.41,1225.93,64.8867,208.915,420.182,1516.68,1238.17,30.3954,119.006,3326.3,7712.59,2540.74,2002.35,2063.82,4477.69,2684.24,2909.51,2193.38,435.57,797.402,833.911,468.904,810.715,290.096,615.07,14026.2,19143.4,1657.73,289.591,714.04,1297.8,1018.25,414.763,388.322,1075.02,4220.79,2882.6,3828.59,2014.09,1743,1836.64,6770.34,4436.69,167.069,95.61,1223.36,1953.65,472.596,363.869,147.989,986.049,4785.71,2732.03,2225.15,1824.09,2653.9,3876.49,378.697,1168.51,970.623,369.804,1196.68,6564.98,6186.41,1242.15,671.362,18767.1,108973,64374.6,3115.04,97.936,2149.23,5702.87,3851.84,405.753,248.238,981.792,605.102,1396.08,2647.66,1352.3,1404.24,1377.19,4071.35,1420.97,12.9787,100.376,371.952,1205,912.792,98.6847,27.2047,2343.57,8262.17,2417.38,2191.29,2312.91,3857.28,5017.26,597.132,2472.97,661,690.513,1352.46,586.422,202.509,379.535,122.939,8190.16,18799.3,2619.39,273.335,452.863,1431.96,1496.67,449.982,272.416,368.951,4107.34,4072.94,3020.73,1960.61,1323.63,1431.42,4946.05,5028.95,132.047,371.272,1120.77,2563.28,518.427,344.597,397.924,801.66,4571.29,2852.53,1742.3,1905.03,2116.73,3649.83,1719.11,588.909,771.114,804.605,505.987,4033.94,6360.1,2951.9,640.729,7782.4,72874,72140.4,7772.8,82.5412,1067.91,4427.73,3843.66,944.203,14.6354,664.883,1098.61,806.43,1918.67,816.813,803.763,672.197,3150.3,1743.22,88.7185,26.0554,416.099,1389.47,1186.88,58.7281,141.038,1554.64
211.022947846,3265.45,3857.91,2194.06,2003.98,1122.86,4862.44,1222.92,65.9106,174.511,299.175,1383.1,906.136,135.426,55.5226,2921.31,6954.56,1399.94,2505,2741.62,5363.49,1637.6,2314.07,2592.21,632.495,711.154,693.085,164.213,782.766,500.902,1160.98,17245.6,23058.5,2952.34,536.8,719.332,864,893.666,190.925,534.109,1440.98,3591.96,1167.46,3654.22,2854.6,2370.47,1040.33,6107.86,4078.48,49.0786,235.158,990.729,1821.21,270.347,344.264,167.481,935.704,4716.19,1432.75,2333.23,2528.02,3575.44,5312.17,1374,1783.69,1302.81,210.432,886.101,5560.74,6020,1382.96,878.571,14307.5,100239,58264.1,2705.86,181.112,1907.68,4990.53,3050.1,362.829,218.503,1411.83,643.418,1502.72,3462.59,1846.97,1849.2,521.395,4022.71,1620.52,3.0319,103.764,257.543,1245.73,617.29,48.1401,14.3944,1919.54,8008.89,1036.14,2847.08,2946.77,4935.17,5004.19,61.4933,2781.77,1051.03,692.725,1330.99,638.889,226.733,545.183,326.17,10057.8,21624,3890.21,398.081,580.379,1099.03,1288.49,251.687,258.433,652.759,3888.14,2428.15,2209.89,2522.22,1858.94,1128.01,4076.57,5139.97,33.3738,602.8,989.961,2534.28,483.718,385.674,514.311,737.637,4558.45,2103.11,1480.15,2826.77,2862.63,5008.06,2870.21,1117.26,1187.36,727.745,211.393,3090.81,5726.85,3256.87,1308.75,4859.46,64874.2,64670.7,6942.38,199.217,814.868,4241.52,2828.7,856.015,54.5411,1041.57,1101.63,445.746,2167.96,1065.54,1219.46,263.538,3186.56,2518.85,238.202,109.718,291.653,1651.3,1274.86,92.3111,135.412,1333.15
212.509024943,4569.76,4370.85,2421.97,2210.96,351.103,4750.07,1191.95,59.9991,143.723,166.516,1132.64,663.429,209.392,63.7048,2962.44,6355.64,341.526,2829.68,2823.56,5821.36,1466.83,2178.72,2629.99,765.874,532.669,501.687,7.99952,825.354,547.689,1635.37,20589.2,27036.4,4112.34,673.835,776.551,384.792,812.708,44.8706,681.947,1559.21,2908.55,177.253,3300.74,3115.56,2828.42,335.855,5679.87,4218.62,98.4152,295.26,831.931,1596.74,103.23,317.989,169.35,818.749,4464.35,667.397,2410.23,2890.74,3790.12,6933.17,3154.73,2440.6,1378.54,165.639,760.009,4159.22,5364.69,1359.55,934.062,10189.7,89865.8,49917.8,2148.22,259.282,1528.99,3913.59,2145.27,398.733,211.965,1651.75,1112.04,2172.17,3893.5,1996.28,2201.21,25.4955,4054.74,1949.98,7.49756,121.13,138.83,1137,479.971,28.3576,38.1382,1916.27,7833.8,254.69,3417.85,3145.88,5188.47,5314.04,429.99,2753.49,1385.12,577.094,1129.34,903.375,427.447,604.073,537.802,11946,24515.4,5008.41,465.502,739.929,646.624,1035.67,141.792,249.544,874.836,3372.53,1343.88,1561.45,2490.72,2291.79,791.971,3482.23,5604.84,382.322,808.335,750.955,2402.35,605.809,465.556,635.028,507.035,4339.57,1982.51,1475.55,3499.36,3032.22,6159.27,4447.48,1760.75,1340.29,673.308,208.136,2058.48,4630.72,3157.62,1749.07,2434.11,56697.6,54742.5,5411.05,376.686,514.383,3840.27,1774,730.831,204.334,1319.17,1256.28,516.719,2296.34,1020.3,1630.75,173.308,3541.83,3591.72,513.877,218.695,153.532,1754.33,1480.67,270.929,216.599,1103.63
213.995102041,6303.74,4108.84,2279.21,2255.73,313.857,4674.69,1126.36,56.8517,107.107,78.3923,860.334,487.344,189.123,135.926,3252.75,5988.03,22.6984,2893.66,2275.96,5701.65,2355.99,2490.32,2180.2,847.333,284.848,326.766,24.1066,869.014,528.53,1784.55,23727.6,30620.5,4572.08,722.03,806.398,129.776,675.522,51.433,878.032,1265.57,2369.18,64.1698,2824.07,2718.82,2977.69,213.749,5524.82,4850.59,297.57,214.758,715.004,1325.2,72.7978,287.464,143.06,639.51,4167.35,686.55,2473.6,2890.95,3236.28,8415.63,5463.17,2905.2,1174.9,239.374,647.937,2912.42,4084.02,1391.03,735.94,7204.32,79991.3,40881.6,1531.86,189.454,1292.27,2627.28,1323.15,464.369,269.09,1515.71,2046.71,3481.13,3757.63,1778.37,2326.05,187.788,4212.67,2323.61,60.4847,137.663,70.9295,933.67,478.058,27.0324,78.1632,2174.02,7791.29,624.18,3729.39,2906.48,4521.61,6048.04,1437.39,2307.19,1624.63,352.063,904.911,1200.98,799.989,648.254,586.064,13664.2,27416.8,5366.08,504.334,852.626,277.343,696.929,191.704,294.265,878.059,2716.77,994.618,1261.95,1882.5,2539.78,682.05,3307.08,6344.11,1113.14,867.627,466.985,2185.12,898.443,559.242,706.607,221.538,4023.22,2510.55,1910.05,3799.66,2521.18,6820.07,6205.33,2259.65,1192.67,651.461,375.893,1265.18,3098.06,3120.06,1497.08,1092.56,50020.7,44239.1,3524.98,490.492,481.423,3033.17,1081.21,625.62,445.407,1252.23,1674.52,1177.28,2224.95,745.74,1924.09,617.047,4219.05,4741.29,898.816,307.809,58.0731,1713.31,1785.96,466.561,313.428,780.713
215.481179138,8149.65,3170.74,1855.24,2121.91,996.806,4641.69,1064.68,45.3219,80.9088,63.241,618.422,343.772,135.231,238.528,3397.79,6025.33,630.648,2541.99,1416.67,5079.83,4165.8,2886.73,1487.02,748.894,126.759,192.417,130.234,817.723,620.302,1531.2,26412.7,33447.2,4102.22,847.279,700.809,50.3037,632.617,209.866,937.365,804.022,1904.91,779.019,2340.5,1906.82,2633.64,730.963,5841.91,5605.12,551.661,111.6,535.781,1101.04,163.276,268.584,82.0342,486.986,3787.49,1498.28,2589.38,2476.11,2164.29,9466.34,7988.4,2803.39,927.558,323.699,532.477,1748.27,2862.55,1252.7,401.75,5756.72,71811.8,32890.9,927.668,33.4753,993.534,1641.57,660.519,458.007,341.982,1118.99,3258.93,5260.35,3126.7,1346.02,2119.95,920.864,4550.44,2577.31,169.974,154.584,76.0111,689.312,545.295,75.875,132.898,2417.36,7906.13,2024.76,3667.57,2383.98,3293.3,7135.67,2533.89,1622.64,1659.03,163.272,692.256,1428.9,1192.47,770.62,409.523,15180.7,30187,4844.81,622.905,787.91,76.3516,432.921,286.732,367.456,719.285,2003.23,1436.38,1346.58,1000.02,2442.24,913.122,3610.14,7037.39,1907.73,833.511,183.592,2002.95,1149.51,697.703,649.671,67.2309,3563.05,3581.62,2721.61,3545.3,1597.18,6869.09,7900.77,2286.25,961.444,574.203,577.387,604.622,1933.15,2851.54,774.907,986.197,45229,35396.2,1710.48,460.424,443.809,2395.64,731.368,518.559,705.276,961.781,2160.89,2409.98,2082.69,422.806,1910.32,1444.94,5278.42,5592.55,1249.52,387.933,31.3221,1588.54,2037.93,647.565,316.386,489.907
216.967256236,9843.93,1904.34,1290.25,1836.75,2131.16,4610.95,976.01,42.6675,84.2423,69.5522,434.349,268.126,97.6362,316.024,3267.97,6404.63,1755.26,1890.08,615.464,4205.75,6416.66,3166.47,761.829,542.826,50.7944,94.7212,274.023,719.14,724.359,1057.95,28533.7,35532.1,2926.83,1042.57,516.039,100.947,670.309,383.621,856.398,369.385,1548.48,2027.86,1979.47,1031.75,1899.22,1463.94,6685.32,6112.61,762.226,43.294,369.88,934.694,237.564,279.461,53.965,332.346,3396.19,2796.01,2707.35,1713.54,1020.48,9981.35,10282,2157.84,714.314,343.903,376.938,895.371,1921.2,813.51,144.662,5628.25,66046.4,26982.7,422.24,30.9536,542.259,1026.04,255.449,337.764,402.025,648.02,4468.31,7244.71,2257.89,913.466,1618.75,1914.1,4967.61,2568.93,317.987,180.394,131.505,446.809,612.057,201.918,200.258,2493.87,8029.6,3772.69,3333.42,1717.81,2050.54,8437.84,3301.7,919.767,1498.86,77.4422,509.974,1555,1429.74,890.094,148.804,16509.9,32802.4,3856.97,864.349,573.73,2.94326,281.506,320.166,495.492,469.282,1380.54,2497.91,1795.43,240.545,1978.02,1277.2,4387.87,7232.06,2476.59,730.129,89.5456,1840.26,1169.44,835.114,523.954,58.5649,3058.46,4825.81,3545.71,2789.51,681.927,6400.45,9292.63,1842.42,751.881,448.907,692.289,228.76,1350.01,2057.63,168.574,1730.04,42049.7,29642.5,428.095,435.004,225.258,2029.03,712.266,457.428,888.408,579.575,2528.52,4008.42,2074.43,267.336,1495.09,2373.89,6567.44,5768.27,1492.3,413.621,99.3034,1435.3,2029.37,816.066,219.419,354.651
218.453333333,11148.5,859.515,699.807,1481.8,3143.9,4607.83,840.842,71.874,112.936,60.4435,293.17,295.767,122.075,287.954,3022.91,6806.83,2751.16,1260.49,151.763,3162.08,8695.45,3313.33,321.192,289.767,29.0871,73.4257,289.555,739.49,580.299,669.069,30027.5,37502.3,1611.84,1067.63,384.792,283.577,594.031,573.379,608.908,192.923,1330.28,3488.84,1645.45,509.142,1166.29,1949.81,7616.14,6352.63,764.36,37.0718,314.121,747.413,259.546,270.57,153.495,154.493,3216,3956.3,2585.67,953.889,325.33,9645.13,12331.5,1219.52,687.653,189.065,175.594,509.447,1070.54,463.596,65.5932,6173.11,63002.8,23542,173.145,172.74,256.268,524.496,105.723,268.29,316.614,256.036,5499.98,9264.97,1457.48,539.393,1078.42,2683.94,5309.29,2290.78,432.602,231.654,190.467,242.141,634.409,401.523,261.272,2340.62,8140.77,4885.76,2867.12,1053.36,1251.28,9725.45,3790.89,493.18,1154.42,102.477,482.076,1340.28,1598.2,823.609,37.0018,17324.5,35894.1,3031.58,1087.02,351.573,32.4666,153.74,328.512,586.793,285.958,971.456,3822.36,2455.7,49.1928,1443.85,1395.16,5322.63,6855.42,2494.02,682.402,188.323,1610.58,1039.64,829.951,539.211,65.5614,2812.35,5763.62,3722.72,2050.27,142.185,5178.65,10750.3,1116.03,792.247,196.454,740.983,108.082,1032.28,1257.48,16.1372,2542.9,39912.2,27404.1,115.035,486.214,138.975,1474.33,1018.46,578.204,769.343,257.246,2720.7,5729.7,2217.91,346.071,939.019,3019.32,7798.22,5147.89,1548.32,400.834,186.244,1328.61,1647.66,988.056,71.0916,349.994
219.939410431,11691.2,421.546,274.066,1068.78,3581.49,4632.58,673.106,130.655,162.249,28.9302,200.326,348.545,234.377,186.362,2785.44,7107.86,3021.67,821.51,21.7301,2292.12,10462.1,3649.18,259.774,209.222,69.9648,105.775,169.885,878.202,254.939,562.433,31147.3,39547.9,1116.72,910.81,308.294,479.041,452.184,691.9,319.41,210.014,1384.49,4850.22,1425.83,372.557,672.264,1879.39,8390.9,6266.17,556.251,86.9456,282.977,567.644,233.704,253.137,389.486,15.7983,3341.77,4540.84,2114.38,474.518,127.649,8684.36,14052.1,654.617,783.267,45.1299,21.4678,304.058,548.111,512.207,69.9182,6820.79,62019.9,23239.6,147.972,159.781,198.595,240.241,214.821,252.876,197.1,30.1787,6635.56,10717.9,1127.63,292.681,614.072,2889.84,5470.7,1831.54,464.351,314.825,190.215,111.899,587.556,654.792,287.064,2061.89,8133.4,4825.85,2297.47,601.063,1081.43,10609,4513.95,541.021,896.17,139.187,622.286,821.307,1742.5,580.001,78.1926,17949.5,39288,3427.05,1193.81,168.738,158.503,65.7479,336.547,549.767,201.536,901.838,5095.25,3177.85,457.998,1065.58,1119.22,6120.28,6010.93,1930.45,739.615,264.538,1409.47,893.618,716.314,841.334,14.1077,3050.93,6124.2,3069,1541.75,5.02871,3759.22,12008,1030.5,1038.4,11.6635,722.851,79.5602,894.407,1026.86,12.5423,2585.73,38657.2,28456.5,653.933,462.427,199.306,953.171,1400.45,722.11,500.632,51.0553,2862.49,7052,2575.64,595.97,460.163,3171.3,8653.25,4003.74,1386.67,394.459,206.201,1286.69,1048.25,1088.32,18.8264,498.842
221.425487528,11762.2,477.47,56.8174,676.835,3332.53,4585.72,574.983,190.623,243.635,0.632621,115.056,403.451,434.062,95.1717,2511.53,7430.7,2332.75,638.959,26.8928,1976.32,10996.8,4713.35,658.693,358.499,166.548,166.67,65.3871,1040.97,30.7253,804.215,32114.9,41336.4,2139.51,740.997,273.141,593.351,299.249,691.71,95.6866,365.532,1929.31,5466.06,1633.89,463.506,343.441,1316.77,8966.97,5741.57,322,154.501,242.158,377.939,225.921,243.704,744.483,92.8136,3654.23,4442.06,1371.02,346.348,118.233,7894.77,14890.9,1102.48,1109.26,113.048,116.593,248.432,464.474,568.05,32.6389,6918.46,64056,24749,222.97,60.7345,197.257,187.023,634.14,387.969,233.056,230.571,7770.73,11338.9,1340.27,137.195,326.965,2478.64,5404.35,1354.61,381.741,450.167,110.252,55.3316,519.091,934.127,248.608,1736.54,8072.43,3597.38,1791.87,345.645,1349.22,10884.3,5907.84,1200.82,874.39,188.766,830.959,315.27,1793.17,360.401,189.013,18815.9,42167.8,5758.87,1237.58,52.7016,313.641,54.9488,391.801,401.248,195.889,1213.51,5773.23,4088.03,1180.03,776.294,680.527,6480.6,4957.37,1145.4,840.147,230.385,1227.73,860.567,620.259,1513.8,87.1724,3682.01,5878.65,1819.43,1396.55,69.5933,2896.03,12548.2,2227.01,1628.64,196.496,646.902,95.0139,954.092,1031.58,25.247,1800.8,38351.9,31657.1,1591.1,368.746,165.196,605.937,1638.83,954.201,211.417,57.3255,3073,7464.04,3168.44,788.233,190.791,2857.42,9018.96,2735.74,1046.43,472.607,159.184,1343.61,419.299,1129.82,117.136,825.427
222.911564626,11495.8,785.19,3.28713,395.277,2643.63,4382.31,574.006,206.034,437.049,50.7176,23.233,549.412,637.773,54.8367,2245.25,7837.26,1154.58,744.057,4.45441,2240.33,9906.14,6675.67,1664.87,742.856,290.554,228.342,55.946,1210.92,129.436,1464.34,32568.1,42099.2,4648.4,761.858,307.591,583.47,179.212,542.5,108.86,663.917,3050.35,4941.28,2237.08,703.319,88.7855,649.635,9346.06,5070.99,164.51,124.109,270.542,135.307,376.99,398.309,1153.98,451.297,3868.81,3893.54,642.091,435.292,86.237,7413.37,15047.9,2434.42,1435.82,543.322,773.798,783.443,995.896,164.398,74.6548,6007.72,71495.8,27002.4,133.039,76.4808,245.079,492.007,1644.15,746.606,502.114,838.301,8597.4,11181.8,1852.46,55.486,203.779,1753.03,5175.41,921.299,213.24,648.482,29.4009,68.1923,549.158,1260.33,136.804,1371.25,8025.61,1945.53,1579.4,140.012,1874.81,10121.4,8074.96,2643.14,1116.63,315.407,914.13,41.5435,1812.76,393.444,399.188,19730.6,43434.7,9817.27,1420.99,42.5761,428.392,83.3159,465.992,395.84,228.267,1944.25,5353.85,5102.51,2132.28,434.741,332.945,6361.4,4175.35,625.084,807.635,197.704,867.079,1089.29,908.897,2421.29,510.097,4259.46,5254.63,629.753,1471.63,162.936,2670.29,12823.9,4224.92,2188.15,986.036,1092.62,115.697,1586.01,482.657,319.13,594.067,40551.8,36336.5,1816.74,455.79,323.097,117.871,2286.04,1007.29,139.154,249.073,3211.63,7012.17,3647.63,879.037,62.905,2327.67,9052.48,1641.48,695.561,577.978,111.693,1579.64,17.4302,1272.63,242.137,1129.81
224.397641723,10709.3,1155.65,51.0345,231.282,1928.29,4120.99,521.235,212.738,815.066,318.616,59.7287,887.688,756.101,45.1088,2230.1,8029.12,475.694,1100.48,69.5491,2760.12,7608.03,8872.12,3543.2,1405.64,345.893,253.911,204.884,1536.92,505.51,2453.67,31601.5,41385.8,7524.73,1027.77,527.685,459.463,133.894,315.905,459.844,1321.09,4487.16,3561.04,2915.24,1090.2,25.0512,334.571,9478.89,4714.09,54.6079,36.0511,374.863,30.9849,767.681,922.756,1552.2,831.173,3937.13,3185.68,186.041,567.146,57.8693,7044.16,14507.5,4099.07,1735.78,1299.61,1978.58,2208.41,2448.42,137.845,834.29,5555.78,85708.9,32309.7,20.2342,499.677,859.707,1880.59,3223.9,1231.37,792.892,1679.47,9077.59,10111.6,2356.81,40.873,174.467,1204.32,4895.08,554.227,58.8948,911.145,121.767,212.28,889.133,1499.38,61.5912,1113.5,7704.86,1149.45,1627.39,81.397,2482.38,8257.23,10315.8,5037.51,1652.42,451.292,828.774,66.3573,2025.94,742.779,795.622,19523.1,43168.7,13823,1797.59,234.64,520.799,87.7507,573.598,693.003,452.321,3009.97,3914.73,5940.18,3248.29,166.826,113.658,6110.89,4011.45,509.443,766.407,178.673,436.896,1519.78,1875.31,3360.95,1170.95,4515.43,4481.6,47.2279,1575.77,269.938,2957.48,12680.9,6274.18,2729.82,2180.64,1992.87,608.286,2980.09,54.3346,1363.92,62.8182,47747.7,43944.8,796.178,1234.39,1329.81,131.341,3266.68,954.217,114.107,521.027,3432.27,5699.02,3771.16,858.867,14.2005,1964.02,8804.69,1118.83,435.382,600.338,225.897,2063.22,185.674,1438.46,338.514,1329.81
225.883718821,9525.63,1375.12,125.299,160.964,1573.62,3806.71,392.052,275.968,1402.53,976.535,442.878,1445.85,787.079,36.9807,2303.95,8212.98,780.942,1583.32,465.942,3264.91,4712.47,10665.9,6163.59,2276.57,391.963,199.74,581.539,2214.01,950.398,3270.12,28955.8,38889.1,9205.48,1506,1126.82,314.77,146.226,239.574,1080.94,2476.86,6007.33,1830.7,3526.05,1602.03,197.725,563.189,9643.43,4626.16,37.864,19.1278,514.995,242.873,1528.78,1967.41,1814.27,1026.3,3752.62,2709.04,29.188,569.399,116.923,6687.23,13008.9,5500.72,1863.46,2053.91,3841.86,4913.77,4682,1269.13,2830.78,8519.36,108303,43566.1,1017.47,1992.27,2579.23,4486.07,5349.91,1800.41,871.5,2648.53,8768.17,8391.64,2554.53,106.238,193.904,1083.9,4661.14,366.016,11.3764,1222.59,621.986,665.177,1613.54,1553.95,57.3871,958.511,7226.17,1662.14,1908.93,402.436,2942.63,5675.09,11840.1,8029.93,2472.82,577.382,576.216,461.792,2548.04,1285.3,1294.71,17728.2,41250.4,15927,2312.78,751.95,580.888,63.9555,778.944,1257.4,1094.38,4232.1,2001,6539.94,4276.93,146.506,80.388,5924.5,4532.9,807.825,793.014,189.667,87.6636,2144.07,3628.04,4029.4,1791.35,4297.54,3840.98,100.017,1521.55,471.842,3535.91,11882.7,7574.07,3084.49,3199.68,3523.2,2211.54,4745.58,641.941,3354.7,2280.39,62433.1,56345.6,145.097,3473.64,3297.27,1243,4475.83,992.085,76.1758,787.697,3610.47,3896.46,3429.05,785.969,3.29187,1816.84,8482.79,1352.89,276.059,503.191,734.956,2878.26,942.279,1504.81,401.174,1413.68
227.369795918,7945.61,1387.2,177.599,195.316,1694.76,3416.84,270.788,394.297,2035.35,2221.94,1483.38,2185.33,669.833,45.5556,2211.17,8790.26,1928.74,1887.17,1242.09,3768.56,1915.91,12054,8725.68,3045.1,531.076,128.639,1290.04,3254.33,1354.88,3481.98,24806,34537.7,8958.33,2046.54,2090.28,445.65,266.626,434.764,1703.36,3857.77,7623.82,459.159,4301.71,2085.76,408.013,1108.56,10225.1,4676.88,82.4928,77.2847,680.172,991.589,2928.68,3340.5,1801.45,1035.54,3146.45,2645.83,131.392,393.127,319.06,6131.59,10775.3,5900.68,1990.33,2183.48,6115.72,9746.92,7579.16,2762.7,5314.27,17294.5,142304,62697.4,4084.56,4193.39,4892.31,8504.16,8288.23,2038.21,810.158,3602.43,7410.85,6319.91,2403.09,222.411,241.069,1380,4613.37,378.374,88.9898,1461.16,1667.19,1717.06,2706.47,1315.82,130.38,749.682,6960.95,3156.86,2260.48,1119.34,3251.33,2852.42,12663.9,10676.2,3247,766.907,254.786,1260.64,3422.39,1746.07,1693.12,14559.1,37492.1,15606.4,2638.08,1572.97,790.435,30.8317,1210.67,1815.53,2019.45,5572.29,422.25,7377.27,4776.34,302.082,139.818,6066.29,5588.21,1238.62,817.108,339.176,36.5711,3202.74,5851.28,4080.38,2200.24,3487.81,3469.61,555.847,1231.34,794.96,4074.41,10547.2,7339.33,3367.41,3310.99,5443.67,5751.03,7070.33,1705.28,5293.71,8769.25,87116.2,75389.7,2352.75,6596.35,5381.97,3660.34,6517.36,1084.41,19.6809,1161.24,3368.27,2180.92,2777.22,654.47,18.0312,1744.45,8432.84,2041.01,169.94,359.929,1603.31,4150.43,2176.88,1316.34,461.971,1269.3
228.855873016,6052.32,1302.42,214.664,307.405,2065.83,3211.63,132.224,450.713,2481.76,4244.1,3431.91,2817,498.142,47.6163,2188.63,9283.56,3692.62,2007.46,2009.7,4220.96,232.65,13400,10175.6,3333.1,958.004,300.776,2460.9,4094.85,1797.41,3082.31,19601.2,28840.3,7083.15,2520.53,2900,1133.17,712.073,1073.12,1956.57,4897.3,9524.2,383.681,5226.55,2436.05,533.621,1925.8,10752.1,5002.07,144.867,99.0551,891.763,2499.65,5199,4514.97,1539.83,809.178,2424.42,2710.03,401.361,203.353,596.431,5360.55,8007.95,5280.41,1924.39,1843.65,8333,15762.6,11746.1,3883.71,6908.82,32767.7,187849,91820.8,9048.17,5506.08,7341.52,14428.9,11399.6,1841.01,751.199,3997.7,5609.54,4109.8,2067.98,307.184,296.997,1948.5,4858.15,494.893,189.437,1571.62,3264.55,3565.74,3819.05,979.313,209.743,568.859,6734.65,5121.72,2627.75,1795.53,3459.68,676.962,13148.8,12023.3,3572.33,1098.1,158.29,2439.88,4301.45,2030.78,1927.41,10426.9,32606,13110.1,2636.58,2318.08,1354.65,193.626,1991.85,2044.78,2833.15,7069.15,282.16,8548.87,4740.03,441.613,288.3,6459.58,6762.33,1597.27,697.729,737.892,586.525,4921.53,7842.1,3561.33,2183.93,2377.63,3127.34,1138.79,840.133,1105.26,4448.01,8494.9,5995.83,3170.34,2834.06,7031.77,10511.1,10784.3,2897.17,5830.78,18985.2,122246,103366,8661.58,8404.05,7108.17,8123.65,9016.79,1221.47,30.8379,1408.81,2989.72,825.441,2041.45,509.945,39.8603,1760.16,8547.29,2863.71,110.46,266.182,2556.92,5855.58,3624.29,954.434,487.971,873.507
230.341950113,4345.47,1086.33,220.764,438.735,2578.7,3120.16,56.9447,382.487,2702.49,6792.98,6299.69,3234.58,290.599,52.3417,2215.63,9504.86,5428.45,2007.94,2269.39,4675.89,529.095,14617.1,10153.2,3039.71,1608.67,917.102,4176.18,4488.67,1934.07,2259.43,14406.3,22718.8,4482,2510.09,3361.95,2499.93,1657.6,1955.96,1879.46,5197.33,11461.1,2366.61,6227.77,2448.65,598.46,2788.46,10972.1,5287.13,203.22,69.4601,1217.11,4672.35,8288.61,5180.09,1069.37,461.968,1737.57,2815.81,648.041,102.313,723.224,4604.71,4995.31,4078.49,1615.12,1184.81,10117.2,21916.2,15888.2,4769.24,6958.14,52922.2,241984,129755,14600.8,5120.25,10020.6,20757.2,14400.2,1408.01,715.612,3699.78,3783.97,2295.14,1613.1,304.475,352.965,2615,5224.53,738.131,251.051,1538.23,5074.11,6345.83,4614.92,637.224,222.973,498.494,6436.36,6827.01,2892.78,1976.97,3621.22,15.2004,13355.2,11947.3,3187.72,1544.7,488.976,3974.48,4916.68,1939.68,1955.14,6472.17,27352.1,9416.46,2206.43,2746.53,2318.12,867.025,2890.42,1990.42,3143.72,8556.59,2374.53,9890.54,4297.92,473.752,566.314,6800.28,7625.57,1664.85,522.004,1235.33,1799.65,7570.88,8995.7,2600.64,1743.2,1313.25,2716.93,1525.5,514.706,1175.68,4565.7,5932.25,4207.58,2496.11,1899.63,8036.33,15708.2,14506,4533.86,4873.46,30386.5,165009,140011,18163.5,7698.43,8736.86,13520.8,11854.1,1466.16,97.7247,1413.05,2649.58,119.894,1393.01,361.98,48.3838,1815.17,8649.59,3597.42,97.8726,216.807,3262.11,8035.88,4774.09,598.96,407.409,439.947
231.828027211,3079.12,704.598,176.06,512.61,3208.31,2922.49,125.643,291.329,2511.89,9464.84,9975.42,3310.6,138.232,55.7982,2097.04,9727.16,6123.6,1974.74,1842.51,5026.71,3057.15,15696.3,8584.73,2356.75,2185.95,2102.33,6321.72,4414.74,1618.19,1192.83,10230.2,17263.6,1982.15,1988.03,3407.02,4458.93,3224.46,2710.01,1537.2,4610.11,12913.1,6653.24,7266.03,1887.72,690.466,3100.37,11065.4,5217.83,233.3,37.9914,1450.76,7473.29,12004,4935,667.498,158.019,1050.6,3049.15,705.981,66.6446,594.854,3867.38,2448.83,2809.37,997.932,610.994,10671.3,28290.9,17774.5,5252.74,5577.23,71419.8,302457,170315,18053,4085.71,11291.4,26092.2,17425.7,919.845,568.616,3083.7,2293.45,1162.16,1087.81,233.769,368.324,3197.98,5553.64,1046.31,273.648,1315.26,6630.42,9918.88,4993.05,323.728,145.124,466.814,6242.05,7467.71,2942.89,1641.58,3499.84,1092.5,13820.6,10260.1,2384.79,1864.83,1336.87,5875.14,4996.23,1515.02,1614.91,3792.44,22428.8,5766.14,1592.58,2609.96,3634.42,2325.84,3598.93,1642.35,2883.47,9426.28,6925.96,11446.1,3233.17,472.631,763.171,7041.09,7973.91,1343.63,375.119,1471.6,3746.94,11343.1,8735.36,1651.51,991.986,511.936,2375.39,1495.52,312.086,959.299,4214.73,3581.87,2496.88,1458,1096.26,7673.29,21242.5,16784.6,5638.02,3447.92,38273.5,211722,181803,26953,5608.68,9149.4,17957.6,15624.7,1756.54,140.748,1286.21,2385.12,117.096,929.619,199.951,48.1897,1782.51,8754.89,3953.79,146.086,178.627,3584.92,10370.8,5500.3,284.902,241.675,149.258
233.314104308,2191.33,383.683,127.752,517.945,3705.89,2780.72,196.72,257.452,1807.47,12128.6,13955.1,3046.43,55.9376,67.1376,2070.58,9423.47,5873.57,1675.64,1129.6,4966.32,7371.54,16571.7,5877.85,1516.03,2467.74,4065.69,8249.25,3991.44,974.965,404.576,7322.85,13047.5,475.142,1155.71,3062.08,6380.26,5562.85,3107.11,1022.61,3241.24,13692.4,12472.5,8054.56,1058.78,728.122,2879.49,10651.6,5018.83,169.691,31.6838,1452.05,10827.2,15907.3,3849.97,420.663,26.0923,592.079,3212.75,672.764,58.0636,394.989,3115.38,803.461,1732.44,441.835,187.918,10318,32840.2,18237,4275.22,3687.42,82663.7,363859,207075,17223.7,3395.86,9592.58,30866.7,19461.3,731.296,342.835,2244.41,1599.36,657.318,646.523,163.487,299.259,3575.65,5813.52,1199.84,299.771,842.176,7907.82,13601.2,4967.45,104.217,83.7166,525.456,5813.35,7189.43,2501.77,1136.43,2905.09,3649.54,14673,7346.89,1502.21,1896.96,2785.95,7772.64,4565.96,921.822,1064.87,2519.65,18506,3286.62,908.947,2016.05,4926.17,4655.2,4000.35,1052.15,2105.22,9529.87,13046.7,12911.3,1890.1,474.547,772.062,7082.6,7781.35,809.665,295.025,1346.31,6460.36,15710.1,7349.16,911.891,344.508,94.7682,2126.33,1211.15,194.669,601.23,3490.48,1775.2,1251.78,610.957,422.226,6564.22,24840.2,18790.5,4626.36,2525.85,39544.6,257094,223933,30494.2,3910.96,6862.51,21978.6,19227.5,2112.9,156.005,1038.52,2344.56,617.187,585.128,89.896,45.5365,1781.06,8603.46,3928.1,223.124,117.812,3651.94,12277.7,5871.28,85.0941,95.6924,34.6419
234.800181406,1733.99,290.866,87.3237,450.136,4016.71,2725.15,167.131,291.253,1042.73,14306.6,17701.9,2699.04,32.0681,53.8338,2053.69,8512.81,5015.9,1112.82,487.704,4573.54,12513.8,16535,3269.6,748.146,2344.07,6316.67,9973.29,2992.54,425.283,109.413,5737.8,10178.9,105.376,476.777,2113.74,8240.97,8090.84,3119.12,482.16,1810.86,13364.5,18638.2,8391.28,387.682,634.097,2359.67,9706.55,4620.03,88.0978,44.6744,1388.24,14307.4,19383.8,2611.11,336.133,11.1446,497.741,3270.15,637.101,52.631,290.856,2507.72,79.8195,954.345,162.154,40.0009,9357.49,34588,17449,2319.88,2170.46,85484.1,417915,234830,12717.4,3000.61,6543.89,33525.5,20703.2,809.586,140.837,1388.85,1590.31,738.718,409.548,99.611,175.678,3740.55,5859.22,1156.98,308.561,381.564,8638.91,16909.9,4626.29,22.6687,47.9972,623.632,5052.28,6315.16,1649.14,652.497,2160.45,6986.18,15197.3,4429.03,773.772,1600.3,4515.27,9443.5,3695.03,438.176,538.931,2586.74,15723,2212.93,372.539,1108.37,6122.14,7332.33,4087.1,426.731,1205.99,8790.86,19324.7,13864.8,874.367,459.846,643.263,6815.97,7102.12,408.721,231.178,1048.19,9493.29,20091.6,5556.81,492.879,45.7132,77.8012,1994.07,944.448,110.757,293.402,2681.82,665.913,519.024,193.606,104.748,5032.53,26023.8,19602,2524.69,2189.75,35382,294431,260765,27707.7,3113.84,3503.28,24414.5,22296.4,2481.35,102.208,722.711,2419.41,1411.97,364.755,36.815,34.6125,1811.16,8081.77,3650.56,251.999,69.1002,3440.94,13657.4,5804.5,53.8197,29.6215,46.7238
236.286258503,1665.41,338.931,41.618,315.749,4276.65,2697.08,82.235,307.068,646.97,15382.2,21101.6,2498.31,42.3912,62.4247,1685.47,7590.85,3627.11,561.694,143.086,3925.14,17341,15513.3,1444.39,225.254,1901.42,8104.9,11366.9,1845.96,138.845,93.6641,5353.83,8656.38,261.268,126.926,1044.65,9843,10103.5,2737.37,113.186,804.603,11937.2,24050.6,8256.66,77.5139,397.19,1562.65,8774.2,3828.89,93.4818,72.048,1298.17,17901,21663.8,1887.69,279.099,66.7156,692,3481.61,549.777,28.7053,271.074,2112.23,164.52,561.704,58.9049,86.3301,7786.2,35066.2,14224.1,832.896,1412.34,80259.2,461390,248992,7430.24,2167.1,4133.92,32887.2,21874.7,884.487,101.903,684.429,2026.84,1204.6,354.447,47.0132,76.2756,3666.2,5753.66,891.74,292.632,141.775,8580.67,19533.7,4332.92,12.6703,35.3881,545.662,4334.01,4942.18,838.542,289.459,1450.02,10159.7,15199.6,2234.02,286.174,1138.35,5930.74,10721.7,2704.59,159.616,207.073,3616.66,14073.9,1955.53,90.3563,379.042,6972.25,9855.29,3699.97,71.6061,566.286,7210.02,24656.7,14201.9,387.258,318.973,378.829,6488.6,6088.5,261.995,150.897,680.98,12682.1,23686.9,4194.52,246.908,66.5364,377.044,2178.06,732.557,47.9178,140.47,1951.1,324.266,226.769,36.4527,46.7238,3359.84,26100,17592.7,1178.86,1825.01,28357.4,321007,286992,20994.2,2482.84,1455.49,23364.8,25602.1,2628.27,78.9553,327.352,2613.09,2200.16,297.876,20.3526,21.1082,1654.46,7538.75,3022.33,252.886,28.8142,3042.56,14312.7,5677.3,62.7399,20.7727,87.5733
237.772335601,1884.44,469.344,10.0763,238.882,4324.96,2978.61,22.8775,222.648,506.56,15663.8,23724.9,2679.28,78.4182,109.575,1123.37,6654.81,2304.25,231.403,29.2642,3278.91,20896.3,13947.8,497.379,36.5565,1221.23,9326.81,11604.4,1360.07,74.0907,95.407,5733.78,8175.53,395.381,78.6828,613.577,10292.9,11611.8,1991.25,3.81697,305.025,10092.4,27701.5,7971.16,6.22958,183.79,837.219,7850.15,2989.96,127.776,89.7244,1359.12,21196.2,22915.4,1593.13,171.312,220.088,1225.21,3803.01,488.869,5.62149,317.128,1927.56,665.468,394.792,15.5907,147.09,6554.82,33736.1,10648.3,290.038,929.071,70803.4,492511,251609,3409.78,886.712,2097.6,31432.7,22316,829.154,106.489,375.263,2471.24,1908.65,443.3,20.9629,48.8528,3322.62,5804.56,432.835,234.35,86.3008,8049.77,21093.8,4449.15,21.6092,73.3772,311.988,3716.2,3568.51,310.449,83.141,916.482,12532.5,14694.1,968.811,89.4259,666.836,6716.56,11162.5,2123.7,52.2201,54.5101,4924.55,13382.1,1957.34,62.5881,133.408,7132.62,11917,2975.01,3.21705,263.835,5452.99,28058.9,14272.2,219.132,130.854,124.848,6160.58,5091.24,218.206,77.4811,525.383,15621.5,26164.9,3524.1,104.193,243.52,888.158,2707.21,614.546,10.5987,115.964,1445.18,436.269,124.676,2.68808,109.018,2379.02,24232.7,15196,501.277,1000.3,21364,337626,301542,13823.8,1391.67,512.96,21416.3,27857.7,2648.28,80.0132,113.663,2667.27,2936.83,351.655,22.5603,20.3121,1347,7120.6,2144.76,248.617,15.6281,2544.16,14254.8,5796.82,26.0449,55.4817,96.4958
239.258412698,2135.43,638.439,11.8073,184.716,4266.14,3712.15,164.577,113.271,378.381,15795,25082.7,3252.21,136.516,197.332,605.491,5678.35,1635.1,117.75,6.11726,3029.15,22464.8,12641,90.7515,96.2015,696.822,9627.93,10890.4,1414.45,82.1151,84.953,6430.36,8320,379.535,141.37,738.628,9795.44,12128.5,1399.79,57.3025,94.7627,8774.73,28965.2,7889.98,21.7286,94.0147,623.865,6892.36,2277.08,146.511,127.812,1801.11,23321.6,23737.9,1457.86,41.7517,521.437,2241.12,4152.63,436.572,8.83357,436.445,1774.51,1248.38,383.706,7.08909,110.774,5552.25,31038,8910.83,201.859,771.258,65057.6,505821,250988,1231.13,84.4279,724.346,30770.7,21513.3,733.371,105.583,279.504,2889.52,2548.05,606.847,26.2509,39.449,3007.84,6016.71,101.797,218.666,62.5733,7550.46,21527.3,4853.25,60.9653,190.2,94.9168,3194.75,2660.27,86.8593,7.9387,726.085,13755.8,13955.7,451.036,130.923,365.907,6699.16,10813.4,1935.55,33.6322,40.9142,6051.79,13329.4,1889.58,127.975,216.207,6991.13,12704.8,2521.32,29.7581,181.779,4353.93,29054.2,14318.6,212.471,27.0544,138.939,5738.13,4285.22,182.972,77.1449,761.968,17591.9,27676.6,3449.54,24.5147,440.015,1717.91,3373.38,584.321,9.50477,180.938,1091.62,673.093,130.819,1.14345,124.904,1831.57,21174.4,13992.5,90.4425,517.567,17817.3,344558,306990,9434.12,616.373,38.3639,20870.8,28189.2,2625.38,74.5925,27.7754,2724.2,3464.85,485.023,37.616,38.6178,1126.63,6777.12,1353.92,278.926,42.5383,2043.94,13865.3,5914.63,7.28295,152.205,115.847
240.744489796,2280.52,716.448,61.7255,88.7572,4337.76,4746.32,657.728,179.003,300.436,15950.1,24826.9,4077.49,213.543,295.102,302.388,4780.56,1669.99,115.178,3.97899,3432.28,21764.1,12024.1,50.4002,260.889,466.911,9003.43,9744.22,1447.39,132.304,243.475,7014.11,8633.5,454.924,211.645,977.804,8861.81,11397.3,1252.93,161.899,62.1238,8513.08,27644.7,8234.17,36.1117,120.257,933.286,6004.33,1753.59,119.695,206.804,2597.93,23708.9,24089.1,1580.24,29.2016,978.389,3655.78,4616.89,317.083,37.0502,509.122,1623.65,1634.87,497.183,43.9946,25.3699,4436.21,27795.2,9769.51,382.198,1260.39,69304.7,496028,251975,1729.08,877.97,1282.52,30542.4,19461.1,728.786,88.9753,316.77,3264.85,2899.1,735.226,79.1691,11.0902,2906.92,6294.48,261.529,358.776,13.7905,7434.93,20788.8,5314.25,146.835,371.692,12.4661,2822.72,2373.54,34.7843,32.8923,959.789,13693.7,13254.7,484.703,263.799,199.468,6135.35,9998.27,1715.61,87.3292,176.161,6802.35,13432,1843.53,178.247,432.435,6723.29,11956.1,2586.54,35.3057,219.851,4389.87,27724.7,14260.6,323.863,61.0361,437.338,5313.47,3621.43,113.065,140.266,1261.92,18333.1,27994.8,3903.95,5.38555,625.886,2942.56,4076.48,525.753,16.9389,240.967,857.525,778.961,227.065,28.6227,59.1319,1376.02,17966.9,13995.2,144.514,1211.03,20459.5,340650,304268,10694.5,1253.99,282.733,21771.8,26764.2,2536.2,61.6186,57.4702,2873.2,3635.99,661.479,67.8351,64.5366,1106.61,6502.54,992.134,348.003,123.35,1879.28,13132.1,5834.96,84.2834,316.025,184.241
242.230566893,2147.34,700.77,163.592,57.5621,4399.43,5898.09,1519.96,520.852,475.279,15865.3,22923.4,4787.71,331.434,337.811,283.339,4046.55,2050.58,194.667,66.4393,4143.18,19507.5,11554.3,360.815,459.972,425.793,8113.78,8073.26,1338.61,227.892,631.759,7325.62,8647.59,832.493,287.565,1193.26,7340.79,10034,1426.77,293.452,225.195,8854.11,24375.3,8687.96,95.0163,228.233,1502.58,5157.79,1453.55,68.9388,311.204,3354.49,22467.2,23317.9,2202.16,213.97,1629.44,5251.63,4956.39,275.976,98.105,540.142,1321.94,1826.58,646.468,115.132,6.6708,3519.9,23591.3,13133.1,1269.04,2743.87,83369.6,459971,252987,6039.65,3382.22,4127.6,29878,16662,795.824,69.6273,499.24,3457.68,2919.82,751.89,175.281,10.9686,2950.74,6536.02,1029.78,703.345,23.527,7747.35,18798.1,5623.67,288.857,500.724,129.177,2668.17,2406.55,123.164,158.438,1423.85,12805.3,12211.4,956.077,431.375,64.0782,5606.59,8660.2,1412.68,170.754,435.145,7353.36,12930.2,2099.27,229.85,775.022,5894.18,10356,2921.75,70.7865,348.251,5220.85,24636.8,13826.1,538.641,184.485,877.093,4858.35,3008.99,63.062,206.445,1796.36,17891.6,26537.9,4902.25,71.7445,964.243,4308.63,4635.74,515.338,36.0604,308.89,599.391,777.253,354.336,98.1563,9.44875,1087.26,14462.2,15187.1,1000.33,3030.13,29604.4,323023,292139,18358.9,3348.31,1585.43,23546.6,23777.4,2398.87,76.5238,217.72,2979.13,3516.7,756.866,118.609,99.2567,1301.29,6145.33,1262.67,491.432,268.623,2275.35,11800.5,5582.18,252.933,439.933,353.322
243.716643991,1769.01,595.247,280.165,157.374,4360.62,6822.06,2561.06,1034.79,1051.85,15144.6,19701.8,4934.6,483.798,308.585,433.974,3469.98,2394.49,406.194,234.036,4612.22,16345.3,10690,988.648,595.737,581.713,7066.98,6158.45,1085.28,336.687,1122.84,7236.73,8154.53,1416.62,377.79,1263.46,5463.08,8342.26,1739.06,433.99,662.396,8993.68,20081.9,8549.19,342.361,412.241,1975.82,4363.93,1265.68,47.8573,395.971,3735.81,19684.9,21235.8,3225.64,561.593,2443.72,6561.02,5035.31,392.249,181.164,514.948,917.535,1806.2,799.788,174.674,55.0406,2725.45,19278.9,16559,3745.14,5542.27,98885.2,402167,244646,15254.1,6565.39,8003.43,28703,13403.2,804.302,65.7591,806.187,3362.42,2635.2,641.034,277.944,84.7501,3040.03,6606.72,2114.68,1181.8,277.251,8061.52,15934.4,5404.9,483.516,496.768,395.535,2587.06,2513.87,363.089,313.17,1911.95,11234.8,10683.9,1648.03,561.191,64.9231,5096.44,7013.41,1116.99,223.515,771.219,7536.73,11644.3,2591.71,312.91,1107.63,4575.71,8305.44,3212.82,237.051,610.273,6113.06,20508.9,12550.4,929.565,321.891,1284.97,4262.63,2426.53,76.0817,221.043,2228.49,16052.4,23447.3,6040.71,280.743,1537.93,5388.9,4881.81,633.333,73.8649,361.719,340.731,701.184,458.251,183.41,9.98425,844.738,11173.8,16293.7,3081.09,5092.26,42191.6,290264,267308,30626.5,5808.99,4126.98,25109.7,19675.8,2154.06,126.598,472.994,2922.8,3174.02,698.667,180.927,149.172,1592.7,5665.07,1937.22,747.652,506.475,2939.33,10067.5,4987.13,467.428,452.139,609.346
245.202721088,1285.14,447.193,345.158,373.809,4196.66,7042.81,3576.48,1493.74,2006.38,13514,15535,4502.66,586.373,260.41,633.403,2935.13,2448.85,731.554,504.92,4604.51,12650.3,9168.24,1754.4,634.778,956.087,5721.89,4452.37,684.382,419.618,1500.69,6658.43,7143.14,1919.27,497.953,1034.29,3723.81,6410.27,2038.95,576.42,1336.08,8359.36,15378.9,7561.68,805.776,635.315,2168.47,3535.6,1111.81,95.5518,419.401,3700.73,15629.7,17991.1,4282.26,988.693,3337.89,6988.03,4888.69,608.216,257.977,436.24,554.579,1498.9,1003.47,175.665,98.5759,1999.94,15642.2,17403,7878.96,10120.5,107029,328589,219683,28278.5,9118.35,12137.8,25802.6,10449.7,593.61,142.359,1044.17,3045.9,2071.66,487.045,319.307,254.384,3030.54,6341.48,3095.55,1621.72,922.058,7828.43,12598,4615.37,644.64,404.843,700.907,2410.61,2473.47,713.872,443.846,2323.44,9012.39,8730.52,2250.21,634.63,320.941,4346.27,5444.47,826.951,203.184,1113.92,7125.87,9697.43,3046.52,448.166,1182.11,3164.6,6103.9,3194.9,567.983,1023.13,6403.46,15904.4,10325.1,1479.12,436.678,1567.8,3448.6,1859.89,166.124,200.238,2461.95,12980.6,19148,6762.87,694.182,2257.27,5746.67,4795.18,824.627,137.077,371.409,154.351,532.17,567.238,205.299,66.3535,572.834,8692.64,15432.5,6611.8,7028.02,53706.2,242899,228276,43521.3,7831.58,8222.25,24038.6,15764.7,1642.83,204.68,640.788,2798.49,2533.33,575.964,211.409,230.869,1805.63,5072.08,2544.57,1114.46,870.513,3414.61,8132.19,4028.52,643.368,385.849,861.902
246.688798186,823.496,253.281,364.192,621.354,3829.16,6395.63,4225.43,1840.58,3021.07,10923.1,11167.1,3634.92,542.888,232.47,784.992,2305.29,2268.83,960.325,816.327,4154.01,8847.89,7091.66,2304.89,672.221,1393.5,4225.84,3027.31,320.48,406.679,1705.67,5490.31,5830.42,2053.92,600.739,611.376,2327.68,4435.32,2237.4,741.32,1909.07,6984.81,10641.6,6089.16,1237.62,781.372,2130.79,2580.87,1007.83,146.703,391.159,3149.71,11281.2,13776,4993.17,1478.56,3921.01,6470.47,4423.18,833.17,324.645,306.478,268.412,1153.36,1016.39,230.128,81.0215,1577.48,11819.3,16441.8,11379.8,15833.2,103641,245972,179909,39677.3,10982.1,15762.2,20547.8,8042.19,349.836,227.807,1091.72,2534.28,1483.09,279.719,302.144,451.27,2867.53,5528.87,3703.84,1910.11,1749,6906.99,9097.33,3575.26,605.977,338.981,851.687,2110.43,2200.98,997.432,597.908,2469.8,6539.8,6427.7,2547.95,683.232,716.878,3453.92,3951.83,645.67,137.653,1435.16,5921.52,7567.5,3030.05,655.447,917.887,1942.98,4002.85,2908.61,924.641,1421.89,5936.18,11151.7,7737.65,1848.22,540.84,1648.29,2481.49,1367.47,241.561,201.583,2262.01,9521.25,14121.5,6737.2,1278.78,2764.48,5385.38,4302.24,995.509,222.946,331.216,38.0249,375.282,593.717,229.221,97.9696,419.39,6549.56,13023.1,9824.29,9425.74,59072.1,186135,178206,51726.5,9902.84,12325.3,20238.4,12070.8,1171.72,197.319,768.57,2388.17,1888.59,394.083,189.577,322.599,1863.6,4233.61,2862.83,1451.11,1274.17,3544.84,5986.4,3010.24,621.756,342.045,913.31
248.174875283,482.689,88.9343,338.161,804.02,3173.61,5190.28,4126.68,2088.81,3532.88,7927.41,7230.97,2513.16,382.253,223.743,735.854,1709.51,1847.95,1000.78,1021.96,3253.15,5521.17,4894.5,2279.49,771.421,1535.94,2908.53,1851.85,144.249,332.766,1656.78,4035.98,4251.59,1881.85,611.04,244.899,1249.83,2816.74,2090.24,907.205,2031.55,5145.5,6584,4329.45,1402.24,850.552,1739.21,1780.62,800.918,175.704,314.946,2240.38,7297.57,9449.03,4918.4,1970.47,3810.32,5335.42,3600.39,981.05,362.797,172.896,107.741,818.585,852.094,303.831,37.4745,1266.16,8164.54,14309.4,12292.3,20469.6,87374.4,166421,132154,43417.4,12639.7,16229.6,15142.2,5660.99,248.455,277.002,1015.29,1863.09,980.913,102.217,236.382,601.426,2452.59,4367.85,3663.91,2011.6,2316.73,5472.73,5938.22,2428.52,414.833,288.441,792.247,1672.91,1791.74,1044.6,739.256,2198.22,4228.67,4232.01,2307.31,737.142,953.336,2590.86,2585.95,604.363,107.498,1507.7,4403.31,5323.04,2590.16,800.547,546.185,949.576,2362.98,2365.58,1119.84,1603.08,4730.05,7007.37,5162.08,1812.27,661.828,1363.49,1653.7,923.096,232.807,218.268,1706.66,6217.3,9328.25,5807.51,1863.35,2772.6,4506.43,3450.19,1068.66,303.944,253.564,2.48152,263.18,508.748,253.862,94.05,354.05,4521.75,10403.1,10437.4,12073.6,54676.1,128780,125344,50626,12268.7,13484.2,15833,8297.78,918.875,151.18,820.722,1784.86,1305.95,216.96,123.634,397.987,1669.13,3247.85,2763.12,1598.81,1543.23,3203.43,3995.55,2003.3,445.555,291.315,791.561
249.660952381,275.59,14.8751,279.848,837.491,2342.74,3744.91,3288.92,2192.46,3237.11,5108.54,4130.19,1458.14,215.284,198.048,553.045,1154.43,1284.54,876.732,1040.16,2096.71,3048.82,2912.63,1741.4,869.448,1286.09,1807.38,1078.95,107.923,220.203,1344.15,2631.29,2679.46,1509.71,466.6,48.5065,613.296,1621.68,1555.04,1001.18,1709.27,3192.31,3618.67,2590.66,1262.4,824.631,1162,1127.18,535.517,171.837,226.137,1332.93,4107.26,5749.74,4002.66,2258.08,3078.65,3851.71,2618.23,972.852,351.203,91.1665,56.9057,502.553,629.982,333.887,8.52119,961.023,5457.8,10536.8,11094.4,21683.7,62240.5,100462,84971.6,37916.9,13785.2,12909.1,10412.4,3723.9,246.655,216.484,892.816,1174.58,581.526,24.1489,163.684,632.835,1843.95,3122.61,2943.35,1940.76,2319.19,3803.38,3470.91,1395.95,212.261,220.353,606.833,1157.75,1297.78,871.259,804.181,1568.78,2399.23,2447.83,1628.44,761.276,923.791,1724.8,1596.64,540.264,147.974,1242.35,2943.14,3254.27,1928.19,753.471,235.774,364.672,1247.31,1596.06,1105.62,1510.52,3098.84,3904.7,2954.54,1429.8,722.926,904.274,984.192,542.709,180.617,216.758,1085.48,3492.6,5447.11,4246.39,2147.38,2366.26,3260.22,2479.56,987.317,343.139,179.267,15.8544,182.74,360.033,275.465,50.7652,314.111,3018.14,7447.8,8685.58,13602.5,41848.2,79024.3,78041.9,40400.8,13899.4,11362.7,11164.2,5334.6,746.763,74.3127,762.558,1186.77,784.202,113.583,64.6028,406.371,1278.87,2273.75,2227.15,1506.1,1541.25,2424.95,2418.51,1140.54,236.969,211.249,587.158