TIME,27.7576,30.2811,32.8045,35.3279,37.8513,40.3748,42.8982,45.4216,47.945,50.4684,52.9919,55.5153,58.0387,60.5621,63.0856,65.609,68.1324,70.6558,73.1792,75.7027,78.2261,80.7495,83.2729,85.7964,88.3198,90.8432,93.3666,95.89,98.4135,100.937,103.46,105.984,108.507,111.031,113.554,116.077,118.601,121.124,123.648,126.171,128.695,131.218,133.741,136.265,138.788,141.312,143.835,146.358,148.882,151.405,153.929,156.452,158.976,161.499,164.022,166.546,169.069,171.593,174.116,176.64,179.163,181.686,184.21,186.733,189.257,191.78,194.304,196.827,199.35,201.874,204.397,206.921,209.444,211.967,214.491,217.014,219.538,222.061,224.585,227.108,229.631,232.155,234.678,237.202,239.725,242.249,244.772,247.295,249.819,252.342,254.866,257.389,259.912,262.436,264.959,267.483,270.006,272.53,275.053,277.576,280.1,282.623,285.147,287.67,290.194,292.717,295.24,297.764,300.287,302.811,305.334,307.858,310.381,312.904,315.428,317.951,320.475,322.998,325.521,328.045,330.568,333.092,335.615,338.139,340.662,343.185,345.709,348.232,350.756,353.279,355.803,358.326,360.849,363.373,365.896,368.42,370.943,373.466,375.99,378.513,381.037,383.56,386.084,388.607,391.13,393.654,396.177,398.701,401.224,403.748,406.271,408.794,411.318,413.841,416.365,418.888,421.411,423.935,426.458,428.982,431.505,434.029,436.552,439.075,441.599,444.122,446.646,449.169,451.693,454.216,456.739,459.263,461.786,464.31,466.833,469.357,471.88,474.403,476.927,479.45,481.974
0.000000000,1207.34,826.441,1115.81,1152.54,887.564,959.253,1131.4,1368.94,1427.86,1162.56,1016.85,1021.78,1060,1020.98,1044.37,1261.21,1430.05,1579.97,1469.64,1118.7,981.526,893.302,947.536,1124.73,934.268,871.612,1384.33,1632.59,1130.03,714.661,972.879,1174.08,1001.05,1067.44,1181.21,1251.44,1673.55,1703.83,1006.89,705.236,1055.88,1085,870.053,1096.21,1345.72,1386.72,1382.41,1143.41,935.071,992.849,983.479,757.115,765.428,1231.1,1418.96,1160.75,1132.98,1181.34,1031.95,971.029,1025.61,1119.05,1189.95,1323.28,1492.37,1294.56,984.592,919.111,912.198,864.074,838.155,1058.74,1174.02,1049.4,1263.93,1313.43,935.853,809.494,890.119,1021.32,1046.37,1009.61,1219.78,1221.89,1102.6,1102.86,876.685,903.108,990.769,936.066,1454.4,1691.71,1254.63,1009.81,944.004,975.836,845.775,645.312,763.251,755.288,992.649,1517.38,1309.84,948.913,1096.33,1136.97,879.235,700.273,979.926,1254.15,1042.85,972.021,1061.92,1013.68,1044.82,953.169,782.029,887.804,1196.3,1292.1,1020.85,889.566,951.047,889.266,837.947,754.876,693.626,894.974,1173,1221.08,1002.07,911.907,1071.09,984.479,754.243,792.481,916.603,1020.02,1167.01,1199.02,961.446,726.164,859.228,951.47,676.216,603.41,960.083,1163.89,1021.74,981.969,975.18,824.607,843.933,778.093,557.001,771.846,1176.39,1168.45,900.493,858.357,1008.18,976.18,889.089,761.154,600.688,926.258,1252.59,892.146,600.007,816.91,939.338,698.582,566.775,738.191,809.775,916.867,1091.43,940.531,772.202,757.643,799.501
1.486077098,1366.36,660.654,1307.89,1301.25,791.838,1041.75,1124.94,1485.55,1637.88,1130.37,1060.6,1018.24,1108.99,1063.96,988.367,1396.46,1453.41,1737.96,1667.56,1064.49,1047.64,887.933,927.412,1301.99,949.763,781.797,1577.44,1962.41,1209.36,599.866,1038.68,1356.18,941.506,1108.77,1287.82,1173.65,1918.43,2042.51,995.329,594.995,1185.11,1221.85,754.773,1193.49,1475.68,1423.49,1572.2,1182,913.865,1052.3,1063.27,758.754,678.594,1410.39,1643.56,1130.68,1176.65,1299.18,1020.36,990.771,1044.04,1153.54,1255.66,1330.31,1703.66,1403.51,935.49,979.182,904.73,921.314,795.375,1117.18,1376.95,950.631,1418.69,1562.43,863.583,841.941,885.888,1074.15,1153.66,935.083,1372.48,1335.55,1045.91,1282.09,825.256,891.261,1166.67,755.054,1723.1,2062.5,1184.41,1104.25,915.251,1048,969.168,523.033,893.12,725.685,960.399,1942.24,1422.39,858.651,1222.68,1222.94,918.216,623.796,1014.31,1505.08,1017.37,973.07,1185.98,974.626,1154.4,1005.41,738.543,902.399,1282.81,1511.14,1030.06,873.802,1062.5,885.03,891.051,782.862,646.215,941.429,1277.51,1362,1032.9,869.514,1197.71,1070.88,696.603,818.092,949.081,1048.9,1263.39,1313.99,1040.33,658.457,907.544,1115.13,650.432,547.952,1057.82,1343.22,1042.07,1005.73,1107.94,782.572,899.943,881.724,459.428,803.908,1350.46,1292.29,901.172,831.848,1123.78,1024.76,904.847,844.417,502.515,995.872,1589.36,927.064,522.206,897.269,1066.83,732.351,493.177,830.53,837.811,909.808,1307.28,962.68,767.846,803.885,781.538
2.972154195,1387.17,385.091,1384.95,1310.81,548.863,1020.42,920.942,1399.59,1661.64,897.7,974.756,854.44,994.673,986.541,749.966,1394.29,1212.21,1670.31,1665.83,823.689,984.933,756.523,758.763,1339.04,825.335,578.423,1563.41,2071.54,1116.1,407.288,957.213,1403.67,713.991,1009.81,1233.45,887.955,1936.79,2156.77,837.846,405.457,1165.77,1234.51,504.76,1159.03,1403.17,1213.91,1582.53,1036.44,756.108,963.534,980.435,673.896,475.83,1440.01,1652.59,923.141,1042.76,1260.56,833.161,881.904,899.878,1016.74,1151.13,1112.36,1699.6,1346.34,713.868,938.553,728.641,876.085,622.326,1015.16,1453.51,673.134,1419.09,1669.45,623.807,786.123,734.578,969.634,1132.66,685.161,1378.34,1280.38,804.055,1329.34,669.18,740.931,1287.7,417.988,1887.94,2238.8,877.428,1094.24,728.797,976.337,1023.52,298.308,969.757,600.308,804.279,2226.02,1340.2,628.182,1209.06,1111.86,837.929,452.893,914.327,1601.77,836.812,826.002,1191.72,744.638,1144.29,907.289,585.28,788.214,1167.33,1559.71,884.741,720.341,1055.28,723.533,831.946,699.86,500.435,855.703,1194.36,1311.44,922.824,679.855,1179.04,1014.12,527.936,732.773,844.076,911.632,1189.54,1222.52,992.102,481.935,839.876,1153.21,527.257,415.487,1014.13,1346.05,911.429,858.214,1132.88,596.431,849.444,886.172,294.949,735.25,1354.28,1218.11,784.064,661.6,1110.69,913.756,780.291,828.951,333.08,940.916,1806.08,828.261,377.081,851.443,1049.62,673.649,340.116,826.669,760.278,737.24,1419.46,821.202,658.471,747.204,624.243
4.458231293,1286.42,129.119,1338.21,1197.5,267.244,905.969,600.525,1150.67,1493.98,561.592,794.748,591.533,770.533,817.041,435.41,1264.1,797.269,1427.25,1450.46,508.617,808.28,556.789,524.741,1207.21,627.313,334.351,1358.67,1917.28,898.201,216.026,740.715,1341.56,395.245,840.416,1004.21,527.561,1734.12,2036.5,586.961,198.118,1045.67,1101.42,245.799,989.664,1180.68,831.737,1420.81,763.077,516.116,768.179,754.171,541.456,245.916,1315.54,1448.61,616.975,781.225,1087.38,534.723,701.854,624.661,781.992,890.225,767.398,1481.57,1169.27,422.351,797.93,470.155,728.807,398.346,800.554,1381.44,351.505,1273.66,1639.22,312.63,678.774,479.895,759.107,979.254,367.309,1276.16,1072,507.595,1192.06,502.727,527.664,1344.03,111.444,1930.64,2195.11,470.421,988.341,466.063,800.368,1002.39,88.4925,984.847,452.204,621.904,2292.67,1107.58,361.481,1048.99,859.335,656.621,260.657,743.444,1500.88,588.323,579.428,1104.71,409.544,1044.48,685.057,385.913,588.694,882.537,1443.4,633.188,510.414,910.741,484.846,679.337,541.841,322.968,648.592,977.115,1065.23,727.837,414.868,1024.49,839.453,311.05,572.505,634.223,664.367,967.606,962.319,828.787,272.766,694.992,1050.37,359.886,253.477,848.647,1173.12,675.58,607.565,1033.3,356.78,726.884,790.835,139.849,573.656,1218.84,945.179,611.188,412.425,976.239,688.495,554.034,732.158,158.515,811.088,1824.96,664.695,225.159,685.729,905.104,538.178,179.792,716.618,626.833,475.896,1409.12,578.071,487.869,610.938,391.939
5.944308390,1131.6,4.68746,1179.94,1012.12,55.621,760.664,281.005,795.206,1232.46,234.593,575.04,342.691,492.889,634.551,191.423,992.731,408.691,1099.71,1082.82,259.456,542.444,390.563,350.607,889.234,462.042,148.821,990.488,1602.28,610.2,82.3896,506.106,1138.25,153.272,672.424,639.306,252.443,1401.51,1753.36,343.241,36.2203,860.571,894.981,48.6108,763.301,889.068,386.291,1217.55,420.748,262.997,578.152,420.719,436.949,101.863,1012.09,1168,292.382,478.569,856.481,225.212,520.29,326.961,499.461,585.561,414.338,1108.88,984.953,176.023,598.217,245.973,490.754,220.004,594.816,1136.11,135.923,1062.94,1482.11,87.5875,520.553,226.485,545.753,686.33,140.773,1140.43,806.345,303.898,849.949,425.273,420.783,1242.1,6.02018,1917.22,1923.45,166.273,789.774,238.299,641.937,853.54,0.76392,999.959,327.915,486.557,2145.4,816.799,173.318,769.636,566.516,451.796,108.29,571.191,1242.84,345.138,354.904,922.453,120.531,932.934,391.813,213.631,385.258,496.861,1254.14,356.02,300.026,704.096,241.746,483.753,385.619,161.908,393.35,723.687,672.329,547.514,177.355,754.707,640.436,105.176,393.353,410.659,352.813,718.309,609.858,584.139,134.928,513.112,860.061,215.767,97.5518,628.735,897.839,390.871,385.189,799.957,177.439,620.645,608.895,43.3332,398.797,961.573,594.697,429.454,177.241,786.742,410.911,303.177,604.23,44.309,652.2,1642.48,516.612,133.752,445.644,674.112,392.292,54.463,539.146,493.705,227.947,1330.8,313.862,290.312,474.367,163.002
7.430385488,945.646,76.7408,953.438,774.677,12.5488,646.047,56.9732,421.838,996.846,32.0558,348.927,186.6,273.365,484.235,85.3656,674.717,161.579,769.163,748.64,115.83,274.478,358.116,318.05,472.442,374.051,97.2399,564.902,1218.85,363.885,16.8026,317.224,873.562,61.724,508.152,323.628,112.099,1028.66,1594.22,152.265,32.2226,628.69,708.328,21.4441,497.816,660.262,63.8613,1046.21,144.599,68.1039,436.066,139.078,371.98,78.6487,646.623,870.304,64.2571,233.067,630.954,35.0928,386.156,120.421,226.46,323.926,166.859,708.877,837.307,80.6875,433.092,101.023,224.859,162.123,513.952,752.616,79.6876,933.892,1232.72,6.91292,357.204,64.7071,385.31,358.05,69.1271,1059.08,647.255,206.57,434.376,490.271,541.534,974.65,84.0007,2022.07,1507.27,49.9811,578.588,168.471,579.464,580.075,91.8278,1065.67,277.828,380.684,1882.21,582.077,72.8926,484.853,330.223,266.393,70.1236,449.647,879.626,200.681,215.515,682.78,12.4187,847.58,158.918,97.3605,219.613,166.05,1078.44,140.006,127.584,535.604,60.7997,285.928,285.887,74.7845,170.748,526.514,272.737,428.02,68.2606,442.193,452.984,5.84149,246.43,201.247,108.569,548.074,239.227,390.278,81.6363,385.541,713.688,134.279,49.7529,384.251,673.896,154.685,222.752,545.356,133.599,561.762,416.331,5.62622,253.875,678.632,279.787,262.632,46.3489,612.156,154.446,110.388,498.758,47.5864,468.912,1331.44,463.313,109.854,200.399,455.722,252.119,9.39441,352.681,382.353,129.992,1245.82,111.986,112.177,384.53,48.2395
8.916462585,794.952,288.518,672.156,561.84,115.109,559.429,8.05618,149.444,852.511,66.8258,157.072,152.846,252.124,340.881,64.7956,477.686,43.812,478.996,642.095,76.8482,174.919,513.484,390.322,149.421,341.211,149.087,228.399,850.824,222.027,2.83576,220.536,583.688,116.014,406.736,135.704,37.0716,747.128,1803.18,135.656,441.121,424.292,696.114,329.078,210.716,548.303,77.753,902.3,8.12497,12.9753,362.397,17.3271,354.444,143.154,327.08,597.775,8.10456,92.775,424.893,92.2037,362.07,53.4143,29.6603,157.917,72.6072,446.954,719.976,108.849,378.627,65.3558,25.5968,264.881,661.273,341.412,156.653,972.679,943.879,33.1227,233.252,35.6831,277.869,100.497,164.804,1158.12,615.906,160.465,173.656,529.371,951.473,828.004,143.343,2594,1225.71,65.5321,630.683,352.209,477.413,345.39,310.765,1145.05,352.518,272.117,1610.45,483.48,29.5272,295.306,173.01,130.849,166.505,413.332,463.702,255.714,162.415,458.947,196.526,787.554,59.2979,30.4861,90.3141,9.5357,1030.41,77.6561,15.5563,461.918,9.54471,116.984,238.761,104.536,56.8689,397.183,37.0003,377.254,103.234,180.054,332.879,23.5523,116.588,61.713,20.183,455.567,26.8725,419.373,107.781,583.337,738.426,159.469,214.154,197.825,513.412,114.809,134.141,351.512,270.232,539.514,257.407,13.1839,158.671,445.883,65.7436,154.524,27.1571,476.579,7.3017,42.9958,505.091,174.738,238.305,1052.32,439.635,155.602,24.1784,351.663,129.031,113.767,185.238,334.998,323.593,1122.16,31.2727,23.523,310.396,91.3809
10.402539683,656.303,517.404,397.582,411.336,232.263,510.637,166.515,28.1637,806.124,400.143,116.948,204.772,505.831,295.021,63.6206,466.378,1.52537,413.948,809.804,135.1,355.266,850.277,517.854,8.29144,334.388,236.243,41.2003,586.945,169.411,6.12801,181.214,357.362,212.017,372.317,58.7641,14.636,618.11,2240.67,658.968,1673.81,609.89,1141.86,995.789,55.1278,460.275,326.813,892.278,52.303,106.212,335.188,65.6767,368.072,237.412,108.748,399.837,68.4804,40.911,310.483,395.585,437.026,128.799,25.8783,149.145,78.3819,482.696,719.097,110.122,472.077,231.019,47.3441,521.371,955.269,121.186,317.437,1129.36,667.575,107.32,146.717,85.1531,235.629,1.24108,354.738,1378.11,784.95,143.262,52.2316,448.696,1570.96,1216.24,178.575,4132.76,1712.53,311.522,1124.64,699.578,337.506,155.181,534.764,1289.13,495.657,165.537,1351.57,557.422,10.7606,208.138,99.3699,65.4289,331.701,427.611,173.517,491.431,166.857,335.262,755.877,831.505,15.0281,15.8717,62.7156,90.1875,1200.35,226.209,19.7324,444.591,82.3984,20.5595,233.732,212.761,67.1307,343.155,21.7967,385.846,229.025,44.4742,253.36,121.024,40.6563,11.7692,14.9391,413.037,217.525,871.035,404.248,1497.37,1112.5,305.849,442.803,156.89,458.257,320.011,112.658,311.423,497.92,519.876,160.712,34.1172,102.044,286.422,0.366394,114.557,40.4124,397.854,59.5409,117.61,647.865,466.589,56.2842,912.778,318.221,332.657,47.7512,368.327,100.646,375.614,116.974,346.262,789.389,1015.57,31.9335,10.3463,253.751,275.04
11.888616780,506.921,677.126,170.317,316.442,257.317,498.617,426.995,96.4372,978.104,886.491,203.034,302.251,1038.73,591.196,140.573,805.992,56.5276,804.488,1117.94,257.535,708.453,1381.2,659.705,31.1431,317.55,296.915,1.43837,439.887,149.025,6.10328,171.347,197.36,274.243,355.052,75.1092,22.5835,607.513,2491.93,2090.65,4187.14,1975.94,2447.44,1768.45,100.132,388.265,661.51,943.972,252.514,313.598,364.677,175.502,396.113,291.531,20.8141,285.616,132.744,30.4008,293.598,899.666,657.419,261.847,157.217,288.375,231.083,1043.36,1025.03,68.3041,848.06,586.637,286.555,853.244,1386.31,159.586,527.669,1268.8,456.729,160.938,92.5691,133.141,271.009,44.3091,507.436,1693.09,1078.04,92.0768,8.61275,393.443,2058.07,2179.92,686.952,7285.1,3838.37,1210.46,1903.62,947.229,263.902,42.5635,637.713,1450.6,648.777,86.4185,1103.66,731.636,7.26974,201.564,76.5763,63.8505,447.369,513.033,103.151,869.678,207.01,369.719,1469.16,1209.27,21.7019,141.888,299.202,562.975,1549.18,467.732,116.284,523.752,225.075,2.19798,254.101,323.98,148.578,345.846,187.592,455.772,322.372,30.0899,239.166,234.648,10.891,0.432069,28.7153,408.368,828.84,1962.7,1554.04,3479.05,1932.68,519.174,569.119,236.574,554.714,698.873,203.029,422.502,652.689,510.735,111.559,46.0596,54.1736,183.32,60.0192,151.788,17.0942,452.027,279.268,262.658,844.249,989.307,116.002,1075.74,114.758,762.411,373.192,468.671,180.472,712.123,210.207,469.645,1312.75,1013.6,39.1346,21.8472,210.133,552.535
13.374693878,382.786,733.011,27.8597,291.654,162.205,558.826,550.662,335.582,1488.27,1414.6,302.732,421.666,1775.88,1451.59,685.287,1838.39,513.574,1646.94,1349.38,409.623,1159.03,2062.96,775.686,92.6115,320.909,262.491,43.8572,418.875,114.148,0.755215,155.015,122.209,245.393,388.706,66.3979,35.3267,635.796,2334.82,4340.5,8282.24,5557.42,4953.19,2289.02,201.075,420.43,843.243,1014.77,562.211,554.5,440.597,232.065,423.975,300.531,16.9311,210.047,155.758,33.8492,338.804,1471.85,1170.36,366.112,214.487,556.99,776.304,2384.93,1920.88,303.134,1707.38,1025.53,487.509,1216.92,2013.57,409.237,695.922,1310.39,342.411,173.261,72.089,163.296,385.883,132.187,564.684,1972.81,1446.56,45.4474,10.0357,462.639,2095.23,3271.8,2526.9,12666.3,8349.47,3215.99,2613.82,943.955,249.289,17.1518,533.473,1668.37,729,70.5654,879.934,849.307,80.8036,263.83,37.8726,104.328,436.239,658.338,315.223,1400.84,351.179,454.316,1969.29,2129.81,377.784,645.951,1014.41,1576.29,1975.39,597.639,264.969,772.761,336.472,25.6024,283.365,419.6,210.984,380.622,435.033,571.645,320.216,68.7044,289.306,341.948,10.978,8.63296,65.0751,390.642,1533.62,3944.03,4484.12,6634.4,2972.31,700.652,601.744,370.644,689.156,1122.93,483.221,630.6,618.609,505.376,99.0892,47.7232,10.8941,141.633,127.133,238.996,7.75373,701.074,634.22,398.948,986.784,1693.49,745.236,1751.58,198.428,1560.77,915.569,579.927,338.77,1080.54,523.238,705.328,1547.09,1203.45,37.7753,20.0682,223.016,840.857
14.860770975,286.25,730.73,14.5228,323.773,82.6246,631.597,486.443,722.145,2311.36,1961.67,351.189,506.726,2626.52,2992.57,2201.84,3740.55,1746.15,2785.84,1477.87,463.811,1665.56,2842.72,830.828,127.591,340.02,176.291,116.698,457.986,93.9959,2.26846,137.117,83.0027,193.461,448.676,32.9499,66.5358,658.784,1794.69,6812.53,14081.2,11800.8,8367.25,2582.47,244.84,501.314,830.269,997.569,936.95,791.269,478.216,239.717,396.282,326.579,56.8812,126.895,167.864,31.0059,369.79,2135.03,1934.33,441.421,188.194,959.158,1856.15,4571.88,3701.72,1297.48,2980.45,1488.75,566.736,1505.45,2770.74,883.711,743.887,1210.76,371.678,226.593,98.9381,248.463,515.111,217.587,545.43,2059.3,1845.34,90.8363,59.52,633.182,1784.84,3964.53,6040.76,20376.3,15574.2,6252.69,2930.41,792.311,257.054,24.8788,373.731,1804.67,790.381,128.54,646.73,847.829,275.802,376.16,7.84538,175.769,318.154,810.474,880.678,2069.78,612.124,459.383,2223.46,3464,1461.01,1800.03,2373.59,3049.45,2351.12,556.123,466.009,1155.2,436.231,43.0325,303.083,526.154,199.213,413.357,724.904,649.966,259.078,120.273,352.683,460.302,48.6518,44.0389,132.005,302.189,2135.1,6852.67,9606.06,10756.8,3970.93,721.289,593.861,462.541,771.764,1522.85,944.078,814.941,467.223,449.809,124.232,58.726,3.82715,125.015,140.15,361.668,159.279,1176.89,1131.03,458.128,1002.01,2512.87,2157.31,3041.05,1056.76,2746.19,1564.24,632.917,490.957,1460.82,1066.33,948.133,1425.47,1507.41,130.433,41.7731,328.064,1093.35
16.346848073,189.826,729.09,179.339,389.706,123.389,683.72,297.421,1185.62,3376.78,2470.38,314.294,571.993,3345.95,5054.88,4958.61,6472.73,3660.43,3866.28,1628.74,326.921,2268.96,3628.74,787.165,145.087,333.476,105.284,172.592,520.007,125.115,18.141,121.779,62.7298,166.819,546.694,9.32594,145.45,602.47,1168.39,8638.55,21000.7,20273.4,11805.9,2677.25,227.119,537.401,738.585,798.435,1360.19,972.639,421.14,224,303.479,390.65,104.84,61.2814,158.318,30.9567,374.045,2852.63,2908.63,503.351,162.544,1451.02,3238.55,7334.02,6575.99,3322.43,4270.2,1866.94,545.51,1570.87,3592.02,1576.55,606.161,1053.95,562.602,356.595,230.814,420.987,628.444,247.561,492.73,1835.99,2282.49,319.669,202.015,790.721,1320.49,3960.49,10475.8,29903.1,24919,9492.4,2798.44,551.289,292.358,59.1083,223.41,1871.02,837.07,202.216,435.039,728.854,576.858,508.298,34.3451,258.246,168.216,909.077,1815.8,2855.69,891.179,365.841,2254.98,4789.26,3430.05,3813.65,4295.44,4486.79,2654.66,369.401,703.332,1664.31,541.768,33.6601,344.859,600.12,145.515,405.358,1029.07,670.823,165.551,172.372,351.931,617.633,159.105,122.058,192.087,193.023,2495.71,10236.5,16585.8,15159.5,4609.3,611.458,512.492,504.3,710.972,1854.97,1526.29,862.087,300.735,322.69,193.9,92.4087,38.6501,106.559,112.871,483.118,539.086,1908.2,1779.8,395.02,973.305,3224.1,4077.5,5018.9,2954.21,4089.92,2111.62,649.413,523.153,1828.8,1799.6,1062.91,1086.9,1806.73,377.342,137.624,542.321,1316.59
17.832925170,90.0238,769.011,489.021,451.314,275.253,758.282,81.5977,1742.8,4309.05,2932.81,226.963,687.843,3705.95,6873.34,8972.15,9773.17,5429.29,4653.5,1858.16,150.905,2864.69,4220.61,755.692,151.011,312.64,55.8911,164.589,596.731,242.494,73.2653,85.3198,64.9792,238.979,602.991,46.4988,283.684,512.862,734.891,9088.6,27555.4,29841.4,14068.5,2601.38,136.6,592.164,559.64,567.089,1655.8,1111.97,264.243,215.155,190.246,506.822,116.655,32.3117,112.473,54.7931,396.305,3604.73,3767.66,688.67,201.271,2079.34,4362.05,9878.99,10587.5,6114.95,4944.05,2202.04,377.749,1568.14,4131.35,2397.92,386.902,949.289,862.124,520.684,460.648,703.279,738.889,180.985,432.692,1394.96,2673.96,710.867,441.067,945.747,724.761,3509.46,14139.7,39937,34835.1,11603.3,2471.38,239.452,382.531,96.1497,179.68,1806.3,909.44,211.852,291.367,513.46,940.236,633.593,106.65,331.527,59.3431,1039.85,2931.95,3511.83,1205.73,176.733,2214.6,5454.57,6068.31,6776.49,6193.84,5258.12,2993.68,134.554,991.309,2112.3,746.755,4.46167,450.545,603.002,87.2825,333.267,1316.95,668.92,90.6503,190.05,314.307,764.514,327.406,255.166,264.112,83.924,2608.03,13021.7,24569.6,18861,4519.2,480.545,391.75,482.206,552.758,2029.47,2047.76,817.577,149.664,170.144,284.521,165.297,88.6198,78.1877,62.7237,579.808,1167.44,2793.12,2425.56,330.948,981.593,3685.9,5652.78,7645.38,5843.29,5040.83,2417.06,646.4,432.306,2146.45,2478.92,1094.17,666.416,2084.47,706.175,295.199,859.418,1523.46
19.319002268,21.9693,876.024,831.611,468.659,506.263,811.895,9.92549,2264.76,5047.25,2925.77,297.976,896.07,3828.52,7226.78,14231.9,13296.6,5732.73,5422.66,2049.26,127.076,3084.98,4723.62,746.322,166.552,308.377,14.7782,100.103,689.044,469.027,179.003,55.2392,68.2212,396.512,664.113,96.3749,394.903,593.614,683.939,7809.84,32074.3,39455.1,13791.8,2574.5,28.9976,730.333,335.969,312.758,1847.21,1141.47,110.242,209.817,124.087,695.059,88.5822,26.1529,71.8551,95.5668,473.553,4302.96,4352.89,853.129,329.376,2995.02,4733.28,11045.1,15972.9,8806.66,4489.81,2665.66,127.354,1477.31,4219.92,3201.96,232.69,903.282,1218.11,659.993,682.026,1115.4,841.509,83.2687,334.094,911.645,2990.29,1201.56,605.396,1082.81,167.497,3162.03,14887.9,49232,43425.8,11268.2,2326.78,28.0853,452.79,109.753,198.96,1728.35,930.523,154.198,213.727,286.77,1310.11,704.302,189.922,396.922,60.8311,1186.45,4093.41,3736.98,1443.42,12.9423,2394.3,4813,8834.49,10912.1,7009.17,5231.86,3383.98,22.4972,1102.55,2511.71,1032.63,12.6987,580.669,586.042,34.0453,212.37,1588.41,698.078,68.171,191.474,233.675,961.405,468.471,339.798,436.339,46.4524,2591.8,13805.7,32826.5,20830.2,3651.66,392.746,392.096,338.979,387.482,1987.52,2375.35,706.96,45.3931,58.9685,366.384,301.99,116.682,56.0105,17.1274,622.401,1905.07,3822.94,2707.2,377.72,1054.51,4100.4,5730.28,10878,9489.48,4845.95,2628.17,583.355,385.992,2146.44,3028.49,1029.06,401.111,2242.66,1035.42,440.605,1230.83,1715.53
20.805079365,10.9787,1076.97,1184.68,348.215,799.036,901.113,89.8909,2458.16,5779.03,2224.19,599.452,1443.04,3797.23,5986.29,20140,16697.7,4221.78,6304,2312.31,191.413,2888.57,5266.82,683.058,134.234,396.827,15.9116,18.8382,875.934,829.359,298.95,43.6446,69.4534,569.615,798.527,112.861,407.978,941.171,1241.57,5209.98,33785.5,48099,10876.3,2743.52,171.302,797.665,174.635,139.454,1935.77,1043.69,22.3055,193.191,159.086,1013.81,91.9014,54.8491,94.3274,147.556,544.631,4726.38,4872.14,738.671,566.693,4341.13,4173.25,10710.2,22115,10834.9,3015.31,3411.98,30.7915,1121.13,4066.25,3782.92,217.141,819.019,1685.47,651.085,795.621,1729.11,905.093,33.1557,205.125,535.928,3089.64,1769.81,633.028,1073.93,25.2505,3198.41,11996.9,56739,49282.8,8378.22,2528.3,82.3092,416.205,120.649,318.976,1617.87,822.464,72.5889,185.437,151.733,1727.59,677.508,226.16,542.659,137.387,1208.73,5168.63,3585.8,1359.11,132.293,2991.15,3009.03,11307.6,15832.5,6465.87,4615.63,3956.41,57.2155,870.917,3023.36,1282.68,56.7491,660.736,672.324,8.33618,100.004,1926.04,768.922,94.59,181.325,154.056,1175.48,604.902,297.195,708.145,319.482,2539.04,12169.8,40572.3,20832.2,2348.09,515.903,509.609,163.601,202.286,1842.49,2371,578.438,7.74059,23.7719,432.959,577.723,107.494,66.6111,7.38735,616.816,2401.64,5007.24,2501.61,470.647,1395.72,4519.27,4222.73,14323.5,13396.2,3540.15,2824.18,596.246,450.554,1699.92,3535.99,844.982,274.987,2343.46,1292.93,448.825,1655.99,1896.75
22.291156463,75.9207,1345.81,1541.39,154.914,1119.49,1136.06,178.265,2357.29,6523.65,1172.89,1116.52,2676.29,3712.1,4311.5,25311.4,19434.1,1940.76,7131.76,3019.14,232.638,2568.7,5903.17,563.898,89.6723,594.433,156.362,37.0732,1179.98,1343.49,390.779,40.3508,70.8791,772.092,904.056,125.526,386.75,1458.81,2511.26,2361.41,33465.5,54589.8,7005,3098.21,784.926,740.847,80.2292,138.83,1885.14,914.777,0.208086,159.422,349.17,1425.89,280.961,165.692,239.519,275.121,507.062,4824.77,5522.92,354.799,1090.29,6117.39,2992.53,9708.66,27407.3,12215.8,1306.23,4409.61,452.389,620.226,3898.48,4178.05,238.656,759.262,2239.48,492.877,884.32,2386.42,978.091,51.8527,90.1338,308.645,3018.64,2300.93,476.673,976.65,360.715,3515.47,6932.48,61955.8,52207.3,4312.68,2955.41,317.633,349.838,93.1516,485.267,1546.3,567.685,23.6556,198.122,221.826,2094.73,695.25,210.186,809.564,255.687,1056.17,6054.16,3299.36,1033.93,889.987,3928.48,1055.08,13188.9,20401.3,5283.72,3758.93,4890.66,263.537,438.268,3703.48,1511.3,72.2489,740.373,914.029,68.2277,169.891,2277.12,905.13,131.632,174.695,148.779,1366.1,701.673,190.301,987.117,1106.39,2545.33,9306.31,46688.6,19867.7,1134.38,1026.75,639.831,58.2451,82.4992,1563.42,2139.98,428.636,32.5666,58.4026,559.028,993.747,141.735,123.929,102.282,582.485,2418.78,6283.2,2014.91,558.037,2311.95,4805.46,2238.02,17156.9,16752.5,2012.63,3006.29,1007.99,606.292,1035.81,4006.01,676.279,191.888,2497.68,1436.48,345.01,2066.36,2023.59
23.777233560,195.517,1623.65,1912.94,18.7644,1486.03,1512.76,212.666,2197.47,7259.32,408.965,1857.87,4544.95,3842.92,3419.16,28665.1,20801.7,390.398,7668.36,4387.43,264.196,2634.29,6545.52,496.82,123.37,913.658,492.55,237.821,1535.71,1938.24,503.626,15.8653,102.846,1019.95,883.386,158.222,333.648,2129.88,4316.12,479.911,32707.3,57811.8,4560.22,3551.72,1889.46,653.62,41.1118,247.362,1684.26,898.848,0.81049,136.332,718.703,1824.48,700.733,414.774,565.67,527.198,325.625,4738.98,6354.46,50.8597,2107.35,8001.46,1973.22,8756.75,30464.2,13174,351.642,5403.77,1567.9,302.663,3985.78,4574.61,190.006,849.084,2756.08,366.295,1007.79,2944.57,1058.23,116.157,50.2452,237.997,2574.36,3029.55,146.024,1116.37,764.315,3560,2284.42,65860.2,53892,1111.46,3030.33,522.35,436.169,41.4966,864.371,1293.08,346.873,41.4073,207.81,458.916,2430.39,830.828,251.166,1145.6,418.99,777.492,6697.9,3260.35,828.275,2405.98,4925.39,39.3391,14426,23397,4362.54,3133.47,6082.57,729.421,189.809,4463.47,1854.47,33.3656,906.745,1345.72,253.381,468.292,2524.63,1165.33,126.208,178.957,306.765,1463.72,723.383,65.7197,1271.08,2440.19,2654.96,7313.73,49847.8,19439.1,510.841,1964.43,783.186,19.1549,54.5605,1160.96,1866.8,244.779,119.644,175.847,796.277,1428.1,318.869,275.995,344.12,494.106,2102.07,7314.46,1805.01,675.76,3884.3,4906.33,1001.73,18545,18984,1171.78,3229.27,1943.23,851.622,554.965,4461.45,664.617,153.015,2706.71,1549.3,201.679,2391,2059.39
25.263310658,347.223,1776.65,2277.34,118.423,1909.89,1886.92,234.525,2152.22,7959.86,555.333,2831.84,6536.56,4249.2,4048.4,29621,20332.2,444.322,7893.56,6222.18,466.231,3281.51,7128.18,598.96,288.953,1293.28,1025.2,668.563,1844.67,2352.01,745.738,3.27031,243.287,1325.11,679.864,229.637,293.339,3089.9,5962.44,400.202,32233.8,58049.5,4729.66,3839.06,3271.32,752.681,63.4191,349.378,1355.84,1150.54,13.2848,228.476,1193.01,1977.57,1334.05,883.549,1025.33,838.429,113.295,4627.5,7261.08,278.827,3550.9,9579.62,1767.3,8254.44,30444.8,13952.4,672.12,6143.24,3160.23,476.384,4530.74,5064.32,99.0606,1112.86,3117.45,450.482,1245.98,3172.29,1193.22,172.369,51.5113,220.584,2037.19,3589.61,103.865,1529.66,1109.95,3024.2,171.475,70643.7,57936.5,167.738,2478.83,785.416,745.176,143.005,1302.84,956.666,163.373,109.507,264.155,771.181,2560.43,1220.35,491.453,1430.47,575.148,474.565,7122.45,3851.11,1108.96,4299.11,5693.44,491.137,15196.2,23810.8,4292.24,3065.61,7270.68,1453.72,420.974,5158.8,2398.35,2.74297,1197.03,1931.23,590.748,884.75,2546.84,1544.72,87.2482,212.652,679.38,1440.54,620.235,0.669845,1652.49,4108.88,2838.55,7272.41,49926.7,20131,797.873,2939.81,1067.57,39.6559,144.464,668.203,1708.77,90.8983,335.618,437.356,982.65,1732.46,779.277,591.205,630.227,392.214,1620.46,7980.67,2201.89,993.914,5722.22,4994.58,1110.5,18040.6,19707.8,1605.14,3498.74,3124.21,1215.31,631.181,4920.38,863.458,221.606,2892.57,1696.76,148.194,2529.78,2021.24
26.749387755,550.616,1611.39,2629.47,609.586,2230.16,2123.88,306.805,2340.31,8577.29,1764.52,3806.19,8007.38,4879.29,5895.77,28044.7,18255.9,1767.5,8006.19,8022.11,979.359,4113.19,7749.62,936.555,552.347,1581.32,1675.45,1325.61,1935.97,2409.85,1197.02,110.732,580.411,1536.22,450.898,269.5,380.446,4387.93,6873.86,1775.6,32066.9,56094.4,6956.52,3767.95,4696.6,1123,184.289,337.062,1056.15,1611.82,154.685,573.427,1665.56,1727.64,2077.97,1650.89,1437.99,1036.41,24.8389,4763.29,7967.75,1130.67,4976.57,10764.3,2436.82,7812.78,27876.3,14234.4,2049.28,6580.22,4568.92,1264.76,5542.38,5536.47,110.268,1459.09,3200.76,819.369,1615.32,2977.14,1302.24,224.47,33.9793,271.629,1360.1,4221.59,532.15,1810.63,1544.36,1918.22,1274.64,79613,67678.4,1937.28,1583.87,1140.08,1131.34,497.232,1895.84,500.333,108.116,161.214,470.298,936.43,2440.69,1922.07,992.889,1531.96,664.069,273.785,7414.94,5151.34,1949.65,5823.03,6185.28,2123.79,15187.3,21929.8,4746.47,3489.98,8284.22,2264.44,1035.4,5698.99,3150.4,91.5354,1502.64,2490.57,1120.72,1249.45,2245.27,2004.4,97.3944,355.932,1127.17,1325.45,399.599,66.8361,2141.19,5859.7,3017.03,8681.01,47649.2,21525.4,1726.15,3592.93,1532.12,149.527,315.987,272.588,1573.67,223.49,757.56,933.833,949.72,1831.65,1643.24,1088.02,769.476,326.938,1224.98,8346.87,3072.42,1555.57,7290.47,5214.38,2195.32,15972.4,18682.5,3146.85,3833.54,4054.33,1641.78,1372.69,5372.18,1219.79,410.128,3007.31,1823.76,290.38,2472.47,1814.83
28.235464853,737.333,1178.55,2906.79,1434.04,2278,2162.78,458.587,2669.57,8989.15,3683,4525.93,8288.35,5706.12,7638.31,24376,15422.7,3081.71,8311.88,9131.97,1725.37,4758.13,8244.18,1521.37,785.235,1754.1,2185.12,2093.37,1771.89,2096.48,1871.64,429.972,1059.81,1629.42,254.688,270.743,688.198,5815.68,6928.82,3493.94,31465.3,52821,9369.98,3446.79,5832.28,1724.3,428.062,246.141,835.967,2102.65,607.056,1275.85,2012.68,1168.66,2773.86,2597.29,1677.06,1035.88,173.533,5068.55,8447.85,2200.54,5872.82,11498.5,3541.21,6994.28,23736.4,13549.4,3768.77,6705.12,5055.81,2520.78,6838.65,5691.59,348.262,1723.87,3055.34,1262.67,1996.21,2579.59,1158.08,358.042,5.3184,383.102,785.369,5025.96,1514.68,1731.58,1892.53,781.658,5208.08,94907.5,84839,6081.44,808.883,1283.21,1415.34,1337.06,2679.89,142.55,182.803,268.867,884.46,798.398,2234.42,2780.82,1647.98,1420.01,654.672,344.717,7427.28,6888.71,3228.11,6194.99,6399.26,4078.13,14000.7,18725.1,4945.61,4095.33,8999.78,2870.95,1643.44,6196.52,3814.76,362.09,1741.28,2802.75,1728.91,1460.82,1648.87,2447.05,330.342,655.539,1412.92,1162.27,167.062,247.58,2752.45,7222.95,3256.36,10094,43803.6,22529,2746.28,3705.98,2168.74,337.131,457.643,54.0042,1502.07,804.228,1425.56,1696.61,680.892,1851.76,2786.67,1689.32,742.025,262.72,1159.8,8471.66,4003.35,2222.31,8111.13,5636.82,3194.38,13131.6,16152.6,4822.72,4231.18,4285.68,2021.62,2571.07,5791.93,1545.05,642.095,3079.72,1793.12,604.995,2275.46,1402.97
29.721541950,860.43,667.195,3051.98,2286.03,2072.52,1901.03,723.941,2967.02,8928.24,5641.63,4785.31,7188.93,6536.09,7736.67,19871.3,12386.3,3377.25,8608.37,9422.41,2322.74,4926.39,8510.84,2123.07,934.208,1745.69,2333.35,2831.12,1402.46,1617.33,2647.4,983.895,1532.34,1559.79,166.48,273.258,1186.99,6928.19,6478.58,4323.23,29712.6,48311.5,10420.2,3117.9,6283.5,2473.91,731.406,166.581,686.586,2528.34,1373.15,2180.66,2291.63,494.348,3401.88,3412.59,1655.41,867.711,513.739,5396.8,8595.38,2872.09,6210.03,11434.2,4488.33,5526.83,19196,11554.7,5009.06,6403.33,4469.25,3860.59,7871.46,5434.57,758.705,1809.64,2693.35,1530.04,2352.38,2042.3,823.062,574.143,51.27,587.753,636.817,6100.68,2665.56,1432.97,1893.98,474.431,11410.7,115266,107283,12057.2,722.128,1122.84,1546.7,2521.27,3721.3,168.758,462.207,602.068,1421.07,498.471,1952.01,3617.26,2272.47,1117.14,551.495,701.706,7145.91,8275.38,4563.93,5299.38,6219.36,5408.97,11558.3,15156.2,4309.95,4572.06,9086.79,3243.76,1888.22,6604.14,4168.42,711.205,1857.63,2744.11,2174.12,1531.63,911.888,2826.43,878.206,1029.8,1449.42,940.745,41.966,460.166,3515.66,7672.77,3557.9,10213.4,38920.2,22077.2,3244.63,3389.18,2791.47,579.927,532.716,29.9194,1535.95,1730.88,2311.19,2631.77,387.028,1895.8,3970.53,2258.31,576.428,198.015,1414.74,8462.18,4505.38,2693.01,8096.94,5980.96,3342.38,10023.9,12994.6,5405.63,4638.36,3688.66,2243.06,3837.37,5980.57,1736.89,880.48,2978.86,1635.43,920.613,2000.68,876.01
31.207619048,923.409,304.202,3047.78,2782.42,1680.25,1405.28,1036.58,2982.93,8335.38,6846.91,4450.86,5150.56,7068.33,5785.6,15549.3,9374.76,2575.15,8436.82,9068.28,2376.28,4661.69,8462.04,2378.78,1069.68,1429.81,2193.21,3225.7,1063.85,1159.63,3400.55,1654.51,1772.71,1408.17,170.473,257.931,1809.32,7323.86,5836,3750.64,26301.1,42837.4,9443.26,2754.03,5924.17,3317.82,863.222,168.585,700.411,2713.92,2207.61,3117.16,2481.58,103.865,3737.85,3949.34,1334.69,647.801,850.452,5516.78,8425.46,2708.37,6146.45,10474.4,4692.33,3472.83,15237.6,8386.21,5278.62,5625.04,3202.69,4765.41,8144.72,4842.33,1089.74,1776.64,2126.58,1497.8,2492.17,1561.3,424.669,861.067,246.686,798.525,1071.54,7569.24,3744.65,825.765,1788.93,1033.7,18203.6,137333,130477,18152.1,1296.32,1005.39,1193.02,3845.01,5267.65,764.49,912.23,1160.45,1987.61,235.485,1737.9,4068.02,2719.32,703.851,430.168,1149.23,6570.34,8661.79,5388.96,3669.69,5559.54,5574.68,8220.22,11937.5,2835.64,4511.11,8450.21,3448.51,1649.1,6847.4,4127.44,949.174,1839.66,2305.13,2294.31,1447.88,337.714,3061.13,1692.22,1361.56,1219.62,722.625,30.2187,598.929,4355.26,7098.75,3631.2,8539.32,33562.9,19669,2923.56,2874.21,3147.38,839.668,511.944,178.379,1680.28,2694.18,3277.84,3499.07,328.205,2046.8,4828.03,2700.4,344.593,162.711,1749.01,8304.05,4435.65,2688.85,7419.86,5821.98,2572.07,7083.02,9826.42,4458.71,4905.95,2583.16,2171.38,4701.32,5860.75,1691.41,1094.23,2611.15,1421.45,994.06,1754.9,369.805
32.693696145,962.868,247.911,2861.45,2722.16,1192.65,907.778,1191.26,2670.85,7135.72,6957.99,3452.35,3184.04,6634.96,2974.47,11826.9,6735.57,1365.2,7310.98,8325.15,1814.84,4236.69,8031.03,2116.91,1169.04,924.366,1871.57,3072.27,923.982,980.965,3900.51,2211.14,1743.38,1147.79,241.483,250.444,2224.85,7286.93,4658.08,2412,21317.5,37221.5,6752.47,1949.76,5374.63,3856.43,791.024,240.807,768.664,2672.6,2809.05,3707.4,2705.4,194.365,3637.2,4065.91,887.112,483.888,946.941,5326.81,7971.28,1818.57,5604.56,9012.78,3824.88,1575.59,12017.1,5081.47,4437.09,4606,1769.25,4835.7,7497.03,4081.41,1089.01,1711.28,1428.53,1211.23,2243.79,1298.57,208.266,1037.22,533.203,1145.73,2177.93,8445.21,5030.75,135.688,2284.27,1828.68,22494.1,157759,149746,21461.4,2196.58,1285.22,545.686,5503.82,6517.81,1934.6,1643.07,1877.1,2270.64,242.4,1701.78,3863.85,2872.35,361.187,359.015,1384.25,5720.39,7924.68,5237.99,2022.93,4510.64,4595.86,4944.17,9202.63,1264.15,3576.9,7464.16,3358.47,1125.01,6817.27,3826.1,905.087,1749.3,1573.92,2096.43,1204.95,90.6913,3224.25,2524.48,1472.39,884.898,511.872,92.2695,676.657,4833.48,6110.63,3011.04,5561.33,28591.6,15378.6,2163.57,2123.5,3326.32,944.523,438.777,423.297,1807.35,3412.57,4043.63,3996.27,672.673,2336.35,5002.48,2951.7,176.454,143.642,1918.12,7905.77,3981.33,2108.84,6504.21,4736.87,1465.27,4675.1,7008.31,2670.87,4621.85,1571,1717.66,4979.85,5282.63,1462.54,1139.56,2139.25,1095.58,791.875,1526.05,100.941
34.179773243,941.144,430.189,2659.34,2010.03,847.798,523.364,1128.61,2079.54,5644.97,5821.65,2239.23,1842.31,5072.03,794.998,9069.82,4713.9,521.526,5353.54,7318.35,1042.81,3538.8,7505.37,1397.68,1262.79,420.287,1497.17,2428.62,988.361,1154.91,4011.58,2464.55,1415.76,879.251,289.46,326.797,2055.13,7189.75,2936.62,1222.34,15957,32316.3,3487.86,756.592,5200.11,3692.49,673.104,293.139,814.312,2403.98,2906.08,3854.94,2819.1,733.829,3244.37,3572.35,629.064,432.851,694.25,4932.37,7231.89,737.436,4623.94,7263.88,2324.73,465.323,9637.22,2551.32,3055.28,3441.23,658.013,4172.58,5919.34,3455.18,650.781,1687.15,729.602,755.777,1805.07,1171.93,211.902,1135.71,836.536,1374.27,3623.94,9046.79,5367.57,77.7793,3595.32,2796.94,21824.6,174307,162139,19761.9,3622.73,1958.73,519.962,6225.19,7529.9,3517.15,2307.14,2493.94,2309.69,471.047,1743.87,3165.69,2615.96,284.506,400.662,1118.74,4936.85,6032.16,4348.62,824.24,3175.05,3199.98,2502.52,7067.98,278.853,2134.04,6261.57,2972.83,564.754,6590.07,3434.47,619.277,1591.97,826.655,1603.89,933.449,206.49,3219.98,3184.27,1310.47,568.636,290.583,212.203,754.548,4573.88,5299.58,1716.81,2444.15,24695.8,10421.8,1459.46,1268.62,3488.24,750.351,399.977,582.441,1900.46,3613.47,4316.42,3964.48,1373.97,2655.16,4369.97,3014.17,155.691,142.32,1787.79,7444.95,3122.24,1258.26,5550.5,2983.92,635.529,3029.43,4853.72,1075.36,3616.69,959.928,1189.18,4401.61,4470.79,1085.06,1057.78,1589.02,753.482,405.328,1344.03,113.924
35.665850340,856.532,669.846,2476.87,1015.52,730.336,383.743,899.054,1517.45,3992.9,4050.76,1307.8,1031.5,3207.64,106.184,7095.15,3626.74,296.525,3321.21,5955.58,583.095,2745.71,6862.51,719.092,1242.37,157.243,1216.57,1490.75,1209.49,1516.68,3686.85,2339.5,935.523,673.646,231.01,456.939,1462.34,6881.88,1564.33,567.038,12146.6,28466.4,1074.12,73.8805,5099.1,3137.48,463.404,330.512,730.307,2059.19,2390.29,3557.59,2706.77,1523.11,2596.76,2669.96,715.885,499.223,272.493,4503.38,6085.94,168.138,3480.31,5291.91,1100.22,434.081,7675.35,1474.14,1947.76,2205.37,70.534,3291.05,3781.81,2964.37,154.535,1636.81,213.096,367.531,1329.69,1162.29,313.033,1198.25,1007.97,1396.06,5144.19,8947.99,4748.25,848.492,5530.71,4387.63,17382,184522,166764,13928.9,5824.88,3166.07,1251.76,5775.45,7917.3,5133.2,2673.73,2750.41,2200.64,675.99,1883.64,2152.33,2125.33,547.524,528.978,587.675,4216.73,3560.98,3309.78,155.037,1835.18,2153.65,1416.77,5382.35,104.059,981.127,4800.31,2454.43,372.632,6026.15,3132.52,313.817,1416.71,292.967,1023.83,677.457,568.101,2984.85,3504.41,941.258,370.661,94.7385,367.676,723.369,3855.77,4606.75,569.841,593.525,21942.5,6630.39,1012.21,763.127,3597.47,402.216,372.31,566.028,1921.05,3210.53,3993.97,3426.96,2110.85,2918.25,3066.25,2980.73,292.173,130.889,1564.85,6759.7,2206.55,631.613,4431.78,1401.67,310.926,2205.66,3427.39,316.445,2319.18,680.917,881.702,3209.43,3491.53,783.774,908.003,1079.92,460.17,94.7111,1209.11,254.861
37.151927438,758.26,796.449,2340.92,249.92,777.587,514.488,712.296,1174.27,2493.66,2468.34,873.34,559.501,1758.9,712.136,5836.33,3298.76,357.72,1877.47,4432.79,540.432,2126.3,6114.23,453.294,1085.08,227.472,1096.43,616.437,1464.55,1746.68,3043.37,1931.21,476.992,532.741,134.303,563.298,836.132,6102.25,1431.81,389.123,11118.5,25927,341.532,416.556,4785.74,2597.47,246.727,316.48,587.416,1641.22,1542,2895.07,2300.69,2241.04,1843.97,1749.82,1035.72,614.054,32.756,4015.53,4893.33,182.12,2519.87,3447.66,454.036,1010.9,6176.41,1703.8,1322.51,1123.23,71.5626,2549.61,1764.42,2520.57,35.3766,1479.33,4.55379,199.104,1058.05,1215.29,347.204,1247.76,991.229,1204.39,6369.53,8124.75,3461.83,2378.29,7710.2,6578.32,12631.7,187078,163903,7481.04,8304.88,4937.1,2597.45,4445.55,7451.24,6412.14,2575.85,2550.18,2060.4,638.599,2077.17,1198.56,1651.18,1034.73,669.193,208.212,3534.82,1406.86,2461.79,5.10238,844.051,1614.88,1563.72,4210.03,380.68,428.725,3294.15,1969.72,555.262,5299.26,2898.02,264.131,1225.55,81.7834,604.389,462.03,973.162,2503.93,3408.3,568.134,256.048,8.53965,539.554,555.849,3032.9,3988.73,221.545,743.526,20303.4,5111.63,844.365,988.931,3481.98,164.222,356.665,397.765,1821.23,2375.66,3166.61,2593.51,2496.48,3004.79,1598.65,2853.92,558.946,110.954,1396.78,5909.95,1491.07,438.602,3265.99,513.154,301.558,2035.36,2657.9,358.617,1241.8,565.94,853.339,1938.41,2478.68,701.848,790.546,724.515,256.554,83.9502,1130.73,341.411
38.638004535,696.509,733.72,2307.48,9.12669,915.874,826.01,637.34,1166.2,1507.37,1419.27,1073.07,264.502,958.579,1587.58,5276.69,3207.45,358.147,1019.73,3242.38,656.704,1787.86,5345.24,631.79,862.863,601.532,1065.99,109.212,1599.15,1668.63,2244.97,1457.93,164.857,462.876,71.838,616.084,392.501,5106.8,2354.7,553.999,12497.2,24989.9,1169.64,1375.49,4362.88,2279.24,126.953,252.356,470.063,1192.52,740.725,2055.1,1688.28,2543.41,1238.2,1072.43,1437.36,714.034,76.4569,3551.51,3974.23,365.986,1991.51,2135.01,212.538,1357.29,5375.48,2357.69,1002.56,425.633,449.64,2113.99,405.501,2200.5,312.512,1215.29,160.154,265.704,1149.5,1223.49,287.645,1258.81,847.333,918.961,6867.06,7010.64,1823.37,4376.21,9886.07,8441.94,11130.1,181526,154649,4159.31,9862.93,7169.05,4379.63,2574.3,6482.63,6868.67,2092.5,1995.6,1921.58,383.363,2209.34,688.498,1355.78,1545.27,755.084,205.596,2985.61,189.988,1971.79,150.379,373.95,1372.61,2227.57,3632.18,548.342,266.976,2110,1631.84,801.694,4555.53,2769.64,459.356,1037.36,221.604,435.021,350.399,1171.05,1900.26,2940.57,371.952,199.418,58.2591,668.975,326.354,2341.04,3568.95,640.251,2495.88,19772.9,5773.44,888.942,1735.26,3171.49,189.585,363.669,198.524,1594.11,1405.15,2124.99,1702.12,2349.13,2850.31,496.19,2619.73,888.831,92.1366,1337.96,5045.93,1015.72,586.537,2394.7,212.161,303.214,2167.19,2386.12,672.879,616.909,444.698,1145.46,900.3,1674.92,822.757,728.855,583.682,174.9,402.687,1140.52,269.453
40.124081633,665.355,613.898,2317.41,291.529,1123.44,1120.7,635.769,1470.02,1081.43,991.442,1677.25,97.956,746.262,1714.07,5270.97,3060.07,248.906,457.66,2608.38,616.662,1761.75,4543.9,1040.62,639.848,1101.81,1095.89,9.4685,1570.61,1272.28,1520.83,1052.48,47.6485,471.35,127.09,530.058,233.348,4306.99,3408.59,1016.41,14662.5,25670.3,2807.96,2035.03,4247.06,2007.69,114.27,251.681,462.998,726.216,237.9,1322.97,969.303,2388.24,909.34,742.92,1777.67,736.381,300.476,3224.69,3302.16,416.469,1718.14,1646.53,114.804,1013.17,5398.48,2479.68,913.178,100.413,847.177,1880.06,16.2069,2044.53,709.601,917.527,607.949,556.019,1485.62,1183.24,148.052,1278.1,634.576,619.658,6715.45,5731.78,650.532,5783.58,12126.2,9019.47,14021.9,168393,140327,5462.84,9708.83,9728.68,5717.06,1082.6,5139.98,6555.2,1361.89,1318.15,1781.91,92.4043,2216.94,731.298,1333.06,1860.79,754.958,590.806,2613.91,77.9483,1751.51,322.178,295.77,1258.34,2554.65,3691.47,335.227,138.395,1590.13,1276.6,917.712,3726.35,2799.39,656.71,905.003,622.191,463.246,379.572,1101.8,1239.83,2365.97,358.142,156.713,210.73,790.801,115.793,1725.61,3583.25,1282.32,4623.02,20363.4,7467.29,1070.31,2448.64,2782.77,481.04,385.267,108.817,1274.44,609.074,1182.31,939.473,1789.6,2464.45,22.6019,2373.87,1137.82,81.1548,1423.77,4165.19,816.633,730.786,2019.25,137.849,175.55,2380.49,2400.82,720.123,395.38,310.935,1557.24,360.927,1090.75,1066.24,649.808,646.236,257.993,909.531,1180.46,119.905
41.610158730,649.57,582.127,2329.19,872.404,1343.65,1182.66,686.361,1659.68,1388.45,1206.24,1779.69,173.059,1015.42,996.875,5794.91,3065.44,247.17,317.727,2187.17,456.822,1480.79,4170.13,1195.86,543.168,1407.42,1182.09,194.776,1430.88,740.273,941.353,839.83,107.422,411.034,325.439,459.462,279.195,3655.91,4185.85,1466.89,16092.9,28058.1,4065.06,2005.87,4341.9,1611.93,345.505,326.884,470.897,421.642,65.3742,765.127,363.792,1921.77,896.204,736.132,1900.52,662.593,507.268,2917.97,2903.17,234.647,1395.4,1814.66,187.035,361.018,6570.13,1618.28,1120.18,30.3366,1013.99,1717.68,423.584,2091.32,873.798,698.875,1116.2,1035.07,1871.53,1093.53,47.3203,1237.26,482.579,471.082,5697.98,5096.07,210.944,5806.11,13685.7,8987.24,18531.4,149885,122372,9357.58,8890.94,11506.6,5955.89,353.16,4266.57,5265.84,750.772,799.06,1528.29,8.4174,2088.13,1199.36,1550.95,1831.72,689.748,1053.69,2622.46,685.203,1469.64,490.717,424.049,1341.41,2057.43,4626.67,46.7469,25.6684,1553.56,852.641,657.802,3127.04,2678.34,707.917,768.154,1101.05,640.26,545.275,836.473,635.369,1857.33,428.053,136.705,386.461,911.356,49.4891,1130.93,3980.07,1675.43,5711.7,22317.4,8787.4,1203.88,2920.45,2212.35,886.437,500.315,249.815,853.575,156.369,553.293,410.129,1101.61,1969.43,113.242,2180.42,1213.85,88.5542,1438.73,3735.06,492.579,691.181,1830.18,363.284,41.7266,2829.61,2588.49,507.526,437.745,362.911,1490.75,361.796,975.976,1087.14,589.913,710.741,524.009,1427.71,1205.85,23.8872
43.096235828,735.616,740.43,2192.52,1469.45,1562.32,945.562,757.642,1492.19,2057.28,1899.62,1257.48,513.756,1773.98,390.616,6957.47,4266.06,637.532,957.88,1559.8,355.88,1196.45,3949.4,993.92,478.435,1410.69,1360.81,416.324,1244.28,358.937,603.115,643.774,249.088,328.814,522.516,602.866,359.719,2954.12,5096,1353.05,16934.7,31684.2,4297.98,1937.59,4141.84,1130.35,825.509,491.872,427.954,291.32,84.623,386.566,40.7638,1443.99,1015.82,915.637,1808.03,497.352,632.063,2394.02,2740.08,17.6871,864.517,2275.23,890.573,663.863,8972.56,706.459,1820.04,248.305,791.803,1693.11,1360.28,2099.21,788.737,495.701,1492.37,1752.07,2003.97,972.633,122.5,1139.92,354.679,489.019,4352.98,4673.53,676.868,5027.06,13049.6,10242.6,19758.4,129311,103452,11542.4,9291.43,10740.5,5738.23,573.039,3517.77,3750.64,396.038,433.821,1237.71,266.063,1814.71,1728.84,2012.48,1378.1,662.86,1310.55,2736.31,1707.62,1133.71,578.592,807.464,1821.54,1423.75,6517.69,438.895,409.193,1680.83,400.506,212.874,2751.54,2198.89,625.074,597.243,1519.37,909.14,700.606,559.55,242.097,1429.74,468.017,148.624,493.08,991.159,226.49,629.933,4337.49,2025.39,5378.88,25325.7,9500.17,1056.13,3364.56,1331.21,1372.82,728.679,467.497,537.976,3.4118,187.974,152.214,619.569,1479.77,450.028,2124.48,1105.32,103.386,1353.98,3466.04,256.281,602.766,1440.83,1206.13,244.864,4145.52,3240.76,579.131,783.502,559.98,1026.97,813.259,1123.23,812.403,475.731,702.366,1028.28,1738.84,1150.3,70.5353
44.582312925,919.365,988.415,1848.87,1879.64,1679.38,578.7,764.851,1032.68,2814.51,2774.23,597.777,1016.55,3065.76,878.04,9244.22,7554.19,1817.22,2320.19,909.009,346.447,1319.82,3676.29,606.388,329.404,1312.64,1499.64,519.053,1045.72,308.203,443.758,432.982,367.018,268.585,584.676,898.911,401.88,2445.12,6380.12,677.239,18206.4,35647.4,3933.96,2342.44,3790.09,597.068,1380.2,745.293,307.133,270.854,137.204,176.21,43.3186,1134.49,1020.21,1114.67,1658.32,265.204,676.611,1659.37,2724.75,91.3543,293.11,2892.96,2559.61,2865.26,12554,1342.64,3162.27,1003.96,388.094,1804.99,2581.46,1913.36,593.819,240.995,1809.03,2524.73,1753.72,848.625,373.408,1000.3,243.656,631.099,2941.09,4266.32,1955.29,3773.24,10434.2,13070.5,15235.3,109524,86555.8,9261.98,11334.3,7609.03,5269.35,1646.89,2831.22,2306.71,412.984,193.889,988.461,735.882,1482.61,1982.4,2419.58,917.09,594.486,1303,2653.35,2936.93,866.211,582.732,1727.55,2807.47,1840.67,9355.59,2029.83,1583.66,1901.91,75.5916,2.49098,2511.13,1450.33,515.65,381.626,1859.11,1189.61,684.572,377.061,151.873,1074.6,405.468,179.097,460.416,1071.84,551.453,248.003,4613.71,2565.73,4456.31,28525.3,10413.3,716.542,3965.12,451.791,1920.03,1056.03,529.234,372.91,54.2401,33.3717,69.123,471.003,1070.48,721.569,2070.75,1064.26,77.4645,1186.22,3087.94,469.24,548.832,969.363,2653.91,1288.22,6871.06,5046.62,1453.95,1673.02,765.874,576.924,1592.19,1318.7,420.705,331.198,644.471,1634.03,1810.13,962.376,265.283
46.068390023,1089.87,1118.94,1426.77,1875.3,1735.97,225.01,696.822,508.444,3463.69,3683.1,146.425,1568.69,4714.1,3064.11,13082.9,12702.4,4009.28,3945.71,654.284,434.414,2034.54,3295.63,243.212,156.688,1169.35,1608.73,433.325,848.282,502.855,418.809,210.499,409.871,215.099,492.286,1311.28,435.548,2412.04,7675.55,283.929,20318.8,39238.7,3867.23,3126.19,3664.38,181.315,1958.92,949.28,155.929,294.978,139.004,92.2322,202.007,1001.56,844.48,1210.37,1511.48,67.0876,636.138,910.56,2830.37,567.105,7.36858,3588.85,4957.47,6996.25,17437.4,4476.45,5035.66,2276.73,186.354,2071.54,3779.5,1573.4,375.086,44.1413,2101.15,3047.29,1295.73,678.446,674.491,829.304,177.548,719.88,1836.23,3540.17,3844.35,2087.88,7666.9,15443,7574.41,91766,72981.4,4143.53,13650.6,4158.33,4194.79,3162.79,2131.42,1264.76,648.862,65.5432,811.763,1162.46,1096.72,1893.44,2552.21,665.943,485.512,1069.86,2304.31,4141.54,853.751,701.958,3129.78,4120.22,3871.55,13184.1,4935.75,3379.5,2206.74,42.1631,188.001,2362.02,729.93,440.505,225.704,2110.59,1340.86,531.455,277.603,240.314,799.034,264.732,197.134,345.406,1071.95,956.921,81.528,4984.46,3249.09,3960.6,31370.2,12044.6,724.945,4691.31,71.5084,2394.45,1463.16,410.684,301.236,149.693,5.0215,66.1908,513.21,782.204,708.287,2072.85,1046.86,39.9802,964.035,2508.29,1230.52,619.946,792.764,4386.49,3501.68,10863.5,8302.36,3419.19,3238.57,1018.74,411.519,2520.2,1470.34,119.652,239.685,575.392,2207.98,1651.86,678.713,552.269
47.554467120,1165.7,1026.52,1024.39,1445.18,1754.22,31.5561,611.219,163.143,3758.22,4513.56,192.575,2329.59,6010.27,6414.54,18600.5,18844.8,6597.79,5236.38,1069.73,789.734,3064.57,2860.33,27.6628,64.4436,1068.26,1640.78,226.035,678.64,734.654,450.535,49.963,395.823,140.104,372.497,1616.06,697.5,2981.33,8368.29,1011.24,22650.6,42277.4,4715.44,3689.91,3996.38,293.867,2397.49,997.726,48.5262,338.014,113.952,69.7085,345.861,974.359,552.558,1102.57,1407.66,15.3017,505.482,388.27,2914.72,1418.65,234.699,4492.99,7150.77,12034.6,23563,9754.13,6897.66,3833.49,472.956,2654.05,4425.44,1277.48,177.94,42.0759,2359.73,3130.31,806.472,497.633,838.353,713.084,98.6727,744.889,970.58,2588.97,5521.83,1005.88,6355.43,14520,1790.92,76724.2,62792.9,572.486,13795.3,2148.35,3139.18,4424,1398.06,572.548,915.315,6.62616,822.731,1264.98,760.72,1467.6,2382.27,627.766,460.909,690.78,1885.59,4850.53,1383.3,1196.92,4609.68,5207.32,7338.36,17936.9,8451.87,5008.4,2830.18,366.585,722.719,2137.27,342.103,382.964,278.936,2313.18,1199.44,360.625,209.469,382.126,576.347,131.777,165.464,224.84,936.627,1372.37,357.151,5501.16,3696.5,4400.17,34162.1,13949.1,1402.05,5401.51,546.69,2896.58,1657.53,272.872,233.048,239.945,33.3985,93.9508,516.25,648.375,448.969,2083.31,964.936,71.7924,663.574,1865.11,2253.98,1003.26,1273.63,5768.34,6348.66,15699.6,12799,5953.94,5021.75,1617.48,785.92,3339.67,1491.78,7.87862,273.639,628.819,2605.11,1293.53,380.59,809.92
49.040544218,1191.13,668.45,746.797,840.01,1692.42,78.4074,525.252,97.4705,3896.08,4683.04,945.17,3570.75,6327.61,9209.5,25851.3,24643.5,8185.63,6100.88,2220.92,1507.55,3665.5,2573.69,60.3958,86.848,994.606,1605.18,44.9691,499.456,886.462,514.907,3.01925,277.181,114.042,354.828,1539.13,1245.75,4252.6,8148.25,2529.05,24916.7,44493.2,6206.18,3637.26,4972.49,1142.54,2316.01,1047.91,13.8829,345.455,122.234,79.8481,427.071,886.344,311.665,921.839,1239.51,122.134,416.91,198.88,2889.67,2276.18,1049.99,5902.64,7970.93,16213.2,30926.7,15389.9,7835.51,5549.16,1453.53,3287.1,4330.88,1126.78,101.079,240.243,2477.67,2860.64,422.111,286.613,858.922,582.047,55.0017,653.094,411.729,2089.19,5588.35,1298.96,6832.78,10269.1,323.743,65508.5,55746.7,805.053,11329.3,1853.79,2911.44,4317.62,1064.83,262.673,944.482,44.8847,977.331,1099.83,463.478,898.24,2027.92,691.347,510.291,438.73,1556.28,4860.88,2260.42,2252.21,5944.44,5304.66,11386.5,23401.2,11290.2,5717.02,3909.24,999.87,1294.25,1883.45,274.868,351.742,613.16,2419.22,838.184,249.392,118.709,527.465,362.666,62.3206,120.805,86.65,800.39,1533.52,1195.23,6247.24,3499.54,5830.92,36766.1,15842.1,2390.13,5897.09,2075.52,3408.87,1462.5,195.233,176.72,307.048,83.4931,140.543,408.148,630.406,250.898,1998.5,780.545,250.692,313.543,1412.7,2878.72,1798.33,2599.3,6481.98,8445.38,20692.8,18010.1,7734.21,6426.23,2915.14,1813.52,3578.93,1511.45,103.055,377.526,870.471,2755.38,839.903,176.772,888.648
50.526621315,1168.71,281.896,515.502,369.319,1624.61,265.602,405.549,352.664,3978.27,4028.22,2146.88,5386.34,5602.97,10336.4,33721.3,29036.4,7770.45,6581.73,3919.38,2396.47,3569.93,2393.18,269.349,187.475,1006.27,1428.88,28.811,353.665,849.084,668.109,43.2078,119.556,177.73,457.521,1153.28,1827.13,6058.79,7301.76,3653.34,27206.6,45187.1,7575.62,3307.67,6222.14,2525.21,1843.93,1033.41,131.983,346.983,115.168,135.77,440.137,699.703,231.312,841.131,1006.88,255.453,414.548,394.652,2660.66,2807.35,2398.86,7532.41,7189.89,18297.3,38178.4,19966.6,7114.92,7231.17,3239.07,3466.78,3714.8,1189.23,114.775,442.898,2529.58,2379.43,181.106,105.301,781.605,417.406,46.8491,602.527,243.787,1833.63,4565.36,2342.64,8332.12,5893.94,1844.01,58638.7,51533.5,3243.98,8250.33,2979.96,2887.4,3416.78,919.906,205.174,829.187,218.42,1147.07,855.31,202.793,416.298,1595.39,815.177,527.595,413.607,1514.74,4351.34,2829.74,4024.72,7100.03,4031.56,15418.7,28453,12427.6,5438.03,5127.43,1827.54,1665.87,1548.87,428.097,402.525,1108.03,2279.42,534.831,188.314,24.8806,695.539,165.299,67.4826,130.823,10.7902,630.148,1442.16,2623.91,6820.91,2834.42,7918.04,38392.4,17607.7,2992.65,6062.04,4453.27,3785.81,981.673,194.761,184.781,306.462,141.265,217.933,214.428,717.691,398.27,1777.95,527.943,520.446,106.187,1158.99,2833.16,2811.44,4613.98,6570.77,8629.21,25038.2,22867.4,7813.02,7117.81,5055.54,3162.56,3125.42,1570.9,303.529,473.269,1293.71,2648,460.439,51.1688,828.656
52.012698413,1010.06,53.2022,362.561,186.823,1547.65,488.311,258.803,806.806,4083.43,2726.77,3432.4,7626.75,4297.12,10072.6,39985.6,31225.8,5590.85,6690.18,5805.46,3066.08,2926.51,2195.12,490.839,323.881,997.744,1199.13,187.906,221.988,693.195,907.407,182.738,10.7106,365.254,731.846,591.777,2349.56,7675.86,6442.43,3491.92,28909.6,44287.8,7893.99,3017.84,7175.61,4080.63,1267.78,931.543,497.054,358.469,80.2089,275.079,368.446,495.381,338.153,901.863,780.12,315.323,456.915,778.768,2371.2,2650.3,4155.04,9047.2,5100.52,18082.8,43099.7,22850.7,4834.85,8667.09,5675.32,2920.63,2955.15,1444.81,150.034,534.85,2504.58,1871.3,53,16.3197,672.249,252.036,60.4397,596.947,478.082,1932.73,2864.04,3830.59,9479.33,3853.47,3318.77,55995.9,49626.7,4637.11,6304.83,4548.98,2848.36,2123.78,1021.82,289.245,596.601,522.801,1211.12,655.242,74.2081,101.393,1191.43,928.403,463.444,529.722,1914,3595.38,2701.9,6376.81,8120.52,1981.15,18817.3,31684,11653.7,4305.97,6121.52,2761.4,1605.22,1239.05,561.132,542.163,1529.8,1940.27,411.104,156.287,22.6417,855.154,102.906,145.58,261.543,133.51,414.73,1270.55,4289.29,6975.58,1964.47,9726.77,38752.3,18626.2,2731.18,5981.8,6873.87,4025.29,417.374,322.008,289.06,224.956,209.185,314.436,68.7217,866.483,925.465,1540.86,269.959,756.03,102.971,1088.98,2187.65,3747.01,6899.09,6094.96,7009.64,27674.2,26115.3,6278.34,7078.47,7766.56,4373.62,2202.98,1626.16,485.07,508.31,1759.72,2377.16,216.688,10.7499,752.006
53.498775510,764.05,33.284,312.133,296.98,1371.82,684.26,112.421,1282.84,4286.15,1259.42,4498.4,9548.39,3386.92,9262.51,43248.9,30085,3108.55,6395.73,7511.7,3180.35,2022.98,1952.43,561.767,488.252,875.54,956.685,502.888,88.7905,545.985,1081.49,491.405,83.2765,798.197,1138.32,140.913,2677.9,8355.27,5945,2241.73,29069.5,41654.5,7090.93,2736.41,7617.71,5186.04,892.91,763.199,1185.3,452.964,85.9944,479.474,235.867,283.468,613.845,1140.23,535.26,290.007,501.466,1152.31,1998.64,1958.66,5824.27,10245.9,2521.83,16182.2,43758,24064.7,2003.59,9766.8,7911.85,2102.72,2142.97,1949.66,172.332,506.048,2336.38,1427.91,31.9378,37.6552,550.216,148.372,67.2645,647.456,903.359,2290.53,1038.51,5833.24,9532.97,3534.49,2930.49,56934.7,49247.5,3435.91,5566.27,5120.43,3331.05,751.31,1346.32,310.766,411.82,806.252,1159.2,521.505,76.3672,0.0401534,896.394,909.809,304.667,697.641,2805.07,2739.16,2168.24,8553.7,9043.03,326.204,21414,31551.7,9790.29,2584.45,6834.28,3404.43,1265.3,903.962,585.585,693.765,1788.71,1383.28,510.54,218.86,186.24,863.238,251.649,329.182,662.832,598.094,219.355,1216.66,5378.07,6922.47,1073.16,10764.1,37261.7,18408.9,1658.14,5887.88,8309.62,4100.87,74.4656,593.238,539.234,105.763,327.23,398.178,57.2851,997.795,1703.47,1414.76,94.4157,830.659,268.412,1153.59,1285.93,4270.95,8936.45,5235.88,4819.02,27426,27048.1,4029.73,6753.08,10258.6,5041.82,1192.87,1631.1,584.518,444.023,2188.36,1946.39,148.854,20.5395,737.949
54.984852608,475.792,169.273,365.909,543.972,1100.5,789.337,15.306,1749.56,4478.28,272.81,4987.9,10671.6,3250.79,9081.36,42867.1,25480.9,1723.91,5892.14,8792.77,2524.03,1219.57,1625.27,465.888,620.954,770.434,695.659,1016.79,33.8889,430.279,1067.72,1047.73,543.245,1606.46,1549.92,4.3264,2637.37,7984.6,5661.6,1070.33,26717.4,37493.9,5814.09,2302.99,7599.07,5317.03,824.204,704.933,2132.77,742.985,228.005,712.104,97.8081,124.402,915.963,1557.31,294.816,243.573,454.965,1493.11,1433.25,1239.7,6520.92,11288.5,596.943,13352.6,39676.6,23885.6,190.032,10275.2,9101.18,1447.13,1556.02,2552.73,231.111,488.758,2041.9,986.002,161.915,195.738,460.869,85.652,30.7267,757.478,1394.77,2348.93,162.896,7408.77,9683.04,2621.85,1307.03,60889.2,50938.6,1071.39,4782.77,4746.37,4045.04,154.244,1441.6,325.661,206.584,1070.42,932.904,472.932,183.756,80.9727,675.347,733.823,131.673,840.725,3852.54,2271.78,1704.68,9702.7,9469,380.35,23254.6,27558.5,7736.41,935.619,7509.84,3202.08,974.701,485.624,568.025,678.779,2010.22,680.134,800.186,504.308,508.665,652.327,586.694,774.748,1444.6,1391.9,263.353,1353.49,5292.91,6835.29,464.055,10876.8,33666.5,16778.7,471.346,5735.53,8229.27,4016.95,122.25,887.396,989.847,108.607,569.347,461.37,116.748,1069.92,2580.47,1418.97,73.872,699.577,570.833,1213.96,547.706,4118.54,10292.1,4347.62,3316.99,24112.8,25397.6,2488.23,6373.92,11862,4951.77,460.136,1487.98,662.009,323.878,2510.14,1438.84,189.964,43.0067,940.725
56.470929705,224.681,355.148,508.631,713.11,827.016,727.402,20.5594,2253.92,4753.78,25.751,4625.28,10892.3,3788.64,9941.18,39105.8,18711.8,1791.13,5737.43,9381.94,1453.87,589.81,1306.94,323.334,790.314,792.24,582.666,1726.57,207.528,324.832,952.448,1851.11,1385.46,2652.66,2061.68,182.499,2199.87,6814.33,5350.45,1035.42,21981.5,32106,4897.25,1743.35,7182.03,4433.54,1007.3,908.953,2985.59,1389.8,654.921,866.411,30.9652,50.6552,1109.42,2029.89,248.033,242.462,298.196,1809.56,805.097,693.232,6034.02,12065.6,485.777,9982.52,32350.6,22507,323.603,9982.28,8975.69,1153.71,1271.59,3191.48,354.162,641.829,1691,526.386,458.624,529.113,497.253,52.7497,25.6625,949.693,1489.19,2514.6,97.9166,8025.26,10579.6,865.591,519.335,67798.7,56640.9,638.027,3308.37,4573.05,4475.44,198.725,1574.35,208.198,95.4805,1178.77,719.765,450.931,428.257,221.018,459.261,506.689,48.0733,830.039,4953.7,2328.62,1729.95,9293.49,9212.21,2526.04,23946.5,21148.6,5763.98,436.069,7987.93,2353.57,773.277,137.221,560.236,512.37,2200.78,184.359,1172.11,1108.24,936.554,329.619,1043.73,1637.74,2595.01,2288.03,637.982,1629.7,4136.33,6608.51,530.966,10232.9,28114.4,14112.7,32.1207,5258.15,6899.54,3686.71,436.533,1185.33,1617.93,376.572,938.293,591.137,137.556,1108.62,3318.4,1557.11,189.532,447.763,917.119,1231.62,119.271,3413.03,10594.4,3892.49,2998.48,18660.9,21542.8,2511.86,6086.82,12193,4149.53,130.702,1306.69,755.967,292.228,2536.8,1102.36,191.523,120.961,1409.03
57.957006803,63.8257,487.53,704.248,732.248,550.85,579.253,123.817,2767.42,5277.87,434.837,3555.26,10254.2,4692.81,11022.8,33181.2,11861.1,2596.46,6330.44,9297.59,477.467,238.023,1139.08,280.068,998.016,1021.39,789.309,2628.59,715.257,248.475,924.245,2665.44,2463.05,3786.56,2501.17,588.655,1635.91,5052.8,5197.04,2077.46,16022.1,26156.8,4474.18,1479.66,6173.91,3106.54,1240.8,1259.68,3532.72,2321.65,1398.72,976.009,10.1631,47.4323,1185.96,2362.09,524.637,339.024,165.167,2133.63,305.313,306.361,5090.53,11944.9,2383.14,6823.91,23477.4,21054.2,1746.79,8793.93,8085.6,979.963,1368.3,3980.73,505.3,768.037,1516.41,113.226,995.164,1134.25,622.75,82.348,165.629,1193.57,1206.05,2516.23,994.979,8568.88,10406.1,16.922,1614.34,79100.6,69450.5,3827.32,1807.4,4163.85,4950.32,988.869,1729.07,70.5916,7.53129,1303.13,634.025,448.23,850.891,407.339,228.034,446.596,25.0839,622.847,6281,2946.58,2024.3,7755.46,8104.72,5422.89,24094.1,13970.2,4238.97,1502.24,7769.6,1593.26,674.191,23.2546,665.073,389.286,2328.34,94.4038,1462.53,2072.73,1497.36,48.9474,1660.27,2869.07,3738.88,3125.35,1307.56,1810.11,2616.41,5964.16,1418.12,9058.27,21432.9,10907.4,691.414,4401.75,4871.66,3177.24,778.749,1445.69,2310.93,916.638,1390.78,830.466,93.8769,1156.24,3764.85,1719.79,357.357,219.126,1148.47,1284.88,15.04,2418.95,9874.18,4045.35,3400.11,12614.3,16537.5,3759.34,5916.68,11273.6,2964.17,139.877,1233.53,889.514,375.131,2330.3,946.809,135.961,365.506,2049.11
59.443083900,2.5125,494.464,929.783,594.793,340.387,379.455,289.006,3229.97,5992.45,1300.53,2180.92,9050.42,5427.24,11097.5,26695.3,6566.36,3189.74,7417.58,8800.63,44.3745,256.083,1217.04,452.275,1176.62,1396.22,1416.57,3617.4,1534.59,300.179,1059.93,3227.18,3497.77,4653.05,2819.31,1006.55,1048.76,3213.77,5305.51,3297.6,10279.7,20575.4,4032.78,1724.56,4674.34,1813.92,1354.09,1637.81,3573.5,3321.07,2316.95,1113.84,14.4922,95.3118,1125.38,2486.12,1039.35,538,289.467,2400.82,141.378,98.771,4308.9,10859,5155.52,4023.32,15759.9,19759.9,3058.96,7244.04,7030.27,703.251,1998.73,4684.03,788.068,738.627,1439.31,55.055,1776.69,2047,854.939,170.633,401.626,1471.12,711.199,2354.19,2761.29,9109.91,8489.51,1053.7,4772.21,96342.4,90397.6,10163.9,1334.41,3184.62,5463.28,2468.05,1962.96,5.45109,45.152,1482.99,704.996,516.034,1471.17,680.745,138.586,597.982,69.9914,593.444,7533.76,4218.07,2177.91,5728.99,6500.4,7361.87,23526.9,8515.76,3052.26,3398.71,6821.26,1451.22,737.249,340.075,887.778,554.772,2345.26,326.295,1687.87,3199.43,2158.58,59.8459,2446.6,4177.58,4453.3,3654.17,2137.22,1754.69,1325.65,4898.1,2784.31,7251.64,15143.5,7401.48,2094.35,3390.18,2806.36,2524.74,944.071,1650.67,2855.64,1620.21,1841.5,1112.87,41.9708,1260.77,3824.5,1807.06,476.49,77.415,1208.19,1461.99,145.976,1488.26,8483.48,4495.88,3709.76,7332.89,11577.1,5137.29,5648.78,9549.15,1809.21,345.343,1313.47,1039.37,559.244,1927.5,936.791,116.625,845.492,2660.28
60.929160998,32.2279,401.117,1082.38,455.986,229.086,148.906,519.668,3513.51,6547.51,2491.08,901.832,7852.69,5238.81,9812.91,20512.4,3506,3295.32,7956.96,8378.5,403.581,610.475,1381.69,888.685,1415.19,1655.45,2238.38,4707.28,2407.56,503.484,1314.28,3447.91,3974.92,5165.92,2798.37,1275.52,484.275,1921.54,5205.79,4045.67,5772.92,16249.2,3028.01,2174.1,3097.62,807.889,1391.92,1729.2,3221.5,4068.73,3038.92,1370.08,51.6661,159.406,938.762,2408.53,1540.07,866.859,792.984,2489.18,376.385,69.6018,4125.28,8882.78,7334.81,1839.28,11099.8,17741.1,3501.44,5730.74,6593.33,279.931,3128.98,4874.89,1255.93,565.511,1360.66,550.372,2813.75,3062.17,1166.51,312.576,636.899,1648.99,336.905,2317.79,4851.92,8623.95,6215.74,2988.36,9742.64,119248,117344,17470.5,1897.46,2418.8,5233.69,4203.62,2501.81,134.56,276.7,1588.2,924.24,732.474,2092.86,1121.63,371.839,1039.51,262.942,1051.18,8082.35,6103.2,1829.98,4168.54,4605.5,7742.3,21385.2,6243.49,2310.7,4968.08,5359.13,2108.14,1020.49,1035.23,1232.01,1098.88,2218.61,655.1,1940.81,4086.44,2787.85,542.979,3417.48,5017.94,4524.64,3719.11,2729.68,1610.96,569.255,3586.26,3940.69,4859.96,10375.8,3946.6,3634.61,2339.66,1365.48,1692.52,902.337,1658.65,3247.62,2146.4,2154.24,1416.19,38.5773,1316.64,3675.98,1606.43,557.511,14.4098,1220.95,1662.17,443.538,815.432,7109.87,4465.2,3572.02,3482.33,7245.29,5817.25,4904.92,7719.39,950.8,672.609,1375.72,1182.2,860.298,1294.11,1062.03,273.093,1412.58,3053.56
62.415238095,115.15,300.082,1036.64,482.903,248.224,12.6382,798.301,3373.88,6663.73,3692.3,319.762,7244.23,3580.1,7586.51,14791.5,2942.85,3317.96,6663.43,8500.69,1635.72,1088.01,1384.6,1567.82,1680.97,1562.05,3143.86,5580.18,3044.59,811.756,1571.64,3321.71,3626.06,5218.15,2505.15,1239.9,154.157,1259.71,4476.7,4175.91,3335.78,13487.4,1473.78,2234.27,1900.55,339.716,1360.17,1406.5,2700.05,4205.99,3404.73,1627.7,156.82,221.792,652.225,2284.85,1658.36,1308.7,1724.12,2323.34,760.832,240.993,4649.99,6381.57,7988.58,1049.44,9101.76,14530.9,3061.66,4867.8,6788.68,115.574,4346.34,4490.19,1726.16,323.586,1278.6,1597.28,3998.33,3843.8,1456.4,470.9,766.028,1720.47,267.798,2249.61,7066.52,6660.88,4748.37,3860.13,15341.2,145920,146204,22466.3,2638.51,2303.63,3919.43,6212.95,2971.57,434.079,682.893,1649.31,1100.94,1105.29,2501.55,1625.49,1026.21,1912.92,734.838,1864.14,7621.27,8164.77,1196.81,3421.32,2924.96,6744.38,17704.4,6411.85,2486.51,5423.75,3803.76,3440.17,1537.54,1674.15,1694.91,2046.98,1855.95,903.017,2226.83,4297.87,3362.78,1383.89,4267.13,5312.33,3724.86,3502.07,2656.35,1574.1,483.363,2270.69,4364.83,2226.61,7447.47,1373.94,4545.28,1534.52,643.864,831.772,713.01,1490.72,3418.25,2246.98,2221.2,1694.5,148.626,1242.37,3332.74,1241.75,577.223,124.127,1314.69,1580.02,909.349,632.218,6440.57,3192.86,3065.57,1348.75,3765.89,5596.83,3254.72,6435.19,665.625,988.24,1304.1,1212.75,1160.48,636.998,1248.8,648.623,1775.54,3190.62
63.901315193,156.546,250.276,770.855,807.183,469.039,86.9338,1059.63,2704.53,6380.62,4431.83,753.662,7106.92,1403.61,5014.65,9768.39,4311.92,3821.73,3648.07,9376.96,3383.32,1400.82,1342.74,2097.52,2001.78,1039.46,4021.45,5990.25,3101.28,1276.94,1495.15,3112.94,2352.16,5201.65,1882.6,1101.05,203.845,878.339,3267.41,4012.16,3091.87,12213.3,263.968,1588.12,1137.25,417.574,1415.71,757.114,2489.43,3300.44,3626.92,1627.36,310.441,342.534,340.001,2274.78,1234.34,1914.37,2757.18,2102.17,902.12,656.847,5719.05,3842.78,7352.76,2479.85,8119.28,10517.8,2534.48,4498.77,7590.78,759.329,4900.75,3866.4,1820.18,176.924,1239.56,3062.83,4975.82,4123.15,1647.76,544.36,820.422,1491.72,608.408,2507.65,7826.73,4943.93,3361.84,3434.06,19344.9,174231,171975,22712.1,3382.11,2027.16,2807.4,7278,3533,781.307,1057.14,1767.62,957.287,1656.88,2576.88,1902.02,2178.86,3353.27,1479.16,2440.75,6625.67,9294.56,1149.26,3503.11,1678.06,5205.2,13356.5,7068.91,4064.8,5034.26,2517,5087.42,2240.63,1846.15,2191.91,3152.79,1466.42,929.984,2536.91,3557.54,3999.51,2118.71,4625.61,5320.17,2246.23,3254.84,1898.05,1818.26,828.867,1266.03,3808.02,402.793,6287.9,168.25,4325.72,1262.86,459.601,177.488,580.86,1268.24,3410.17,1795.55,2100.21,1719.48,487.815,973.154,2898.67,961.656,631.796,503.558,1306.07,1316.25,1343.51,1241.24,6632.98,1195.89,2569.02,629.739,1417.04,4679.7,1256.67,5768.61,962.183,1116.12,1170.06,1021.85,1387.38,161.81,1437.11,1168.22,1755.89,3030.37
65.387392290,98.6946,271.047,505.117,1458.74,936.172,408.309,1178.57,1798.37,5537.6,4690.21,2109.94,7021.77,185.892,2705.41,5673.93,6321.41,5287.42,742.795,10941.8,5037.05,1396.22,1213.51,2200.66,2412.06,367.664,4767.67,5797.14,2551.94,1784.85,1104.71,2753.26,964.452,5183.66,1431.18,1221.39,507.244,462.558,2074.6,3730,5336.37,12348.4,36.4469,638.955,511.692,753.017,2036.16,301.191,2504.3,1899.65,3561.94,1442.06,425.131,521.469,254.712,2511.21,458.275,2860.37,3407.78,1781.86,749.31,1097.12,7283.99,1973.45,6963.59,5583.31,6785,6588.24,2661.27,4616.79,8793.12,2067.81,4620.91,3050.96,1560.24,184.272,1365.3,4410.52,5693.16,3577.23,1823.9,442.015,844.215,1000.46,1122.75,3401.52,6358.39,4335.98,1810.83,3445.13,19465.2,203770,190978,17770,4707.31,1221.46,2162.4,6984.41,4382.09,787.754,1378.85,2020.89,513.055,2419.24,2243.17,1883.09,3693.03,5158.66,2526.77,2384.97,5407.35,8854.35,2180.86,4231.58,1136.18,3900.8,9381.55,6586.31,6716.09,5065.53,2017.41,6615.89,2681.24,1689.54,2424.07,4090.24,1300.27,872.477,2709.6,2281.89,4543.25,2408.18,4402.23,5256.48,859.781,3157.72,976.468,2526.58,1130.41,635.206,2551.79,374.022,6779.31,688.893,3162.58,1481.47,746.692,35.7377,686.763,1387.7,3121.33,1099.86,1756.87,1465.55,1043.48,599.124,2505.39,1111.97,855.446,1079.99,1136.98,934.691,1587.72,2672.12,7560.12,101.306,2525.2,685.19,255.622,3539.69,67.2836,5498.72,1518.68,1108.42,973.447,742.792,1437.18,1.65839,1541.43,1770.83,1305.55,2737.08
66.873469388,48.8394,348.118,491.592,2258.25,1627.9,931.884,1163.84,894.656,4439.72,4260.41,4054.87,6894.75,289.609,1135.25,2772.36,7638.5,7627.22,135.423,12769.7,6331.13,1072.53,991.152,1906.78,2795.8,6.06138,5333.75,5069.85,1686.42,2136.33,587.068,2303.19,233.225,5147.91,1902.82,1673.07,1108.1,125.973,1256.53,3135.25,10265.7,14285.7,577.536,65.4258,120.934,1274.44,3112.18,657.808,2605.06,631.917,3333.47,1142.52,467.166,778.756,624.599,2863.07,21.5567,3886.04,3696.16,1206.86,568.616,1314.97,8937.67,2254.37,7777.94,8737.19,4913.86,3469.29,3090.64,5831.07,9864.66,3143.91,4067.56,1995.48,1217.04,362.704,1487.73,5362.79,5882.46,2480.9,1894.64,257.797,871.046,493.142,1597.57,4557.76,3867.9,4177.02,1492.47,4991.81,17177.4,232225,203242,10072.7,6528.25,569.802,1448.06,6134.57,5042.22,574.521,1674.79,2404.73,114.767,3204.49,1783.88,1580.45,5346.09,6809.38,3608.87,1839.86,3997.39,7329.72,3798.7,5197.62,1658.86,2891.93,6235.57,4775.94,9487.74,6439.02,3074.01,7524.42,2541.22,1419.88,2153.37,4854.37,1406.89,972.339,2641.15,1072.45,4819.75,2211.21,3713.51,5359.66,394.446,3338.39,686.838,3484.46,1183.4,261.46,1447.54,2170.38,8793.33,3345.44,1751.56,1944.34,1706.99,727.237,1130.64,2000,2640.27,481.868,1279.82,1050.49,1601.44,340.014,2291.94,1966.65,1402.75,1621.26,816.179,551.441,1570.02,4895.84,9081.05,963.082,3091.87,1008.59,8.20183,2602.48,360.184,5398.77,2039.54,997.776,834.066,491.771,1385.62,92.9355,1579.2,2246.1,711.621,2298.94
68.359546485,144.848,553.189,799.284,2940.47,2415.11,1554.56,960.451,321.178,3349.32,3168.13,5861.92,7122.11,960.204,396.792,1072.72,7595.52,10094.1,2594.65,15161.7,6820.2,674.067,655.593,1458.2,2984.72,269.978,5741.42,4059.31,857.752,2188.56,185.729,1920.71,400.397,5202.02,3526.3,2587.6,1774.96,127.153,857.652,2360.05,16933,18838.2,1618.47,180.644,189.423,1848.65,4363.73,1881.69,2786.02,33.9977,2970.23,904.551,449.701,1067.62,1382.17,3355.87,351.35,4785.41,3536.13,616.208,444.739,1223.01,10417.1,5462.52,9829.93,10162.7,3100.64,1551.68,2977.09,7860.63,10843.3,3167.68,3576.66,1033.19,885.499,602.537,1623.87,5568.95,5525.28,1251.31,1872.8,130.01,893.531,211.153,1910.13,5946.56,1307.14,4600.71,3179.18,7484,16913.7,255141,210157,4264.1,8036.47,591.543,892.077,4786.29,5603.98,268.686,1993.12,2874.29,138.634,3926.14,1381.42,1284.69,6479.15,8104.94,4224.51,1131.47,2543.12,5462.46,4955.54,6379.47,2919.37,1778.54,4164.66,2533.37,11057.1,9142.64,6100.26,7607.86,1892.03,1108.79,1640.59,5197.1,1791.45,1329.97,2418.27,377.212,4789.92,1679.65,2975.87,5494.34,1224.31,3982.34,1465.13,4463.61,927.975,78.5165,870.706,4781.31,12714.8,8079.03,851.053,2686.73,3398.23,2184.56,1956.78,2905.49,2144.59,144.303,843.565,623.996,1952.01,348.62,2378.37,3415.35,2375.37,1878.49,497.436,229.931,1366.63,7200.65,11483.3,3629.58,3916.59,1276.69,295.005,1998.58,1598.04,5638.92,2264.56,837.266,842.011,468.599,1215.23,317.373,1574.07,2429.17,222.579,1948.64
69.845623583,476.162,893.132,1332.44,3321.03,3019.3,2106.68,670.088,107.365,2382.97,1959.21,6639.92,8274.22,1273.02,207.725,359.099,6384.54,11694,7651.06,18180.9,6411.08,365.785,351.682,962.229,2989.37,1183.92,5797.57,3189.79,315.644,1937.32,83.3782,1627.27,1309.75,5384.21,5620.78,4143.82,2397.12,409.661,693.491,1829.67,23820,26602.2,3340.08,790.724,521.517,2352.67,5793.96,3425.58,2869.05,244.684,2664.81,766.773,390.212,1363.52,2293.48,3802.82,1481.79,5473.5,2970.4,218.635,360.638,947.859,11447.8,11129.4,12799.3,8904.32,1842.11,660.407,2095.07,10042.2,11610,2103.41,3261.12,527.107,600.065,750.98,1705.95,4972.6,4744.81,369.525,1728.41,221.314,939.137,186.43,2156.44,7042.73,94.0974,5879.93,6611.72,9323.06,21882.8,268006,212765,4100.6,8237.43,1324.84,530.87,3719.99,5788.74,144.093,2213.07,3402.56,794.314,4370.86,1294.04,1215.43,6610.13,8709.67,4239.4,488.945,1322.01,3901.98,4713.29,7737.21,4356.84,703.436,3031.48,920.311,10312.2,12739.9,10765.1,6901.58,1076.08,855.345,1200.1,5014.21,2281.25,1864.27,2166.51,354.204,4466.45,1177.55,2359.85,5705.41,2955.89,4801.73,3252.47,5432.26,510.411,48.43,664.645,6798.78,19075.8,14362.2,1115.89,3732.92,5393.52,4086.46,3192.14,3501.63,1840.07,192.012,501.28,318.66,1978.74,712.735,2733.28,4910.81,3712.64,1860.87,238.183,60.539,1182.75,8550.24,14617.6,7432.93,4466.12,1337.06,810.324,1599.18,2648.73,6489.25,2178.74,784.933,1023.04,667.575,976.207,524.889,1522.76,2241.07,82.9427,1739.69
71.331700680,941.168,1303.97,1921.8,3270.74,3194.48,2442.61,424.406,66.9968,1871.16,825.995,6330.5,9844.26,1469.68,312.71,424.871,4541.35,11916.2,14462.9,20398.3,5816.74,130.381,177.149,664.06,2664.79,2502.48,5394.71,2600.31,209.151,1499.05,246.337,1453.82,2456.4,5589.17,7122.83,5991.37,3214.71,801.66,541.683,1782.06,29925.6,37190,6221.79,1437.08,800.324,3064.19,6830.51,4682.62,2800.48,952.335,2520.46,696.334,326.441,1617.45,2998.85,4053.6,2941.52,5894.12,2234.6,51.359,295.917,771.369,11953.4,17051.7,16251.6,5642.53,1455.31,435.119,920.406,11677.5,11876.2,779.512,3018.62,543.496,426.777,672.477,1703.25,3712.84,3877.95,43.8454,1441.54,588.823,1008.1,332.608,2404.58,7733.16,806.2,7463.9,11055.6,9910.56,31130.2,267251,211574,9483.37,6995.44,2672.41,267.226,3322.63,5496.21,337.01,2317.23,3814.8,1911.8,4429.32,1568.41,1392.63,5715.95,8416.05,3733.39,106.389,578.775,2747.22,3294.97,8829.75,5575.28,138.424,2705.25,496.452,7518.76,16535.8,15401,6017.53,374.458,788.348,1103.85,4257.52,2681.73,2306.73,1957.2,838.983,3947.49,947.081,1942.88,5967.07,4522.89,5518.24,5651.68,5938.49,395.113,145.255,574.969,7548.58,27317.2,21839,2803.32,4767.1,6986.71,6168.97,4575.71,3288.89,1804.89,506.314,286.94,161.311,1752.56,1309.45,3159.68,5845.93,5168.02,1711.35,115.049,48.4011,1000.24,8745.27,17107.6,11724.5,4569.21,1108.08,1533.86,1127.05,3182.88,7636.72,2086.43,754.845,1466.84,999.943,678.305,623.594,1354.97,1809.9,346.295,1600.93
72.817777778,1285.21,1627.02,2494.58,2607.61,3110.75,2234.47,449.663,46.4364,1713.56,157.279,5771.93,10326.1,2377.65,779.611,1412.8,2475.02,11519.1,21302.3,20011.1,5765.74,170.462,129.606,391.073,2363.87,3467.2,4702.74,2119.97,452.579,1135.9,426.359,1378.51,3408.03,5265.19,7695.43,7560.06,3894.55,1297.94,349.002,1948.4,35156.7,49382.6,10038.1,1775.15,1047.1,3678,7202.76,5292,2407.15,1762.11,2459.02,658.864,341.71,1704.47,3216.21,4031.78,4012.41,5950.08,1706.36,15.6063,242.37,1076.64,11728.5,20772.8,19445.4,2363.06,1910.49,768.547,364.052,12396.4,11119.3,244.802,2946.91,801.186,301.859,474.831,1481.9,2298.92,3057.3,277.519,1096.95,994.358,1218.46,483.644,2391.05,8466.56,3098.69,8589.32,14719.5,10326.8,38572.8,253416,205940,16187.4,5418.37,4018.05,285.729,3118.85,5150.38,692.68,2153.76,4197.48,2835.95,4153.29,2096.32,1540.18,4370.56,6975.48,3185.74,3.6203,288.808,2004.89,1816.54,8888.85,6370.7,691.279,3240.36,1070.4,4198.57,19579.3,18156.7,5366.32,161.783,927.298,1219.39,3266.52,2680.23,2452.74,1767.2,1410.31,3339.72,1039.78,1751.94,5974.21,5215.55,5672.05,7892.78,6029.85,602.741,295.85,532.489,7136.74,36127.6,29996.6,5463.88,5165.17,7910.77,7721.72,5638.91,2484.61,1823.92,911.54,160.186,139.027,1491.83,1753.35,3416.89,6049.65,5931.22,1931.91,173.71,135.513,665.372,8499.81,17162.5,15484.2,4842.86,677.924,2679.92,524.856,3658.54,8028.89,2378.48,974.23,2046.11,1117.33,499.059,506.728,1155.64,1244.32,957.643,1400.25
74.303854875,1339.32,1773.55,2832.37,1651,2736.57,1652.57,623.769,2.08132,1864.3,423.905,5229.79,9189.42,4127.41,1882.73,3498.98,964.352,11498.9,25620.8,17118.9,6062.49,552.975,269.985,172.313,2143.88,3529.97,3867.87,1679.68,798.317,904.362,419.067,1402.59,3747.95,4412.95,7065.2,8434.47,4081.68,1719.64,284.105,2037.46,39442.2,61218,14163.7,1634.94,1277.37,3745.47,6898.83,5057.15,1785.72,2354.31,2325.26,612.141,389.001,1615,2844.99,3713.9,4210.66,5526.58,1627.66,23.3089,294.646,2053.8,10511.9,20975.1,21657.8,901.094,2975.65,1794.43,1254.88,11978,9267.11,940.105,3122.2,1065.63,188.378,276.451,1156.75,1015.84,2494.38,837.303,749.151,1224.31,1458.46,617.612,2208.1,8895.86,6250.38,9174.93,15559.3,11421.5,38173.3,229641,194727,19492.4,4393.75,4540.84,558.704,3247.22,4583.03,985.709,1909.76,4324.87,3155.06,3528.63,2692.9,1501.8,2960.08,4853.98,2751.86,140.534,460.845,1669.9,1161.4,7642.19,6583.39,2637.93,4698.21,2096.88,1921.43,21095.8,18242.1,4796.55,569.064,1311.38,1283.28,2317.76,2155.29,2272.8,1551.88,1630.15,2844.17,1141.98,1729.78,5448.77,4868.04,5147.74,9082.47,5945.15,828.232,433.097,582.397,6248.52,44217,37483.7,7962.7,4854.51,7805.15,8188.33,6080.36,1453.81,1804.87,1237.66,119.095,173.254,1274.61,1802.07,3337.6,5537.33,5612.35,2559.66,511.426,377.571,361.682,7929.74,14685.6,17370.7,5875.32,613.252,4251.8,246.902,4201.82,7330.21,2905.2,1615.62,2573.15,944.52,431.353,328.503,919.508,773.256,1681.48,1133.55
75.789931973,1125.38,1696.14,2863.59,738.329,2182.68,989.443,796.522,76.3988,2315.59,1526.67,4586.79,6918.34,6122.94,3798.64,6441.58,922.442,12398.6,25828.2,12691.2,6205.01,1337.37,527.267,96.9522,1943.96,2749.48,2974.42,1224.76,963.028,802.212,228.922,1431.78,3404.36,3176.49,5660.35,8224.91,3753.82,1838.35,409.938,1919.23,42775.6,70213.7,17549.7,1242.32,1315,3370.77,5715.29,4404.63,997.564,2617.47,2027.65,527.119,356.257,1444.45,2007.12,3137.28,3513.76,4600.42,2020.55,100.859,619.224,3423.33,8371.88,17889.2,22238.3,2044.63,4698.47,3698.79,3484.55,10376.7,6834.78,2344.22,3623.97,1245.18,127.367,128.786,896.053,238.505,2144.42,1381.37,437.454,1232.98,1577.33,739.172,1721.48,9403.94,8657.25,8898.18,13436.6,12643.4,29504.1,199185,176510,17912.2,4143.84,4089.47,1017.02,3104.17,4187.73,888.368,1780.51,3962.09,2830.77,2644.53,3081.94,1180.68,1845.68,2837.31,2253.32,494.688,1025.9,1788.04,1490.93,5506.8,6093.16,5262.1,7157.55,3306.55,1510.17,20650.3,15981.2,4062.17,1397.67,1890.8,1075.99,1626.9,1271.46,1853.76,1312.72,1347.87,2544.11,947.556,1705.17,4411.95,3838.91,3941.81,9082.94,5517.2,927.246,601.014,706.947,5846.94,50156.3,42825.1,9088.96,4042.62,6615.52,7461.15,5722.17,680.725,1740.96,1422.03,113.781,180.347,1130.54,1418.47,2914.49,4437.58,4393.5,3316.42,1211.43,819.016,342.561,7085.36,10543,16707.3,7700.12,1608.2,6142.88,709.561,4634.29,5857.42,3225.41,2589.07,2915.96,578.344,440.535,304.896,763.804,512.384,2274.99,830.55
77.276009070,772.138,1473.71,2601.18,159.374,1628.76,489.087,869.495,453.082,2904.43,3082.89,3629.64,4590.9,7183.19,6313.57,9897.66,2839.29,13691.7,22302.5,7942.2,5808.91,2476.79,807.367,182.894,1711.99,1641.81,2063.42,799.348,845.397,808.082,72.3406,1237.49,2749.04,1846.82,3941.32,7286.91,2777.4,1782.68,569.668,1877.91,44166.8,75125.4,18955,854.946,1073.1,2746.97,3961.39,3676.42,309.742,2561.35,1548.94,439.458,234.859,1226.03,1112.98,2293.94,2384.11,3314.53,2614.76,423.578,1294.31,4610.4,5701.96,13174.6,20657.3,5378.18,7309.97,6299.73,5815.42,8330.08,4250.92,3664.24,4228.91,1478.98,137.577,121.417,806.282,58.3063,1893.5,1759.8,180.268,1075.43,1534.88,751.09,1230.91,9483.5,9951.64,6983.66,10425.6,11887.2,17593.2,165395,151949,13298.6,3789.52,3405.32,1293.88,2667.21,3846.23,525.106,1591.81,3270.37,2036.37,1682.66,3162.43,675.675,1103.47,1488.35,1550.27,1077.68,1831.3,2267.78,2326.03,3252.28,5070.56,7407.05,10121.3,4857.9,2836.69,18223.8,12628.2,2968.32,2301.94,2458.98,675.432,1199.3,467.364,1381.06,962.359,823.403,2325.15,552.97,1545.64,3116.78,2637.45,2355.05,8208.65,4673.59,870.215,792.59,824.147,6249.43,53677.6,44215.6,8498.31,2815.74,5019.94,5512.78,4937.36,384.139,1614.9,1538.32,96.061,161.826,994.645,835.282,2245.55,3042.43,2819.66,3818.92,2229.53,1401.1,802.87,6022.77,6052.96,13887.3,9597.86,4015.04,8214.3,1942.47,4609.82,4209.07,2962.66,3644.33,3037.89,201.418,513.591,534.542,758.204,516.592,2581.61,607.204
78.762086168,448.82,1192.74,2168.88,26.67,1177.62,268.007,821.148,1250.51,3488.82,4214.9,2761.22,2660.69,6934.45,8293.06,13882.5,6604.55,13432.8,17633.8,3706.55,4921.89,3481.57,1240.69,518.063,1300.44,793.974,1211.27,461.489,588.557,877.153,82.276,882.58,1965.89,833.099,2585.95,5700.74,1601.04,1705.93,646.567,2012.18,42823.8,76057.4,17428.5,699.551,889.945,1753.34,2475.79,2853.21,12.6228,2322,989.73,360.173,125.396,985.707,456.241,1367.66,1299.13,1997.19,3098.13,1157.78,2172.99,5052.39,3227.31,8839.98,16850.8,9337.19,11244.3,9037.42,6709.8,6566.77,2028,4180.23,4717.24,1816.61,265.863,320.443,834.878,241.458,1712.92,1974.12,16.9206,921.854,1190.4,792.566,1053.92,8967.54,9539.75,4187,8007.67,8105.43,8102.15,132589,124084,8559.67,2461.75,3167.64,931.171,2369.7,3205.09,231.476,1410.45,2299.15,1218.93,843.833,2911.26,332.976,645.784,752.893,824.878,1829.95,2714.56,2855.1,2973.05,1537.53,3984.32,7818.37,12857,7241.29,4851.24,14421.8,9335.36,1707.95,2871.91,2894.11,326.855,958.298,97.8734,967.92,539.365,372.3,2088.15,236.442,1331.63,1756.5,1718.29,1106.25,6481.08,3862.5,516.317,1093.92,789.715,7083.62,55185.5,40891.5,6679.3,1367.58,3578.66,3149.56,3823.09,595.932,1555.48,1533.57,85.258,136.982,825.221,330.243,1548.4,1675.2,1504.12,3641.3,3544.73,2030.95,1586.99,4830.12,2339.17,10453.5,10088.9,7797.88,10375.1,3232.27,4230.69,2627.42,2357.3,4213.03,3031.63,21.1842,663.727,896.877,875.606,766.356,2564.86,553.535
80.248163265,277.291,919.567,1793.44,150.478,944.346,265.252,698.222,2163.19,4292.73,4099.97,2265.74,1416.86,6144.99,8293.71,18414.9,11801.7,10301.9,13874.6,1004,3485.02,4112.63,1913.54,975.39,845.765,232.962,646.801,260.172,335.449,1059.01,251.032,494.954,1145.4,485.071,1929.42,3584.54,955.634,1530.54,911.148,1981.56,39261.4,74041.2,13147,912.912,1106,705.402,1349.61,2150.73,317.722,1875.31,564.44,233.976,120.11,846.944,149.003,554.165,591.89,1058.11,3033.52,2273.22,3242.47,4299.47,1723.98,6047.76,11928.7,11871.5,16571.9,11406,5624.91,5459.32,606.308,3526.88,5015.04,2304.54,454.643,610.661,977.374,508.344,1513.74,2121.58,51.7349,725.224,794.317,735.206,1222.9,8382.55,6971.95,2182.89,5888.62,3541.17,3343.97,104878,97174.8,5315.12,933.533,3086.81,441.012,1614.33,2800.5,186.512,1005.27,1498.93,596.63,252.051,2559.06,306.079,359.438,385.279,422.803,2356.55,3723.67,3230.27,2961.35,664.178,3372.21,5995.74,15030.5,10880.4,5889.62,10535.1,6711.37,771.036,2653.27,3336,286.025,739.232,117.985,766.713,173.591,84.6215,1945.64,210.728,1035.63,743.7,1096.47,632.346,4588.05,2931.93,139.045,1537.52,715.589,7440.76,55633.6,33761.3,4565.65,228.967,2385.12,1416.55,2410.68,1186.94,1620.98,1300.78,136.162,95.8732,693.576,42.0018,993.659,760.379,547.173,2938.55,4612.27,2914.25,2299.95,3473.39,315.852,7750.38,8133.63,12656.2,12676.3,3462.04,3969.58,1317.25,1772.79,3827.16,3147.71,143.771,702.951,1305.39,1101.62,951.074,2459.95,647.285
81.734240363,231.866,926.008,1558.36,225.829,892.9,505.523,574.13,2766.26,5292.49,2802.43,2184.55,1452.48,5241.8,6555.58,22875.6,16920.6,5710.88,11218.8,433.712,2055.01,4091.03,2970.23,1218.01,518.303,37.9596,357.023,167.576,356.324,1303.86,439.741,209.639,542.026,605.762,1755.12,1789.39,785.306,1373.18,1774.53,1435.88,35284.6,70096.4,7889.03,1599.53,1557.22,142.761,617.152,1523.15,1100.22,1429.25,266.044,100.052,267.25,844.271,193.362,93.853,288.582,609.738,2382.85,3459.94,4453.38,2557.82,1388.05,5390.6,7149.28,12183.7,22369.3,12937.6,3391.47,5101.74,198.425,2238.97,4890.83,3097.22,576.399,775.978,1288.22,649.115,1284.4,2256.33,339.673,459.937,469.122,627.457,1822.19,7181.26,4131.86,985.144,3998.01,1255.19,2108.66,84536.1,75447.7,3235.04,633.505,2694.16,146.304,865.392,2328.58,502.48,585.93,940.765,187.062,112.392,2288.08,464.627,189.703,321.52,339.064,2314.65,4914.7,3095.5,2485.44,704.946,3416.12,3121.14,16102.1,15488.3,5494.52,7211.58,5474.5,387.88,1634.82,3939.3,663.271,467.564,324.441,773.244,25.0585,50.8681,1846.65,542.981,728.804,181.313,740.527,964.593,2945.24,1916.92,111.783,2030.53,887.239,7000.03,55347.8,25769.6,2716.02,88.0422,1454.74,516.434,1206.17,1758.39,1712.89,895.014,268.1,47.0871,612.741,144.372,642.128,270.247,80.3379,2098.05,4833.13,4207.4,2432.61,2334.79,272.077,5878.02,4886.67,17200.2,15023.2,2533.64,3855.7,793.566,1423.91,2596.08,3539.2,419.963,566.463,1737.21,1354.91,888.753,2290.2,942.405
83.220317460,231.862,1125.26,1527.65,132.36,1020.09,871.865,424.854,2932.83,6317.44,1157,2434.13,2765.94,4622.69,4405.68,26607.4,19954.8,1808.02,9531.8,1807.92,1063.68,3521.1,4479.01,1090.17,363.639,201.674,291.349,144.765,669.101,1605.86,562.895,57.2111,193.231,1005.78,1731.55,696.495,745.576,1535.62,3423.87,538.992,32616.6,64686,4224.65,2722.46,2083.83,129.919,217.288,1043.78,1915.82,1139.37,88.3168,8.41707,570.21,969.692,440.338,37.5348,264.619,610.851,1412.92,4371.91,5529.56,793.297,2015.53,6333.23,3791.48,10557,27393.3,13296.5,1314.42,5387.46,908.941,1012.2,4486.16,4086.07,548.258,825.84,1711.64,604.175,1058.78,2367.17,762.169,244.57,233.269,467.765,2400.76,6217.65,1617.67,652.194,2630.69,1581.67,1732.26,72471.8,60986.2,1596.33,1647.4,2001.94,47.4868,285.718,2159.58,974.913,243.294,572.832,21.2538,328.884,2194,641.478,140.731,449.144,395.428,1812.51,6028.27,2633.92,1834.82,1705.06,4036.7,756.003,15944.1,19880.5,4148.91,5064.7,5576.33,522.612,543.9,4628.31,1335.58,228.956,551.205,948.988,79.0719,215.299,1792.13,1100.79,415.215,14.7341,607.377,1626.79,1784.51,976.288,575.508,2576.05,1377.66,6569.91,53646.1,20177.7,1414.5,1108.81,904.86,198.399,480.333,1878.13,1875.99,409.46,488.581,22.2699,628.1,555.181,462.217,87.5352,93.213,1373.9,4077.77,5800.71,1955.26,1617.75,1771.66,4784.86,2089.8,19715,17145.5,1242.6,3939.16,1216.8,1287.89,1248.99,4159.51,720.208,342.739,2090.05,1571.6,579.649,2114.9,1280.45
84.706394558,236.455,1332.53,1580.92,7.14774,1269.89,1216.74,249.798,2867.14,7021.21,218.793,2935.87,4804.08,4254.87,3520.98,28713.7,20017,113.957,8523.71,4233.15,634.435,3103.75,5986.92,873.36,297.934,568.904,446.154,244.736,1013.85,1868.02,665.373,30.6541,122.799,1497.43,1490.9,226.482,704.778,2327.92,5275.6,176.444,31355,58464,3741.79,3695.77,2840.93,513.727,25.997,728.534,2293.47,1186.31,41.5499,47.2907,910.1,1142.13,763.61,259.676,405.845,837.109,554.744,4795.33,6193.91,14.1571,3217.33,7883.04,2133.28,8617.74,29674.4,13149.9,507.791,5863.07,2339.66,473.25,4220.28,5012.08,412.395,859.304,2099.92,488.064,885.804,2395.17,1105.82,134.753,133.205,286.715,2780.58,5252.65,161.546,1640.26,1978.92,2186.96,828.555,67958.6,54624.4,418.679,2363.7,1520.94,577.532,32.1457,2198.18,1312.36,49.0317,471.104,12.0323,601.281,2193.19,842.253,210.499,636.189,424.661,1243.05,6648.5,2368.21,1558.93,3249.31,4657,37.5451,15427.4,22078.3,3159.34,4011.11,6481.31,1087.14,249.764,5138.18,2126.34,84.0997,775.43,1261.17,235.629,430.222,1786.89,1589.89,196.806,39.5152,669.618,2112.2,1023.71,317.722,1405.59,3350.57,1991.97,7146.7,49873.4,18271.7,967.125,2647.78,875.827,169.142,156.457,1465.59,2080.72,67.5624,802.489,127.463,692.936,952.684,512.637,115.281,376.72,781.835,2895.43,7103.64,1496.06,1356.89,3840.73,4265.35,1018.15,19477.5,18477.3,791.402,3976.95,2363.37,1350.7,577.858,4702.79,1070.53,164.175,2350.96,1642.76,241.977,1849.22,1555.43
86.192471655,292.626,1276.16,1694.37,105.171,1517.71,1378.88,126.234,2818.55,7291.53,448.449,3500.65,6651.08,4257.38,4496.87,28258.3,17893.7,637.635,7937.75,6685.37,760.23,3234.72,6928.81,909.267,365.361,911.859,734.96,537.393,1162.29,1936.32,916.927,101.706,297.482,1945.01,1050.59,130.192,640.048,3638.55,6569.63,994.24,30248.5,52706.3,5536.64,3897.67,4052.11,1058.89,33.1475,507.367,2143.86,1618.94,194.609,336.343,1193.05,1152.82,1115.72,697.75,671.813,929.846,111.909,4822.41,6482.56,343.461,4371.74,9381.68,1946.52,7399.08,28355.1,13041.7,1213.61,6156.49,3892.55,708.105,4384.73,5668.58,298.937,924.972,2292.55,461.156,866.349,2202.25,1269.16,138.236,78.1381,184.662,2575.16,4728.4,128.846,2749.74,2187.95,1508.42,284.731,69357,56406.3,583.822,1708.6,1731.38,1464.07,340.327,2422.56,1355.93,4.17429,497.027,134.123,724.528,2111.86,1241.61,431.235,799.436,361.148,765.047,6760.42,2705.09,1797.22,4735.55,4997.59,993.242,14912.6,21326.4,3144.07,3729.43,7702.58,1854.01,780.337,5377.54,2979.16,67.3668,944.883,1643.06,488.947,608.848,1674.61,1903.17,113.021,126.913,930.552,2135.84,570.394,80.3193,2123.05,4665.55,2421.34,8365.68,44866,18769.7,1407.33,3747.51,1288.01,258.361,151.668,802.687,2252.42,95.0815,1236.54,509.955,689.664,1125.95,869.876,297.586,588.494,439.845,1853.27,7614.68,1593.05,1446.19,5625.95,4136.77,1629.82,17193.8,18282.5,1705.85,3996.8,3655.05,1524.31,767.149,5056.32,1472.27,181.481,2439.81,1574.67,49.9094,1526.64,1607.04
87.678548753,465.754,867.79,1915.83,533.707,1570.58,1394.49,104.724,2784.22,7262.76,1661.51,4012.87,7337.2,4708.67,6393.29,25150.5,15105.5,1977.35,7811.27,8358.2,1294.65,3638.2,7234.34,1307.2,525.017,1065.26,1088.42,997.539,1082.48,1743.38,1428.13,333.34,695.605,2102.63,725.818,110.771,650.081,5195.67,6967.75,2758.82,28263,47340.2,7833.55,3578.58,5434.67,1647.47,187.509,308.089,1807.63,2199.21,623.385,952.433,1525.54,820.728,1546.11,1291.82,935.615,848.818,16.8845,4754.69,6607.91,1129.43,5180.71,10345.7,2663.57,6692.88,24418.2,12804.7,2635.41,6238.34,4759.36,1551.28,5078.95,5701.07,394.886,1073.74,2148.31,600.569,1001.3,1829.68,1151.88,309.748,70.7169,166.545,1742.49,5228.41,955.625,2895.65,2868.97,357.342,1386.43,75923.2,65822.5,2768.74,555.226,2213.05,1967.93,1112.01,3226.88,990.671,37.4863,698.618,445.606,619.546,1935.69,1884.48,827.79,825.606,266.601,481.717,6380.73,3820.4,2452.51,5363.02,5092.48,2714.03,14056.3,18526.5,3678.81,3794.05,8783.56,2654.99,1481.98,5476.36,3696.31,227.741,1093.84,1857.82,869.081,762.463,1280.38,2201.3,190.299,277.072,1220.44,1873.07,329.584,69.4402,2545.11,6273.67,2822.21,9296.41,39234.1,19534,2408.26,4020.88,2049.96,410.117,256.295,344.552,2181.61,656.758,1933.86,1181.08,573.636,1121.75,1536.45,668.976,575.234,266.228,1250.34,7479.97,2184.2,1692.79,6602.43,4406.05,2703.86,14165.6,16297.2,3448.73,4153.35,4318.38,1802.95,1574.62,5197.98,1813.36,376.792,2464.35,1301.39,68.8822,1307.7,1238.78
89.164625850,650.042,432.206,2081.54,1183.19,1456.69,1211.17,243.126,2718.66,6920.42,3305.8,4216.9,6702.93,5260.03,7454.84,20774.9,12356.4,2789.32,7858.89,9141.48,1922.7,3755.88,7203.36,1872.36,663.286,1064.24,1327.13,1548.6,849.628,1431.61,2096.02,738.55,1163.35,2049.5,525.836,91.7168,838.66,6552.8,6769.58,4140.69,25471.1,41425.2,9204.94,3305.51,6258.25,2355.13,478.478,109.754,1494.1,2678.35,1326.31,1821.53,1880.1,340.148,2013.41,1958.73,1050,656.643,200.863,4732.27,6615.43,1804.34,5460.27,10596.5,3598.52,5676.78,19715,11734.5,3953.34,5961.18,4567,2696.89,5838.2,5133.25,722.197,1210.49,1783.06,776.188,1244.32,1363.99,869.819,631.401,105.617,223.279,1094.88,5960.71,2353.95,2569.28,3134.76,115.458,4373.92,87473.3,81296.9,6732.84,207.127,2266.04,2203.88,2361.25,4146.08,669.693,151.755,1057.59,969.28,386.173,1709.46,2639.52,1352.6,698.095,178.876,447.956,5652.38,5196.57,3378.48,4745.46,4943.71,4244.61,12259.1,15154.1,3816.93,3966.65,9269.52,3374.83,1855.87,5467.09,4029.94,547.01,1210.58,1787.04,1268.13,874.124,750.824,2492.73,498.876,496.15,1323.66,1542.53,212.747,138.659,2925.76,7260.24,3513.67,9149.7,33061.3,19321.2,3191.02,3703.24,2921.67,640.349,340.88,94.504,2049.43,1646.31,2768.86,2100.93,423.732,1112.55,2375.76,1186.55,432.47,160.141,1117.83,7153.54,2792.51,1860.99,6751.93,4833.93,3212.87,10906,13484.3,4736.54,4329.7,4087.84,2048.96,2612.62,5050.63,1985.97,714.505,2356.04,976.762,252.982,1084.62,732.46
90.650702948,823.629,163.937,2172.05,1775.88,1232.13,858.46,540.825,2496.08,6221.12,4669.68,4035.27,4980.09,5757.85,6530.71,16434.3,9612.21,2558.53,7764.55,9144.63,2279.41,3418.91,6929.71,2255.51,801.934,862.681,1407.09,2037.82,620.51,1152.65,2796.84,1234.99,1490.43,1820.42,469.054,76.8965,1234.76,7165.53,6398.79,4127.85,21655.8,35078.6,8758.39,3065.59,6208.48,3191.56,732.538,20.6048,1235.38,2903.9,2081.63,2755.83,2207.88,31.6984,2385.95,2590.81,957.174,439.443,539.822,4664.87,6455.86,1919.53,5421.12,9941.26,4170.19,3998.04,15535.1,9381.72,4604.16,5216.9,3566.9,3716.45,6098.83,4198.16,1102.52,1287.49,1302.88,857.44,1476.65,974.711,542.329,1055.09,234.528,322.356,861.338,7117.5,3684.6,1868.98,2902.26,965.806,8885.23,102400,99266.1,11672.2,863.055,2039.06,1996.98,3616.86,5381.63,550.882,375.166,1547.76,1624.79,176.41,1546.09,3219,1909.12,476.663,114.425,586.747,4814.79,6020.55,4205.33,3300.75,4474.64,4895.03,9451.94,12069.8,3036.41,4012.41,8852.29,4016.87,1673.32,5298.97,3906.02,892.015,1225.88,1473.89,1525.34,930.51,338.699,2728.78,1021.22,723.808,1195.82,1182.67,212.017,189.109,3387.12,7242.11,4122.46,7446.66,26943.9,17449.2,3200.24,3132.79,3526.64,945.998,384.463,48.6701,1905.54,2646.35,3611.36,3083.37,392.484,1203.64,3200.25,1772.78,244.015,107.479,1291.53,6814.75,3063.14,1810.43,6202.86,5085.95,2785.94,7802.82,10509.6,4632.83,4482.85,3116.31,2128.11,3445.74,4592.5,1889.81,1143.01,2040.02,701.675,434.098,932.52,259.428
92.136780045,968.212,177.017,2142.69,2066.46,947.268,484.561,877.893,2022.02,5246.1,5171.21,3433.3,2973.87,5807.47,4105.36,12482.9,7124.29,1510.63,7236.4,8412.04,2219.82,2851.16,6432.44,2156.71,975.851,499.732,1384.02,2213.84,564.094,1084.56,3307.39,1706.5,1497.55,1535.99,436.215,76.4533,1712.8,7054.94,5681.22,2920.19,16912.1,28818.1,6628.21,2456.45,5648.14,3899.31,796.384,43.0846,1115.54,2736.96,2638.89,3442.34,2537.45,81.1295,2498.31,3069.72,735.813,303.901,795.558,4397.33,6180.65,1388.77,5113.31,8663.75,3865.35,2245.85,11833.9,6548.22,4139.52,4296.51,2228.83,4135.46,5658.48,3096.82,1315.28,1344.03,796.881,771.365,1551.65,756,353.854,1403.49,542.091,463.96,1172.58,8027.68,5136.75,783.07,2868.39,1971.55,13744,117730,115500,15942.4,1804.44,2107.88,1096.5,5131.2,6466.41,777.297,638.702,2214.74,2183.44,156.446,1490.99,3358.01,2324.68,322.935,107.67,728.313,3914.13,5979.1,4401.04,1784.33,3819.02,4302.54,6469.8,9190.17,1797.11,3499.78,7829.99,4348.44,1086.17,4967.03,3389.65,1076.22,1167.64,996.817,1559.93,906.468,201.404,2946.51,1569.26,872.469,894.606,867.6,232.912,212.953,3771.94,6513.67,4029.39,4702.07,21454.8,13893,2507.06,2449.5,3715.9,1244.78,348.51,144.567,1801.27,3185.69,4290.11,3818.73,604.654,1447.82,3726.48,2303.79,150.649,107.179,1452.09,6448.52,2995.44,1506.83,5240.96,4768.31,1706.76,5212.23,7703.07,3240.44,4431.58,1916.76,1908.99,3757.54,3895.03,1509.35,1510.47,1583.18,487.408,477.598,841.423,22.0606
93.622857143,1036.35,385.517,2077.89,1857.76,724.023,203.903,1136.84,1294.33,4279.2,4475.47,2648.95,1386.11,5165.93,1561.08,9139,5004.13,469.229,6005.3,7144.55,1851.12,2317.88,5842.28,1529.25,1154.28,162.663,1297.37,1976.54,716.446,1305.42,3458.01,1940.59,1279.61,1132.88,460.656,102.645,1950.27,6688.84,4233.87,1415.9,12218.3,22881.1,3933.19,1380.77,5010.31,4153.12,733.817,134.727,1042.27,2243.67,2771.11,3684.46,2775.84,500.152,2380.76,3129.63,630.704,264.604,831.427,3824.2,6011.55,500.613,4510.17,6900.16,2887.62,1050.38,8582.83,4140.84,2833.83,3405.75,1110.48,3610.02,4760.74,2063.43,1243.26,1306.5,393.02,522.336,1453.26,739.325,361.852,1504.72,1007.3,670.321,1745.5,8452.76,6368.33,66.8207,3284.32,2295.93,17632.8,129935,125867,18141.9,2407.8,2588.48,235.77,6608.99,7085.31,1232.4,964.97,2921.1,2454.25,347.818,1502.11,3047.73,2393.41,375.514,157.685,693.384,3042.97,5207.99,3708.29,785.683,3130.38,2851.48,4097.13,6494.74,784.189,2541,6390.41,4189.99,365.996,4719.72,2621,1049.84,1020.31,552.322,1319.08,838.225,396.116,3083.73,1955.24,893.423,528.393,597.552,247.96,264.553,3871.24,5461.96,3030.92,2104.29,16781.2,9623.53,1573.35,1611.15,3708.84,1312.28,293.459,343.545,1593.64,3174.71,4494.74,4085.97,1090.3,1726.03,3762.58,2679.62,231.141,145.939,1351.31,6127.03,2649.94,1072.23,4153.58,3750.89,631.958,3296.25,5302.25,1437.27,4009.6,947.93,1489.18,3359.65,3175.62,901.32,1687.43,1083.97,339.261,358.08,836.206,54.1253
95.108934240,1018.24,651.073,1974.43,1269.06,599.991,106.655,1192.51,570.891,3444.01,2911.86,1962.39,496.619,4103.12,170.65,6388.56,3336.49,174.358,4289.89,5473.27,1529.67,1931.98,5332.95,695.185,1250.79,28.272,1167.49,1434.49,973.978,1735.94,3205.09,1837.01,906.441,745.763,460.503,141.002,1884.79,6119.67,2430.96,396.722,8508.37,17650.1,1783.26,393.959,4208.26,3994.26,550.432,240.837,978.308,1572.6,2429.85,3397.22,2846.44,1117.76,2056.54,2714.8,780.43,355.906,600.838,3182.87,5684.4,24.5713,3675.42,4764.96,1955.43,648.957,5786.61,2600.13,1635.56,2645.67,470.114,2500.57,3521.51,1372.35,934.307,1200.16,136.036,235.562,1226.4,866.566,481.86,1371.74,1484.94,952.953,2174.98,8306.22,7145.83,246.619,3841.06,1951.58,20104.9,135091,127397,17982.2,2593.49,3251.39,122.236,7597.68,7214.64,1619.46,1327.04,3470.38,2389.75,632.504,1513.82,2372.42,2113.18,603.301,294.844,449.645,2378.13,3845.74,2562.93,378.689,2587.5,1544.82,2549.86,4168.83,364.041,1642.28,4618.11,3618.76,3.33406,4502.56,1938.16,810.917,888.547,260.253,906.707,739.538,838.379,3050.81,2065.81,760.123,238.606,393.823,207.053,356.01,3700.23,4147.63,1690.99,590.426,13011.2,5856.99,779.41,810.578,3604.5,1108.53,255.917,525.778,1302.63,2651.86,4112.47,3804.91,1710.75,1884.82,3260.45,2862.91,441.279,208.274,1019.57,5797.06,2252.19,774.204,2960.79,2455.31,123.366,1961.65,3444.32,239.351,3238.2,427.242,1101.95,2322.22,2621.59,306.353,1590.49,667.92,221.369,203.801,899.58,251.344
96.595011338,914.948,848.288,1787.17,630.887,532.382,167.877,1128.44,101.907,2694.3,1401.6,1328.88,310.815,3192.63,277.679,4148.15,2182.55,576.506,2685.37,3572.18,1460.73,1962.86,4834.32,133.374,1176.46,132.297,1097.84,762.01,1247.4,2081.82,2695.36,1382.8,557.084,401.431,437.38,133.68,1743.26,5075.71,1130.82,50.6573,6287.09,13424.3,713.787,9.64237,3119.45,3654.77,312.856,358.23,787.018,969.506,1736.78,2690.62,2659.95,1718.52,1506.5,2114.07,1052.22,511.984,341.14,2575.42,5238.6,314.378,2700.02,2649.38,1515.49,847.053,3476.31,1973.1,1211.22,2063.27,269.888,1436.23,2244.4,1032.54,717.929,985.457,15.7273,74.1073,971.006,1077.48,518.173,1180.6,1710.23,1234.48,2319.82,7261.86,7698.22,1425.71,4130.56,1379.14,20879.2,131028,119320,15987.9,2411.33,3819.65,1002.14,8237.31,6513.95,1813.05,1670.6,3553.57,2174.43,767.175,1502.57,1488.95,1709.99,827.135,470.471,204.832,1901.79,2378.07,1467.97,428.625,2271.14,1053.86,1793.03,2357.15,441.507,1173.91,2796.63,2750.54,310.13,4299.54,1486.99,587.263,778.922,165.107,535.062,598.181,1351.86,2799.73,1856.49,530.982,82.2394,232.073,156.616,435.163,3380.7,2696.61,655.032,458.648,10174.8,3252.82,341.51,396.329,3249.88,873.809,213.609,626.407,924.243,1904.26,3184.45,3139.99,2138.98,1869.15,2343.71,2876.46,680.883,258.619,660.727,5324.55,2102.32,750.76,1749.6,1396.31,218.383,1123.92,2090.36,32.4803,2455.63,337.901,781.307,1224.34,2151.95,9.33371,1306.2,371.519,137.272,170.673,988.468,453.34
98.081088435,751.979,859.226,1577.74,178.267,497.559,315.711,953.064,97.9389,2204.23,390.069,758.502,598.545,2822.07,1119,2609.18,1280.3,1198.11,1428.16,2134.46,1336.68,2372.56,4494,41.382,922.607,457.781,1025.36,266.289,1373.06,2184.71,2000.77,809.973,309.641,171.995,362.475,98.8898,1534.68,3885.9,557.951,30.3933,5362.76,10731.9,377.903,102.819,2102.49,3181.17,160.562,371.229,597.485,486.33,960.707,1847.22,2175.34,2056.35,913.154,1489.02,1342.12,658.021,179.436,2097.19,4967.77,933.267,1856.2,967.736,1548.94,921.436,2115.61,1671.12,1494.91,1742.73,367.263,758.437,1201.1,1119.1,703.672,714.896,18.0399,30.388,846.401,1253.56,419.036,988.476,1554.72,1506.19,1888.33,5981.36,7320.59,3411.58,4416.09,666.379,19667,118338,103349,13025.8,1621.47,4528.92,2900.44,7870,5495.89,1554.25,1933.22,3106.68,1883.67,662.697,1400.28,742.091,1250.09,977.278,577.536,117.078,1706.89,1159.61,772.103,620.784,2327.05,1320.88,1322.63,1405.77,497.372,1161.05,1245.87,1842.97,955.508,4342.18,1309.83,431.709,734.716,277.551,304.599,473.465,1696.25,2316.81,1461.15,280.165,25.6477,142.997,118.381,417.104,3033.97,1402.41,170.242,1029.88,8605.54,1786.14,169.658,336.512,2853.45,695.144,167.121,629.787,507.266,1201.56,2052.75,2223.88,2225.77,1595.56,1421.11,2622.84,897.984,251.931,417.03,4874.7,2088.86,837.413,909.045,762.456,529.25,639.731,1186.48,452.921,1969.92,503.658,542.865,387.982,1862.41,131.446,912.21,221.521,84.6617,294.002,1102.23,540.976
99.567165533,549.427,728.982,1349.22,13.4221,475.657,425.781,751.46,553.538,1923.67,20.4574,510.965,859.306,3271.65,1651.3,1710.2,654.042,1824.1,544.563,1522.02,853.176,3313.58,4144.77,271.297,657.42,858.59,927.346,31.4108,1322.6,1968.31,1276.31,382.813,161.282,53.5111,304.885,49.0211,1162.61,3144.3,285.798,52.7406,5286.64,9860.76,181.41,177.851,1754.79,2531.49,103.61,320.873,410.02,200.938,363.613,1124.29,1467.46,2057.07,422.036,979.821,1507.95,746.985,122.21,1834.32,4956.98,1336.04,1245.91,164.801,1941.73,483.456,1669.27,1108.96,2381.34,1664.19,431.729,470.13,729.903,1488.88,814.176,454.663,115.432,88.3734,867.234,1279.04,244.366,811.216,1141.87,1604.09,1165.29,4605.68,6210.22,5085.62,5264.28,44.6734,16239.9,100213,83118.2,9763.75,548.165,5671.06,4772.6,6785.28,4218.05,1044.2,1917.65,2362.8,1531.11,375.68,1233,271.057,847.486,1001.28,596.748,176.543,1677.14,663.954,530.565,501.47,2860.16,2228.07,718.663,1244.89,290.91,1396.14,465.058,1053.14,1541,4565.16,1420.87,334.261,740.844,532.893,224.606,396.708,1750.78,1667.48,1049.99,83.898,61.3666,111.721,65.0449,296.337,2634.74,762.215,92.488,1321.74,8521.72,1220.78,175.331,430.337,2642.82,564.021,102.986,588.146,169.702,650.51,1089.41,1309.84,1947.76,1158.55,757.396,2093.29,1058.53,191.545,360.075,4364.58,2296.04,737.704,662.924,536.985,753.514,458.069,591.496,962.155,1910.91,542.235,525.313,41.047,1636.82,545.822,568.616,181.972,66.4692,528.19,1137.3,528.475
101.053242630,376.427,567.586,1110.04,79.4036,472.961,403.371,572.921,1229.58,1832.05,213.555,532.873,771.25,4549.02,1782.83,1489.68,633.254,2602.12,391.816,1505.07,262.131,4312.95,3869.13,543.633,449.372,1106.14,874.084,12.782,1101.85,1576.47,669.866,182.671,104.449,53.0143,246.843,5.54235,730.652,2917.42,122.81,100.811,5841.77,10778.2,83.3563,92.8525,2011.67,1861.75,106.763,255.827,257.683,78.2499,75.8309,685.815,668.333,1878.83,135.724,560.851,1581.91,645.519,173.135,1729.39,5039.78,1346.73,937.572,290.941,2573.23,134.975,1946.91,335.398,3674.21,1761.32,347.697,480.248,770.292,1795.38,1076.47,196.732,287.079,245.733,872.009,1204.77,69.4743,673.467,667.849,1465.95,457.596,3413.43,4755.91,5528.22,6430.27,455.236,11162.6,80448.4,63626.4,6353.08,469.741,6848.54,5445.09,5513.3,2889.61,452.922,1682.83,1499.92,1173.71,92.5028,1006.11,119.548,587.053,856.767,508.347,323.129,1764.47,891.908,576.869,163.097,3692.84,3671.14,107.769,1814.75,422.505,1817.21,513.821,548.204,1815.65,4781.24,1678.64,257.158,724.884,862.988,232.549,359.197,1595.97,927.945,773.846,3.0135,139.255,103.052,22.8066,148.295,2152.7,911.263,198.134,1123.29,9988.1,1559.07,345.866,676.648,2564.85,451.997,95.7314,463.232,17.8497,313.561,442.741,646.835,1471.06,743.51,408.112,1458.12,1088.53,112.86,432.54,3869.02,2499.49,427.972,845.15,811.458,1020.48,588.45,323.222,1403.34,2241.28,287.565,671.593,185.59,1414.08,990.687,366.61,159.052,145.097,803.035,977.23,509.149
102.539319728,310.274,485.639,873.582,215.378,544.273,223.849,507.69,1620.95,2073.37,669.928,516.798,580.537,6190.56,2566.14,2185.56,1867.23,3994.65,1195.95,1614.9,14.3368,4911.12,3837.52,520.555,411.629,946.38,1055.52,66.3268,836.997,1222.18,361.92,161.384,66.8716,102.164,196.123,19.2759,466.533,2745.37,365.485,345.195,7252.83,13179.8,613.053,222.064,2217.57,1448.68,88.3874,251.187,187.813,33.6458,17.2589,514.735,103.295,1805.57,24.5903,267.694,1656.28,357.13,327.881,1409.53,5230.17,1209.01,929.199,957.236,3411.39,932.694,2963.12,96.5985,5256.61,1911.12,265.876,734.826,1006.21,1780.03,1394.45,61.4686,509.332,561.672,704.922,1126.42,59.1702,537.036,352.491,954.413,154.687,2884.11,2779.35,5262.77,6778.34,2393.69,5986.91,62647.2,48883.2,3249.07,2356.36,7097.11,5091.24,3838.91,1911.82,77.6661,1188.29,812.331,844.259,9.28519,751.814,171.757,524.371,516.966,421.562,384.014,1939.77,1589.94,791.773,25.2688,4298.78,5622.03,212.368,3399.4,1990.32,2673.5,976.714,366.96,1749.3,5021.26,1709.57,188.757,635.789,1201.99,314.448,302.921,1383.9,295.876,674.131,19.1195,166.232,131.858,14.4661,42.8664,1775.66,1369.76,472.187,1243.29,12863.5,3167.87,775.389,1225.39,2340.66,403.881,115.009,377.869,22.8557,96.3268,115.92,385.2,1102.38,589.809,230.467,1028.21,847.873,93.4888,483.869,3521.73,2412.72,161.839,1151.68,1614.21,1749.09,1199.12,512.835,2146.65,2718.6,43.636,780.33,550.457,1348.83,1054.7,388.386,120.514,484.949,1079.34,615.462,596.842
104.025396825,371.33,534.466,663.163,289.568,650.563,91.6285,519.946,1550.98,2491.39,1158.22,459.8,592.617,7762.14,4620.31,4182.64,5110.88,6302.19,2605.89,1591.15,231.872,5330.06,3930.27,265.977,457.658,662.233,1489.68,121.862,809.2,1147.69,301.568,281.089,55.3854,116.445,244.184,41.6086,449.951,2264.96,1192.05,1039.83,10042.8,16291.4,2118.44,840.106,2229.42,1181.06,46.3574,329.392,237.703,14.5661,20.076,505.907,136.951,2117.8,83.9468,302.016,1826.48,89.2027,523.851,926.857,5373.18,1385.76,1003.51,1833.73,4570.38,3177.52,4654.77,1284.54,7178.73,2098.04,323.953,996.622,1315.88,1403.92,1640.2,198.128,908.626,1044.4,370.447,1072.99,338.365,446.591,155.342,415.296,294.351,2836.51,1166.21,4644.77,6017.68,4893.36,1915.26,49938.6,40871.2,1169.62,5305.7,6282.37,3899.46,2363.62,1126.29,9.2334,717.762,359.717,571.895,233.878,555.864,223.137,563.063,233.44,370.524,285.752,2108.27,2713.04,1068.49,171.4,4392.82,7994.67,2004.9,6188.72,5415.51,4328.15,1559.57,350.594,1677.15,5045.29,1502.25,102.946,530.699,1419.94,522.533,155.277,1295.02,19.9692,668.87,74.3143,137.825,190.455,76.0667,78.255,1440.29,1761.28,1114.13,2720.87,16536.7,6232.37,1676.92,2149.05,1817.13,443.488,63.8411,429.476,137.045,7.15624,28.9249,413.729,1195.63,978.948,128.087,884.906,522.994,117.819,421.648,3217.94,2201.22,77.8078,1487.73,2613.7,3037.5,2592.01,1490.63,3379.12,3157.67,27.7478,843.776,969.622,1331.53,760.87,603.384,250.491,1122.68,1343.94,221.342,893.529
105.511473923,532.566,579.282,513.967,228.388,799.656,174.184,627.522,1038.08,3097.95,1488.39,345.392,952.119,9023.04,7623.72,7489.61,10252.3,9447.9,4011.36,1392.81,825.591,5624.15,4087.94,42.6098,601.978,561.608,2249.78,271.903,1162.34,1464.15,470.544,420.178,68.3439,75.4094,385.632,103.692,615.591,1526.63,2334.11,2572.81,13960.5,18781.2,4544.84,2023.7,2017.8,972.718,11.31,494.152,310.774,2.92181,38.2564,607.666,762.793,2869.9,560.243,972.408,2254.92,39.8974,681.11,606.443,5192.24,2082.79,1176.03,2401.95,5822.43,6545.19,6955.81,4011.49,8988.95,2636.55,470.254,1059.82,1624.92,838.609,1746.14,762.999,1599.71,1590,85.0925,1013.08,769.509,448.25,126.547,57.9121,781.49,3325.16,374.569,3685.67,4865.35,6458.98,109.752,42530.9,39249.5,1181.71,7351.29,5062.86,2167.89,1416.8,571.567,172.374,335.228,191.865,413.132,688.112,414.897,223.051,633.258,117.186,301.111,140.739,2237.93,4284.9,1350.61,304.127,4404.81,10129.9,5373.21,10082.7,10643.7,6746.35,1895.75,400.429,1902.33,4652.82,1185.76,31.8177,418.904,1455.04,863.456,19.8341,1385.58,182.055,687.352,132.807,93.5153,242.163,201.977,291.627,1162.84,1771.37,2382.7,6099.68,20196.1,9833.1,3123.87,3321.03,1164.42,517.25,20.3485,650.394,271.546,23.9684,105.137,626.84,1823.23,1970.11,214.315,1132.76,297.632,199.053,292.216,2959.44,1833.68,293.374,1844.88,3195.52,4714.82,4976.35,3314.44,4682.82,3619.57,311.567,814.49,1239.66,1400.56,327.568,1036.39,692.663,1949.92,1551.98,45.7622,1318.56
106.997551020,673.396,555.534,390.569,95.2357,972.945,544.049,821.587,440.105,3784.48,1701.35,188.643,1683.26,9733.84,10441.1,11550.8,16296,12773.4,4883.19,1091.84,1449.75,5812.82,4167.89,107.798,855.47,858.17,3322.4,734.805,1867.51,2046.94,799.658,509.317,87.0799,38.9091,586.276,299.598,870.213,762.684,3387.24,5272.9,17522.8,19677.4,7282.25,3532.92,1687.87,733.772,163.122,739.314,327.389,5.38012,61.5775,771.102,1788.13,4029.83,1592.44,2223.46,3123.04,434.91,801.265,593.404,4615.54,3088.24,1388.96,2316.12,6979.65,10060.6,9445.95,7377,10341.1,3544.2,581.571,928.191,1815.91,351.082,1692.11,1753.52,2574.62,2076.17,14.4302,941.772,1124.74,580.273,273.02,31.0789,1389.84,4038.64,638.821,2848.1,3525.52,6350.14,1106.33,38756.9,41285.6,4056.46,7266.25,3945.76,865.509,783.534,218.001,404.884,105.353,211.944,445.631,1156.55,380.239,177.811,700.938,93.2902,242.721,78.7387,2424.87,6069.12,1807.53,224.922,4635.71,11446.2,9096.03,14482.2,16720.6,9571.75,1897.77,408.273,2359.43,3913.77,858.888,8.45899,298.044,1360.22,1183.11,84.9763,1653.38,707.302,707.167,152.476,62.2344,250.8,402.281,738.595,925.164,1506.76,4225.77,10780.9,23233.5,12350.5,4871.76,4537.68,643.151,591.622,165.67,1028.14,426.197,82.2164,246.466,999.116,2790.78,3286.65,742.25,1776.87,381.12,348.523,301.995,2718.86,1294.1,820.594,2157.22,3037.38,6339.01,8197.78,5697.9,5402.59,4068.72,911.799,640.528,1340.04,1538.42,108.359,1583.89,1440.93,2780.87,1691.4,176.022,1777.43
108.483628118,761.329,425.92,287.727,13.2072,1057.74,1232.51,1130.04,210.869,4255.58,1961.76,73.9296,2696.39,9717.42,11714.3,15364.3,21600.5,15382.3,4940.22,753.836,1805.32,5858.7,3916.63,585.237,1275.13,1560.03,4358.16,1762.3,2753.15,2592.35,1201.81,525.298,103.748,52.7575,796.397,665.262,1179.62,171.114,4320.15,8748.27,19068.1,18673.1,9160.3,5220.92,1338.26,618.468,546.203,985.079,351.322,5.11716,73.8397,1040.08,2881.44,5322.21,3135.08,3723.38,4309.45,1444.85,976.759,776.986,3783.01,3955.44,1529.94,1731.77,7659.9,12581.8,11482.6,10001.5,10897.4,4574.19,628.931,698.887,1837.83,105.117,1500.78,3009.88,3678.83,2338.16,200.425,905.512,1179.1,855.558,516.856,275.542,2195.15,4471.59,1613.87,2587.5,1759.87,5216.54,3667.8,36760.9,43793.6,8816.28,5701.67,2608.78,492.694,530.699,17.5035,589.726,7.37083,326.125,708.372,1371.56,476.042,216.154,740.871,88.284,249.042,168.368,2718.37,7752.14,2542.09,49.0014,4977,11775.6,11480.1,18298.2,22241.3,11926.9,1809.62,337.919,2803.55,2997.75,599.512,20.9126,213.862,1123.47,1412.74,443.565,1963.09,1429.21,787.448,93.559,43.4388,254.174,671.061,1263.36,889.762,1257.91,6415.53,15182,24974.4,12675.6,6372.13,5577.46,492.483,702.07,607,1442.52,615.061,175.537,430.499,1372.25,3745.75,4709.44,1805.36,2544.01,880.605,648.998,739.094,2410.42,734.498,1441.34,2354.63,2193.09,7584.1,11463.5,8115.73,5178.22,4247.71,1830.86,380.228,1403.6,1675.03,231.377,2136.53,2399.59,3297.4,1779.05,504.584,2171.04
109.969705215,841.289,221.215,208.977,1.70235,1043.94,2275.03,1513.05,478.881,4301.49,2398.41,168.566,3760.84,8769.54,10986.3,17477.8,24645.3,16554.6,4197.11,473.104,1870.84,5565.89,3286.72,1349.67,1850.04,2483.43,4862.27,3289.87,3777.2,2657.43,1571.55,584.427,72.1005,166.649,1255.16,908.929,1337.6,56.8668,5910.34,11851.4,17195.9,16869.2,8545.52,7652.39,1149.81,708.901,783.911,1339.25,497.325,16.0653,163.26,1447.74,3467.54,6447.88,4979.3,4971.29,5348.49,2986.22,1440.2,924.896,2850.83,4428.21,1436.07,1063.44,7521.21,13532.9,12065.1,11078.2,10282.7,5312.64,701.018,574.315,1707.51,79.4849,1276.66,4231.53,4650.45,2268.62,553.89,947.316,839.821,1347.72,842.651,519.238,2858.33,5220.66,2049.35,2675.62,231.847,4640.51,4995.52,36178.3,43899.3,12654.7,4441.73,1318.84,857.136,475.735,15.0314,608.698,83.6165,642.731,1122.94,1180.92,736.938,505.112,741.263,68.1985,315.656,357.907,3109.34,8964.46,3543.61,29.1267,5191.69,11006.7,11488.1,20296.6,25924,12857.1,1863.29,251.969,3096.84,2054.11,441.122,24.1826,205.419,752.942,1543.77,1105.83,2134.57,1997.68,1077.53,3.33858,95.8043,400.052,995.302,1412.68,1277.46,1595.78,8861.56,16628.1,25894.6,10254.6,7492.22,6265.58,609.063,774.616,1519.54,1880.71,626.756,344.441,720.041,1463.93,4390.18,6171.2,3029.74,3042.7,1830.45,1273.84,1688.49,1972.66,296.906,1847.43,2532.77,1033.43,8359.56,13576.3,9919.17,4080.24,4034.83,2958.89,231.323,1504.71,1797.6,578.935,2558.13,3403.29,3195,1853.91,879.107,2203.52
111.455782313,909.43,69.212,196.173,1.57686,1090.47,3517.27,1930.17,982.01,4037.75,2851.35,561.392,4611.14,6951.02,8732.56,16843,24681.3,15928.5,2998.54,322.634,1809.38,4914.34,2372.75,2077.3,2408.67,3286.3,4696.72,4778.3,4762.13,2222.18,1758.33,815.68,66.7486,548.67,2087.99,974.141,1276.09,902.07,8828.62,13602.8,12579.6,15218.2,5581.24,11001.4,1766.13,873.452,685.643,1960.54,878.004,125.636,443.946,1849.4,3336.99,7077.73,6634.48,5442.71,5941.33,4600.35,2216.91,884.426,2034.2,4469.18,1095.61,561.827,6660.39,12710.4,10785.6,10422.1,8434.6,5520.82,862.953,689.357,1500.43,162.541,1049.62,5184.5,5234.43,1851.62,989.637,942.883,428.151,1838.55,1278.5,653.977,3247.79,6120.82,1860.66,2632.96,253.4,5447.98,3443.29,37484.4,40895.8,13007.8,4509.48,1050.98,1735.89,396.331,63.2405,641.411,429.652,1157.07,1504.36,783.172,1040.46,1081.1,857.566,32.3363,418.242,485.184,3557.03,9416.05,4489.6,397.718,5140.56,9129.61,9337.04,19663.6,26901.4,12010.3,2033.36,315.934,3197.58,1238.27,314.986,16.9203,219.295,416.372,1494.03,1991.28,2055.7,2173.56,1611.92,119.322,337.897,820.241,1417.71,1082.1,2030.98,3205.02,11363.4,13941.7,26193.1,6513.54,8362.36,6684.5,604.707,1010.57,2993.63,2236.01,451.266,609.189,1028.02,1250.18,4543.63,7363.98,3993.62,3054.68,2995.91,2325.87,2860.69,1517.28,63.3093,1908.1,2693.31,247.869,8317.62,14005.1,10401.5,2677.84,3439.36,4100.67,389.568,1669.57,1838.63,937.928,2783.94,4077.93,2617.53,1757.8,1142.28,1950.21
112.941859410,900.882,36.7186,294.754,5.92725,1350.91,4813.65,2258.88,1331.49,3696.38,2941.04,1243.99,5094.42,4615.02,5875.42,13697.1,21655.6,13895.2,1720.99,337.464,1851.61,4053.27,1372.28,2447.1,2821.46,3566.04,4006.68,5561.61,5553.27,1485.44,1776.75,1243.38,248.048,1296.63,3228.7,1050.57,1198.75,3023.47,13372.8,13686.2,7513.34,14214.4,2308.82,14830.8,3710.68,1169.02,374.382,2860.72,1550.71,401.176,931.331,2131.19,2560.22,7020.07,7621.28,4881.3,5917.39,5765.58,3055.49,713.714,1514.63,4127.18,676.303,251.93,5544.01,10290.9,8173.06,8249.82,5956.15,5020.86,1278.08,972.732,1231.92,277.681,823.053,5703.49,5373.92,1179.94,1397.79,856.732,150.202,2129.75,1881.01,590.734,3367.75,7329.09,1070.65,2635.79,1786.37,7316.55,725.038,41001.4,35984.3,10067.4,6280.79,2042.81,2579.93,444.424,62.873,704.769,1130.04,1840.58,1683.32,380.561,1257.16,1900.3,1215.67,92.7813,512.288,451.782,3987.86,8915.8,5013.04,1228,4570.74,6737.38,5901.2,16775.1,24765.6,9905.21,2059.27,717.917,3099.76,641.746,208.503,11.3106,205.481,186.929,1338.24,2891.03,1735.92,1942.71,2366.86,621.82,842.195,1547.28,1944.99,487.987,3117.1,6392.87,13402.3,8475.58,25806.9,3949.14,9061.63,7316.03,304.448,1693.44,4874.06,2483.35,205.677,914.081,1256.12,840.103,4188.14,8045.74,4271.4,2636.59,3947.31,3716.11,3855.4,1172.58,7.97577,1669.16,2858.88,228.451,7478.54,12580.5,9445.09,1544.91,2636.21,5079.48,957.616,1737.85,1780.81,1112.55,2706.47,4329.71,1698.91,1574.43,1097.3,1586.58
114.427936508,834.221,110.734,472.938,106.968,2011.95,5782.4,2470.14,1342.52,3226.55,2640.18,1899.92,5255.73,2249.47,3448.22,9376.25,16079.6,11535,641.811,562.861,2055.9,3198.07,469.583,2505.97,2769.54,3375.29,2829.09,5553.67,5739.94,921.305,1648.57,1919.97,684.17,2183.37,4534.97,1426.03,1521.4,6315.27,18695.2,12953.5,4129.02,14087.2,1297.32,18101,6922.55,1787.05,270.358,3912.12,2345.45,842.739,1565.23,2206.13,1496.1,6289.14,7586.27,3529.57,5338.44,6059.71,3609.35,631.514,1401.57,3379.9,443.371,100.044,4618.62,6894.99,5305.37,5260.22,3579.73,4040.74,1980.47,1158.18,1010.92,306.21,633.926,5662.81,5295.69,476.805,1665.75,701.258,51.3563,2262.61,2515.61,399.894,3308.77,8649.91,491.96,3184.25,3670.97,8888.06,334.749,47406.9,31826.5,7038.32,9345.06,3325.44,3264.59,665.265,9.5451,909.962,1915.11,2656.67,1602.58,122.551,1284.09,2837.41,1828.45,388.208,600.168,307.9,4165.33,7666.43,4767.77,2402.94,3419.88,4542.03,2508.01,12584.5,20263.4,7241.29,1867.8,1503.67,2730.03,332.685,147.14,5.89591,165.794,86.6015,1321.35,3358.45,1403.96,1406.56,3329.07,1513.26,1518.5,2433.6,2550.77,82.1026,4527.56,10518,14524.4,3048.55,24974.8,4184.06,9696.08,8416.82,8.578,3000.49,6831.69,2616.69,43.8975,1134.49,1404.22,363.414,3533.32,7936.72,3895.36,1920.75,4406.8,4912.15,4596.77,896.082,34.3116,1454.02,2762.76,1023.22,6256.8,9620.75,7494.67,981.912,1957.15,5773.37,1713.32,1679.46,1516.61,1059.35,2302.04,4231.38,746.392,1388.51,750.893,1152.37
115.914013605,737.219,213.116,698.739,436.392,2983.96,6276.83,2404.57,1069.53,2563.59,2168.35,2103.47,5105.72,667.718,1916.98,5532.93,9550.8,9397.23,333.641,1027.32,2109.57,2472.42,19.6484,2382.6,2105.39,2991.69,1409.16,5057.22,4985.95,834.81,1680.26,2693.98,1197.34,2987.75,5714.33,2225.8,2421.43,10461.4,22976.3,12333.7,3656.98,15030.1,3605.34,19411.9,11072.5,2813.96,760.778,4646.65,3205.26,1317.43,2062.64,2190.05,592.995,5036.67,6582.02,1943.79,4466.06,5445.18,3580.53,882.591,1599.47,2312.23,575.833,27.6812,4210.05,3437.29,3258.16,2484.01,1810.92,3206.89,2638.13,1179.52,798.442,246.157,414.478,5276.6,5161.93,49.911,1741.45,516.667,105.57,2254.39,2995.52,284.167,3495.33,9236.93,1069.95,4046.71,5776.72,8523.02,3858.52,58148.7,32987.4,7446.7,11668.3,4290.65,3996.15,844.286,12.0515,1081.63,2682.46,3380.27,1359.12,15.2692,1151.07,3696.96,2569.57,914.976,735.237,160.179,4074.46,5805.18,3914.71,3385.33,2187.07,2819.48,360.63,8530.51,14438.7,5015.11,1557.82,2422.64,2123.56,287.022,132.886,10.5807,186.866,188.536,1566.37,3119.73,1208.47,911.275,4463.58,2494.18,2090.35,3389.5,3035.31,255.436,6034.49,14600,14144.4,410.386,24004.4,7334.57,10030.7,9815.4,345.393,4977.85,8173.47,2771.1,50.4981,1190.62,1412.29,44.1271,2856.03,6851.38,3279.74,1138.15,4336.22,5334.94,4976.62,816.278,70.12,1393.87,2225.16,2458.84,4941.32,6255.95,5312.77,818.991,1991.81,5991.15,2216.03,1555.7,1050.28,862.575,1633.41,3969.2,154.252,1242.77,314.607,683.424
117.400090703,545.128,326.617,918.449,965.681,4041.56,6234.72,2030.24,608.324,1950.18,1492.57,1835.52,4504.44,564.591,1242.93,3490.35,4008.06,7827.61,1065.46,1517,1895.77,1844.51,168.207,2172.24,1088.17,2600.84,324.05,4262.52,3550.65,1198.46,2069.25,3399.18,1540.68,3450.32,6614.04,3124.43,3626.41,14852.3,24913.7,11437.1,6232.57,17480.9,7607.35,18079.2,15644.9,4091.67,1584.48,4956.17,3936.3,1573.83,2281.33,2145.98,258.379,3512.47,5000.83,789.411,3668.83,4081.32,3074.25,1402.72,1825.47,1365.74,807.034,4.28981,4444.09,1262.34,2333.44,985.11,1190.17,2851.86,2754.26,1176.71,514.834,163.557,260.631,4527.08,5207.41,156.536,1570.68,370.668,221.137,2172.78,3153.07,367.857,3681.12,9742.66,2255.29,4455.16,8295.59,6030.29,9500.27,75419.1,44678.7,12034.2,11133.2,5483.17,4144.84,972.915,120.7,1300.3,2997.79,3916.7,1086.73,1.96806,1022.04,4144.24,3302.76,1568.76,842.898,153.788,3746.25,3688.48,2905.17,3501.61,1381.32,1752.3,184.903,5332.39,8959.24,3875.77,1325.02,2935.08,1548.05,351.022,151.881,67.7815,337.035,560.469,2021.74,2330.66,1115.58,851.79,5568.28,3317.69,2230.51,4198.39,3420.3,893.024,7126.42,17896.5,12025.8,1159.76,23626.2,12149.7,9241.73,11280.4,2028.78,7084.01,8389.79,2978.06,251.516,1055.53,1263.99,56.4498,2245.43,5080.3,2784.17,651.286,3727.14,4846.87,4910.04,941.884,100.978,1429.84,1408.02,4026.11,3961.72,3815.71,3835.46,822.392,3025.36,5491.94,2329.73,1249.77,630.386,557.407,879.313,3764.16,219.084,1106.85,54.7134,290.853
118.886167800,346.435,405.656,1107.56,1517.66,4830.02,5822.1,1365.46,175.044,1527.22,739.297,1274.49,3566.54,1937.24,1274.52,3545.7,1131.41,6826.37,2626.59,1808.34,1426.08,1349.33,636.03,1982.23,234.042,2281.88,19.8794,3291.96,2000.02,1735.86,2883.37,3815.03,1537.48,3538.37,6786.4,3989.45,4659.39,18070.8,24551.8,9434.02,10843.9,21591.8,10356.8,15084.6,19425.6,5298.75,2335.45,4861.41,4190.49,1598.17,2082.76,2209.62,566.453,2019.78,3354,525.157,3068.87,2525.8,2287.96,2010.31,1849.04,752.014,867.709,185.603,5242.17,1241.45,2297.35,1320.86,2052.24,3014.8,2121.02,1199.54,215.951,109.781,191.532,3624.02,5404.68,787.171,1230.32,266.312,293.506,2054.01,2929.01,643.116,3897.27,9813.76,3667.39,4288.25,10270.1,3086.19,14745.2,100049,69585,19161.2,7747.73,6786.53,3551.92,1051.67,375.012,1404.24,2826.07,4057.24,969.403,6.98803,999.844,4081.19,3681.69,2227.95,886.534,303.758,3222.25,1890.19,2002.36,2617.18,1199.82,1527.61,1857.13,3106.21,5112.82,3980.46,1330.91,2759.94,1126.18,344.986,230.34,243.95,668.307,1207.5,2443.32,1414.19,1014.85,1335.14,6549.73,3629.78,1981.26,4514.79,3705.46,1666.24,7425.68,19494.4,9171.56,3523.37,24545.4,16780.1,7006.01,12617.2,5153.48,8247.82,7721.06,2998.68,554.37,825.722,971.462,405.106,1673.91,3249.01,2514.84,641.258,2816.05,3626.52,4497.71,1085.12,171.738,1499.17,613.698,5243.3,3719.29,3175.65,3749.3,972.294,4763.49,4370,2052.43,818.373,359.8,258.311,292.161,3735.69,974.915,977.023,20.563,78.9695
120.372244898,244.941,424.864,1253.29,1803.46,5213.5,5064.58,687.502,1.40549,1263.65,170.873,700.63,2565.23,4218.22,2172.86,4817.3,1072.15,6539.59,4567.03,1752.57,854.491,979.524,1017.93,1856.84,17.0729,2046.33,449.718,2344.27,838.229,2069.96,3964.97,3862.91,1172.35,3262.69,6148.68,4468.28,5063.31,19049.6,22553,6296.24,15683.6,26870.2,10145.9,12081.8,20989.2,6279.3,2579.08,4422.89,3827.32,1409.73,1548.68,2410.89,1301.94,836.618,2075.64,963.506,2767.78,1270.88,1570.35,2337.36,1670.55,431.954,720.059,831.354,6260.39,3142.12,3077.54,3175.24,3955.67,3655.03,1072.31,1227.83,33.2825,122.023,161.637,2769.71,5723.93,1563.56,861.932,184.088,314.957,1791.16,2501.65,939.382,3826.45,9760.6,4301.39,3963.52,10434.2,1754.82,18514.9,130218,105552,26305.8,3629.09,7081.34,2874.56,820.592,797.078,1422.11,2178.44,3871.28,959.117,2.37378,1090.17,3648.64,3401.49,2792.96,865.52,461.641,2667.22,787.094,1308.82,1281.27,1682.49,2042.08,4238.23,1977.69,3364.47,4765.93,1671.04,2047.68,821.746,247.465,369.365,538.099,1197.26,2108.22,2505.53,734.317,830.732,2272.81,7176.88,3404.84,1469.35,4213.47,3784.67,2152.59,6959.96,18777.4,6936.29,5219.68,26956.4,19685.6,4025.58,13541.2,8905.23,8008.8,6350.4,2764.9,817.085,570.058,624.845,966.4,1096.5,1881.62,2379.19,1057.38,1827.87,2246.01,3810.01,1098.88,345.739,1521.16,115.082,5876.05,4664.19,4259.51,4723.78,1593.37,6715.63,2933.48,1577.47,398.47,211.805,100.45,133.569,3790.24,2193.78,880.007,110.335,39.7426
121.858321995,224.814,402.605,1364.38,1624.16,5169.71,4121.6,268.092,95.0754,1018.88,12.9985,407.088,2040.55,6305.23,3938.61,6393.02,2730.89,6908.73,6313.94,1512.32,386.41,622.875,1164.76,1671.5,453.742,2028.25,1193.76,1533.52,222.449,2103.31,4875.71,3649.42,576.569,2758.62,4857.32,4360.38,4494.16,17875.9,19451.6,2920.65,19067.9,32585.4,7533.82,9845.96,20033.4,6727.5,2164.48,3708.13,3035.78,1015.35,985.482,2577.57,2106.74,197.894,1296.47,1475.17,2725.95,730.376,1117.91,2081.62,1423.99,257.523,501.104,2004.8,7255.18,5831.89,4644.21,5510.13,6098.68,4698.16,229.031,1214.78,16.2776,169.621,132.752,2138.04,6093.78,2024.02,564.367,124.327,302.629,1376.97,1983.55,1065.51,3545.2,9165.55,4232.18,3233.96,9380.46,2085.17,21011.1,162065,146681,30760.7,982.088,5865.61,2432.07,506.071,1318.97,1231.56,1375.49,3476.16,937.51,4.11339,1244.08,2995.67,2549.35,3098.84,855.188,491.938,2169.4,398.854,862.637,319.773,2562.23,3081.88,6160.73,1876.66,3159.64,5680.6,2342.33,1092.26,578.652,162.667,428.176,889.486,2022.31,3036.91,2100.21,388.691,634.21,3329.3,7139.28,2950.17,860.113,3490.48,3456.82,2220.66,5754.22,16282.5,5736,5228.06,30311.9,20497,1479.09,13803.7,11907.6,6628.22,4577.39,2287.94,897.871,352.426,334.202,1505.92,640.392,1168.7,2105.27,1642.22,1051.49,1278.11,2818.14,1030.09,540.605,1529.53,31.7941,6088.29,6588.74,6322.64,6005.79,2908.28,8142.93,1827.8,1247.15,109.838,147.369,56.7539,279.653,4031.88,3484.11,802.302,185.812,98.0925
123.344399093,243.636,394.609,1396.78,1099,4638.36,3416.6,41.751,331.015,720.374,317.646,543.448,2379.39,7454.31,5628.21,8048.19,5043.07,7047.91,7601.71,1207.77,219.252,270.735,1038.3,1411.72,1273.13,2175.59,1664.36,977.053,74.9091,1899.48,5329.54,3097.53,108.074,2249.47,3068.74,4024.75,2875.15,15607.4,15231.6,732.832,20582,37673.5,4779.93,7945.85,17410.7,6354.02,1454.07,2742.46,2105.35,571.115,552.302,2568.58,2723.83,136.925,850.705,1640.41,2729.22,834.293,974.11,1322.04,1225.58,132.178,381.441,3533.68,8028.67,7693.34,6978.57,7383.98,7415.64,6089.67,139.549,1263.29,74.2221,189.581,101.305,1866.96,6272.94,2031.98,358.305,114.653,254.572,896.935,1542.65,830.732,3156.57,7665.73,4012.85,1960.43,8763.9,2400.22,22366.5,191902,185220,30886.4,75.8936,4428.47,2004.71,356.742,1542.11,1097.6,754.895,2909.92,849.859,41.8933,1359.04,2298.29,1470.79,3069.92,873.315,407.056,1655.13,542.412,762.252,127.091,3416.07,4164.22,7097.58,2754.57,3446.37,6204.46,3096.29,332.662,410.371,118.031,332.843,1307.88,3068.33,3574.24,1503.26,271.787,500.883,4019.8,6535.72,2384.58,403.834,2679.29,2622.99,2001.6,4172.47,13063.4,5001.98,4057.66,33760.3,19900.4,470.892,12968.4,13255.1,4522.58,3018.32,1530.9,827.587,183.441,147.737,1843.7,505.877,966.676,1602.01,2073.99,627.326,788.765,1866.32,866.024,698.325,1319.27,553.009,6392.48,8025.71,8628.17,7333.85,4140.33,8814.43,1643.44,1344.28,117.93,135.684,34.6117,508.991,4519.09,4386.38,763.9,176.844,228.9
124.830476190,244.638,408.581,1364.11,473.992,3830.43,2961.68,9.57396,526.951,499.732,714.983,1035.2,3812.74,7714.29,6093.58,9718.48,7015.48,6303.8,8296.84,1144.81,231.37,117.618,660.2,1172.23,2034.18,2420.26,1588.29,629.164,121.094,1779.8,5062.49,2373.01,31.9892,1722.29,1449.8,3496.15,1092.91,12906.6,10480.4,477.725,20865,40978.9,3975.36,6076.81,13987,5299.24,724.173,1885.51,1128.19,376.417,333.598,2208.98,3147.44,495.21,563.854,1441.23,2480.05,1193.27,1110.47,504.56,1082.36,46.2662,472.953,5109.23,8314.85,7740.56,9708.42,8226.45,7291.7,7676.86,1119.79,1494.68,96.2409,173.73,127.729,1922.71,5980.84,1843.98,211.215,172.098,197.644,502.572,1097.92,466.797,2525.79,5950.56,3319.17,1003.31,8838.42,2048.72,23374.8,215066,213835,27678.1,76.3019,3805.6,1696.86,225.105,1582.14,980.432,577.27,2255.64,666.648,115.852,1393.37,1656.78,621.645,2687.02,923.758,285.692,1251.4,714.65,972.408,750.56,4137.55,4549.88,7142.16,4323.51,3321.52,6192.94,3661.93,21.6027,368.108,98.6767,161.836,1709.18,4200.38,3494.61,935.137,259.26,491.683,4094.73,5479.37,1820.4,342.818,1931.23,1656.33,1558.02,2951.55,9764.05,4178.91,3289.35,36074.8,19001,1110.16,11051.7,12656.2,2453.73,1882.16,754.002,640.51,88.1994,68.9748,1927.77,911.622,1008.45,953.357,2115.1,515.675,700.058,1198.19,526.221,814.427,897.339,1671.54,6881.7,7839.98,10449.7,8583.69,4286.41,8930.63,2961.55,1890.83,381.771,141.896,31.5583,752.021,4962.83,4823.96,711.9,131.055,419.471
126.316553288,189.636,462.062,1218.37,63.3101,2981.9,2643.93,132.287,580.212,330.849,947.786,1968.92,6105.71,7311.62,5039.29,11079.6,8027.79,4599.9,8480.75,1627.95,315.502,178.36,333.161,858.471,2586.29,2512.82,1153.61,393.212,184.128,1901.31,4165.59,1603.53,291.79,1364.12,368.947,2875.95,305.449,9828.95,6419.59,1488.8,20990.6,41907.6,5430.09,4445.39,10132,4214.32,263.711,1149.18,502.197,392.43,267.745,1531.64,3512.52,1071.71,294.154,1158.3,1881.65,1581.53,1221.03,79.4903,968.111,27.0293,801.291,6732.72,7613.35,6382.98,11773.7,8142.1,5644.54,9359.49,3187.1,1852.23,73.0965,212.503,243.853,2016.46,5355.16,1610.07,108.061,323.879,125.922,298.029,609.459,214.086,2025.39,3966.82,2617.89,1248.22,8744.19,1660.88,24526.3,227215,227328,23755,403.839,3783.45,1830.94,168.417,1354.65,1137.69,721.849,1545.63,488.151,181.367,1389.92,1106.14,207.796,2174.44,898.113,264.919,982.287,643.35,1348.92,2030.78,4920.78,3646.34,6854.93,5714.14,2709.85,5508.4,4202.92,122.676,463.645,131.766,39.3492,1956.73,5169.4,2925.57,527.291,227.337,585.439,3641.55,4110.71,1337.83,654.985,1443.57,835.422,1262.81,2499.9,6659.93,3190.41,4194.06,36063.6,18655.9,2358.2,8677.59,10350,1182.97,1137.6,236.738,438.618,43.8009,51.7739,1905.77,1802.23,1136.3,398.654,1821.88,568.28,722.933,824.393,219.931,806.487,508.773,3025.71,7383.82,5958.6,11220.7,9489.78,3128.16,8739.36,5620.62,2907.18,837.948,148.546,29.5347,992.911,5160.92,4686.17,708.205,120.402,579.288
127.802630385,100.105,499.993,992.289,47.87,2212.43,2315.61,359.532,475.546,236.399,977.777,3449.68,8493.44,6456.46,3084.65,11845.9,7760.3,2595.24,8061.13,2817.57,524.771,349.056,131.758,535.524,2853.51,2335.84,637.381,275.694,196.038,2099.54,2984.15,974.831,599.853,1175.8,45.1723,2241,829.506,6914.83,3592.1,2380.99,21483,41026.8,7531.34,3165.51,6472.08,3361.75,291.947,675.646,203.223,434.178,273.587,876.548,3726.48,1717.22,92.8735,900.144,1173.28,1785.2,1231.59,4.17793,845.212,208.928,1446.85,8072.16,6192.48,4269.8,12592,7215.68,3431.07,10525.7,6063.83,2436.35,31.7656,297.353,367.993,2145.58,4312.18,1501.93,112.645,496.148,63.9745,215.785,250.341,141.307,1626.99,2444.36,1814.85,2980.16,8298.33,1424.5,24638.8,227033,224495,20735.4,697.12,3887.99,2524.93,121.232,1229.6,1557.37,872.309,935.772,388.225,221.307,1264.99,805.159,179.627,1538.02,923.407,334.271,799.953,360.66,1826.84,3628.99,5557.58,2014.93,6313.3,6362.89,1754.01,4423.93,4720.56,645.265,688.847,166.425,15.6984,1983.03,5793.34,2176.55,280.141,138.648,764.774,2742.02,2862.33,868.053,1126.86,1134.01,495.427,1386.19,2776.21,3911.38,2272.53,6297.33,33941.8,18605.3,2865.34,6659.49,7142.37,867.444,776.088,71.4343,256.413,50.056,54.5134,1918,2902.81,1248.08,153.093,1456.24,565.526,724.529,614.181,110.207,738.57,248.943,4370.15,7505.79,3387.23,10520.2,9939.48,1343.48,8312.5,8564.3,4512.71,1413.99,133.929,22.8478,1212.08,5025.91,3949.12,815.111,173.207,697.379
129.288707483,38.4876,481.312,733.989,363.288,1580.49,1874.1,633.077,282.947,239.476,964.925,5369.32,10147.3,5310.31,1335.4,11816.7,6466.46,1022.4,7048.77,4474.39,980.082,499.216,39.1375,325.99,2786.66,1960.88,231.775,262.429,195.518,2121.79,1936.68,532.357,694.575,1087.48,359.17,1736.09,1965.22,4890.95,1638.5,2444.8,21542.6,39982.8,7973.35,2397.71,3420.45,2788.21,613.036,538.731,140.74,372.251,287.57,482.133,3663.68,2308.47,52.7751,683.093,614.112,1597.1,1274.58,105.959,662.973,630.657,2439.39,8925.22,4379.37,2213.32,12165.5,5830.79,1780.61,10473.6,9054.69,3440.24,98.6301,359.281,380.931,2308.56,2952.03,1542.31,249.128,540.244,77.2363,214.223,49.8748,309.381,1435.34,1399.41,858.056,5707.12,8850.01,665.868,21733,216367,209756,17554.9,418.48,4683.71,3605.27,63.1348,1184.81,2119.54,991.039,451.536,428.478,271.324,992.454,689.204,363.989,866.351,1116.78,419.141,596.086,70.7834,2395.87,5313.92,5447.63,723.146,5464.48,6316.56,760.396,3149.89,5108.59,1579.42,965.529,168.848,37.4591,1941.85,5803.99,1634.49,135.863,44.5187,915.492,1737.72,1873.49,426.244,1488.64,1110.75,628.101,1594.65,3557.22,1811.32,1784.1,7377.47,31382.9,17838.4,2377.44,4702.19,4517.99,1026.52,626.966,226.536,154.634,66.6983,38.2572,2044.22,3903.56,1348.11,222.336,1107.05,437.333,680.15,511.543,143.973,708.576,287.517,5681.31,6744.44,1305.08,8721.74,9752.9,149.388,7419.83,10676.5,6567.77,2041.36,104.648,12.1981,1447.35,4484.91,2889.28,943.296,267.771,780.775
130.774784580,79.7003,419.104,467.341,794.517,1102.64,1354.8,919.042,108.796,361.322,1197.14,7219.87,10539.8,4079.54,612.225,11021.2,4788.05,258.679,5739.65,6041.57,1660.22,597.224,5.92816,270.726,2490.14,1476.09,28.6179,323.814,282.662,1839.34,1206.35,217.1,557.882,1005.82,991.934,1549.28,2528.6,3892.57,405.758,1743.11,20535,39721.8,5943.81,1934.78,1521.33,2267.11,860.555,665.283,238.202,190.987,297.293,394.69,3318.4,2665.83,246.826,503.799,265.895,1110.54,1408.93,229.701,490.964,1153.3,3689.41,9074.31,2659.93,861.947,10881.8,4576.28,1026.78,9343.3,11129,4723.65,508.949,441.439,278.276,2414.45,1598.92,1625.66,444.277,434.502,192.248,253.082,60.5971,601.747,1225.77,763.56,291.88,8156.76,11208.6,4.26186,15078,200068,190190,12531.2,7.38369,6777.01,4556.43,118.857,1135.45,2627.63,1029.26,224.989,527.867,373.052,658.217,624.099,576.215,372.607,1367.05,444.02,416.857,24.7419,3041.67,6579.27,4626.75,175.112,4576.81,5797.35,132.364,1860.22,5309.49,2637.77,1174.35,181.073,50.9989,1903.65,5218.31,1421.45,81.6371,7.32842,982.599,846.588,1218.83,125.611,1524.86,1415.98,886.943,1602.13,4278.01,973.214,1697.3,6004.83,29295.5,16341.8,1357.43,2715.75,2947.63,970.239,785.445,643.249,117.089,91.511,65.8324,2220.95,4379.35,1618.49,416.131,763.253,287.633,596.468,543.331,155.436,732.084,825.646,6650.98,5343.23,240.001,6577.37,9002.35,142.792,6132.06,11259.9,8375.22,2776.52,106.596,3.76921,1768.05,3688.12,1790.54,1028.83,321.632,873.02
132.260861678,186.445,431.455,174.706,1304.73,660.698,998.687,1081.43,29.3029,659.396,2012.03,8381.69,9379,3167.88,785.415,9823.74,3577.52,56.3641,4801.79,6800.66,2326.02,766.776,5.93206,384.05,1990.73,1078.79,11.7223,367.73,521.054,1367.84,746.357,29.1944,295.964,962.661,1558.01,1543.58,2164.41,3596.84,20.2128,863.233,18640.3,40169.4,3107.5,1502.16,728.506,1757.84,760.686,991.727,478.362,37.6687,330.039,476.926,2767.26,2736.42,586.892,363.188,78.3167,595.793,1630.21,330.512,369.585,1740.56,4641.92,8679.12,1355.62,335.772,9662.84,3706.99,834.752,7894.05,11108.2,6288.01,1353.56,525.701,207.211,2331.95,590.845,1755.06,626.36,263.55,477.717,258.604,119.38,958.908,998.914,497.088,328.704,9627.9,13970.2,1602.49,7030.55,183705,172233,6240.49,1186.87,9011.5,5208.21,417.862,910.848,2971.36,1186.46,269.082,543.751,550.495,411.931,595.642,711.325,161.417,1461.5,484.145,313.101,408.929,3918.76,6624.21,3687.94,215.195,3688.08,5399.67,17.9005,794.292,5349.86,3300.18,1333.78,202.675,43.0886,1830.13,4345.93,1344.4,113.832,92.5713,985.075,255.438,805.364,31.3646,1281.14,1949.97,1000.61,1397.69,4464.65,1300.97,2052.81,2924.56,28042,14458.3,525.987,1132.59,2104.37,541.679,1233.49,1267.42,197.126,177.276,242.807,2153.9,4394.81,1941.79,545.927,471.604,214.954,499.765,781.925,53.8346,962.319,1711.66,6714.22,4159.95,1.55892,4722.65,8264.7,847.59,4845.2,9988.6,9328.82,3676.66,167.306,34.6912,2061.15,3077.61,812.968,1190.26,243.166,1107.88
133.746938776,250.974,569.318,14.2904,1858.5,429.426,895.811,970.221,83.5414,1210.69,3655.82,8233.32,7208.2,2742.23,1062.45,8807.83,3503.41,18.3119,4516.19,6612.18,2624.9,1123.76,78.61,653.226,1350.44,811.42,89.1246,398.29,906.714,841.187,433.35,19.8491,132.216,792.79,2089.46,1354.34,1532.27,3310.95,508.048,505.288,17603.4,40157.7,1956.96,1170.68,488.803,1435.76,399.547,1573.43,765.295,65.6793,401.492,632.317,2013.39,2639.72,932.463,215.671,7.492,264.269,1764.39,572.956,461.988,2406.68,4605.44,8036.14,861.044,412.125,9017.03,3387.36,842.948,6613.47,8763.91,8007.54,2571.78,560.917,203.268,2107.18,188.067,2056.41,782.696,244.034,829.699,275.082,164.024,1263.71,968.643,346.356,1129.1,10717.8,14659.9,6308.07,1309.22,173188,160276,1304.95,4669.36,9514.81,6049.69,920.05,469.637,3274.46,1534.21,432.536,522.068,719.21,391.808,615.588,905.14,209.624,1305.55,591.296,350.557,1309.41,5127.45,5201.73,2996.07,463.492,2984.8,5395.3,327.485,319.206,5261.89,3191.52,1477.23,267.775,64.0652,1531.86,3562.42,1150.08,212.609,352.871,1028.32,13.9677,476.992,127.053,1091.18,2251.26,1079.95,932.254,4356.35,2134.94,2714.84,611.364,26967.4,13348.5,389.707,257.528,1473.51,171.681,1714.34,2197.72,520.469,373.783,486.619,1843.64,3944.7,2222.14,530.065,269.264,175.881,511.887,1270.55,26.0748,1464.42,2459.67,5980.31,3588.16,40.7937,3814.53,7954.91,1356.31,3879.32,7396.19,9027,4794.18,316.466,108.576,2125.18,2903.21,371.286,1521.1,126.741,1550.02
135.233015873,249.752,789.743,151.002,2443.17,628.511,973.669,660.895,330.771,2040.29,5812.5,6994.67,4618.98,2902.36,889.643,8415,4265.49,38.6935,4777.29,5896.66,2224.9,1795.69,374.394,974.27,710.963,664.537,128.569,462.233,1305.86,420.437,267.606,83.2346,57.7526,547.596,2510.5,1061.85,1020.12,2877.56,1475.27,829.844,18683.1,39277.6,3084.47,1072.18,615.254,1192.36,164.546,2256.24,1163.75,259.431,483.738,724.006,1263.56,2341.39,1163.7,103.615,21.0094,92.5208,1769.64,1174.27,1020.15,3022.23,3514.52,7306.38,1215.72,845.213,8977.28,3544.64,818.081,5588.75,5262.45,9291.94,4070.63,599.476,214.159,1823.93,532.982,2596.43,1131.92,450.905,1154.56,300.77,148.499,1549.04,1256.47,519.8,2446.69,10970.5,13401,11746.6,1103.2,171469,156176,332.146,8661.21,8658.11,6571.93,1442.21,131.95,3460.46,2167.59,613.393,434.484,796.572,557.276,842.641,1281.6,472.892,931.705,760.784,656.878,2694.27,6311.12,3092.41,2529.3,598.116,2595.52,5727.4,858.125,514.907,5062.15,2422.47,1567.39,468.943,176.312,1005.83,2950.63,857.061,349.802,746.374,1118.42,56.2827,251.97,270.525,961.644,2210.44,1097.28,528.06,3926.3,3035.41,3489.87,516.422,25930.3,13663.1,662.188,32.7115,974.357,121.097,2147.74,3427.73,1180.61,627.981,642.107,1424.09,3127.47,2353.83,375.027,159.745,119.341,693.813,2016.99,426.544,2279.1,2580.35,4847.02,3645.76,48.4986,3839.47,8034.82,1198.59,3447.46,4428.3,7636.18,5958.75,594.249,197.264,1954.28,3185.71,768.942,2021.17,213.41,2092.11
136.719092971,217.297,1045.15,649.54,3021.93,1328.63,1130.86,311.773,731.126,3044.35,7942.48,5160.14,2482.45,3284.45,452.187,8519.42,5206.24,261.14,5273.93,4966.65,1289.2,2776.32,1136.44,1195.81,273.117,576.482,98.3416,570.155,1523.57,247.88,223.528,100.648,39.3259,382.227,2723.91,828.264,762.368,2390.73,2305.42,1721.04,21049,38050.3,5395.46,1070.45,915.309,976.961,245.231,2843.41,1758.04,567.678,496.534,708.381,608.316,1994.12,1144.74,62.6359,47.2534,22.3417,1752.88,2277.71,2123.67,3449.69,1933.49,6659.6,1877.85,1414.93,9406.43,3911.09,756.831,4791.52,2172.27,9516.7,5604.22,786.47,154.417,1633.52,1481.86,3340.56,1802.21,866.764,1448.83,306.193,122.016,1711.21,1842.59,1165.92,4288.11,9150.19,12083,14135.5,7386.5,177025,158720,4215.2,10298.2,7929.48,5680.65,2216.13,60.4924,3675.37,2738.59,804.219,275.357,762.518,858.657,1336.27,1789.05,876.343,495.765,929.585,1344.58,4343.06,6901.58,1348.03,2190.29,542.849,2476.44,6205.49,1403.99,1014.97,4857.2,1456.78,1590.54,870.41,431.359,405.069,2627.24,499.59,459.681,1102.57,1341.77,230.916,101.84,371.786,802.305,1918.57,1058.06,395.334,3204.28,3639.95,3967.96,2608.09,25291.4,14534.8,953.86,118.759,708.511,377.71,2460.93,4818.39,2154.1,869.095,626.244,953.873,2240.69,2194.24,210.824,99.9796,56.2482,973.779,2943.18,1596.91,3374.98,1944.79,3683.57,3962.24,91.5392,4329.7,8186.68,670.398,3302.61,2141.75,5675.99,6974.98,948.666,251.752,1653.17,3760.39,1956.02,2637.68,707.741,2652.5
138.205170068,200.209,1269.18,1435.04,3479.05,2267.43,1353.29,53.9671,1222.75,4112.62,9036.13,3748.24,1284.93,3297.99,346.82,8849.01,5787.78,801.743,5458.29,4158.24,486.175,3672.67,2395.15,1464.78,110.507,530.368,60.8507,624.907,1545.57,362.567,290.843,47.2213,57.3885,423.733,2532.55,895.521,762.096,1770.44,2687.2,2842.12,22774.6,36921.1,7106.06,1146.31,1115.81,775.129,683.357,3072.11,2479.73,965.887,390.017,627.581,160.707,1684.25,932.092,66.2973,50.8348,12.3468,1887.66,3848.15,3660.12,3440.76,716.998,6146.54,2312.01,2025.28,9990.5,4233.07,908.092,4072.36,461.142,8773.31,6626.22,1179.44,56.7411,1592.68,2716.98,4075.3,2666.02,1483.19,1639.38,282.257,81.8247,1796.75,2605.28,1985.88,5956.54,6475.4,10456.6,12542.1,16646,186913,164651,10328.9,9156.4,6964.27,4168.9,2939.46,410.497,3704.24,3129.49,861.689,142.92,621.152,1248.89,1940.88,2266.83,1319.22,167.663,1081.42,2287.82,5774.51,6761.3,487.062,1878.25,499.606,2529.76,6597.78,1804.45,1443,4681.2,827.555,1462.54,1512.36,852.257,72.3324,2538.92,228.64,502.319,1290.33,1688.38,449.604,14.3517,433.476,527.271,1563.45,958.698,521.195,2382.27,3659.28,3999.48,5390.2,25327.9,14593.9,1101.97,260.103,576.932,715.308,2873.2,5853.5,3203.43,1148.47,400.602,576.466,1451.72,1836.76,111.812,51.4325,10.0464,1245.23,4103.99,3359.38,4386.84,1097.48,2801.14,3963.45,392.803,4756.14,8185.49,447.071,2972.44,990.45,4236.72,7218.17,1399.1,259.152,1354.56,4431.32,3445.07,3210.39,1642.06,3075.5
139.691247166,195.477,1446.84,2297.53,3573.72,3110.28,1612.75,18.82,1554.4,5194.1,8475.23,3234.78,1059.02,2895.49,790.682,9128.67,5995.25,1309.05,5376.52,3497.45,223.195,4147.14,3992.66,1836.19,270.127,588.07,75.7871,516.459,1501.35,726.866,410.833,21.3192,89.0386,581.551,2169.14,1066.89,991.292,916.689,2911.92,3567.1,22349,36486.1,6667.09,1606.36,869.6,768.851,1180.42,2912.34,3159.14,1298.31,259.555,512.228,11.3819,1518.44,627.55,95.0258,67.9338,84.2995,2215.37,5459.06,5433.19,2956.09,288.496,5688.32,2419.95,2439.06,10650.2,4316.41,1287.69,3573.23,264.703,7317.86,6834,1638.22,21.8263,1683.52,3851.6,4503.67,3350.96,2293.16,1597.45,265.55,75.0112,1720.7,3216.46,3306.81,5975.2,4761.37,7071.65,10552.1,21965.7,199268,171203,13518.3,8144.79,4584.98,3205.39,2954.91,1160.94,3637.78,3043.62,839.744,63.6133,427.98,1684.94,2319.31,2608.47,1635.29,73.6826,1173.37,3321.88,6399.53,6012.17,510.429,1694.43,576.171,2545.63,7047.73,1792.52,1765.57,4403.59,660.941,1256.38,2421.02,1324.39,240.055,2576,221.176,486.164,1243.96,2069.1,703.368,10.4426,445.078,237.829,1231.62,776.854,787.174,1839.24,2863.66,4009.79,6636.97,26493.2,13028.7,1171.93,383.572,411.939,1068.29,3102.88,6337.9,4042.07,1324.02,144.912,343.389,905.653,1469.78,67.8236,23.3706,3.13851,1472.37,5292.47,5387.25,4783.34,628.091,2210.79,3684.01,783.554,5027.19,7889.74,749.495,2531.07,918.627,3595.97,6524.03,1905.45,196.151,1123.79,5049.3,4591.69,3512.2,2806.86,3193.89
141.177324263,215.728,1567.6,2823.2,3397.36,3339.2,2009.93,192.133,1598.38,5912.27,6709.2,3166.96,1751.42,2455.55,1355.99,9247.64,6169.45,1272.12,5399.88,2905.37,340.241,4379.85,5461.58,2172.85,680.966,832.263,205.204,257.588,1452.91,1165.92,629.663,78.7948,138.485,675.672,1933.81,940.498,1323.46,252.501,3363.48,3450.63,20340.8,37196.1,4058.1,2788.16,384.138,1015.6,1217.31,2779.51,3335.91,1514.69,179.435,474.072,193.148,1419.45,394.357,126.173,132.384,296.673,2626.89,6601.33,6927.71,2324.52,459.084,5252.62,2375.27,2548.6,11077.7,4410.32,1505.86,3534.1,1254.39,5190.99,6581.49,1808.53,102.111,1904.45,4640.44,4169.06,3820.55,2823.05,1534.66,155.335,106.057,1801.22,2961.79,4782.51,5205.13,3239.63,3184.32,11421.8,18509.5,214458,178905,10304.9,9425.29,1747.77,2075.9,2890.57,2440.56,2745.27,2964.95,595.384,51.6831,396.317,1842.81,2487.73,2505.82,1844.37,183.787,1202.63,4048.62,6228.62,4622.01,1306.03,1719.02,623.903,2664.7,7442.11,1443.22,2074.4,4027.21,661.556,1219.22,3458.95,1680.11,748.497,2821.51,514.131,373.267,1081.89,2271.46,996.657,118.779,443.119,58.9427,842.941,684.45,935.192,1639.34,1700.87,4647.82,5351.48,28880,10763.3,1255.67,500.604,330.35,1355.75,2770.19,6477.67,4146.03,1445.17,3.22458,241.532,709.568,1218.54,28.3743,28.7219,62.5348,1715.03,5990.16,7180.25,4550.73,544.344,1922.46,3429.91,871.909,5273.77,7462.2,1090.63,2310.37,1778.11,3191.53,5326.06,2231.96,124.813,948.345,5683.86,4644.33,3641.98,3611.51,3059.71
142.663401361,337.804,1515.01,2853.42,2960.89,2873.13,2533.76,494.904,1368.86,6056.09,4472.85,3085.19,3061.73,2188.08,1513.84,9405.64,6318.13,773.262,5383.77,2634.92,482.9,4546.29,6363.67,2264.24,1269.11,1268.49,435.683,51.1875,1334.48,1507.04,901.615,266.369,237.771,648.694,1700.39,658.813,1569.48,313.057,4458.14,2749.26,19007.5,38716.7,1284.11,4633.05,390.706,1481.98,816.875,2672.71,3014.25,1495.51,253.511,525.776,589.264,1336.32,307.362,140.272,299.123,711.592,2829.69,6907.92,7789.31,1743.07,846.792,4952.79,2212.51,2351.62,11113.8,4656.82,1316.54,3886.97,2741.51,3011.36,5946.21,1666.52,197.849,2379,4898.19,3103.09,4027.5,2717.57,1513.08,40.2535,266.648,1944.93,2086.49,6045.97,3911.39,1829.17,1339.76,14520.5,9798.37,232232,189420,3504.58,12263.6,373.619,980.072,2684.77,3799.69,1583.45,2821.08,387.247,114.009,506.806,1609.01,2448.09,1938.23,1930.58,494.642,1107.44,4237.97,5384.82,2978.18,2485.89,1900.17,504.753,3019.01,7631.14,1038.36,2311.18,3745.44,543.983,1456.04,4453.79,1851.22,1211.18,3287.02,1115.82,211.629,916.398,2176,1255.99,369.393,434.852,25.0608,488.993,645.993,809.096,1746.38,1326.03,5827.58,3013.24,31645.8,9945.48,1463.54,875.811,613.852,1414.3,2190.45,6094.6,3528.57,1464.88,92.8464,276.585,772.958,1054.03,7.20393,86.7624,200.077,1936.12,5904.05,8184.43,3875.96,621.954,2039.21,3159.17,614.201,5410.59,7232.62,991.639,2377.6,3193.71,2665.14,3939.46,2371.68,58.9741,968.831,6241.63,3619.71,3574.99,3715.3,2643.43
144.149478458,571.49,1248.69,2469.4,2346.97,1989.22,3093.13,842.695,938.26,5717.27,2469.25,2841.11,4282.22,2219.28,1106.91,9800.08,6155.25,255.092,5194.73,2705.98,386.826,4893.02,6413,2041.57,1812.48,1863.69,762.087,34.3651,1105.32,1641.81,1191.89,477.526,379.655,486.133,1476.32,422.127,1765.79,1371.7,6508.85,2595.09,19587.7,40645.2,853.833,6755.98,1414.87,2328.3,243.102,2753.22,2199.54,1297.22,436.319,664.303,1042.3,1158.77,368.146,182.914,589.736,1218.36,2720.07,6201.27,7922.04,1340.5,1152.42,4807.31,1918.76,1852.14,11022.2,4797.27,896.161,4461.12,3912.59,1300.85,5063.65,1478.74,268.66,3107.64,4645.97,1737.21,3908.26,2039.69,1484.33,74.5631,572.754,2167.61,894.103,7254.09,2420.27,1202.38,1922.64,17136.2,5117.35,250737,203528,298.39,14630.5,727.029,554.038,2223.22,5380.81,467.082,2729.23,449.048,242.813,664.98,1124.74,2183.62,1165.57,1834.17,950.81,868.13,3930.25,4190.58,1594.81,3399.58,2190.66,275.336,3436.06,7728.53,790.162,2335.3,3721.23,253.263,2014.49,5116.77,1855.47,1392.47,3831.21,1965.41,111.965,839.381,1744.51,1442.71,685.593,442.528,83.699,214.632,677.172,481.197,2273.08,2373.45,7209.81,1980.35,34113.3,11517.7,2146.16,1914.33,1456.73,1344.76,1747.08,5232.04,2471.22,1335.13,332.972,465.194,937.759,905.163,42.1481,189.089,376.902,2044.75,5050.08,8054.09,3152.89,604.401,2392.89,2853.16,215.387,5243.02,7290.52,488.946,2700.14,4458.8,1995.99,2699.23,2479.17,7.00287,1232.58,6701.63,2086.87,3343.16,3117.93,2026.13
145.635555556,894.042,830.508,1956.04,1636.33,1173.79,3412.1,1264.29,472.281,5118.8,1254.88,2405.29,4935.46,2319.91,661.493,10236.7,5596.78,130.119,4750.02,2997.56,182.175,5319.75,5778.49,1481.04,2154.02,2481.63,1123.18,235.897,852.791,1468.92,1508.76,583.077,503.838,284.046,1266.44,484.683,2148.27,3413.07,9115.1,4028.88,21996.3,42436.7,3937.09,8492.75,3560.98,3629.55,137.015,2938.21,1189.93,1051.83,545.624,876.325,1460.1,814.548,541.759,350.093,868.824,1595.87,2377.95,4712.01,7443.35,1163.86,1240.68,4829.29,1433.86,1342.98,10841.2,4745.37,611.157,4957.45,4345.14,265.22,4301.58,1453.34,356.032,3819.31,4181.66,609.03,3528.67,1110.17,1412.36,260.768,964.587,2529.46,171.672,7710.93,2142.77,1200.45,3940.07,17488.3,11477.2,266415,220623,6050.75,15138.2,1957.36,706.601,2511.22,6548.47,75.4556,2646.8,800.435,446.771,854.293,562.066,1814.65,488.508,1533.06,1406.71,543.871,3384.31,3155.06,734.46,3582.45,2525.99,126.876,3779.37,7699.33,856.022,2120.4,3910.94,63.6971,2682.7,5384.58,1671.09,1315.85,4213.03,2850.55,229.202,887.154,1071.58,1570.6,858.891,516.617,181.803,70.3052,692.319,320.069,3217.69,4732.76,8403.33,3859.12,35451.6,15143.1,3654.61,3578.92,2744.15,1496.61,1798.16,4072.74,1419.14,1032.1,597.629,862.575,972.653,754.916,194.729,289.871,489.811,2051.87,3593.29,6972.97,2673.58,429.721,2699.83,2448.83,2.00589,4728.34,7335.75,193.36,3027.65,5128.1,1341.46,1876.49,2660.51,28.2082,1846.29,6807.58,940.198,2976.93,2148.62,1415.52
147.121632653,1268.08,420.761,1517.62,1083.3,651.93,3360.86,1664.39,259.342,4591.24,775.66,1863.11,5010.54,2237.59,747.651,10269.4,5096.36,339.788,4168.09,3408.69,244.988,5242.56,5011.19,699.437,2292.43,2809.17,1497.1,613.116,595.407,1161.63,1751.21,534.611,615.159,120.555,1106,919.77,2839.4,6282.79,11333.4,6740.85,25321.2,43316.9,9258.4,9439.6,6586.6,5094.3,863.196,3079.32,431.88,901.468,428.537,1170.57,1795.84,393.157,773.683,649.546,990.525,1774.93,1821.29,3083.34,6603.78,1078.46,1191.12,4878.05,982.501,1095.16,10480.1,4687.37,684.729,5069.45,4061.69,14.897,3760.31,1679.77,487.276,4328.96,3677.69,178.781,2911.45,358.603,1375.23,506.673,1222.72,3031.38,422.854,8004.61,2555.21,1381.76,6692.39,15748.7,26363.1,276934,237961,18931.6,13839.3,3663.34,1089.88,3219.96,7567.46,680.866,2552.24,1134.81,785.989,1098.99,221.901,1416.16,107.809,1073.25,1750.73,241.849,2988.05,2536.43,413.073,3108.65,2701.72,226.753,3979.34,7574.18,1104.24,1847.44,4190.3,238.073,3072.83,5387.28,1319.44,1100.72,4259.45,3515.03,633.317,954.265,450.264,1645.53,778.349,623.213,315.552,67.8535,667.659,543.228,4337.89,7839.57,9177,7988.99,35275.9,19351.8,5711.71,5391.45,4293.07,2023.99,2407.96,3026.17,636.781,674.6,800.743,1449.65,866.492,582.794,521.505,410.891,442.874,2000.04,1853.89,5714.98,2246.36,230.711,2798.49,1980.91,92.0857,4131.1,7050.34,510.648,3141.94,5173.95,922.817,1387.23,3003.08,242.408,2604.35,6507.26,632.05,2611.46,1292.32,929.312
148.607709751,1636.86,224.224,1241.74,774.948,469.393,3038.34,1857.87,463.985,4148.15,891.848,1436.37,4468.68,2060.5,1226.66,9831.91,5102.58,416.125,3863.49,3770.21,622.376,4616.13,4262.93,136.473,2060.86,2833.76,1729.55,1011.44,439.323,931.253,1871.63,361.58,679.723,101.456,1037.33,1510.81,3769.05,9356.14,12412.3,9305.13,27799.2,42634.9,14074.9,9540.88,9540.01,6381.36,2240.97,3135.83,209.413,811.691,185.407,1513.72,2055.75,71.6728,1029.56,981.248,927.689,1694.41,1253.65,1858.09,5604.08,997.818,1154.22,4869.74,773.475,1123.82,9948.49,4754.66,994.453,4723.58,3309.73,361.442,3465.41,2056.5,729.383,4359.08,3312.97,449.357,2211.37,67.2942,1300.78,777.104,1280.18,3444.61,1975.69,8225.02,3054.75,1651.11,9107.62,13067.3,40649.1,279923,250960,31943.1,11251,5348.23,1390.45,3938.09,8601.11,2290.98,2267.17,1262.17,1356.98,1314.04,246.933,1142.24,12.7237,598.407,1872.26,185.77,2836.93,2383,511.923,2234.17,2629.37,528.76,4060.69,7339.67,1288.34,1650.43,4497.37,817.06,2945.54,5198.03,948.359,856.515,3902.02,3812,1190.27,992.85,91.9968,1690.42,482.164,766.017,474.938,178.471,625.11,1057.13,5403.18,10568.4,9516.69,11979.3,33573.1,22167.4,7549.66,6718.89,5804.26,2830.61,3165.39,2476.79,289.98,396.792,940.582,2147.51,727.704,477.969,942.841,553.813,270.898,1870.44,510.229,4646.59,1844.25,135.01,2631.9,1652.09,222.553,3743.54,6469.79,1144.99,3098.83,4619.5,804.322,1247.19,3384.99,705.151,2994.33,5987.45,1176.36,2269.7,856.613,611.743
150.093786848,1918.88,353.292,1056.91,700.792,519.429,2485.71,1862.74,946.849,3740.32,1333.25,1131.81,3523.04,1887.12,1585.1,9275.65,5459.29,237.754,3829.78,4146.58,1103.53,3569.39,3700.43,9.20027,1515.76,2564.48,1718.07,1304.98,428.947,918.491,1909.05,142.603,696.284,234.76,1002.84,2038.99,4682.63,11537.9,12233.8,10128.8,27811.7,39874.7,15980.4,8949.51,11108.9,7422.88,3576.21,3076.12,489.79,782.602,19.0268,1788.01,2274.23,21.6992,1288.71,1197,733.024,1343.16,883.895,1333.1,4607.56,841.474,1346.88,4653.26,850.533,1214.9,9536.18,4710.39,1262.85,4046.74,2442.17,873.876,3361.63,2393.2,1066.93,3789.9,3127.86,1058.06,1581.91,196.61,1222.72,973.338,1152.4,3561.2,4498.37,8425.5,2995.82,2173.59,9787.51,10789.6,46334.6,272497,252547,38898.4,8474.38,6109.98,1659.31,4181.52,9513.56,4517.89,1788.47,1145.09,2058.91,1528.34,543.506,1029.3,112.527,245.685,1737.83,520.61,2790.21,2526.37,775.548,1311.82,2335.56,852.305,3927.82,7077.94,1222.71,1555.72,4675.95,1697.5,2313.02,4826.41,806.358,640.026,3205.34,3733.31,1608.57,1008.42,92.44,1736.2,174.445,935.68,648.711,324.676,571.474,1539.35,6337.67,11720.6,9363.91,13507.9,30462.6,22097.8,8365.8,7118.91,6761.07,3647.41,3685.44,2379.57,403.618,351.806,1052.36,2816.18,709.018,477.433,1357.75,706.957,89.7004,1618.98,20.4677,3961.07,1497.71,151.843,2322.17,1496.25,215.416,3541.99,5789.55,1580.33,2947.12,3746.73,792.305,1396.93,3598.13,1332.63,2852.67,5203.44,2201.88,2009.06,738.271,526.423
151.579863946,2075.74,737.329,887.367,714.187,564.764,1886.85,1726.41,1409.39,3368.79,1692.71,837.971,2496.05,1812.21,1510.47,8690.76,5839.22,23.1988,3843.48,4483.14,1410.05,2445.21,3427.9,195.534,918.814,2023.35,1493.17,1356.22,553.811,1156.65,1935.21,7.88713,613.644,453.03,1020.82,2148.33,5377.51,11940.9,10976.3,8702.93,24570.4,35266.4,14062.8,7795.74,10570.8,8155.02,4038.49,2985.39,1038.94,793.571,43.3256,1871.71,2533.92,290.417,1390.28,1325.18,412.384,922.155,691.775,1463.61,3810.94,553.43,1799.79,4210.83,1042.48,1286.7,9262.21,4407.55,1253.07,3258.62,1679.51,1161.97,3286.1,2594.91,1280.33,2919.18,2912.9,1537.66,1101.92,489.747,1201.77,1040.92,841.576,3528.94,6695.62,8925.84,2025.07,2999.07,8516.26,9119.5,41029.2,253094,238407,37121.6,6260.74,5563.68,2009.73,3415.49,10651.4,6254.6,1371.97,809.269,2698.25,1814.66,877.944,995.869,308.567,58.8221,1491.88,1080.85,2731.16,2652.54,932.159,626.552,1948.23,980.515,3551.79,6781.03,964.125,1432.1,4681.11,2580.74,1416.56,4335.7,1019.57,414.055,2464.02,3222.97,1740.85,940.041,406.559,1861.73,71.8636,1048.09,841.532,441.23,486.135,1762.53,6897.21,10896,8547.28,11715.1,26312.4,18785.7,7806.34,6470.87,6814.44,4105.5,3619.44,2570.49,866.324,513.11,1205.41,3289.71,871.988,586.796,1635.55,861.395,26.8912,1258.94,318.444,3724.95,1298.77,231.855,2003.66,1389.37,89.6443,3411.94,5048.12,1514.5,2723.93,2872.26,658.567,1625.47,3598.15,1859.02,2293.77,4222.15,3036.39,1820.93,656.626,689.408
153.065941043,2117.46,1147.71,682.187,717.411,429.23,1458.01,1416.55,1674.33,2883.8,1802.37,434.87,1760.55,1636.23,999.987,8201.85,5917.63,85.1064,3608.5,4670.36,1318.52,1612.39,3388.5,480.257,479.396,1423.26,1100,1146.72,713.529,1638.38,1938.15,37.2511,473.879,646.872,947.037,1934.52,5264.44,11003.9,8477.14,6015.43,18794.6,29362.7,9648.71,5745.61,8866.43,7883.33,3680.75,2644.95,1567.44,895.963,197.175,1739.21,2847.64,758.581,1265.61,1364.72,104.526,594.356,545.451,2067.34,3264.47,232.56,2134.73,3754.19,1097.27,1407.86,9043.66,3798.82,911.118,2552.87,1037.69,1121.13,3021.04,2679.81,1118.38,2147.57,2409.54,1698.01,732.864,673.907,1368.46,825.089,548.953,3161.67,8272.18,8463.53,1393.92,3293.35,7244.09,6495.68,28231.6,224481,209916,28497.6,3834.14,5029.93,1848.02,2943.25,10595.8,7343.74,1035.31,582.72,2839.95,2221.66,1054.92,901.153,572.211,83.1523,1268.65,1449.15,2665.25,2482.25,898.992,239.968,1588.44,800.253,3065.23,6351.66,736.192,1172.24,4603.16,2994.72,625.886,3774.47,1611.16,163.547,1929.98,2322.69,1600.91,759.882,850.551,2142.8,289.647,1010.96,996.188,531.904,319.192,1766.32,6574.64,8916.23,6737.8,7735.91,21608.2,13222.5,6292.2,4800.43,6220.52,3791.43,3046.91,2722.86,1437.04,780.068,1437.63,3369.97,1221.89,737.475,1668.07,1031.23,137.56,835.402,1073.02,3826.9,1290.72,271.988,1820.13,1115.55,2.51034,3262.1,4328.24,996.441,2262.87,2226.18,348.923,1789.05,3328.03,2049.41,1533.07,3225.29,3168.34,1644.57,488.219,974.559
154.552018141,1869.9,1518.56,381.788,743.236,162.753,1133.69,1076.95,1462.79,2550.3,1390.59,110.214,1497.63,1062.97,371.398,7980.47,5636.8,373.146,3299.98,4377.19,1027.03,1004.15,3645.11,633.856,348.362,933.919,599.6,865.251,758.561,2285.34,1907.4,177.543,322.236,739.311,769.247,1558.49,4168.67,9383.49,5152.01,3592.59,12150.2,23600.1,4822.61,2952.46,7255.13,6182.13,2951.1,1988.73,1951.87,922.167,382.903,1517.54,3046.49,1291.46,935.125,1315.43,7.57492,376.985,384.418,2731.59,3117.92,17.0722,1913.65,3513.81,862.437,1521.93,9250.78,2708.09,468.317,2003.02,554.028,908.361,2431.94,2633.91,627.406,1541.6,1733.31,1442.99,522.002,665.143,1636.77,483.542,223.472,2802.48,8088.03,8081.25,808.983,2625.13,7127.33,2879.49,13972.9,193766,174106,17416.5,1348.3,5280.72,1203.06,2303.63,10155.6,7012.92,1011.08,564.554,2396.39,2634.14,971.683,798.399,806.115,286.781,1163.42,1295.15,2654.48,1843.99,837.31,140.465,1188.11,536.493,2351.96,6145.86,568.821,847.318,4520.15,2661.24,100.837,3502.13,2243.73,16.0335,1578.51,1311.38,1319.2,470.19,1301.56,2499.68,747.106,920.556,948.05,616.839,112.397,1707.27,5153.96,6872.74,4151.73,3370.31,17487.9,7116.43,4569.02,2715.32,5167.93,2832.71,2114.25,2712.89,1823.02,1045.26,1649.85,2975.67,1735.21,754.383,1536.69,1180.52,304.753,500.726,1775.6,4317.82,1235.57,254.196,1690.17,763.686,30.6345,3183.74,3647.96,455.205,1407.58,1954.45,72.2816,1507.5,3121.02,1632.08,889.34,2309.66,2497.1,1558.38,211.61,1293.5
156.038095238,1312.83,1906.36,84.7273,821.373,5.00932,768.054,816.143,923.721,2370.64,715.593,129.884,1535.9,409.066,44.2957,7822.21,5592.99,482.483,3203.26,3546.34,765.492,807.311,4143.99,588.235,299.74,696.684,248.735,642.929,748.242,2866.32,1839.13,321.073,197.636,667.822,586.993,1078.33,2699.44,7258.2,2476.44,2109.07,7151.43,19248.7,1368.8,766.835,5867.59,3846.74,2018.82,1260.13,2047.53,864.696,484.128,1224.94,2978.57,1863.17,442.443,1324.68,147.465,222.958,208.374,3168.06,3359.24,82.7314,1227.52,3355.07,606.583,1829.77,9479.89,1818.22,194.273,1561.92,433.466,780.556,1586.12,2517.67,190.441,875.452,1215.82,902.266,487.579,702.235,1778.55,218.609,65.0785,2321.32,6543.12,7584.94,439.247,1720.97,7258.56,974.632,3571.89,168760,141616,7743.43,822.269,5549.77,701.106,1607.47,9346.39,5546.73,1198.28,761.525,1637.09,2809.86,847.231,724.907,1069.75,484.361,1101.6,757.692,2659.76,991.145,885.428,372.364,715.168,375.87,1825.97,6143.39,497.933,788.672,4356.1,1737.05,55.1326,3672.33,2559.37,16.5418,1350.59,531.096,1072.01,151.975,1759.16,2764.27,1190.09,820.84,708.268,674.263,12.2507,1553.62,3215.04,5262.08,1742.07,499.507,14774.5,2539.6,3218.5,1172.17,3709.95,1755.41,1099.6,2494.99,1853.24,1209.66,1653.58,2280.87,2237.46,630.744,1313.69,1386.83,357.545,303.814,2036.91,5056.16,1242.74,217.355,1473.8,610.549,79.3693,3403.69,3157.88,170.885,553.238,1976.43,41.0275,870.1,2986.84,908.762,414.516,1580.29,1443.18,1507.68,13.7286,1581.94
157.524172336,690.196,2315.15,44.0662,1013.97,82.2483,389.127,651.856,509.16,2351.33,219.84,675.638,1734.02,39.1915,196.898,7776.46,5878.81,280.461,3359.56,2663.1,528.834,1271.01,4743.37,506.488,206.348,623.27,281.266,652.101,779.201,3298.76,1562.24,452.669,79.3047,533.094,406.126,666.094,1422.21,5115.15,1576.77,1523.81,5757.01,16995,235.171,363.509,4649.18,1744.65,1230.93,632.59,1829.45,765.898,439.444,877.997,2616.23,2414.38,69.3329,1479.39,409.081,97.2979,76.1135,3320.96,4039.77,406.415,565.005,3126.21,481.371,2179.25,9700.46,1685.62,79.7201,1287.58,955.878,845.162,899.633,2468.69,31.6989,309.697,874.934,436.659,690.903,956.101,1765.2,77.8488,69.1252,1835.55,4277.48,6923.69,588.614,982.117,7016.96,2976.74,87.0826,154366,120769,1908.1,3733.5,5407.11,441.381,1354.11,8114.4,3610.74,1423.26,1032.29,880.546,2704.9,940.182,868.716,1337.63,562.558,986.77,256.003,2580.15,455.451,1130.61,973.811,291.392,308.361,1844.55,6339.37,539.936,1100.5,4048.02,744.729,519.247,4272.99,2570.64,100.417,1179.89,232.249,964.626,13.8489,2213.89,2720.33,1480.7,656.723,455.574,616.379,72.635,1417.27,1497.19,4137.08,617.647,221.421,13537.6,1166.14,2542.31,685.669,2200.97,895.432,358.801,2050.17,1598.82,1168,1438.81,1436.42,2613.5,447.765,1242.33,1558.52,285.556,180.038,1916.47,5786.35,1469.78,155.275,1225.88,737.189,117.787,3950.84,3078.92,170.146,146.141,2222.38,366.405,245.619,2912.04,354.001,130.186,1084.5,544.115,1451.49,96.9282,1803.21
159.010249433,242.06,2748.65,610.109,1385.83,294.877,143.081,458.107,456.801,2729.57,294.601,1915.51,1907.98,46.114,587.361,8079.01,6324.38,51.1606,3269.08,2345.83,287.007,2621.94,5353.65,469.783,144.678,615.341,547.093,905.825,1136.25,3575.5,1025.91,606.949,9.06434,400.161,264.803,476.773,617.449,3889.54,2236.09,1438.27,7709.02,17544.1,1355.88,1508.69,3689.42,399.974,815.297,317.506,1311.88,689.084,295.538,522.164,2122.47,2862.73,91.5497,1748.91,649.871,37.6975,26.5677,3156.05,5350.06,886.424,383.45,2646.26,543.915,2345.95,10343.4,2098.9,52.5189,1151.34,2108.3,1261.39,990.682,2621.62,101.547,66.0227,642.17,235.998,1141.83,1561.86,1685.94,25.9067,151.404,1346.1,2130.03,6253.29,1260.63,504.174,6926.16,7651.1,4345.07,150167,113092,1556.19,8478.35,5421.76,316.106,1576.42,6943.12,1812.43,1455.39,1188.13,387.896,2446.27,1600.48,1438.94,1432.09,529.243,771.394,46.1355,2347.05,802.762,1874.99,1848.54,69.9197,242.245,2139.5,6980.05,763.056,1628.7,3581.64,157.176,1294.41,5305.65,2454.78,154.841,1124.89,348.73,946.935,282.686,2650.45,2319.16,1517.98,497.915,316.696,389.591,278.334,1466.34,667.847,3452.8,792.381,2025,14245.7,3190.52,2381.99,965.965,1232.71,347.5,14.3629,1535.63,1169.94,923.792,1073.07,702.023,2694.19,513.127,1510.51,1546.33,185.902,73.2618,1649.91,6155.13,2122.18,34.57,1179.34,886.02,196.465,4737.84,3482.65,328.139,262.7,2592.52,1144.03,16.7466,2998.22,232.241,35.0841,812.417,111.236,1288.64,635.607,2013.5
160.496326531,86.5923,3172.16,2103.9,1993.07,433.113,42.4005,288.697,839.81,3362.7,1276.26,3822.36,2272.47,120.2,759.436,8931.55,6938.72,81.834,2630.32,2627.96,421.313,4632.2,5916.78,504.528,179.159,664.063,755.53,1335.95,2177.82,3589.49,495.134,672.412,44.4368,352.331,104.474,637.622,769.747,4052.96,3187.41,1494.35,11566.6,21511.7,3686.33,2495.3,3454.19,150.908,779.594,258.919,799.905,574.485,213.684,227.94,1527.86,3285.91,693.702,2025.44,741.402,41.6265,7.91065,3031.72,6955.63,1610.03,790.723,2142.91,574.574,2488.91,11740.3,2537.14,45.5892,1199.07,3700.7,2102.4,2006.03,3158.45,319.017,135.963,470.834,284.878,1750.61,2699.01,1552.27,18.6284,151.268,1053.02,785.936,4978.8,2607.68,578.22,8308.13,11243.3,13424,151894,115788,5767.15,11105.9,6735.93,540.038,2967.03,5313.41,716.009,1220.64,1190.55,196.837,2133.45,3068.87,2578.45,1350.87,461.263,492.787,36.5454,2226.81,2263.03,3406.46,3019.71,103.577,158.855,2453.15,8267.15,1255.42,1800.85,3306.09,154.167,2189.97,6229.1,2669.26,86.3253,1294.81,643.083,875.224,971.263,3274.97,1525.85,1478.03,373.217,238.471,207.874,498.288,1653.57,1030.38,3638.34,1241.89,4140.84,17472.8,7840.14,2519.3,1238.42,957.764,202.29,136.041,910.627,815.367,550.785,674.053,273.973,2361.14,1140.17,2167.63,1423.13,100.971,11.5101,1376.97,5929.86,3229.64,58.8655,1430.91,751.986,356.578,5858.25,4299.64,402.598,507.594,3311.69,2331.2,456.999,3017.46,630.272,166.494,782.945,36.1999,979.776,1667.07,2305.32
161.982403628,88.8253,3949.12,4548.12,2598.36,473.304,4.47285,176.504,1292.33,4506.49,3143.48,5456.63,3211.32,200.29,496.26,10602.3,7933.82,310.515,1868.96,3143.19,1059.71,6557.3,6691,536.185,263.991,774.186,738.882,1741.75,4097.08,3507.06,178.441,554.959,191.707,397.589,68.0995,1194.5,1883.92,5444.75,3860.95,1345.77,16119.8,29110,6071.59,2229.68,4007.6,950.823,1056.2,395.394,394.473,695.667,274.961,40.2094,828.709,3931.8,1846.91,2005.05,770.081,73.8879,1.99684,2915.96,8771.71,2574.1,1466.93,1903.2,338.298,2955.58,14490.9,2638.92,18.6953,1655.7,5161.67,3363.33,3664.54,3923.54,618.081,390.844,455.42,351.379,2347.22,4562.34,1457.83,37.0704,170.508,670.525,198.341,4069.76,3511.73,1361.84,11273.9,12180,21758.3,154847,122869,11193.7,10380.1,9414.26,1477.57,4586.61,4330.29,184.596,635.784,1134.3,144.708,2023.24,5385.32,4109.16,1229.91,369.924,343.923,71.3043,2520.13,4629.35,5567.27,4460.15,530.258,179.187,2700.61,10665,1982.68,1344.79,3359.02,605.867,2825.25,7108.32,2877.41,22.1254,1637.02,1081.2,612.971,1936.31,4337.69,629.783,1413.71,338.417,204.5,102.111,683.401,1926,2347.89,4855.74,1190.97,5310.67,23781.5,13661.4,2679.7,1203.61,1096.38,375.61,587.437,401.902,615.148,248.541,375.634,109.892,1944.85,2389.43,2886.97,1415.28,59.1161,54.0814,997.303,5514.28,4296.95,416.785,1825.26,530.845,529.481,7484.71,5591.7,240.808,788.764,4579.42,3411.77,1356.69,3243.31,1145.96,440.468,1009.56,132.95,596.504,3105.45,2825.61
163.468480726,201.298,5688.18,7662.1,2802.59,496.97,35.6089,87.466,1624.17,5956.07,5559.52,6284.89,4209.99,692.629,124.401,13321,10408.4,343.432,1802.42,3228.53,1873.25,8367.46,7409.5,556.016,268.641,949.536,497.102,2067.33,6804.48,3801.57,150.313,269.35,478.304,698.559,254.987,1952.16,3304.67,7489.21,4827.86,743.384,21584.5,39887.4,8018.87,1360.92,4745.74,1978.98,1592.29,728.846,470.795,1214.64,509.341,61.0023,281.753,5001.79,3235.97,1558.09,820.509,88.6776,3.65772,2821.61,10528.9,3896.47,1841.79,1899.18,32.7609,4322.52,18977.7,2943.62,153.503,2571.03,5829.5,4754.32,5496.84,4790.66,855.791,576.026,712.652,183.907,3114.4,7273.64,1538.53,84.0303,285.045,418.971,98.0289,3162.78,4296.87,2523.11,13722.6,12823.6,23848.1,156092,128909,13702.2,8903.6,11307.4,3147.62,6539.87,3954.23,62.202,189.159,1073.25,82.161,2331.2,8533.59,5705.7,1026.64,260.558,471.382,105.645,3421.85,7463.19,7893.09,5592.03,1451.7,578.386,3518.75,14731.6,2846.67,790.662,3587.41,1010.95,3280.52,7634.06,2843.14,113.408,2038.34,1679.3,224.315,3120.37,6028.17,182.167,1211.29,373.005,270.266,80.0596,787.698,2330.43,3899.17,6494.48,1045.68,5826.91,32992.2,19909.7,2373.91,1071.99,1285.49,728.324,1206.46,128.656,644.647,351.439,399.86,85.8849,1905.45,4070.47,3317.94,1469.31,154.433,309.584,554.65,5000.44,5353.4,932.797,1987.52,690.337,581.849,10276.1,7551.94,21.6037,1519.74,5878.91,4103.71,2416.65,3580.42,1402.99,746.527,1519.09,393.065,320.726,4912.92,3781.57
164.954557823,678.907,8622.27,11394.6,2401.64,572.223,223.066,16.871,2141.12,7110.76,7460.64,6696.17,4331.11,1767.04,276.583,17732.7,15659,437.31,2749.1,2503.2,2833.18,9711.85,7641.34,703.728,233.627,1032.65,316.649,2283.77,10083.8,4947.08,437.236,35.0948,929.469,1157.42,689.241,2731.44,4708.77,8945.68,6474.53,226.965,29070.5,52572.8,9598.33,964.042,5095.29,2796.61,2312.3,1186.7,953.784,2154.68,1096.37,447.523,311.699,6459.72,4556.93,849.543,950.59,57.4027,2.85925,2950.83,11432.9,5732.59,1721.04,1894.22,170.821,7137.42,25567.7,4453.19,804.659,3470.99,5586.83,5842.51,6697.03,5638.65,1018.81,565.929,1263.42,18.9242,4423.78,10810.2,2106.17,230.743,485.524,254.706,171.25,2191.7,5183.01,4163.92,13242.2,15079.7,17851.9,155494,131830,11120.2,8470.43,10237.4,6044.98,8987.33,3696.37,110.216,90.2509,1292.43,1.36279,3327.61,12522.5,6809.97,755.01,321.096,945.689,394.222,4749.01,9638.77,10046,5954.53,2446.78,1609.03,6003.57,21230.3,4040.79,1001.11,3682.9,1079,3879.8,7217.02,2703.9,400.96,2216.35,2439.72,0.514495,4789.63,8235.12,645.073,991.86,341.602,454.873,123.092,811.622,2669.34,5163.85,7822.67,1523.68,6846.44,43949.4,26628,1570.68,1028.78,1205.8,1252.56,1908,213.93,874.602,969.089,912.868,248.851,2526.33,5890.01,3136.13,1544.87,495.458,756.613,162.097,4520.69,6261.44,1500.23,1706.52,1372.66,860.385,14753.3,10797.6,217.349,2860.12,6283.84,4609.63,3147.75,3671.35,1534,864.668,2254.06,1056.5,474.78,7354.68,5098.35
166.440634921,1882.42,12597.1,15127.2,1937.06,709.053,742.196,165.217,2974.36,7411.91,8250.54,6446.98,3607.39,3139.4,1697.43,24065.1,24059.4,1903.67,4374.24,1403.88,3692.57,10089.9,7313.44,948.02,175.172,988.401,376.732,2669.2,13326.1,7131.23,1078.72,70.5808,1482.52,1667.55,1272.58,3311.93,5668.37,9147.41,8238.56,1159.49,38174.3,65356.5,11564,1431.05,4905.8,3068.66,3032.11,1728.13,1594.83,3385.83,2188.04,1184.78,1090.58,8145.43,5639.1,233.579,1132.63,56.5371,34.2474,3224.79,11180.7,7589.9,1307.51,1814.51,1268.11,11957.8,33903.8,7903.75,2080.23,4002.08,4507.35,6309.63,6707.58,6230.82,1241.45,447.131,2236.98,376.09,6596.08,14292.9,3654.13,655.402,628.089,156.759,303.895,1422.42,5616.51,5577.94,10654.8,17460.8,8238.18,153503,131104,5629.83,8120.54,7411.85,9375.85,10783.9,3727.14,227.781,272.436,1796.08,283.384,5496.51,16486.8,7356.03,436.619,631.562,1779.97,1296.1,6059.57,10251.7,11453.9,5488.51,3074.94,3265.82,10961.2,30060.3,6606.9,2450.63,3694.42,776.8,4467.82,5983.52,2418.26,725.197,2146.34,3173.46,380.042,7082.62,10779.9,1958.07,854.799,234.271,721.839,261.884,775.744,2726.97,5733.63,8338.14,2885.94,9375.94,55355.5,32983.3,1019.67,1012.88,861.349,1868.37,2499.86,711.26,1328.17,1941.07,1781.81,746.029,3801.58,7462.65,2408.57,1576.92,1097.63,1209.68,12.2942,4196.41,6733.08,1910.19,1184.7,2355.6,2157.7,20749.5,15588,1409.23,4396.73,5733.15,4620.25,3314.65,3318.63,1698.57,671.306,3227.46,2377.73,1568.81,9983.84,6826.98
167.926712018,3907.98,16996.2,17993.4,1923.86,924.168,1674.09,852.792,4259.72,6273.18,8167.91,5224.56,2694.22,3985.84,4450.63,32234.9,34675.3,5812.9,6010.07,593.123,4141.46,9530.27,6265.22,1281.4,73.33,920.456,617.473,3316.69,16283.4,9656.68,1945.43,507.89,2221.27,2104.25,1574.69,3871.67,5507.6,8287.2,9286.61,4081.97,46954.7,76429,14342.1,2395.37,4478.67,2493.35,3722.51,2251.15,1961.53,4768.39,3885.89,2013.53,2254.16,9965.43,6453.74,1.11745,1237.93,192.374,161.451,3503.23,9703.48,8892.75,953.966,1913.34,3349.86,18278.8,43273.2,13102.9,3592.86,3995.28,2921.59,6132.16,5402.85,6394.19,1831.34,576.869,3657.56,1635.17,9195.64,17082.6,5885.02,1437.77,778.099,53.6788,476.786,771.902,6211.42,5320.75,8045.74,17151.1,2148.01,150465,128040,1349.72,6480.46,4857.52,10911.7,12359.5,3617.17,288.862,616.002,2673.25,1347.49,8394.43,19715.6,7399,179.309,1018.21,2862.83,3183.2,6805.59,9002.29,11904.3,4266.28,3177.05,5158.4,17816,40441.5,11475.4,4904.97,3746.17,332.006,4829.27,4290.88,2019.38,872.995,1911.96,3635.82,1487.83,9789.27,13481.6,3527.87,838.246,145.836,1062.52,453.746,628.636,2569.36,5230.55,8091.44,4587.97,13550,65816.9,37756,1240.67,927.026,426.404,2396.34,3076.39,1244.08,1859.38,3251.75,2737.44,1477.13,5267.39,8763.27,1401.06,1635.3,1690.63,1581.1,226.888,3887.38,6637.34,2074.75,738.022,3278.66,4733.45,27232.8,21920.8,3759.48,5174.27,4796.06,3761.87,3109.64,2423.04,2035.81,276.51,4609.25,4409.97,3578.2,11927.1,8840.08
169.412789116,6350.26,20423.8,19688.5,2436.66,1204.48,2826.69,2315.55,5804.48,4124.74,7331.31,3652.57,1867.13,3797.02,7908.25,41441.2,45184.7,11769.9,7292.61,375.527,4344.39,7975.33,4732.6,1635.29,3.49718,905.623,820.348,4131,18692.9,11692.8,2655.24,1289.17,3236.5,2319.84,1475.53,4246.36,4395.19,6564.59,9398.19,7838.2,53455.8,83813.5,17468.6,3312.98,4002.24,1413.23,4197.18,2652.35,1858.67,6027.36,6090.74,2666.63,3243.19,11615.8,7169.12,198.864,1194.62,470.743,448.216,3579.59,7353.9,9171.65,1151.01,2396.38,5814.27,24571.3,52151.3,19147.8,4713.51,3480.78,1364.48,5476.3,3351.55,6140.28,3040.48,1318.95,5400.28,3664.45,11291.8,18681.8,8023.31,2428.64,1043.07,33.9355,598.249,535.046,6715.17,3835.61,6020.25,13650.1,3469.18,147315,123818,1100.93,4061.61,2775.38,10383.4,13157.6,3481.11,238.373,1134.08,3938.04,3075.2,11038.9,21737.7,7068.9,38.5631,1242.47,4104.54,5977.74,6711.11,6495.87,11408.8,2688.33,2798.69,6653.96,24930.6,50550.9,18547.7,7563.85,3856.4,151.33,4711.81,2707.14,1519.73,751.73,1656.37,3651.31,2941.47,12498,15995.4,4537.9,940.144,261.349,1400.29,612.257,418.584,2270.95,3782.22,7310.45,5831.9,18355,73574.7,40223.3,2081.17,807.396,100.213,2691.54,3643.48,1477.62,2273.7,4800.98,3579.86,2025.29,6528.82,9781.13,667.534,1644.65,2026.46,1837.42,826.034,3415.26,5820.85,2204.74,541.856,3973.97,7901.14,32620,29047.2,6840.02,4701.28,3787.43,2363.65,2620.94,1373.73,2435.63,167.606,6382.93,6830.7,5839.52,12644.1,10496.8
170.898866213,8455.5,21792.4,19720.7,3421.58,1472.56,3768.32,4602.46,7302.84,1841.92,5950.68,2518.2,1170.56,2865.52,10886.9,49992.7,53002.4,17537.4,8175.19,848.074,4302.17,5941.82,2973.79,1926.35,60.4859,899.208,880.524,5014.63,19743.1,13021.7,2692.2,2221.8,4761.17,2106.44,1304.16,3910.71,3170.97,4118.45,9245.91,9947.28,56616.5,86390.7,19210.5,4126.56,3374.23,570.451,3977.91,3102.89,1147.31,7321.42,8350.12,2827.62,3835.92,12480.4,7871.32,743.742,973.569,792.254,956.679,3238.58,4821.17,8270.55,2111.86,3222.35,7903.72,28808.6,58376.2,24843.8,4850.05,2730.48,307.754,4573.13,1585.37,5561.05,4919.09,2812.34,6909.83,5979.76,12168.8,18294.2,9687.16,3101.47,1440.79,234.163,841.991,859.207,6366.48,2623.97,4398.14,8917.17,10171.9,145127,119286,4153.6,2170.47,1032.13,8682.35,12273.2,3785.64,166.332,2065.38,5085.03,4876.59,12902.9,21566.4,6879.55,5.89897,1125.96,5433.49,9163.69,5750.06,3884.04,10172.9,1320.85,2276.16,6927.33,30626.3,58012.4,25827.5,9764.27,3879.05,429.761,4144.45,1571.28,1052.24,462.513,1451,3225,4169.57,14449,17910.8,4576.47,1041.5,746.461,1755.53,574.208,245.798,1851.69,2041.38,6303.85,6080.96,21737.7,78038.5,39547.5,3006.58,790.847,9.32905,2583.22,4165.12,1333,2462.93,6464.84,3980.44,2166.72,7255.48,10267.7,736.348,1695.08,1812.47,2102.2,1478.76,2738.48,4438.04,2407.84,730.492,4539.33,9940.96,35967.8,35372.7,9517.36,3460.51,2690.75,1070.07,2049.43,496.306,2898.98,812.723,8020.86,9230.75,7526.19,11596.8,11591.3
172.384943311,9602.02,20721.3,17679.9,4792.11,1441.65,4343.68,7472.36,8029.34,443.976,4647.43,1856.23,734.229,1828.28,12177.3,56426.3,55478.1,20682,8671.43,1741.42,4014.08,3884.07,1513.21,1969.3,373.707,874.932,746.168,5757.55,18743.6,13643.7,1954.54,3212.29,6677.82,1757.11,1187.74,3005.39,2052.47,2010.95,8999.99,8988.92,56196.4,84133.3,18062,4775.8,2713.17,170.014,3272.88,3402.04,351.408,8502.8,10363.1,2371.38,4061.44,11996.4,8383.37,1531.28,554.422,1167.27,1651.77,2379.83,2633.67,6732.88,3480.59,3980.99,9173.91,28872,60723.7,28651.6,3970.24,1897.87,30.028,3798.71,706.057,4850.85,7115.65,5044.48,7467.06,7683.95,11733.9,15433,10911.8,2869.21,2017.45,974.549,1134.49,1239.24,5937.12,1710.68,3143.26,5542.47,16273.8,143846,115588,6898.91,1330.38,536.168,5674.37,10599.9,4239.71,284.531,3442.58,5723.84,5918.84,13670.3,18678.1,7185.06,91.3645,686.69,6993.38,11522.8,4563.42,2026.24,8453.35,762.701,1754.44,5814.23,33292.8,61548.4,29732.7,11346.3,3562.44,931.561,3530.05,930.908,647.698,306.607,1330.74,2450.42,4683.08,15070.6,18544.4,3940.29,1063.93,1654.19,2118,358.251,117.95,1495.32,722.981,5322.26,5402.42,22394.9,78758.2,35883.9,3420.87,862.568,140.342,2179.3,4461.78,1003.92,2469.43,7945.55,3936.93,1824.3,7288.71,9781.39,1913.31,1919.55,1058.94,2496.3,1696.42,2083.52,2797.57,2593.51,1393.03,4881.11,9787.91,36448.5,39526.1,10579.6,2122.6,1676.44,225.049,1612.38,177.776,3192.91,2313.94,9179.7,10553.8,8320.86,8685.52,12325.1
173.871020408,9557.5,17552.3,13802.6,6362.65,1012.04,4633.6,10276.6,7683.27,239.08,3690.53,1729.51,526.448,1128.2,11082.5,60423.3,50996.8,20135,8739.69,2292.77,3842.27,2096.04,555.95,1755.33,1007.43,864.935,504.101,5974.84,15756.3,13622.1,876.408,4334.08,8349.26,1786.71,1293.11,1733.73,1340.84,1124.48,8247.31,5795.51,52055,78685.9,13713.9,5063.61,2166.53,208.374,2260.62,3537.84,54.6742,9501.3,11531.6,1710.82,4033.74,10244,8154.79,2537.37,133.745,1594.65,2323.98,1302.25,1142.95,5020.41,4780.53,4154.08,9560.79,23787,59493.7,29379.4,2591.44,1033.17,370.809,3477.69,808.346,4162.03,8929.94,7495.74,6928.46,8015.21,10137.5,10929.3,11599.4,1835.9,2705.47,2332.6,1700.12,1310.65,5328.49,1830.28,2085.89,4245.11,16451.7,143378,113685,6266.36,1628.63,1243.74,2830.36,7785.08,4862.27,971.083,4900.31,5703.26,5694.71,13063.3,13798.1,7745.6,434.446,393.336,8709.49,12030.6,3627.37,1407.1,6764.13,825.292,1323.8,3865.96,32364,61052,27584.1,12341.4,2880.23,1422.35,2921.14,681.764,458.741,421.726,1297.74,1563.87,4391.32,13894.5,17635.1,3265.11,1118.44,2792.29,2404.51,124.542,74.7154,1387.8,221.43,4630.16,4210.08,20077.3,76346.6,29867.3,3196.81,928.859,311.699,1771.14,4279.03,819.704,2577.66,8686.45,3733.05,1150,6689.88,8178.84,3951.53,2351.99,327.549,2952.09,1372.42,1512.51,1299.76,2801.76,2295.77,4626.34,7810.87,33369.8,41424.7,9173.36,1208.4,940.639,61.6559,1363.86,351.799,3207.96,4396.91,9441.94,10218.7,7981.49,5018.66,12473.8
175.357097506,8735.25,13223.9,9182.34,7720.94,425.315,4911.53,11965.6,6615.73,824.163,2985.15,2118.63,446.709,694.852,8365.42,61849.3,41100.8,16400.6,8468.35,2041.34,3700.44,930.581,84.6249,1416.47,1716.73,943.232,321.293,5628.16,11300,13178.2,257.184,5676.92,8953.22,2365.45,1781.67,634.506,1197.24,1561.96,6547.02,2440.8,45062.4,72444.4,7559.21,4670.98,1743.05,690.648,1094.42,3681.85,801.181,9747.18,11624.7,1328.51,4140.52,7590.57,7024.56,3653.49,14.9197,2104.17,2627.33,495.966,345.316,3400.08,5760.5,3478.47,9147.09,14959.6,55972.6,27155.2,1340.64,344.113,1020.52,3485.59,1454.29,3640.13,9780.69,9259.67,5602.31,6817.51,7959.78,6170.06,11918.2,583.9,3766.18,4071.68,2139.45,1207.35,4026.19,3741.42,1357.79,3832.81,10277.3,144193,116011,2572.07,3413.39,1572.15,1734.83,4278.36,5485.18,2044.11,5761.55,5378.06,4141.06,11407.4,8323.39,8001.65,1240.92,830.417,10231.1,10447.1,3176.35,1866.45,5276.59,1094.96,1018.22,1998.22,28497.9,57629,19592.7,12852.8,2015.77,1788.42,2304.84,571.458,551.322,786.871,1303.97,809.882,3493.37,11254.1,15045.7,3387.16,1374.07,3921.86,2375.91,81.7149,129.347,1594.66,809.381,4391.98,2705.42,15682.6,71923.5,23267.6,2583.76,904.811,375.765,1404.44,3624.98,1147.33,3117.19,8109.66,3641.4,603.75,5620.13,5821.24,6189.61,3043.47,236.859,3263.74,796.863,929.281,394.565,2872.27,3224.74,3486.34,5101.54,27592.5,41364.6,5946.11,784.405,641.297,606.091,1246.27,651.372,3037.34,6318.84,8637.57,8388.78,6574.32,1952.37,11956.1
176.843174603,8079.63,8763.68,5147.3,8410.3,154.777,5513.42,11587.1,5459.34,1419.56,2737.56,2244.32,452.506,389.185,5613.38,61506.8,29131.2,11833.6,7650.2,1354.88,3273.62,398.751,10.6682,1217.76,2024.46,1174.59,508.096,4514.15,6967.86,11849.6,1096.41,7159.15,7992.61,3383.9,2635.44,334.157,1303.66,2790.99,4345.82,520.349,37300.4,67234.6,2584.01,3384.54,1543.25,1165.88,374.46,3557.92,2943.42,8888.33,10558,1823.87,4520.25,4767.14,5093.14,4757.16,456.947,2724.64,2349.43,108.417,58.4778,2424.61,5775.53,2330.02,8131.1,5799.16,52403.9,23099.2,595.814,43.6091,1541.83,3717.2,2013.77,3155.9,9465.6,9664.74,3914.07,4802.67,5678.63,2696.11,11911.3,247.902,5248.05,5248.9,2711.09,623.621,3195.33,5385.58,1508.28,3705.74,2752.11,148416,125402,91.1445,6722.51,1143.25,1235.51,1958.15,5350.99,3525.71,5346.32,5140.47,2042.38,9139.05,3870.9,7383.69,2622.24,2197.74,11060.5,7612.07,2971.27,2760.55,3885.53,1353.13,735.03,857.17,23577.3,53033.4,9412.29,12513.1,1380.5,1740.7,1997.62,378.616,928.285,1077.63,1357.21,263.53,2504.92,7946.8,11089.8,4583.79,2214.74,4755.52,1921.14,340.429,348.453,1996.29,2212.02,4665.39,1135.66,10982.8,66833.4,18109,1871.8,872.242,349.581,1043.22,2676.26,2281.29,4136.2,6135.08,3817.57,859.699,4026.1,3581.39,7546.05,4243.2,1052.53,3209.34,310.034,543.039,42.3859,2542.22,4144.27,1745.66,2892.96,21324.8,39870.8,2758.03,772.979,607.109,1391.88,1417.79,634.998,3008.5,7071.64,7190.02,5522.35,4760.88,349.954,10769.6
178.329251701,8024.95,5344,2475.28,8073.36,785.42,6405.3,9106.9,4726.53,1294.34,2905.54,1841.29,504.994,246.74,4036.28,60438.2,20143.8,8728.47,5948.41,644.357,2779.36,416.755,164.348,1314.95,1609.17,1663.04,1325.74,2803.61,3735.87,9492.46,3817.35,8752.93,5555.27,4636.83,3868.6,648.705,1333.6,4217.72,2472.45,52.9123,32049,63928.3,1004.58,1878.71,1459.81,1249.16,58.4568,3389.21,6256.84,7142.97,8436.29,3907.81,4870.42,2407.64,2822.72,5750.64,1752.12,3234.37,1643.17,161.287,61.6563,2162.96,4660.15,1231.6,7124.05,512.816,49855.5,19992.9,328.845,5.86757,1454.33,4376.18,2022.69,2745.1,7986.07,8682.33,2296.31,3081.77,3694.77,1122.83,11561.1,1765.17,6869.47,5693.53,2782.5,226.24,2980.86,5610.39,2256.44,4524.8,136.628,159609,145341,3189.43,9873.44,795.056,886.859,507.203,5282.94,4584.2,4095.34,4835.29,835.134,6818.62,1125.71,5857.28,4338.17,4455.63,10845.2,4706.39,2465.49,3439.63,2794.63,1343.1,294.12,492.306,20856.7,48486.2,1946.1,11244,1020.38,1411.34,2206.44,174.562,1576.97,1001.97,1435.64,122.532,1694.73,4927.98,6616.9,6314.17,4245.78,5002.68,1270.4,946.857,791.839,2279.29,3728.22,5239.1,188.898,7754.08,61796.7,16128,1436.04,740.997,265.785,779.457,1623.14,4256.69,5629.9,3296.77,4347.69,2081.12,2339.77,1918.74,7370.05,6095.97,2635.72,2656.97,180.386,370.415,30.8534,1955.47,4793.71,293.052,1881.82,17447.6,38132.7,934.43,988.588,581.419,2168.92,1916.8,262.522,3250.27,6173.72,5524.39,2738,3097.97,140.594,9195.56
179.815328798,7894.63,3624.94,1408.01,6696.09,2398.55,7244.7,5628.89,4343.58,567.137,3378.29,1169.89,555.822,389.137,4122.72,59438.6,18128.6,7433.2,4098.29,164.865,2259.03,1014.49,599.097,1692.01,787.091,2396.78,2436.77,1293.42,1678.47,6751.88,7477.9,10291.2,2756.68,5887.38,5214.07,1128.79,1416.01,5061.79,1660.33,69.7973,30885.3,63443.8,2943.95,914.598,1195.44,1126.51,15.1378,3189.46,9929.79,5204.73,6333.15,7379.55,4760.65,877.716,1120,6119.28,4055.63,3580.61,819.277,721.84,403.01,2112.64,3149.94,661.61,6449.95,1314.66,49150.1,19730.5,330.387,120.849,946.91,5272.56,1788.37,2519.43,5793.73,6835.22,1303.79,2010.55,2324.35,1379.29,10821.4,4745.79,8392.28,5322.74,2424.84,333.881,2945.84,4944.17,2997.03,6613.86,5565.19,180304,177073,13044.9,10899.2,885.292,983.374,37.0212,5090.87,5112.81,2532.73,4652.62,1127.05,4806.6,54.1437,4238.8,5325.41,7354.74,9905.32,2378.21,1494.29,3859.53,2035.05,1129.41,15.5494,635.14,21848.1,45542.8,158.57,9329.86,851.617,1214.95,2839.76,382.345,2497.87,648.699,1522.56,580.082,965.035,2942.87,2853.02,7620.62,7368.13,5116.61,625.282,1954.7,1413.16,2073.82,5178.67,5526.42,221.234,6536.72,57569.1,17745.7,1257.13,546.212,141.773,618.187,1053.99,6363.23,7426.73,822.177,5329.15,3664.76,1121.31,814.811,6123.47,7920.56,4691.7,1899.04,292.528,429.676,235.266,1260.66,5138.97,125.638,1868.63,17545.1,37647.5,813.845,1241.1,488.253,2858.28,2705.16,21.2424,3480.33,4247.47,3880.09,910.407,1941.47,637.685,7879.94
181.301405896,7740.24,2835.08,1472.43,4955.13,4143.44,8028.64,2329.33,4335.52,30.8817,4054.86,544.654,574.106,717.095,5818.9,58998.5,22852.1,7498.69,2880.85,13.4657,1623.17,2102.29,1593.16,2341.53,230.535,3211.79,3232.81,441.432,712.405,4262.23,10736.3,11127.5,1134.84,6767.48,7065.28,1131.35,1627.65,5139.75,1596.99,56.0085,32623.8,67336.5,6542.56,452.326,663.488,1088.29,50.8664,3085.6,13409.8,3832.78,5245.68,10920.2,4453.79,159.882,253.347,5815.35,6761.02,4030.26,226.624,1839.19,1377.29,1963.47,1962.14,1014.18,5858.22,7091.25,51076.2,21985.3,590.577,335.222,586.749,5851.23,1956.64,2751.89,3499.52,5132.15,1371.23,1175.43,1657.54,2406.89,10018.6,7964.74,8867.92,5049.45,1503.2,1579.24,3425.89,3172.61,4376.74,8172.59,16741.9,211785,217191,26060.7,9594.34,1463.53,803.33,286.417,5673.94,4860.79,1477.24,4544.47,2572.94,3328.24,154.808,3038.3,4872.53,10316.1,9143.23,873.072,528.112,4209.34,1672.36,1004.6,403.241,1230.33,24915.2,45582.6,4079.17,7037.78,779.91,1242.37,3717.96,1463.6,3722.69,277.021,1684.38,1468.76,451.818,1908.1,569.594,8392.07,10559.9,5300.62,304.02,3550.19,2326.77,1198.41,6893,5161.47,675.633,5903.2,55879.6,21856.7,1064.55,393.935,193.195,478.872,905.618,8137.26,9209.63,8.80064,6424.71,5009.61,468.938,274.35,4586.01,8841.73,6658.97,1460.5,418.394,875.573,591.086,784.558,5298.26,1336.97,2651.29,20819.3,38805.9,2488.01,1352.84,405.475,3248.45,3694.54,409.394,3692.54,2047.51,2694.94,258.638,1251.99,1090.14,6651.13
182.787482993,7684.8,2253.12,1943.48,3667.2,4567.16,9582.6,323.691,4597.52,455.127,4361.16,496.153,886.734,994.802,7957.84,59054.2,31640.1,7502.75,2508.95,37.8161,1237,3346.92,3043.94,3340.56,458.299,4104.34,3200.82,364.94,378.141,2765.17,12163.3,11084.8,1115.78,7505.05,9214.83,915.351,1904.5,5045.22,1394.92,83.4541,36106.1,75297.3,9963.54,223.832,481.144,1096.4,45.6065,3263.64,15797.6,4238.04,5544.64,12648.4,4431.58,10.8386,209.034,5165.99,8496.5,5078.94,408.175,3453.56,2889.62,1837.22,1281.28,2515.72,5235.16,14017.8,55742.4,25078.5,1088.09,639.314,542.929,6201.28,2512.5,3426.9,2196.99,4244.12,2602.5,433.328,1565.93,2605.78,9815.83,9685.44,8441.76,4890.72,929.492,3727.48,4593.43,1060.51,7895.73,7818.27,26452.6,253963,261038,34265.3,7984.88,2117.47,455.848,1162.11,6656.69,4498.54,1035.24,4554.17,4080.87,2688.11,433.394,2504.7,3106.04,13037.3,9226.29,474.067,286.964,4234.38,2112.97,1334.9,1439.64,2046.36,27640.5,48971.5,10381.2,4998.74,562.058,1587.36,4652.01,3137.75,5121.83,440.03,2170.39,2138.05,270.1,1504.73,42.0882,9084.32,12262.7,5414.5,892.479,5821.94,3344.98,402.469,8336.92,4992.14,752.61,5077.21,57069.2,27213,763.689,332.801,430.403,414.286,1028.52,9163.8,10769.3,1073.3,7352.35,5638.43,375.485,78.1288,3519.24,8042.35,8346.49,1586.16,682.682,1656.35,1094.22,742.978,5948.81,2945.53,3507.72,25641.7,40994.4,5162.96,1364.45,196.424,3729.66,4480.51,1360.77,3958.02,406.177,2621.18,320.561,645.823,1173.67,5545.04
184.273560091,7788.82,1651.93,2329.2,2991.57,3536.34,11750.7,940.24,5331,1622.63,3878.82,1417.52,1808.45,1211.2,8462.82,60085.6,40983.7,6278.72,2685.72,72.3092,1658.54,3788.21,4666.28,5090.53,1778.94,4527.11,2603.46,792.892,292.933,2314.27,11796.9,9508.67,2520.28,9115.58,10803.7,792.583,2009.95,5371.5,705.555,385.337,41163.1,85929.8,12397.2,56.3751,824.384,1054.83,17.0092,3549.8,17220.3,6408.41,6408.95,12356.8,4572.53,176.551,636.481,4761.03,7959.34,6964.78,2052.05,5356.78,4321.57,1909.98,1303.51,4844.41,4377.56,18222.9,62711.1,27277.1,1554.48,1019.13,926.533,6728.86,2807.84,4286.36,2795.07,4985.92,4247.24,49.8108,1658.42,1816.52,9779.58,9991.11,6560.69,5865.96,1475.17,6244.72,5254.38,459.125,13284.6,7129.27,29148.8,304230,304980,32118.8,8010.71,2458.54,686.123,2215.28,6902.07,4991.46,1583.45,3953.65,5130.81,2696.74,350.837,2557.5,1214.44,14448.9,11234.4,1392.61,905.97,3658.99,3389.45,2489.85,2865.38,2594.89,28447.1,55202.3,14907.2,3414.16,380.379,2323.4,5330.21,4710.96,6357.65,1689.98,3026.57,2099.86,404.39,1596.06,901.007,9854.35,11891.4,5119.51,2672.13,8467.96,4551.44,266.843,9010.58,5448.14,349.408,4492.9,60766,32762.4,489.183,414.559,569.519,444.585,1248.61,9072.65,12164,3341.34,7856.76,5423.4,656.383,12.3393,3078.35,5769.59,9313.22,2660.8,1416.3,2658.77,1404.13,1148.97,7460.46,4098.32,3604.8,30478.9,43784.3,7061.8,1330.62,25.373,4833.7,4393.37,2479.65,4507.52,376.951,3353.05,599.447,236.474,1005.93,4484.36
185.759637188,8070.5,1022.37,2418.96,2724.05,2270.02,13966.4,4384.54,6661.92,2711.58,3098.63,2969.06,3309.09,1867.87,7063.51,61222.8,48307.8,3958.74,3235.38,518.632,2518.45,3387.92,6101.79,7296.89,4148.21,4361.32,1756.98,1446,318.055,2393.83,10523,6482.99,4649.91,11691.7,11465.9,839.658,2137.04,5648.11,258.27,1141.63,47597.5,96571.7,14753.9,10.926,1297.83,1041.98,6.1612,3765.25,17804.6,9481.67,6750.51,10767.8,4615.35,439.612,1232.81,4461,5720.13,9147.44,5286.55,7430.6,4850.3,2275.16,2214.14,7216.95,3273.86,19340.5,68891.7,28682.8,1521.81,1468.73,2235.98,7108.41,2595.1,5325.21,5330.46,7467.15,5874.65,50.8008,1713.92,781.525,9343.57,9767.32,3789.96,8330.23,3607.5,7857.94,5662.49,1877.53,19174.3,8881.05,27683.5,355119,342338,23527,10011.4,3270.78,1331.46,3193.43,6159.35,6322.52,2942.96,2558.14,5700.58,3093.24,152.54,2780.42,135.337,14379.3,15010.9,3618.86,2262.53,2761.74,4693.35,4848.23,4582.99,2333.37,27656,61813,16373.9,2227.52,707.597,3197.9,5600.38,5385.51,7279.1,3850.59,4151.32,1499.65,720.474,2060.37,2309.93,10417.2,10261.7,4045.12,5430.29,11117,5586.08,950.96,9231.04,5933.48,79.7158,5298,65834.5,37870.5,534.258,566.417,496.453,548.031,1159.81,8423.62,12825,5777.92,7672.38,4700.21,964.506,60.6022,2967.75,3120.68,9259.32,4763.32,2778.3,3543.46,1513.81,1984.45,9289.49,4870.61,2840.21,33791.6,46640.6,7165.84,1404.05,592.881,6174.66,3728.69,3231.7,5437.04,1987.07,4573.58,985.489,212.243,785.3,3687.43
187.245714286,8209.61,767.034,2309,2586.01,1929.91,15834.4,9563.39,8412.41,3193.57,2230.42,4837.54,5197.4,2967.64,5051.95,61184,52320.1,1866.94,4210.61,1892.93,3289.23,2454.71,6777,9415.66,7039.62,3918.72,923.466,2147.81,454.564,2408.28,9033.03,3162.06,6790.13,14467.7,10829.7,1189.59,2388.72,5463.59,583.618,2287.69,54615.8,104516,17764.3,217.881,1659.51,1126.53,33.896,3549.29,17812,12223.6,5915.01,8696.84,4271.22,689.161,1897.08,4064.63,3103.46,10953.1,9189.94,9379.21,4332.39,2558.57,4037.97,9141.36,2156.89,18829.7,71446.6,29524.5,871,2155.63,4776.24,7200.32,1801.89,6160.1,8744.03,11388.2,7607.38,456.55,1551.76,146.873,8498.43,9595.88,1978.49,11802.6,7191.93,7779.67,5657.37,5225.91,24665.8,13752.6,29302.1,396093,366894,17086.4,12697.7,5200.87,2433.83,4018.84,4356.48,8128.76,4596.23,1063.01,5687.81,3740.99,284.167,2849.33,120.853,13538.4,19409.2,6772.49,3751.3,1770.66,5391.02,8271.06,6704.56,1306.19,26266.3,65837.7,16129.4,1421.11,1783.46,4276.94,5199.53,4939.95,7715.41,5983.43,5383.47,878.898,1118.66,2798.56,3374.4,10421.8,8478.69,2481.94,8524.71,13104.6,6213.95,2102.68,9011.64,6184.7,363.92,8023.18,70675.6,42268.8,1108.55,639.28,351.118,622.434,823.701,7287.9,12643.3,7156.54,6870.19,3685.83,1084.35,300.4,2896.9,1103.93,8244.36,7593.91,4664.13,3903.43,1451.07,3053.96,10736.1,5590.86,1670.01,35061.9,48274.6,6076.85,1677.38,2195.06,7507.05,2799.06,3417.8,6576.1,4536.15,6043.85,1509.86,497.295,661.953,3536.87
188.731791383,7627.6,1187.79,2270.99,2294.72,2592.42,17460.5,14734,9552.08,3299.95,1309.9,6898.57,7314.95,3747.64,3778.89,59389.8,52594.8,1525.38,5271.43,4212.08,3979.9,1216.53,6724.61,10671,9423.57,3617.47,427.634,2711.85,712.444,2066.56,7639.16,908.342,8285.73,16309.7,9204.33,1618.65,2491.78,5181.44,1306.38,3504.54,60396.8,108192,20782,634.222,2102.93,1102.19,90.1033,3245.6,16687,13850.9,3930.75,6810,3456.51,848.15,2539.02,3458.65,1261.9,11841.4,12832.2,10148.5,3414.09,2358.98,6363.54,10614.8,1340.98,17749.6,69441.2,29574.1,178.201,3081.39,7656.56,7516.72,658.984,6505.1,11607.8,15925.2,9298.11,1177.85,1216.31,9.16214,7479.41,10024.8,2561.58,15406.2,10560.5,7034.8,4281.22,9832.43,31046.2,18435.3,37469.1,419181,375266,18405.2,13537.6,8783.45,4650,3784.44,2775.49,9154.28,6341.64,122.549,5330.82,4328.93,951.148,2728.45,830.774,12444.6,22840.4,10037.1,4893.09,780.086,5851.42,11765.2,8565.3,417.748,25168.6,65520.6,15720.2,1019.95,3536.56,5737.79,3914.52,3972.37,7099.99,7501.16,6384.45,711.99,1544.05,3658.88,3604.15,9515.2,7470.57,1225.87,11260.7,13283.5,6644.85,3115.98,7984.11,6521.81,1052.04,11753.8,74220.5,45089.8,2158.75,600.194,199.389,635.935,402.556,5887.58,11668.6,6680.49,5746.28,2579.71,949.019,782.108,2655.91,144.442,6846.76,10309.4,6420.38,3849.59,1091.77,4017.78,11688.5,5872.18,885.892,34369.4,47732.9,4998.46,1927.84,4430.27,9157.07,1767.78,3406.69,7175.59,7090.1,7689.98,2068.51,761.685,754.689,4173.5
190.217868481,6630.25,1929.13,2178.28,2029.69,3631.93,18578,18139.3,9482.07,3236.47,779.671,8658.67,9167.79,3840.83,3909.91,55727.7,49244.3,3342.74,6074.66,6966.71,4593.42,259.06,5975.96,10533.3,10613.6,3518.42,446.216,3022.44,1079.46,1429.06,6519.87,283.163,8676.04,16948,6637.84,2085.91,2211.71,4957.62,1993.85,4367.32,62619.4,107889,21875.2,1178.91,2828.96,855.122,183.283,2658.71,14981.3,13550.9,1802.07,5050.06,2643.83,740.082,3176.13,2705.21,581.787,11699.2,15045.4,9403.87,2506.59,1848.49,8463.6,11474.2,1215.93,16349,63659.5,28175.6,143.01,4011.62,9979.7,7995.85,26.2687,6117.74,12810.2,19793.3,10776.5,1849.27,839.54,233.863,6444.06,10910.8,5731.27,18105.4,12749.6,5407.54,2543.08,13659.7,38666.3,20897.7,48546.2,420933,367474,25484.9,12428.1,13966.1,7117.52,2896.78,1356.56,9638.79,7486.17,185.719,4886.26,4464.55,1957.99,2649.68,1528.01,11219.4,24281.8,12287.2,5263.13,236.354,6391.79,14355.9,9292.49,472.656,24496.2,60821.6,15650.5,1191.82,5656.24,7048.25,2421.43,2726.01,5735.63,7725.9,7010.32,1030.99,1980.06,4600.68,2795.31,8073.43,7114.37,1207.49,12733.9,11694.4,6499.38,3571.78,6189.9,7133.89,1637.56,14568,76456.6,44888.9,3284.32,590.197,77.3306,604.377,141.94,4296.31,10273.8,4536.14,4544.74,1611,579.253,1467.88,2277.55,37.467,5553.09,12148.3,7401.32,3390.38,613.883,4586.41,12133.3,5338.47,987.036,32132.4,44488.5,4882.18,2087.95,6698.24,10644.5,1390.35,3391,6812.55,8722.68,9275.97,2536.13,865.022,997.113,4682.24
191.703945578,5613.81,2371.18,2116.44,1690,4384.89,18647,19023.9,7890.55,3292.87,1044.66,9660.45,9927.51,3569.04,5315.1,50012,43182.8,6035.59,6756.11,9307.8,4821.33,48.2222,5018.65,8666.75,10578.1,3446.72,838.287,3136.17,1418.75,964.027,5592.82,853.214,8518.32,15803.7,4127.52,2205.67,1639.4,4559.92,2667.9,4335.12,60888.3,103314,20291.3,1977.23,3413.55,704.542,229.498,1941.66,12715.9,11888.1,402.637,3364.55,2149.63,463.737,3687.82,2057.68,721.268,10801,15115.6,7356.49,1984.03,1399.57,9570.94,11440,1960.18,14506,55392.7,25132.7,965.289,4626,11074.1,8443.65,467.248,5056.04,12002.8,21590.6,12011.6,1978.64,606.841,514.819,5551.43,11633.4,9919.92,19648.5,12404.4,3913.84,1024.49,15652.4,44387.5,23181.9,54574.4,401913,347480,30712.4,11859.7,18858.7,8662.86,2063.32,634.817,9130.95,8124.75,974.71,4350.72,4133.76,2809.57,2750.86,1600.31,9954.83,23324.9,12624.5,4882.94,450.693,7127.51,15242.3,8717.33,1520.2,23633.3,53137.6,15163,2131.49,7617.12,7480.36,1375.48,1751.86,3874.22,6719.65,7051.6,1648.27,2439.55,5357.31,1480.1,6539.28,7011.55,2493.34,12714,8708.17,5835.22,3088.47,4432.39,7412.09,1965.79,15619.8,76193,41882.6,3727.58,693.855,127.899,543.791,96.5485,2936.4,8578.4,2048.04,3246.44,958.189,233.792,2114.87,1922.18,279.659,4521.93,12915,6955.26,2870.24,160.257,4835.03,11563.2,4421.16,1797.65,28866.5,38630.8,5814.32,2320.46,8349.74,11159.5,2180.94,3597.44,5365.73,9017.03,10369.4,2835.21,770.772,1357.17,4325.89
193.190022676,4904.63,2001.11,2150.55,1210.38,4531.72,17523.5,17057.4,5478.04,3271.12,2466.54,9692.59,8965.21,3465.05,6442.77,43265.1,35636.1,7458,7779.51,10045.4,4709.83,776.564,3889.5,6029.44,9130.38,3435.41,1274.33,3028.02,1686.37,981.546,4786.7,1815.8,8104.23,13567.7,2038.34,1935.5,906.26,3925.92,3382.57,3361.39,55800.8,95443.9,16168.5,2971.29,3484.66,763.284,247.686,1079.09,10506.4,9646.43,29.5017,1941.36,1974.14,366.536,3750.76,1660.98,1215.03,9217.61,13505.3,4501.52,2019.8,1475.55,9029.4,10601.6,3248.33,11914.6,46410.9,20474.9,2294.44,4906.71,10241.9,8992.07,1885.29,3418.78,9893.67,20279.1,13027,1449.07,578.924,516.404,4898.21,11736.6,12875.6,19583.7,10116.9,2690.72,143.773,16347,44151.1,27458.3,48648.7,368772,319228,28114.8,13686.7,20488.9,9600.63,1341.65,362.884,8341.66,8042.35,1907.67,3752.28,3465.54,2995.98,3095.71,943.17,8824.25,19856.6,11347.6,3691.5,1533.1,8248.09,13717.4,7377.01,2831.99,21929.3,44365.9,13056.7,3788.4,8841.96,6722.17,1074.9,1349.38,1934.19,5068.05,6297.25,2413.76,2733.73,5637.53,477.23,5372.49,6606.36,4389.23,11343.4,5470.06,4672.92,2054.84,3115.73,6893.5,2137.59,14941.5,73151.5,36419.7,3268.89,884.949,424.308,558.692,156.674,2003.26,7009.77,378.905,2058.54,575.519,80.1682,2461.93,1683.57,460.615,3816.86,12404.5,5453.54,2353.25,95.0703,4822.06,9673.2,3843.99,2375,25346.6,31233.9,6616.55,3033.49,8406,10653.2,4098.86,3681.96,3535.54,7658.14,10884.6,2920.06,566.774,1767.88,3039.96
194.676099773,4261.07,1158.07,2106.39,794.232,4194.5,15159.3,13098.8,3100.42,3145.14,4757.71,8777.69,6547.11,3791.04,6006.07,36478.3,27776.7,6476.46,9008.33,8983.68,4197.61,2209.84,2826.35,3599.93,6778.84,3289.41,1457.31,2632.39,2056.98,1518.12,3879.59,2537.29,7459.59,10900.5,741.489,1627.86,265.574,3044.57,3926.37,1671.86,49804.3,84635.7,11230.9,3543.14,3253.31,896.27,336.201,348.311,8551.87,7650.04,371.322,1003.58,1789.5,752.375,3429.67,1305.13,1585.07,7231.96,11070.8,1744.76,2610.12,2265.66,6762.82,9406.31,4139.95,8962.69,37667.5,15178.2,3308.15,5000.95,7521.46,9643.17,3678.4,1731.25,7138.87,16498.6,13258.9,855.452,735.59,236.022,4377.86,10859.8,13073.2,18028.8,7099.53,1670.49,346.252,15928.6,37661.3,31844.4,31652.6,329601,286390,18151.4,16525.3,18226.2,9836.63,977.39,410.069,7250.87,7624.17,2308.12,3149,2547.07,2455.1,3547.66,177.595,7584.43,14890.7,9072.46,2061.7,3205.29,9647.36,10021.8,5936.06,3369.76,19440,35470.8,9485.94,5368.86,9094.56,5019.45,1342.27,1509.02,498.603,3272.27,5007.96,2994.09,2623.54,5411.29,486.564,4482.65,5704.31,5772.12,9256.57,2894.89,3269.97,1263.83,2235.8,5762.22,2108.67,13310.2,67366.3,29850.6,2145.5,1110.14,717.949,731.026,278.37,1736.47,5675.06,25.6381,1226.57,281.53,157.745,2527.38,1543.65,416.17,3128.28,10951.3,3781.67,1928.62,726.083,4375.84,7029.57,3718.63,2101.31,21861.9,23860.1,6030.23,4302.01,6733.99,9319.6,6494.77,3513.34,1839.64,5189.51,10761.7,2944.06,473.041,1974.43,1599.16
196.162176871,3446.89,472.838,1951.92,602.064,3969.71,11609.7,8574.43,1702.07,2838.3,7243.68,6967.46,3852.35,4192.41,4124.43,30155.6,20372.4,3909.65,9564.6,7090.65,3057.81,3971.56,1981.24,2305.44,4191.87,2797.73,1303.3,2053.45,2538.64,2382.72,2900.73,2643.74,6156.17,8467.91,572.068,1284.21,35.5867,2174.19,3852.08,283.654,43833.8,72588.4,7136.1,3256.23,2941.06,935.05,500.056,9.83248,7178.56,6026.44,821.423,477.424,1523.15,1631.36,2862.04,904.148,1593.56,5032.65,8658.04,185.88,3485.44,3359.96,3854.95,8086.87,3943.79,6043.1,30016.6,10336.1,3394.08,4907.91,4153.14,9916.69,5169.46,486.26,4684.37,11407.7,12469.3,802.285,966.971,20.5953,3960.54,8811.15,10898.8,14573.1,5192.58,973.853,1543.99,13276.3,29476.9,30913.4,13456.2,289706,252230,7357.25,16787.8,14599.1,8286.66,1178,358.02,6728.79,6426.3,2119.67,2421.45,1654.64,1617.87,3789.8,62.5209,6208.5,9476.39,6797.96,649.012,4998.57,10383.3,5895.96,4610.92,2670.43,16323.2,27305.2,5482.8,5846.26,8611.53,3033.43,1779.09,1964.71,3.29183,1791.34,3520.4,3135.72,2091.68,4756.17,1579.69,3764.91,4313.84,5873.86,6887.82,1542,2154.64,1049.62,1691.49,4468.27,1765.2,11419.4,59885.8,23356.4,915.135,1294.39,835.004,1001.09,420.127,2018.96,4923.25,467.83,700.391,70.829,432.521,2438.52,1399.72,234.589,2339.31,8855.88,2992.53,1675.84,2095.47,3331.02,4626.37,3529.8,1232.71,18394,17407.5,4060.42,5645.97,4284.65,7312.34,8568.45,2969.76,760.05,2752.81,9614.61,3376.06,634.671,1954.7,719.544
197.648253968,2554.44,272.237,1777.55,762.78,3941.08,7811.35,4657.38,1381.09,2524.94,9019.97,4947.17,1920,3890.3,2069.34,24422.5,14226.6,1465.31,8590.32,5334.84,1665.81,5533.36,1753.24,2034.53,2031.11,2098.42,877.283,1399.03,3008.98,3278.73,1921.63,2159.83,4291.5,6308.94,1375.98,1119.92,247.04,1340.43,3172.86,214.337,37800.1,60883,5010.61,2212.61,2571.82,826.177,829.777,304.609,6017.71,4788.97,899.077,220.167,1262.13,2644.48,2185.62,516.597,1241.94,2924.31,6688.01,392.061,4414.07,4062.23,1552.7,6676.01,2817.54,3853.59,23626.7,6871.05,2552.84,4544.61,1574.68,9390.32,5910.48,3.93256,2898.37,6578.28,10836.2,1347.67,1194.79,183.884,3573.3,6126.46,7174.4,10622,4194,556.169,3460.61,9323.36,22097.7,22690.7,4140.75,253095,220173,2217.87,12703.9,11174.1,5741.9,1687.73,458.905,6015.73,5035.6,1379.01,1639.2,1073.06,908.831,3694.3,728.402,4830.16,4790.98,5026.37,78.6718,6364.88,9869.55,2790.13,3326.7,1266.08,12957.9,20418,2357.11,4761.81,7759.31,1554.35,1969.33,2496.6,379.872,825.613,2335.81,2700.04,1362.38,3821.87,3172.98,3145.2,2720.23,4619.08,4721.11,1223.47,1557.69,1498.33,1345.62,3238.62,1218.28,9892.68,51780.2,17779.4,166.995,1331.96,775.57,1197.42,695.14,2628.14,4549.69,1020.34,403.648,13.1329,707.39,2379.33,1109.11,62.4313,1586.04,6527.7,3297.77,1835.71,3817.69,2056.29,2921.11,2823.31,562.655,14892.5,12303.5,1848.11,6039.5,2297.81,5192.38,9586.39,2282.13,260.022,1083.98,7879.48,4018.85,1134.15,1870.86,591.455
199.134331066,1649.55,524.494,1745.58,1225.63,3863.35,4642.52,1949.75,1796.68,2704.65,8833.18,3831.6,957.848,2751.55,942.676,19572.3,9760.43,261.207,6475.99,3995.2,740.879,6003.65,2543.19,2384.41,701.908,1364.51,372.965,833.852,3197.02,3940.79,1057.15,1409.14,2304.19,4679.58,2230.51,1191.63,747.09,544.723,2465.23,1253.81,31625.3,51177.6,4281.19,1233.77,1977.51,777.127,1090.34,950.194,5238.47,3535.06,626.629,86.2312,1132.92,3249.22,1605.34,201.051,737.449,1273.03,5162.03,2066.98,5351.57,3938.16,373.411,5250.45,1531.85,2579.42,19013.3,4646.15,1404.89,3974.15,410.286,8124.08,5780.57,311.188,1651.58,3263.93,8623.98,2226.83,1358.36,812.029,3052.93,3529.2,3661.62,6450.95,4364.28,758.759,4303.59,6402.58,14446.5,12576.8,5016.58,223895,194030,3009.59,7323.56,7114.41,4017.67,1797.62,611.462,5518.43,3368.69,583.267,930.523,762.302,705.23,3296.89,1737.34,3489.9,1702.92,3834.41,550.93,6563.23,8571.23,1017.95,2179.17,246.337,9487.14,15546.3,661.723,2681.59,6685.28,851.724,1686,3212.57,1262.81,353.471,1679.08,1871.78,650.645,2911.16,4379.27,2577.76,1373.18,2797.25,2839.56,1525.24,1427.19,2120.89,1164.57,2135.02,933.787,8544.73,44498.1,13399.7,24.3841,1217.31,562.317,1256.52,1172.4,3173.94,4306.29,1268.23,260.237,41.5746,841.786,2383.24,713.251,17.0131,937.829,4317.2,4455.63,2757.67,4790.71,1189.09,1749.1,1969.12,524.603,11635,8630.12,470.307,5060.31,1246.16,3967.62,8808.4,1923.66,160.123,366.563,6063.46,4487.26,1789.15,1933.76,1046.72
200.620408163,868.186,975.101,1807.73,1774.13,3453.79,2653.96,631.774,2036.08,3396.87,7035.99,3422.35,1020.05,1693.18,767.353,15882.6,7307.92,62.9414,4809.35,2828.34,280.761,5797.09,4107.34,2595.1,235.181,882.287,70.7085,363.727,3081.63,4127.67,462.351,824.45,896.792,3164.39,2794.13,1240.96,1210.27,62.6705,2384.86,2308.43,25816.7,44989.6,3298.76,1424.88,1342.16,824.817,1046.87,1658.66,4484.79,2391.78,251.531,56.7611,1128.86,3363.08,1074.69,57.5328,418.63,291.74,3983.65,4140,6291.85,3108.69,31.4665,4114.55,976.042,2062.89,16227.1,3285.16,634.153,3695.47,590.648,6078.15,5314.93,1064.07,797.422,1453.36,6517.88,2803.55,1582.37,1634.66,2408.02,1442.33,1297.01,3661.17,4242.3,1582.16,3939.63,4219.64,7133.27,7549.9,8496.91,206866,177010,4670.12,5062.14,2960.29,2590.55,1785.23,1305.6,4304.13,2252.28,103.478,330.618,620.732,924.725,2910.01,2335.52,2412.25,290.86,2842.48,1739.12,5812.77,6594.42,597.337,1499.37,41.9214,6583.29,12757.1,124.604,1107.92,5534.34,566.182,1282.43,4165.74,2045.43,295.108,1476.07,1106.18,232.885,2043.01,4784.03,2053.52,602.938,1243.23,1535.25,1766.19,1524.91,2260.17,1108.51,1377.54,1550.34,6602.67,39707.2,9995.04,393.397,1266.17,214.476,1189.13,1568.51,3737.06,3655.81,1294.52,142.126,97.4414,991.926,2233.6,389.15,119.305,444.996,2706.06,5411.93,4338.22,4824.96,658.503,1041.27,1679.72,679.824,9230.2,6336.42,63.3804,3645.88,1253.21,3395.02,6914.94,1984.74,118.717,202.373,4795.94,4346.19,2393.21,2094.53,1640.68
202.106485261,429.699,1221.85,1938.23,2088.86,2641.58,1809.62,254.066,1759.72,4349.9,4590.36,3195.35,2051.5,1453.12,760.195,13557.6,7080.9,78.2587,4264.31,2030.31,145.657,5482.16,5822.08,2379.08,328.447,752.285,65.1555,75.9221,2792.32,3656.64,361.593,538.848,238.855,1841.29,2880.83,1269.53,1243.84,144.308,3231.54,2502.24,22121.3,42852.1,1462.79,3144.71,1086.96,839.898,815.545,2300.19,3472.28,1545.3,31.1445,132.725,1126.79,3109.41,702.813,44.8907,353.907,27.5242,2985.42,5609.26,7249.05,2008.94,130.699,3538.63,1208.22,2071.55,14557,3027.41,488.137,3891.91,1897.72,3493.53,5074.17,1644.91,323.156,802.019,4964.86,2470.8,2053.47,2130.59,1726.1,268.745,374.296,2242.49,3268.33,2830.14,3024.05,2338.1,2626.16,8596.19,7751.69,203631,171596,3091.16,6568.38,603.876,1262.49,1886.49,2455.84,2667.03,1616.84,7.71588,41.293,551.042,1172.91,2749.93,1970.87,1782.25,25.3262,1955.15,2906.29,4803.15,4141.23,1376.82,1310.74,234.844,5135.28,11371.2,330.556,921.504,4661.13,341.344,1157.17,5345.66,2422.04,401.643,1577.99,810.065,86.6369,1385.31,4337.48,1642.33,418.147,443.913,862.852,1469.56,1681.72,1834.08,1177.62,1246.22,3098.89,4027.36,37825.4,8580.76,1152.36,1657.35,33.8057,928.669,1749.79,4169.46,2604.72,1182.7,55.4173,153.995,1167.46,1920.21,216.825,249.686,149.903,1769.3,5527.1,6051.64,4199.17,393.144,775.804,1964.96,471.87,7947.12,5632.08,60.7399,2732.54,2481.84,2850.48,4812,2470.87,43.7741,173.884,4198.06,3479.09,2745.53,2302.18,1809.98
203.592562358,323.17,997.944,2161.1,1934.63,1654.54,1797.46,339.836,1125.97,5015.46,2423.12,2879.75,3563.56,2097.56,503.309,12682.9,7900.55,40.2283,4659.56,1952.85,175.081,5425.73,6907.74,1882.31,604.915,863.33,298.758,47.0076,2498.19,2622.34,747.162,471.931,187.539,870.114,2429.03,1326.62,911.8,1032.35,5276.33,2239.13,21419.4,43530.3,606.195,5979.2,1669.93,951.752,409.342,2852.34,2289.27,978.481,51.3057,275.266,1158.94,2445.04,715.126,83.2272,426.059,201.222,2198.84,5878.62,7821.84,1378.9,406.686,3539.46,1632.57,2228.7,13765,3616.81,716.616,4582.39,3612.45,1395.43,4814.32,1821.25,120.873,994.319,3960.02,1437.95,2631.3,2004.31,1119.08,33.1941,400.171,1949.13,1623.78,4460.43,1825.73,1287.59,1754.73,12794.6,5302.61,208394,174516,730.142,10438.3,813.449,687.604,1843.6,3924.26,1038.03,1500.6,81.2466,31.0706,459.432,1273.29,2550.52,1066.06,1471.14,335.832,1242.83,3434.89,3673.05,2107.35,2656.43,1557.28,295.718,4816.75,10913.8,985.882,1808.73,4341.1,110.38,1673.15,6400.18,2371.16,499.918,1797,1050.54,62.586,1221.72,3084.39,1538.3,665.088,282.007,578.754,801.006,1844.08,1017.39,1561.35,1944.19,5039.57,2453.99,37822.2,10073.3,2200.08,2650.09,418.269,548.823,1887.23,4092.84,1543.88,985.882,18.8137,227.645,1181.99,1673.85,125.499,319.188,28.7295,1276,4855.95,7060.63,3470.7,266.174,873.415,2428.41,80.1018,7274.67,6231.63,64.2258,2857.94,4502.54,2166.42,3060.12,3136.46,17.9177,173.22,4154.57,2209.68,2624.45,2566.6,1327.39
205.078639456,367.548,568.687,2243.19,1505.68,790.716,2290.13,578.446,619.182,4866.84,1124.7,2462.1,4908.83,3102.19,505.237,12656.5,8422.48,337.863,5433.84,2512.05,230.607,5957.82,6701.52,1400.23,745.901,1145.29,676.968,251.201,2251.81,1471.42,1352.59,526.824,339.78,329.41,1805.95,1314.09,652.433,2563.73,8317.54,3118.65,23295,44948.3,2999.26,8883.87,3373.16,1385.84,113.91,3103.79,1309.36,524.721,241.875,475.262,1110.18,1684.68,990.217,196.091,511.601,465.437,1620.33,5041.6,7681.54,1441.59,606.65,4150.36,1834.74,2457.52,13327,4679.15,1164.52,5941.51,4615.09,322.958,4278.27,1959.73,90.4461,1669.21,3269.8,480.802,2973.56,1525.98,628.796,321.131,918.349,2143.36,471.26,5351.17,1713.08,1289.47,3591.83,16477.7,8950.64,211704,179689,3921.56,14234.1,2642.12,1052.96,2456.48,5135.09,172.515,1464.59,240.914,140.14,317.038,1161.19,2199.62,324.217,1274.09,813.191,708.845,3275.73,2525.83,988.669,3293.88,2361.32,253.926,5053.42,10639.8,1954.75,2914.95,4747.34,68.4036,2772.34,6823.12,2207.4,448.974,2047.46,1570,130.488,1427.42,1752.86,1513.99,1089.48,471.79,463.599,304.805,1718.51,297.182,2216.29,3798.37,6815.43,3697.06,37876,14192,3918.58,4343.25,1331.41,351.778,1942.91,3710.3,676.919,721.904,71.843,321.634,974.94,1523.52,110.721,309.184,44.0652,999.09,3801.29,6725.81,3086.42,109.777,1193.6,2694.57,82.1193,6677.84,7286.69,309.171,3840.33,6277.43,1626.56,2070.41,3589.08,159.953,350.694,4383.82,1078.47,2276.62,2554.07,675.12
206.564716553,440.452,260.61,1949.02,1127.85,399.322,2773.8,962.198,511.847,4335.55,545.317,1919.93,5752.36,4013.64,1491.71,12471.6,8174.5,1297.18,5924.51,3445.66,621.197,6508.2,5611.5,928.129,766.928,1422.5,1058.76,716.21,2008,618.872,1762.61,755.378,459.969,88.9111,1175.62,1468.22,678.308,4563.51,11510.8,6035.68,26226.4,45221.4,8822.3,11171.7,5958.3,2142.31,329.353,2899.6,666.554,247.071,413.98,733.839,929.793,1096.22,1321.64,400.144,604.402,630.808,1123.78,3621.42,6930.1,1826.32,861.306,4946.75,2035.03,2787.13,12510.2,6043.85,2100.85,7277.63,4787.64,15.2614,3788.86,2263.75,175.411,2532.03,2885.99,138.945,2715.83,1065.94,352.465,766.129,1624.13,2732.81,1.0497,5355.44,2716.42,2027.39,6934.74,18432.9,21656.2,206485,181179,15141.5,16507.6,5279.46,2228.51,4057.01,5717.43,54.7839,1543.2,428.205,245.78,222.45,906.695,1714.08,56.0156,1071.66,1322.08,260.478,2789.39,1731.77,442.494,3149.7,3390.95,609.751,5388.23,9834.76,3109.61,3875.91,5506.24,550.691,3859.68,6732.6,1981.51,299.897,2169.27,2171.39,387.745,1679.44,824.548,1359.02,1505.8,770.391,434.953,86.9468,1377.95,6.11312,2903.78,6693.15,8335.89,7501.96,36746.4,19394.4,6604.59,6333.03,2429.75,498.714,2220.68,3022.45,191.359,478.123,169.891,385.458,657.535,1360.32,269.688,259.188,110.624,869.78,2490.46,5545.23,2801.08,4.91695,1510.88,2716.33,711.01,5941.84,7876.81,1303.64,5032.5,7252.54,1368.27,1765.88,3847.81,549.939,897.267,4375.28,662.417,1990.13,2146.36,231.637
208.050793651,483.383,123.52,1498.82,833.163,402.86,3185.31,1415.31,893.389,3702.09,479.364,1460.8,5797.6,4768.94,3287.62,11536.2,7322.31,2445.29,5993.35,4463.45,1601.35,6403.33,4247.09,565.147,650.98,1627.29,1308.09,1349.32,1835.98,149.734,1814.9,1098.79,465.464,8.82537,765.409,1711.8,1175.56,6862.96,13675.3,10167.5,28250.9,43059.6,15775.1,12733.8,8586.1,3024.87,1091.72,2560.33,301.717,71.5155,507.462,1004.67,721.855,691.823,1704.28,692.595,586.19,716.034,593.195,2347.48,5573.83,2383.58,1394.86,5326.09,2436.64,3025.64,10923.2,7540.7,3530.24,7787.14,4445.16,330.037,3309.44,2690.27,481.639,3328.97,2772.19,327.886,2052.29,805.01,199.599,1149.42,2370.61,3268.04,383.84,5221.32,3939.72,3005.31,10545.5,19373.1,37536.1,190370,174801,29691.7,17129.7,8219.46,3684.17,5822.75,6265.65,566.264,1525.29,610.446,343.415,138.628,704.497,1261.37,60.4002,874.01,1729.03,24.3316,2384.97,1271.57,265.932,2623.91,4053.02,1559.26,5688.2,8123.39,4142.88,4626.68,6062.32,1576.86,4658.91,6093.19,1724.47,126.82,2256.27,2460.01,898.712,1859.85,309.897,1121.84,1678.32,1070.64,393.708,78.3345,1086.77,212.957,3506.86,9563.14,9934.41,11891.9,33546.4,23763.6,9755.67,7829.59,3533.92,1003.98,2610.48,2374.21,12.1758,267.201,261.28,438.35,309.917,1189.18,588.014,227.204,133.778,786.103,1288.53,4074.79,2447.99,54.2409,1638.66,2663.01,1529.5,5028.77,7672.78,2926.05,5928.81,7329.65,1488.39,1787.25,4013.74,1075.63,1550.71,4288.14,843.197,1748.66,1720.12,32.6236
209.536870748,488.362,145.598,1061.43,611.628,659.876,3425.55,1905.11,1507.55,3094.93,685.946,1209.94,4961.07,5277.03,5035.43,9879.06,6016.19,3083.1,5698.73,5161.64,2926.99,5659.2,2844.8,399.735,513.114,1631.06,1387.89,1952.03,1755.14,77.9785,1609.56,1363.36,440.492,3.02428,532.054,2021.8,2144.94,8630.79,14428,13526.1,27426,38370.2,20497.7,13450.5,10131.8,3935.84,2183.03,2174.42,136.072,5.24946,527.942,1191.76,589.377,520.741,2078.62,965.218,459.677,693.85,196.34,1401.75,3986.2,2825.06,2153.17,5113.5,2834.44,2730.21,9010.09,8432.7,5005.84,7211.89,3812.01,924.857,2890.91,2907.51,1024.2,3753.25,2849.97,762.698,1355.21,684.292,157.987,1371.01,2977.11,3555.52,1409.64,4903.7,4842.01,4077.96,12677.2,19823.2,47655.2,164453,157747,40540.1,16435.5,10149.3,4986,7311.43,6542.8,1468.47,1423.91,688.444,431.645,91.0026,587.573,943.806,139.999,746.774,1908.18,143.839,2085.06,1096.16,327.419,1890.07,4164.96,2825.79,5513.67,5980.42,4505.94,4962.65,6011.78,2944.66,4913,5015.24,1405.17,112.634,2205.32,2383.27,1452.86,1947.2,168.384,909.671,1522.73,1299.5,355.718,113.406,885.087,800.525,4049.83,11231.5,11404.1,14304.1,28614.4,25222.8,12298,8272.22,4341.87,1751.37,2853.5,1913.98,37.9297,114.908,300.029,469.729,70.9194,1019.26,937.213,227.921,102.254,673.548,473.111,2748.94,1957.25,257.891,1540.27,2526.73,2069.21,3881.82,6834.7,4480.98,6218.72,6531.16,1878.65,1949.14,3910.92,1600.24,2015.71,4062.58,1389.49,1556.8,1394.24,65.6422
211.022947846,466.319,284.186,685.287,446.62,905.567,3471.35,2393.49,1938.01,2670.79,769.05,1144.95,3499.17,5509.55,5770.69,7847.19,4366.88,2966.76,4922.98,5365.53,4170.83,4298.34,1733.27,377.969,519.332,1334.63,1342.98,2279.8,1719.69,358.726,1266.95,1396.17,473.026,9.12186,473.333,2227.88,3358.25,9039.5,13779.9,14451.2,23090.5,31875.9,20542.4,13429.4,9536.96,5011.18,2974.6,1847.65,98.856,25.9434,535.236,1124.07,623.434,628.915,2218.07,1207.07,245.47,604.894,18.0028,775.056,2557.26,2854.57,3000.23,4207.93,3089.73,1738.96,7372.61,7887.65,6127.37,5606.03,3192.95,1290.33,2520.21,2765.91,1580.08,3746,2949.75,1087.86,792.167,647.821,247.957,1298.03,3355.12,3427.88,2510.23,4670.5,4527.66,5371.73,11913.8,20055.8,46319.2,132009,130334,42696.3,15015.6,9848.93,6179.17,7380.43,6785.09,2281.22,1193.87,657.196,449.14,141.769,520.378,749.091,157.146,716.128,1856.26,563.7,1855.85,997.495,413.714,1205.25,3738.84,4030.81,4508.45,4049.35,3874.32,4738.1,5219.86,4297.73,4359.07,3845.85,1017.55,289.332,1984.27,2017.02,1795.72,1872.1,364.097,780.906,1104.4,1401.11,341.434,133.174,712.038,1459.6,4569.57,10798.4,12495,13046.1,23055.5,22562.8,13388.4,7438.22,4594.87,2448.81,2772.14,1634.03,124.514,43.1416,251.294,489.006,0.523293,823.501,1225,275.96,90.2249,449.313,98.7526,1871.81,1246.96,606.468,1228.97,2307.72,2058.23,2701.11,5451.24,5325.24,5767.87,5175.36,2193.81,1967.67,3565.41,1892,2221.44,3544.92,1959.59,1356.73,1114.48,322.624
212.509024943,462.533,474.421,377.225,310.479,916.303,3409.43,2688.52,2051.24,2259.12,678.608,1015.03,2091.22,5210.25,5253.77,5728.67,2752.39,2419.89,3509.68,5212.03,4614,2863.02,997.883,335.596,736.764,902.563,1191.15,2170.54,1677.8,858.926,874.188,1190.99,626.359,9.63394,505.524,2155.19,4368.77,8154.15,11583.9,12883.3,16188,24694.9,16106.1,12298,7299.87,5856.2,3052.77,1600.55,163.685,93.1049,570.35,780.117,832.916,906.28,1958.6,1465.18,41.0347,529.183,18.0713,435.734,1444.83,2446.08,3538.44,2974.99,2973.3,582.057,6139.54,5964.06,6414.44,3637.66,2533.86,1219.69,2111.07,2406.65,1766.26,3502.23,2781.83,1172.95,353.936,683.419,396.797,989.713,3382.49,2942.83,3249.39,4125.82,3413.44,6047.92,9364.65,18620.5,35110.3,97510.6,96784.3,36154.1,12439.4,8039.21,6533.8,6170.95,6694.13,2603.44,941.884,531.441,371.996,291.922,473.366,563.164,133.372,754.374,1730.45,952.047,1683.48,866.488,390.742,678.937,3001.07,4764.64,2907.97,2608.46,2638.91,3805.09,4100.87,5007.41,3263.57,2715.43,641.702,555.478,1709.72,1394.45,1862.08,1556.12,777.331,762.633,593.514,1368.4,314.175,118.109,577.501,1942.28,4703.56,8698.07,12542.8,8802.76,17754.3,16397.5,12858.9,5487,4332.59,2748.12,2337.82,1468.01,159.32,21.8486,160.645,491.567,55.8329,625.877,1375.3,397.12,157.54,206.637,21.3599,1344.11,621.694,890.74,899.315,1863.54,1701.75,1721.03,3737.83,5263.72,4514.64,3813.31,2059.77,1799.49,2964.43,1859.01,2094.42,2862.19,2163.16,1080.75,823.684,698.64
213.995102041,442.025,603.155,179.716,209.906,670.91,3260.9,2660.04,1725.6,1971.98,413.086,661.293,1226.44,4125.27,4143.55,3970.2,1662.65,2008.82,1778.11,4748.49,4002.91,1614.38,690.111,215.049,1168.64,514.138,968.269,1741.55,1507.09,1386.32,530.424,915.376,875.255,33.5867,445.054,2061.04,4376.43,6812.17,7790.01,10316.5,8819.48,18094.8,9925.92,9563.97,4999.95,5553.04,2826.02,1168.79,345.003,228.256,581.277,414.475,1056.26,1128.08,1485.04,1596.87,30.1737,572.171,73.054,348.663,642.606,1937,3214.45,1998.12,2327.81,3.14778,5709.78,3143.84,5926,1892.5,1740.7,895.282,1544.92,2066.64,1373.11,3196.55,2224.82,1034.93,101.137,693.211,535.973,623.336,3127.51,2081.38,3516.82,3178.35,2366.95,5038.44,6976.17,14180.2,20478.6,66545.3,63188.6,25369.8,8164.77,6300.92,5217.69,4603.52,5910.54,2491.64,658.331,352.118,258.969,470.201,393.397,391.868,131.044,814.542,1696.01,936.095,1684.78,587.094,304.562,331.772,2069.55,5021.47,1146.35,1924.38,1599.76,2364.75,3223.78,4520.39,2109.95,1770.33,347.825,808.377,1406.38,750.671,1603.07,1128.31,1159.85,811.797,246.629,1319.22,198.856,102.792,457.83,2248.37,4023.63,6090.5,10980,3885.12,13640.2,8744.14,11301.3,3006.4,3750.15,2437.89,1713.22,1312.72,133.804,20.3126,114.738,452.612,179.847,428.653,1368.99,637.545,302.953,40.4129,129.471,1131.77,201.122,849.215,700.775,1194.26,1482.5,1275.23,1941.28,4778.92,2613.15,2803.46,1480.55,1336.24,2420.36,1355.45,1770,2058.34,1919.86,771.221,538.481,1032.12
215.481179138,334.79,675.612,81.6784,162.999,404.634,2857.71,2413.14,1005.02,1959.99,82.0414,231.002,843.658,2766.36,3468.42,2999.91,1918.73,2057.05,466.066,3842.41,2915.53,616.294,731.182,243.04,1528.94,320.121,736.013,1216.98,1221.42,1762.05,311.443,706.966,1133.89,138.086,305.02,1915.8,3490.35,5214.01,3680.52,8063.2,3689.38,13475.2,5007.85,6150.28,3288.1,4140.92,2420.11,673.051,599.442,464.432,516.152,188.808,1133.42,1278.77,866.511,1648.46,274.711,673.82,152.657,439.979,219.479,1618.04,2075.2,1430.39,1557.01,846.781,6027.93,775.209,5189.5,681.007,898.482,610.636,969.065,1767.02,818.262,2601.46,1580.55,697.639,26.187,743.849,592.205,379.487,2695.15,1147.28,3182.2,2364.75,1351.52,3199.29,4999.77,8124.83,8779.17,43529.7,35980.3,15218.8,3623.91,4691.67,3295.46,2623.01,4966.54,1978.71,423.633,193.542,154.424,581.482,341.134,269.931,205.085,897.451,1664.67,569.116,1799.05,334.977,271.476,160.177,1085.72,5068.63,56.792,2022.01,1590.84,1212.85,2748.75,3027.47,1221.82,1176.79,216.056,987.079,1059.8,259.674,1231.44,625.136,1426.93,877.34,219.855,1268.09,62.5658,108.44,413.049,2362.96,2663.24,3813.77,8122.24,841.996,11372.9,2423.96,9467.95,986.524,2817.84,1806.08,969.652,1201.23,85.7739,30.6335,134.928,362.354,324.261,231,1293.72,1003.6,414.754,16.1122,296.486,1235.25,2.04825,593.748,575.834,590.936,1794.75,1645.59,631.843,4444.86,872.802,2146.97,760.956,617.264,2137.31,588.774,1326.88,1310.37,1325.84,543.126,295.581,1254.06
216.967256236,194.344,670.054,138.198,179.053,349.782,2130.76,2095.47,309.645,2182.08,38.6753,8.0457,748.756,2126.36,3719.93,3227.96,3880.87,2654.95,263.606,2736.63,1863.27,213.769,1007.65,650.58,1579.71,281.43,703.8,777.432,957.659,1803.14,271.741,643.045,1339.78,293.22,156.448,1644.63,2337.41,3465.48,825.698,6757.79,3123.97,11552,3279.79,3714.98,2103.63,2381.54,1899.09,274.493,805.674,800.423,460.513,120.294,961.63,1377.75,285.328,1786.78,635.5,683.665,315.176,725.799,262.537,1680.53,752.136,1285.2,1313.28,3172.54,6742.21,268.14,4855.23,149.44,368.386,543.744,723.148,1600.61,565.768,1669.18,1087.44,330.857,147.325,865.162,525.567,264.172,2305.13,377.96,2638.86,1661.46,681.411,1618.3,3138.13,3230.71,2997.93,30321,19564.7,8404.76,934.383,2898.12,1778.53,997.968,3724.53,1545.02,220.666,133.134,107.282,529.194,397.617,261.92,469.71,974.166,1457.76,188.728,1943.1,464.997,376.807,245.593,328.298,5169.54,481.944,2780.91,2751.17,1186.43,2651.16,1276.5,906.62,934.022,443.377,1108.67,653.782,20.1407,968.497,186.291,1526.35,931.886,431.569,1265.86,15.7962,136.404,476.257,2256.28,1219.54,2137.19,5203.25,1258.11,10785.5,0.323696,8103.17,52.8721,1680.29,1178.59,366.147,1037.11,118.01,63.8568,202.374,241.478,429.638,84.0985,1268.8,1450.86,442.405,72.7691,484.608,1622.16,195.33,319.034,505.882,442.695,2672.81,2887.84,520.681,4450.16,230.666,1782.96,226.913,84.9907,2025.55,65.1902,886.008,729.214,672.64,428.04,192.305,1268.2
218.453333333,84.7028,579.945,389.319,282.443,553.536,1274.26,1755.68,128.941,2611.14,461.116,232.674,913.822,2581.14,5017.5,4756.15,6802.57,3765.97,1384.2,1947.19,1155.96,593.086,1510.29,1493.63,1350.56,302.597,867.654,606.852,816.421,1574.15,318.154,723.463,1488.17,435.671,45.1821,1314.05,1335.5,2009.09,40.0803,6468.63,7228.53,12519,4831.58,3141.93,1445.04,901.464,1449.7,50.3878,902.255,1148.45,495.16,145.632,659.217,1366.04,27.5992,2027,968.692,549.214,589.389,1244.52,887.365,2007.79,64.6352,1603.04,1772.67,6269.03,7793.2,1916.38,5011.15,510.837,455.115,683.757,1117.32,1752.09,687.837,756.084,783.472,97.2946,445.181,1000.33,417.397,265.23,1971.18,91.955,2004.02,1282.73,519.342,535.903,1717.72,1215.35,2573.38,25596.9,14178.1,5206.05,982.722,1404.08,750.418,163.278,2548.97,1268.46,128.968,187.925,92.7418,393.01,573.735,456.653,917.417,964.465,1107.9,58.584,2143.92,1158.24,688.838,612.014,203.957,5377.99,2351.23,4092.22,4763.93,2371.98,2891.22,175.505,1081.25,1128.32,1144.3,1188.37,277.654,42.8572,873.261,4.51087,1411.6,955.383,762.159,1305.3,111.564,174.647,595.283,2019.48,259.457,1146.53,3329.86,4768.05,11637.4,2102.94,7498.91,313.471,724.916,701.468,51.5444,819.99,246.593,129.424,313.425,122.516,492.465,76.17,1421.22,1801.92,405.553,149.856,747.307,2244.68,828.036,225.549,545.713,952.942,3959.54,4568.32,1753.63,4874.53,999.473,1706.61,99.4246,69.4137,2057.44,102.572,576.582,393.198,217.941,401.302,276.62,1081.57
219.939410431,23.2521,476.06,780.274,503.46,888.963,556.494,1435.99,661.271,3170.14,1305.94,944.47,1418.64,3857.64,6843,7030.83,9507.09,5311.07,3265.39,1791.99,1024.28,1621.46,2202.99,2553.53,1067.65,286.436,1140.94,709.802,897.314,1197.42,360.67,866.893,1571.9,496.061,2.86368,1012.46,698.587,1174.42,1066.55,7167.01,13536.6,15642.7,8467.26,4111.86,1258.33,132.233,1088.68,24.1886,887.981,1374.91,634.604,224.796,338.845,1301.61,206.987,2276.97,1200.39,340.845,912.496,1949.29,2065.3,2455.14,297.096,2279.13,2950.04,8976.28,9001.89,4701.13,5620.81,1653.3,1102.3,1050.23,2130.96,2268.12,1056.03,192.87,638.851,80.8686,823.338,1102.61,326.625,339.348,1642.25,311.239,1541.76,1042.52,685.831,148.722,1021.84,1669.74,5375.01,25699.9,15845.2,5043.96,2759.98,649.479,233.39,23.1464,1594.42,1166.23,195.692,309.007,90.3994,279.381,857.872,849.589,1439.21,833.035,739.75,293.058,2417.85,2305.5,1278.31,1148.67,795.437,5742.53,4751.17,5664.79,6880.02,4343.21,3391.9,87.6549,1521.27,1779.06,2198.87,1235.65,53.5474,253.934,884.669,150.304,1170.52,880.42,1049.33,1379.28,297.321,210.504,733.421,1655.31,71.1408,866.838,2857.64,9430.69,13678.8,7007.58,7635.32,1360.19,239.36,386.589,14.7483,609.666,389.852,235.764,460.182,50.4349,525.24,290.455,1723.06,1991.65,300.902,224.044,1147.37,2960.51,1745.8,456.626,768.779,1948.92,5318.69,6113.52,3752.95,5601.9,2696.62,1941.51,431.679,596.251,2216.41,695.576,483.408,313.956,54.3273,406.226,506.289,804.317
221.425487528,9.42096,429.297,1164.08,841.031,1195.5,136.75,1202.87,1637.16,3792.46,2333.99,1889.9,2316.07,5239.83,8379.47,9112.18,10928.9,7037.46,4945.66,2250.14,1501.44,2811.48,3085.68,3442.44,886.017,209.933,1419.68,1009.16,1106.73,848.824,314.996,1010.27,1526.42,477.115,12.7472,731.088,573.55,961.343,2729.31,8696.47,18815.4,19467.2,12287.4,5608.55,1388.77,93.5699,807.763,146.929,731.682,1439.89,806.781,298.164,133.517,1220.43,734.573,2447.71,1301.28,139.01,1234.54,2672.22,3439.1,3013.41,1147.86,3064.97,4540.05,10256.9,10054.2,7108.9,6447.87,3074.78,1982.69,1739.66,3328.93,3000.4,1501.7,58.0325,581.266,285.74,1158.26,1135.31,264.229,403.488,1356.87,776.461,1126.47,964.146,838.033,402.932,977.622,2912.51,9020.23,26866,19471.5,6900.57,4331.99,532.143,189.504,273.987,954.843,1032.66,365.604,458.72,101.091,266.949,1160.49,1358.19,1877.6,629.761,455.431,792.123,2779.3,3472.61,2152.93,1727.04,1779.94,6149.06,6546.66,7096.34,8304.26,6280.3,4008.47,745.464,2062.6,2771.94,3166.08,1332.99,3.59628,525.678,949.495,506.857,918.466,669.686,1202.92,1399.46,503.487,235.729,764.648,1311.26,471.784,1127.62,3483.13,13031.5,16305.5,11868.3,8371.62,2431.87,177.12,256.237,145.927,406.822,484.023,360.966,600.451,69.6186,570.277,681.818,2047.86,2033.09,166.748,296.006,1595.07,3637.76,2635.04,992.181,1212.06,2961.03,6327.53,7045.69,5589.13,6350.73,4375.95,2492.19,1063.1,1361.49,2552.58,1509.14,596.519,409.341,130.769,436.953,737.099,547.865
222.911564626,24.8646,470.479,1378.03,1248.58,1320.63,67.4082,1114.77,2519.07,4244.13,3343.16,2692.6,3358.85,6144.71,8913.79,10042.5,10768.7,8229.89,5869.84,3034.71,2256.98,3685.46,4036.87,3770.99,869.507,170.076,1545.63,1372.86,1290.98,596.002,196.523,1053.25,1383.61,373.562,53.8966,503.843,731.909,1178.53,3908.96,10434.5,21123.5,22153.7,14667.3,6768.78,1646.41,334.202,658.029,282.003,536.252,1277.4,957.913,331.975,81.638,1136.75,1337.71,2501.05,1258.63,34.2782,1463.61,3269.29,4401.78,3630.91,2159.46,3649.52,5892.42,9959.99,10249.2,8212.42,7011.54,4201.8,2799.52,2675.82,4099.26,3731.08,1817.87,214.448,604.782,607.059,1329.86,1092.73,209.492,370.027,1159.48,1088.52,872.5,780.433,878.766,717.651,1374.82,3885.67,11744.3,26619.3,21477.4,9331.24,4816.7,815.412,290.829,416.995,665.955,789.551,578.258,524.717,156.735,355.629,1362.5,1834.36,2081.57,472.546,316.981,1267.5,3186.3,4192.26,3043.31,2315.59,2707.06,6220.26,7194.27,7757.1,8638.5,7418.65,4514.7,1631.13,2630.15,3674.07,3702.01,1501.12,90.5441,713.863,1070.7,827.906,710.579,389.125,1135.09,1376.66,600.459,271.969,592.095,1156.1,946.091,1574.86,4642.84,14361.2,18338.2,14636.2,9182.81,2997.63,323.961,272.35,241.923,291.714,448.021,506.292,667.091,184.108,642.96,1102.61,2268.08,1912.67,88.5484,375.365,1924.69,4045.81,3291.74,1588.2,1762.24,3673.42,6528.31,7159.03,6490.78,6716.31,5324.87,3186.08,1707.86,2040.96,2986.54,2086.96,872.879,578.092,296.766,513.958,817.133,364.096
224.397641723,73.2613,547.791,1378.88,1567.8,1277.22,225.341,1099.36,2965.2,4345.98,3937.86,3255.63,4028.29,6224.24,8291.52,9242.47,9373.82,8117.46,6028.39,3594.17,2932.58,4071.68,4537.89,3626.86,908.923,231.199,1483.42,1619.62,1320.06,428.36,87.0864,972.255,1104.87,311.481,73.3669,364.351,825.951,1498.81,4431.67,11176.5,20420.2,21991.7,15001,7107.03,1877.45,562.736,577.375,305.412,388.693,969.725,1002.75,326.208,131.344,1054.09,1723.01,2369.24,1160.53,55.0243,1536.68,3504.12,4725.6,3955,2936.51,3944.95,6198.77,8615.49,8983.04,7960.54,6729.49,4770.64,3326.49,3390.6,4369.79,4019.14,1961.18,468.525,666.877,881.282,1324.23,993.168,132.413,273.204,1005.85,1087.28,659.52,482.379,829.825,910.439,1757.32,4484.21,12683.2,23844.3,20781.1,10603.4,4720.31,1160.02,372.465,454.116,410.499,562.199,650.865,556.188,240.176,445.78,1436.7,2084.79,1999.91,444.752,291.476,1547.96,3347.08,4360.64,3578.95,2709.88,3311.22,5620.81,6711.69,7197.05,7906.42,7299.81,4672.47,2404.85,2987.45,4109.1,3746.36,1618.71,257.596,804.723,1148.51,965.128,534.503,151.694,902.467,1234.3,609.495,249.799,377.208,1012.83,1260.83,1938.66,5494.1,13741.9,18147.2,15023.1,9119.95,3136.89,532.943,308.828,256.067,200.259,358.767,585.879,653.374,352.961,701.329,1381.59,2274.13,1663.62,111.853,429.622,2056.41,3975.55,3528.6,2074.87,2158.89,3870.68,5850.01,6358.7,6222.8,6307.36,5423.38,3567.47,2229.12,2475.25,3177.34,2333.7,1147.77,718.55,442.679,605.339,733.998,232.766
225.883718821,143.102,554.841,1269.84,1576.45,1161.62,438.892,1097.32,2855.19,4001.8,3883.7,3413.44,4014.22,5479.1,6651.2,7085.93,7142.6,6721.22,5367.41,3675.59,3190.57,3922.76,4300.46,3142.47,925.309,355.399,1304.02,1594.53,1176.07,329.546,63.8552,745.555,812.944,258.03,52.7131,274.632,794.02,1656.64,4340.36,10308,17283.9,18724.8,13343.9,6441.42,1995.06,691.255,492.71,236.246,238.389,685.495,850.056,332.865,216.142,940.145,1744.66,2048.59,1020.81,197.244,1423.25,3295.22,4311.46,3845.44,3167.76,3809.52,5383.97,6528.77,6724.2,6423.96,5711.65,4505.87,3460.65,3518.16,4129,3688.36,1918.52,689.234,706.039,984.437,1200.64,800.798,78.3117,194.446,799.546,885.398,427.382,244.54,644.824,1004.91,1853.67,4596.38,11552.9,19004,17519.7,10011.2,4287.28,1300.65,443.574,388.03,216.662,343.505,588.3,535.547,309.917,516.328,1338.9,1999.35,1701.64,501.085,342.104,1562.44,3103.13,3975.55,3506.86,2802.23,3297.76,4533.43,5242.51,5670.24,6263.2,6071.9,4323.22,2758.87,3031.01,3861.66,3366.24,1565.6,458.344,794.436,1101.3,914.516,369.727,32.1232,621.776,964.127,552.393,168.575,210.67,807.821,1322.24,2119.93,5471.47,11691.3,15408,13250.3,7908.95,2949.73,681.465,321.795,215.039,110.957,260.498,540.434,597.371,472.35,725.161,1416.55,2003.99,1358.07,200.308,446.94,1941.57,3422.59,3284.31,2248.54,2268.04,3460.8,4539.39,4843.72,4975.91,5156.09,4719.61,3445.14,2429.86,2569.42,2942.93,2263.54,1267.27,773.64,537.535,621.487,583.072,124.501
227.369795918,202.173,500.983,1043.83,1304.9,984.569,572.958,1044.99,2315.66,3225.89,3255.29,3049.15,3383.55,4109.18,4496.01,4488.5,4588.73,4646.51,4092.9,3212.51,2905.27,3295.15,3432.99,2414.73,901.612,474.856,1034.13,1307.88,920.965,264.87,101.533,494.75,544.412,186.265,18.6735,200.32,665.61,1534.01,3725.74,8071.13,12650.1,13637,10096.4,5121.1,1851.99,696.116,380.114,133.324,115.91,437.361,598.621,332.949,272.48,786.461,1444.4,1565.87,857.009,367.963,1196.27,2640.29,3410.83,3217.36,2849.57,3173.86,3891.59,4200.08,4199.65,4275.51,4155.45,3607.07,3067.55,3088.62,3370.92,2913.51,1672.82,779.594,683.717,896.54,960.679,573.346,71.9609,144.091,561.387,602.098,226.598,86.2119,437.222,915.277,1696.79,4060.4,8898.25,13273.6,12636.3,7919.08,3519.24,1207.97,469.058,262.344,85.252,184.735,431.907,450.545,340.792,521.234,1110.51,1593.34,1308.88,534.747,419.089,1326.91,2509.74,3133.87,2903.69,2503.77,2710.37,3172.5,3399.89,3687.83,4193.08,4276.15,3467.45,2600.63,2672.16,3096.65,2627.06,1361.75,589.163,703.798,911.456,727.573,238.183,10.7258,383.219,658.352,416.684,86.0186,103.422,574.67,1139.65,2023.55,4599.18,8685.28,11197.5,9865.35,5995.22,2441.23,714.312,294.886,146.087,46.7671,166.561,405.783,501.176,485.955,686.437,1208.98,1527.48,1033.4,287.93,448.112,1569.45,2592.54,2618.1,2053.25,2025.54,2608.32,3001.58,3073.53,3274.67,3582.97,3495.7,2842,2242.74,2264.17,2373.29,1895.66,1182.28,725.109,542.597,547.812,406.611,67.5143
228.855873016,217.085,403.304,738.008,904.662,746.557,578.833,882.014,1611,2196.56,2319.41,2268.27,2389.37,2550.15,2459.55,2268.79,2350.73,2610.21,2614.71,2341.26,2213.43,2358.81,2289.86,1622.01,791.583,503.922,737.809,885.356,619.492,226.065,138.279,301.965,313.995,113.944,1.1131,133.931,484.5,1192.2,2734.98,5306.72,7793.61,8316.21,6375.16,3511.69,1463.62,582.699,256.326,55.6865,40.3657,236.403,366.246,289.973,282.101,586.857,988.147,1034.84,666.306,453.752,918.989,1775.54,2300.14,2275.57,2131.67,2208.72,2302.82,2182.52,2091.82,2274.05,2482.97,2426.4,2265.88,2285.51,2323.98,1970.81,1266.89,711.747,583.14,680.062,652.218,371.647,89.8259,121.956,336.082,334.054,102.46,17.5859,260.239,671.535,1359.83,3006.63,5723.88,7899.12,7634.49,5179.36,2515.76,970.999,395.733,155.365,19.6099,81.0523,259.51,328.152,310.61,448.355,799.836,1057.3,892.467,494.695,444.234,979.112,1712.33,2101.31,2033.06,1860.37,1839.25,1836.96,1775.1,1889.67,2261.11,2513.47,2335.98,2018.84,2005.72,2096.67,1751.56,1048.26,580.822,559.024,638.037,478.856,157.232,37.5967,225.224,379.486,253.464,37.456,48.7907,357.525,828.796,1625.16,3256.11,5480.63,6817.13,6088.38,3875.69,1754.59,616.978,235.056,83.0201,10.1968,89.3734,258.258,363.651,408.417,564.49,862.432,994.461,709.635,323.743,425.329,1075.64,1683.74,1772.58,1558.53,1510.58,1626.3,1620.73,1554.59,1707.21,2027.51,2161.45,1969.72,1728.55,1679.08,1639.87,1356.3,921.631,590.076,457.235,403.453,251.373,53.3506
230.341950113,185.012,279.336,435.23,521.677,486.986,465.273,626.162,946.855,1230.63,1352.41,1368.72,1349.37,1242.46,1017.97,833.496,883.07,1123.07,1322.5,1374.32,1374.95,1375.89,1255.56,936.18,580.576,422.489,463.099,483.824,354.358,186.012,133.379,168.84,154.018,61.1308,4.00266,77.8475,305.443,771.065,1636.72,2845.76,3879.55,4069.72,3258.5,1991.28,959.269,401.896,145.532,19.6309,13.307,107.792,191.879,205.671,236.978,378.264,549.54,578.042,457.258,410.462,623.377,995.007,1263.86,1326.08,1284.52,1212.2,1060.9,850.123,756.922,896.803,1145.97,1309.17,1357.72,1367.68,1318.71,1119.46,798.791,527.63,424.7,422.004,366.236,218.606,96.8813,103.167,169.448,151.048,46.0025,6.94255,132.375,408.489,907.785,1804.25,2983.85,3829.14,3718.47,2713.6,1499.9,663.646,262.616,80.0069,2.4686,33.5081,128.232,196.35,232.902,321.205,478.394,582.206,521.695,381.427,382.519,623.536,955.606,1158.31,1174.07,1096.46,986.228,830.362,684.286,697.745,914.91,1166.19,1270.97,1252.85,1227.96,1174.13,980.255,678.78,451.297,385.237,365.552,260.537,112.356,60.2598,127.308,181.941,122.699,21.3892,27.919,196.211,511.225,1045.74,1887.28,2828.76,3332.61,3008.45,2054.08,1060.44,434.415,157.843,41.1126,0.0263215,41.9609,136.607,218.76,283.188,382.365,506.349,541.428,423.938,289.101,350.303,624.886,898.441,994.407,954.161,890.907,805.885,668.118,570.341,647.307,871.447,1063.64,1111.12,1067.91,1019.98,951.152,800.118,587.897,410.301,313.216,242.064,141.003,51.1488